base_municipality,detected_category,depth,title,url,source_page_title,source_page_url,error
世田谷区,building_guidance,1,太子堂地区,https://www.city.setagaya.lg.jp/setagayachiiki/taishidou/index.html,公式トップ,https://www.city.setagaya.lg.jp/,
世田谷区,building_guidance,3,被災建築物の応急危険度判定,https://www.city.setagaya.lg.jp/02034/687.html,防災・災害対策,https://www.city.setagaya.lg.jp/kurashi/kyuukyuu/category/11692.html,
世田谷区,district_plan,2,まちづくり活動の目標（地区ビジョン）と地区アセスメント,https://www.city.setagaya.lg.jp/01049/10433.html,等々力地区,https://www.city.setagaya.lg.jp/tamagawachiiki/todoroki/index.html,
世田谷区,hazard,1,救急・防犯・防災,https://www.city.setagaya.lg.jp/kurashi/kyuukyuu/11536.html,公式トップ,https://www.city.setagaya.lg.jp/,
世田谷区,hazard,1,ハザードマップ,https://www.city.setagaya.lg.jp/kurashi/kyuukyuu/category/12840.html,公式トップ,https://www.city.setagaya.lg.jp/,
世田谷区,hazard,2,水害時・土砂災害時避難所について,https://www.city.setagaya.lg.jp/02049/577.html,救急・防犯・防災,https://www.city.setagaya.lg.jp/kurashi/kyuukyuu/11536.html,
世田谷区,hazard,2,防災・災害対策,https://www.city.setagaya.lg.jp/kurashi/kyuukyuu/11536.html#a11692,救急・防犯・防災,https://www.city.setagaya.lg.jp/kurashi/kyuukyuu/11536.html,
世田谷区,hazard,2,防災・災害対策,https://www.city.setagaya.lg.jp/kurashi/kyuukyuu/category/11692.html,救急・防犯・防災,https://www.city.setagaya.lg.jp/kurashi/kyuukyuu/11536.html,
世田谷区,hazard,2,水害・雪害・土砂災害対策,https://www.city.setagaya.lg.jp/kurashi/kyuukyuu/category/12356.html,救急・防犯・防災,https://www.city.setagaya.lg.jp/kurashi/kyuukyuu/11536.html,
世田谷区,hazard,2,日頃から知っておきたい防災情報,https://www.city.setagaya.lg.jp/kurashi/kyuukyuu/category/12357.html,救急・防犯・防災,https://www.city.setagaya.lg.jp/kurashi/kyuukyuu/11536.html,
世田谷区,hazard,2,区の防災対策・計画・方針等,https://www.city.setagaya.lg.jp/kurashi/kyuukyuu/category/12358.html,救急・防犯・防災,https://www.city.setagaya.lg.jp/kurashi/kyuukyuu/11536.html,
世田谷区,hazard,2,防災地域版,https://www.city.setagaya.lg.jp/kurashi/kyuukyuu/category/12359.html,救急・防犯・防災,https://www.city.setagaya.lg.jp/kurashi/kyuukyuu/11536.html,
世田谷区,hazard,2,安全・安心・防災,https://www.city.setagaya.lg.jp/tamagawachiiki/todoroki/category/12183.html,等々力地区,https://www.city.setagaya.lg.jp/tamagawachiiki/todoroki/index.html,
世田谷区,hazard,3,松沢地区防災マップ,https://www.city.setagaya.lg.jp/01018/10398.html,防災地域版,https://www.city.setagaya.lg.jp/kurashi/kyuukyuu/category/12359.html,
世田谷区,hazard,3,奥沢・東玉川地区区民防災会議,https://www.city.setagaya.lg.jp/01019/692.html,防災・災害対策,https://www.city.setagaya.lg.jp/kurashi/kyuukyuu/category/11692.html,
世田谷区,hazard,3,船橋地区区民防災会議,https://www.city.setagaya.lg.jp/01028/954.html,防災地域版,https://www.city.setagaya.lg.jp/kurashi/kyuukyuu/category/12359.html,
世田谷区,hazard,3,等々力地区防災啓発チラシ「等々力防災Watch！」,https://www.city.setagaya.lg.jp/01049/10434.html,等々力地区のお知らせ一覧を見る,https://www.city.setagaya.lg.jp/tamagawachiiki/todoroki/category/12176.html,
世田谷区,hazard,3,等々力地区の震災時の避難場所と防災情報,https://www.city.setagaya.lg.jp/01049/10438.html,安全・安心・防災,https://www.city.setagaya.lg.jp/tamagawachiiki/todoroki/category/12183.html,
世田谷区,hazard,3,浸水確認箇所一覧／浸水確認箇所図,https://www.city.setagaya.lg.jp/02009/601.html,防災・災害対策,https://www.city.setagaya.lg.jp/kurashi/kyuukyuu/category/11692.html,
世田谷区,hazard,3,宅地防災の専門家によるがけ・擁壁の無料相談会【事前申込制】,https://www.city.setagaya.lg.jp/02039/15829.html,防災・災害対策,https://www.city.setagaya.lg.jp/kurashi/kyuukyuu/category/11692.html,
世田谷区,hazard,3,土砂災害防止法に基づく指定区域について,https://www.city.setagaya.lg.jp/02039/598.html,防災・災害対策,https://www.city.setagaya.lg.jp/kurashi/kyuukyuu/category/11692.html,
世田谷区,hazard,3,土砂災害特別警戒区域内への支援制度（その1）,https://www.city.setagaya.lg.jp/02039/620.html,防災・災害対策,https://www.city.setagaya.lg.jp/kurashi/kyuukyuu/category/11692.html,
世田谷区,hazard,3,土砂災害特別警戒区域内への支援制度（その2）,https://www.city.setagaya.lg.jp/02039/621.html,防災・災害対策,https://www.city.setagaya.lg.jp/kurashi/kyuukyuu/category/11692.html,
世田谷区,hazard,3,令和元年台風第19号に伴う多摩川浸水被害に関する住民説明会（令和元年12月）,https://www.city.setagaya.lg.jp/02049/11218.html,防災・災害対策,https://www.city.setagaya.lg.jp/kurashi/kyuukyuu/category/11692.html,
世田谷区,hazard,3,令和元年台風第19号に伴う浸水被害への区の取組みに関する住民説明会（令和2年7月）,https://www.city.setagaya.lg.jp/02049/11219.html,防災・災害対策,https://www.city.setagaya.lg.jp/kurashi/kyuukyuu/category/11692.html,
世田谷区,hazard,3,令和７年度第２回世田谷区いっせい防災訓練（シェイクアウト訓練）の実施について,https://www.city.setagaya.lg.jp/02049/15303.html,防災・災害対策,https://www.city.setagaya.lg.jp/kurashi/kyuukyuu/category/11692.html,
世田谷区,hazard,3,浸水被害にあってしまったら,https://www.city.setagaya.lg.jp/02049/20585.html,防災・災害対策,https://www.city.setagaya.lg.jp/kurashi/kyuukyuu/category/11692.html,
世田谷区,hazard,3,マンション防災,https://www.city.setagaya.lg.jp/02049/24885.html,防災・災害対策,https://www.city.setagaya.lg.jp/kurashi/kyuukyuu/category/11692.html,
世田谷区,hazard,3,令和6年度在宅避難支援事業（せたがや防災ギフト）における商品申込及びアンケート回答結果まとめ,https://www.city.setagaya.lg.jp/02049/27831.html,防災・災害対策,https://www.city.setagaya.lg.jp/kurashi/kyuukyuu/category/11692.html,
世田谷区,hazard,3,防災用品特別あっせんのご案内,https://www.city.setagaya.lg.jp/02049/31836.html,防災・災害対策,https://www.city.setagaya.lg.jp/kurashi/kyuukyuu/category/11692.html,
世田谷区,hazard,3,防災用品のあっせん,https://www.city.setagaya.lg.jp/02049/582.html,防災・災害対策,https://www.city.setagaya.lg.jp/kurashi/kyuukyuu/category/11692.html,
世田谷区,hazard,3,防災用品の準備,https://www.city.setagaya.lg.jp/02049/584.html,防災・災害対策,https://www.city.setagaya.lg.jp/kurashi/kyuukyuu/category/11692.html,
世田谷区,hazard,3,中高層住宅の防災対策について,https://www.city.setagaya.lg.jp/02049/585.html,防災・災害対策,https://www.city.setagaya.lg.jp/kurashi/kyuukyuu/category/11692.html,
世田谷区,hazard,3,世田谷区防災ポータルサイトを開設しました,https://www.city.setagaya.lg.jp/02049/587.html,防災・災害対策,https://www.city.setagaya.lg.jp/kurashi/kyuukyuu/category/11692.html,
世田谷区,hazard,3,世田谷区防災関連リンク集,https://www.city.setagaya.lg.jp/02049/588.html,防災・災害対策,https://www.city.setagaya.lg.jp/kurashi/kyuukyuu/category/11692.html,
世田谷区,hazard,3,防災アプリをご活用ください,https://www.city.setagaya.lg.jp/02049/591.html,防災・災害対策,https://www.city.setagaya.lg.jp/kurashi/kyuukyuu/category/11692.html,
世田谷区,hazard,3,防災行政無線,https://www.city.setagaya.lg.jp/02049/593.html,防災・災害対策,https://www.city.setagaya.lg.jp/kurashi/kyuukyuu/category/11692.html,
世田谷区,hazard,3,防災気象情報,https://www.city.setagaya.lg.jp/02049/595.html,防災・災害対策,https://www.city.setagaya.lg.jp/kurashi/kyuukyuu/category/11692.html,
世田谷区,hazard,3,防災啓発物一覧,https://www.city.setagaya.lg.jp/02049/600.html,防災・災害対策,https://www.city.setagaya.lg.jp/kurashi/kyuukyuu/category/11692.html,
世田谷区,hazard,3,防災教室の申し込み,https://www.city.setagaya.lg.jp/02049/623.html,防災・災害対策,https://www.city.setagaya.lg.jp/kurashi/kyuukyuu/category/11692.html,
世田谷区,hazard,3,防災区民組織活動奨励金,https://www.city.setagaya.lg.jp/02049/627.html,防災・災害対策,https://www.city.setagaya.lg.jp/kurashi/kyuukyuu/category/11692.html,
世田谷区,hazard,3,防災区民組織資機材助成,https://www.city.setagaya.lg.jp/02049/628.html,防災・災害対策,https://www.city.setagaya.lg.jp/kurashi/kyuukyuu/category/11692.html,
世田谷区,hazard,3,想定浸水深表示板の設置について,https://www.city.setagaya.lg.jp/02049/634.html,防災・災害対策,https://www.city.setagaya.lg.jp/kurashi/kyuukyuu/category/11692.html,
世田谷区,hazard,3,台風や大雨による土砂災害にご注意ください,https://www.city.setagaya.lg.jp/02049/638.html,防災・災害対策,https://www.city.setagaya.lg.jp/kurashi/kyuukyuu/category/11692.html,
世田谷区,hazard,3,世田谷区水害・土砂災害に関する避難情報の判断基準について,https://www.city.setagaya.lg.jp/02049/640.html,防災・災害対策,https://www.city.setagaya.lg.jp/kurashi/kyuukyuu/category/11692.html,
世田谷区,hazard,3,「世田谷区地域防災計画[令和7年修正]地区防災計画編について」,https://www.city.setagaya.lg.jp/02049/679.html,まちづくり活動の目標（地区ビジョン）と地区アセスメント,https://www.city.setagaya.lg.jp/01049/10433.html,
世田谷区,hazard,3,世田谷地域 防災フェア,https://www.city.setagaya.lg.jp/02072/20516.html,防災・災害対策,https://www.city.setagaya.lg.jp/kurashi/kyuukyuu/category/11692.html,
世田谷区,hazard,3,世田谷地域各地区の防災情報を公開しています,https://www.city.setagaya.lg.jp/02072/20596.html,防災・災害対策,https://www.city.setagaya.lg.jp/kurashi/kyuukyuu/category/11692.html,
世田谷区,hazard,3,烏山地域の防災訓練・防災教室,https://www.city.setagaya.lg.jp/02226/693.html,防災・災害対策,https://www.city.setagaya.lg.jp/kurashi/kyuukyuu/category/11692.html,
世田谷区,hazard,3,集中豪雨に注意しましょう　各自でできる浸水対策,https://www.city.setagaya.lg.jp/02401/580.html,防災・災害対策,https://www.city.setagaya.lg.jp/kurashi/kyuukyuu/category/11692.html,
世田谷区,hazard,3,令和元年台風第19号に伴う浸水被害検証委員会,https://www.city.setagaya.lg.jp/02401/706.html,防災・災害対策,https://www.city.setagaya.lg.jp/kurashi/kyuukyuu/category/11692.html,
世田谷区,hazard,3,令和元年台風第19号に伴う浸水被害の検証（最終報告）,https://www.city.setagaya.lg.jp/02401/707.html,防災・災害対策,https://www.city.setagaya.lg.jp/kurashi/kyuukyuu/category/11692.html,
世田谷区,hazard,3,水害・雪害・土砂災害対策,https://www.city.setagaya.lg.jp/kurashi/kyuukyuu/category/11692.html#a12356,防災・災害対策,https://www.city.setagaya.lg.jp/kurashi/kyuukyuu/category/11692.html,
世田谷区,hazard,3,日頃から知っておきたい防災情報,https://www.city.setagaya.lg.jp/kurashi/kyuukyuu/category/11692.html#a12357,防災・災害対策,https://www.city.setagaya.lg.jp/kurashi/kyuukyuu/category/11692.html,
世田谷区,hazard,3,区の防災対策・計画・方針等,https://www.city.setagaya.lg.jp/kurashi/kyuukyuu/category/11692.html#a12358,防災・災害対策,https://www.city.setagaya.lg.jp/kurashi/kyuukyuu/category/11692.html,
世田谷区,hazard,3,防災地域版,https://www.city.setagaya.lg.jp/kurashi/kyuukyuu/category/11692.html#a12359,防災・災害対策,https://www.city.setagaya.lg.jp/kurashi/kyuukyuu/category/11692.html,
世田谷区,hazard,3,水害時・土砂災害時避難所について,https://www.city.setagaya.lg.jp/kurashi/kyuukyuu/category/11692.html#a577,防災・災害対策,https://www.city.setagaya.lg.jp/kurashi/kyuukyuu/category/11692.html,
世田谷区,hazard,3,防災の取り組み,https://www.city.setagaya.lg.jp/kurashi/kyuukyuu/category/12843.html,防災・災害対策,https://www.city.setagaya.lg.jp/kurashi/kyuukyuu/category/11692.html,
世田谷区,hazard,3,区の防災計画,https://www.city.setagaya.lg.jp/kurashi/kyuukyuu/category/12847.html,防災・災害対策,https://www.city.setagaya.lg.jp/kurashi/kyuukyuu/category/11692.html,
世田谷区,hazard,3,等々力地区の震災時の避難場所と防災情報,https://www.city.setagaya.lg.jp/tamagawachiiki/todoroki/category/12183.html#a10438,安全・安心・防災,https://www.city.setagaya.lg.jp/tamagawachiiki/todoroki/category/12183.html,
世田谷区,road,1,等々力地区,https://www.city.setagaya.lg.jp/tamagawachiiki/todoroki/index.html,公式トップ,https://www.city.setagaya.lg.jp/,
世田谷区,road,2,"地区の地図（PDF：8,361KB）",https://www.city.setagaya.lg.jp/documents/14936/todoroki_tikumap.pdf,等々力地区,https://www.city.setagaya.lg.jp/tamagawachiiki/todoroki/index.html,
世田谷区,road,2,等々力地区のお知らせ一覧を見る,https://www.city.setagaya.lg.jp/tamagawachiiki/todoroki/category/12176.html,等々力地区,https://www.city.setagaya.lg.jp/tamagawachiiki/todoroki/index.html,
世田谷区,road,2,等々力地区のできごと一覧を見る,https://www.city.setagaya.lg.jp/tamagawachiiki/todoroki/category/12178.html,等々力地区,https://www.city.setagaya.lg.jp/tamagawachiiki/todoroki/index.html,
世田谷区,road,2,子ども・子育て,https://www.city.setagaya.lg.jp/tamagawachiiki/todoroki/category/12180.html,等々力地区,https://www.city.setagaya.lg.jp/tamagawachiiki/todoroki/index.html,
世田谷区,road,2,地域の見守り（高齢者・障害者）,https://www.city.setagaya.lg.jp/tamagawachiiki/todoroki/category/12181.html,等々力地区,https://www.city.setagaya.lg.jp/tamagawachiiki/todoroki/index.html,
世田谷区,road,2,健康・地域交流,https://www.city.setagaya.lg.jp/tamagawachiiki/todoroki/category/12182.html,等々力地区,https://www.city.setagaya.lg.jp/tamagawachiiki/todoroki/index.html,
世田谷区,road,2,安全・安心・防災,https://www.city.setagaya.lg.jp/tamagawachiiki/todoroki/category/12183.html,等々力地区,https://www.city.setagaya.lg.jp/tamagawachiiki/todoroki/index.html,
世田谷区,road,2,ごみ減量・リサイクル,https://www.city.setagaya.lg.jp/tamagawachiiki/todoroki/category/12184.html,等々力地区,https://www.city.setagaya.lg.jp/tamagawachiiki/todoroki/index.html,
世田谷区,road,2,講習・講座,https://www.city.setagaya.lg.jp/tamagawachiiki/todoroki/category/12185.html,等々力地区,https://www.city.setagaya.lg.jp/tamagawachiiki/todoroki/index.html,
世田谷区,road,2,,https://www.city.setagaya.lg.jp/tamagawachiiki/todoroki/index.html#tmp_header,等々力地区,https://www.city.setagaya.lg.jp/tamagawachiiki/todoroki/index.html,
世田谷区,road,2,本文へスキップします。,https://www.city.setagaya.lg.jp/tamagawachiiki/todoroki/index.html#tmp_honbun,等々力地区,https://www.city.setagaya.lg.jp/tamagawachiiki/todoroki/index.html,
世田谷区,road,3,令和7年度地区アセスメント（等々力地区）（PDF：399KB）,https://www.city.setagaya.lg.jp/documents/10433/16_todorokitikuasesu.pdf,まちづくり活動の目標（地区ビジョン）と地区アセスメント,https://www.city.setagaya.lg.jp/01049/10433.html,
世田谷区,road,3,,https://www.city.setagaya.lg.jp/tamagawachiiki/todoroki/category/12176.html#tmp_header,等々力地区のお知らせ一覧を見る,https://www.city.setagaya.lg.jp/tamagawachiiki/todoroki/category/12176.html,
世田谷区,road,3,本文へスキップします。,https://www.city.setagaya.lg.jp/tamagawachiiki/todoroki/category/12176.html#tmp_honbun,等々力地区のお知らせ一覧を見る,https://www.city.setagaya.lg.jp/tamagawachiiki/todoroki/category/12176.html,
世田谷区,road,3,,https://www.city.setagaya.lg.jp/tamagawachiiki/todoroki/category/12178.html#tmp_header,等々力地区のできごと一覧を見る,https://www.city.setagaya.lg.jp/tamagawachiiki/todoroki/category/12178.html,
世田谷区,road,3,本文へスキップします。,https://www.city.setagaya.lg.jp/tamagawachiiki/todoroki/category/12178.html#tmp_honbun,等々力地区のできごと一覧を見る,https://www.city.setagaya.lg.jp/tamagawachiiki/todoroki/category/12178.html,
世田谷区,road,3,等々力中央保育園の紹介,https://www.city.setagaya.lg.jp/tamagawachiiki/todoroki/category/12180.html#a10437,子ども・子育て,https://www.city.setagaya.lg.jp/tamagawachiiki/todoroki/category/12180.html,
世田谷区,road,3,,https://www.city.setagaya.lg.jp/tamagawachiiki/todoroki/category/12180.html#tmp_header,子ども・子育て,https://www.city.setagaya.lg.jp/tamagawachiiki/todoroki/category/12180.html,
世田谷区,road,3,本文へスキップします。,https://www.city.setagaya.lg.jp/tamagawachiiki/todoroki/category/12180.html#tmp_honbun,子ども・子育て,https://www.city.setagaya.lg.jp/tamagawachiiki/todoroki/category/12180.html,
世田谷区,road,3,,https://www.city.setagaya.lg.jp/tamagawachiiki/todoroki/category/12181.html#tmp_header,地域の見守り（高齢者・障害者）,https://www.city.setagaya.lg.jp/tamagawachiiki/todoroki/category/12181.html,
世田谷区,road,3,本文へスキップします。,https://www.city.setagaya.lg.jp/tamagawachiiki/todoroki/category/12181.html#tmp_honbun,地域の見守り（高齢者・障害者）,https://www.city.setagaya.lg.jp/tamagawachiiki/todoroki/category/12181.html,
世田谷区,road,3,健康,https://www.city.setagaya.lg.jp/tamagawachiiki/todoroki/category/12182.html#a12804,健康・地域交流,https://www.city.setagaya.lg.jp/tamagawachiiki/todoroki/category/12182.html,
世田谷区,road,3,地域交流・仲間づくり,https://www.city.setagaya.lg.jp/tamagawachiiki/todoroki/category/12182.html#a12805,健康・地域交流,https://www.city.setagaya.lg.jp/tamagawachiiki/todoroki/category/12182.html,
世田谷区,road,3,,https://www.city.setagaya.lg.jp/tamagawachiiki/todoroki/category/12182.html#tmp_header,健康・地域交流,https://www.city.setagaya.lg.jp/tamagawachiiki/todoroki/category/12182.html,
世田谷区,road,3,本文へスキップします。,https://www.city.setagaya.lg.jp/tamagawachiiki/todoroki/category/12182.html#tmp_honbun,健康・地域交流,https://www.city.setagaya.lg.jp/tamagawachiiki/todoroki/category/12182.html,
世田谷区,road,3,等々力地区の震災時の避難場所と防災情報,https://www.city.setagaya.lg.jp/tamagawachiiki/todoroki/category/12183.html#a10438,安全・安心・防災,https://www.city.setagaya.lg.jp/tamagawachiiki/todoroki/category/12183.html,
世田谷区,road,3,,https://www.city.setagaya.lg.jp/tamagawachiiki/todoroki/category/12183.html#tmp_header,安全・安心・防災,https://www.city.setagaya.lg.jp/tamagawachiiki/todoroki/category/12183.html,
世田谷区,road,3,本文へスキップします。,https://www.city.setagaya.lg.jp/tamagawachiiki/todoroki/category/12183.html#tmp_honbun,安全・安心・防災,https://www.city.setagaya.lg.jp/tamagawachiiki/todoroki/category/12183.html,
世田谷区,road,3,,https://www.city.setagaya.lg.jp/tamagawachiiki/todoroki/category/12184.html#tmp_header,ごみ減量・リサイクル,https://www.city.setagaya.lg.jp/tamagawachiiki/todoroki/category/12184.html,
世田谷区,road,3,本文へスキップします。,https://www.city.setagaya.lg.jp/tamagawachiiki/todoroki/category/12184.html#tmp_honbun,ごみ減量・リサイクル,https://www.city.setagaya.lg.jp/tamagawachiiki/todoroki/category/12184.html,
世田谷区,road,3,,https://www.city.setagaya.lg.jp/tamagawachiiki/todoroki/category/12185.html#tmp_header,講習・講座,https://www.city.setagaya.lg.jp/tamagawachiiki/todoroki/category/12185.html,
世田谷区,road,3,本文へスキップします。,https://www.city.setagaya.lg.jp/tamagawachiiki/todoroki/category/12185.html#tmp_honbun,講習・講座,https://www.city.setagaya.lg.jp/tamagawachiiki/todoroki/category/12185.html,
世田谷区,road,3,健康,https://www.city.setagaya.lg.jp/tamagawachiiki/todoroki/category/12804.html,健康・地域交流,https://www.city.setagaya.lg.jp/tamagawachiiki/todoroki/category/12182.html,
世田谷区,road,3,地域交流・仲間づくり,https://www.city.setagaya.lg.jp/tamagawachiiki/todoroki/category/12805.html,健康・地域交流,https://www.city.setagaya.lg.jp/tamagawachiiki/todoroki/category/12182.html,
中央区,building_guidance,2,建築関係総合窓口（ワンストップ窓口）を開設しています,https://www.city.chuo.lg.jp/a0040/machizukuri/kenchiku/soumado.html,まちづくり・環境,https://www.city.chuo.lg.jp/machizukuri/index.html,
中央区,building_guidance,2,建築紛争が生じたときは,https://www.city.chuo.lg.jp/a0043/machizukuri/kenchiku/hunso.html,まちづくり・環境,https://www.city.chuo.lg.jp/machizukuri/index.html,
中央区,building_guidance,2,建築基準法の道路種別,https://www.city.chuo.lg.jp/a0043/machizukuri/kenchiku/user_kentiku_time_dourosyubetu.html,まちづくり・環境,https://www.city.chuo.lg.jp/machizukuri/index.html,
中央区,building_guidance,2,建築,https://www.city.chuo.lg.jp/machizukuri/kenchiku/index.html,まちづくり・環境,https://www.city.chuo.lg.jp/machizukuri/index.html,
中央区,building_guidance,2,住居表示,https://www.city.chuo.lg.jp/machizukuri/kenchiku/jyukyohyozi/index.html,まちづくり・環境,https://www.city.chuo.lg.jp/machizukuri/index.html,
中央区,building_guidance,2,新築・増改築の事前手続き,https://www.city.chuo.lg.jp/machizukuri/kenchiku/kentikutetuzuki/index.html,まちづくり・環境,https://www.city.chuo.lg.jp/machizukuri/index.html,
中央区,building_guidance,2,既存の建築物に関する制度,https://www.city.chuo.lg.jp/machizukuri/kenchiku/kizon/index.html,まちづくり・環境,https://www.city.chuo.lg.jp/machizukuri/index.html,
中央区,building_guidance,2,建築確認・許可・認定,https://www.city.chuo.lg.jp/machizukuri/kenchiku/kyoka/index.html,まちづくり・環境,https://www.city.chuo.lg.jp/machizukuri/index.html,
中央区,building_guidance,2,耐震に関する制度,https://www.city.chuo.lg.jp/machizukuri/kenchiku/taishin/index.html,まちづくり・環境,https://www.city.chuo.lg.jp/machizukuri/index.html,
中央区,district_plan,1,,https://www.city.chuo.lg.jp/a0036/machizukuri/bika/chuonomori/sizenkyouseisaito.html?utm_source=kan-kyo_top&utm_medium=ba&utm_campaign=18102_260424,公式トップ,https://www.city.chuo.lg.jp/,
中央区,district_plan,1,まちづくり・環境,https://www.city.chuo.lg.jp/machizukuri/index.html,公式トップ,https://www.city.chuo.lg.jp/,
中央区,district_plan,2,河川敷地占用許可準則に基づく都市・地域再生等利用区域の指定,https://www.city.chuo.lg.jp/a0034/machizukuri/kasen/kasennsikitisennyoukyokajunnsoku.html,まちづくり・環境,https://www.city.chuo.lg.jp/machizukuri/index.html,
中央区,district_plan,2,中央区水辺利用の活性化に関する方策,https://www.city.chuo.lg.jp/a0034/machizukuri/kasen/mizube.html,まちづくり・環境,https://www.city.chuo.lg.jp/machizukuri/index.html,
中央区,district_plan,2,区で管理する船着場,https://www.city.chuo.lg.jp/a0035/machizukuri/kasen/kudekannrisurufunatukiba.html,まちづくり・環境,https://www.city.chuo.lg.jp/machizukuri/index.html,
中央区,district_plan,2,第11次中央区交通安全計画,https://www.city.chuo.lg.jp/a0035/machizukuri/koutsuukeikaku/20160915.html,まちづくり・環境,https://www.city.chuo.lg.jp/machizukuri/index.html,
中央区,district_plan,2,都心・臨海地下鉄新線,https://www.city.chuo.lg.jp/a0035/machizukuri/koutsuukeikaku/rinkaichikatetsu.html,まちづくり・環境,https://www.city.chuo.lg.jp/machizukuri/index.html,
中央区,district_plan,2,中央区総合交通計画2022,https://www.city.chuo.lg.jp/a0035/machizukuri/koutsuukeikaku/sougoukoutsuukeikaku.html,まちづくり・環境,https://www.city.chuo.lg.jp/machizukuri/index.html,
中央区,district_plan,2,中央区駐車場駐輪場長寿命化計画,https://www.city.chuo.lg.jp/a0035/machizukuri/koutsuukeikaku/tyusyajyotyurinjyokeikaku.html,まちづくり・環境,https://www.city.chuo.lg.jp/machizukuri/index.html,
中央区,district_plan,2,東京駅前地域における八重洲バスターミナルの整備推進,https://www.city.chuo.lg.jp/a0035/machizukuri/koutsuukeikaku/user_seibi_time_20150805.html,まちづくり・環境,https://www.city.chuo.lg.jp/machizukuri/index.html,
中央区,district_plan,2,「中央区の森」キャラクター大集合,https://www.city.chuo.lg.jp/a0036/machizukuri/bika/chuonomori/character.html,,https://www.city.chuo.lg.jp/a0036/machizukuri/bika/chuonomori/sizenkyouseisaito.html?utm_source=kan-kyo_top&utm_medium=ba&utm_campaign=18102_260424,
中央区,district_plan,2,「中央区の森」に行ってみませんか,https://www.city.chuo.lg.jp/a0036/machizukuri/bika/chuonomori/chuo_mori_go.html,,https://www.city.chuo.lg.jp/a0036/machizukuri/bika/chuonomori/sizenkyouseisaito.html?utm_source=kan-kyo_top&utm_medium=ba&utm_campaign=18102_260424,
中央区,district_plan,2,区内事業者・団体の皆さんの森林保全活動を応援します,https://www.city.chuo.lg.jp/a0036/machizukuri/bika/chuonomori/chuo_mori_suport.html,,https://www.city.chuo.lg.jp/a0036/machizukuri/bika/chuonomori/sizenkyouseisaito.html?utm_source=kan-kyo_top&utm_medium=ba&utm_campaign=18102_260424,
中央区,district_plan,2,中央区の森事業推進協議会,https://www.city.chuo.lg.jp/a0036/machizukuri/bika/chuonomori/chuokunomorikyougikai.html,,https://www.city.chuo.lg.jp/a0036/machizukuri/bika/chuonomori/sizenkyouseisaito.html?utm_source=kan-kyo_top&utm_medium=ba&utm_campaign=18102_260424,
中央区,district_plan,2,中央区の森寄付金,https://www.city.chuo.lg.jp/a0036/machizukuri/bika/chuonomori/chuomori_kifu.html,,https://www.city.chuo.lg.jp/a0036/machizukuri/bika/chuonomori/sizenkyouseisaito.html?utm_source=kan-kyo_top&utm_medium=ba&utm_campaign=18102_260424,
中央区,district_plan,2,中央区の森（南郷地区）,https://www.city.chuo.lg.jp/a0036/machizukuri/bika/chuonomori/chuonomori_nango.html,,https://www.city.chuo.lg.jp/a0036/machizukuri/bika/chuonomori/sizenkyouseisaito.html?utm_source=kan-kyo_top&utm_medium=ba&utm_campaign=18102_260424,
中央区,district_plan,2,中央区の森環境ふれあい村構想を終了しました,https://www.city.chuo.lg.jp/a0036/machizukuri/bika/chuonomori/hureaimura.html,,https://www.city.chuo.lg.jp/a0036/machizukuri/bika/chuonomori/sizenkyouseisaito.html?utm_source=kan-kyo_top&utm_medium=ba&utm_campaign=18102_260424,
中央区,district_plan,2,中央区の森（数馬地区）,https://www.city.chuo.lg.jp/a0036/machizukuri/bika/chuonomori/katudoujyoukyou.html,,https://www.city.chuo.lg.jp/a0036/machizukuri/bika/chuonomori/sizenkyouseisaito.html?utm_source=kan-kyo_top&utm_medium=ba&utm_campaign=18102_260424,
中央区,district_plan,2,中央区の森寄付金の寄付者一覧,https://www.city.chuo.lg.jp/a0036/machizukuri/bika/chuonomori/kifusha_ichiran.html,,https://www.city.chuo.lg.jp/a0036/machizukuri/bika/chuonomori/sizenkyouseisaito.html?utm_source=kan-kyo_top&utm_medium=ba&utm_campaign=18102_260424,
中央区,district_plan,2,「中央区の森」の木材活用,https://www.city.chuo.lg.jp/a0036/machizukuri/bika/chuonomori/mokuzaikatuyou.html,,https://www.city.chuo.lg.jp/a0036/machizukuri/bika/chuonomori/sizenkyouseisaito.html?utm_source=kan-kyo_top&utm_medium=ba&utm_campaign=18102_260424,
中央区,district_plan,2,「中央区の森」が「自然共生サイト」に認定されました,https://www.city.chuo.lg.jp/a0036/machizukuri/bika/chuonomori/sizenkyouseisaito.html,,https://www.city.chuo.lg.jp/a0036/machizukuri/bika/chuonomori/sizenkyouseisaito.html?utm_source=kan-kyo_top&utm_medium=ba&utm_campaign=18102_260424,
中央区,district_plan,2,ページの先頭へ戻る,https://www.city.chuo.lg.jp/a0036/machizukuri/bika/chuonomori/sizenkyouseisaito.html?utm_source=kan-kyo_top&utm_medium=ba&utm_campaign=18102_260424#tmp_header,,https://www.city.chuo.lg.jp/a0036/machizukuri/bika/chuonomori/sizenkyouseisaito.html?utm_source=kan-kyo_top&utm_medium=ba&utm_campaign=18102_260424,
中央区,district_plan,2,本文へスキップします。,https://www.city.chuo.lg.jp/a0036/machizukuri/bika/chuonomori/sizenkyouseisaito.html?utm_source=kan-kyo_top&utm_medium=ba&utm_campaign=18102_260424#tmp_honbun,,https://www.city.chuo.lg.jp/a0036/machizukuri/bika/chuonomori/sizenkyouseisaito.html?utm_source=kan-kyo_top&utm_medium=ba&utm_campaign=18102_260424,
中央区,district_plan,2,第23回エコまつりを開催します,https://www.city.chuo.lg.jp/a0036/machizukuri/bika/gakushuu/ekomaturi.html,まちづくり・環境,https://www.city.chuo.lg.jp/machizukuri/index.html,
中央区,district_plan,2,河川一覧,https://www.city.chuo.lg.jp/a0037/machizukuri/kasen/kasenitiran.html,まちづくり・環境,https://www.city.chuo.lg.jp/machizukuri/index.html,
中央区,district_plan,2,中央区水辺環境の活用構想,https://www.city.chuo.lg.jp/a0037/machizukuri/kasen/mizube.html,まちづくり・環境,https://www.city.chuo.lg.jp/machizukuri/index.html,
中央区,district_plan,2,建築関係総合窓口（ワンストップ窓口）を開設しています,https://www.city.chuo.lg.jp/a0040/machizukuri/kenchiku/soumado.html,まちづくり・環境,https://www.city.chuo.lg.jp/machizukuri/index.html,
中央区,district_plan,2,日本橋一丁目東地区第一種市街地再開発事業に係る事業計画変更(案)の公告・縦覧のお知らせについて,https://www.city.chuo.lg.jp/a0041/machizukuri/toshikeikaku/koukoku/nihonbashi1higashi_henkou1.html,まちづくり・環境,https://www.city.chuo.lg.jp/machizukuri/index.html,
中央区,district_plan,2,建築紛争が生じたときは,https://www.city.chuo.lg.jp/a0043/machizukuri/kenchiku/hunso.html,まちづくり・環境,https://www.city.chuo.lg.jp/machizukuri/index.html,
中央区,district_plan,2,建築基準法の道路種別,https://www.city.chuo.lg.jp/a0043/machizukuri/kenchiku/user_kentiku_time_dourosyubetu.html,まちづくり・環境,https://www.city.chuo.lg.jp/machizukuri/index.html,
中央区,district_plan,2,中央区の森,https://www.city.chuo.lg.jp/machizukuri/bika/chuonomori/index.html,,https://www.city.chuo.lg.jp/a0036/machizukuri/bika/chuonomori/sizenkyouseisaito.html?utm_source=kan-kyo_top&utm_medium=ba&utm_campaign=18102_260424,
中央区,district_plan,2,中央区の森で見られる自然,https://www.city.chuo.lg.jp/machizukuri/bika/chuonomori/mori/index.html,,https://www.city.chuo.lg.jp/a0036/machizukuri/bika/chuonomori/sizenkyouseisaito.html?utm_source=kan-kyo_top&utm_medium=ba&utm_campaign=18102_260424,
中央区,district_plan,2,環境,https://www.city.chuo.lg.jp/machizukuri/bika/index.html,,https://www.city.chuo.lg.jp/a0036/machizukuri/bika/chuonomori/sizenkyouseisaito.html?utm_source=kan-kyo_top&utm_medium=ba&utm_campaign=18102_260424,
中央区,district_plan,2,まちのクリーン作戦,https://www.city.chuo.lg.jp/machizukuri/bika/kankyoubika/index.html,まちづくり・環境,https://www.city.chuo.lg.jp/machizukuri/index.html,
中央区,district_plan,2,中央区環境行動計画,https://www.city.chuo.lg.jp/machizukuri/bika/koudoukeikaku/index.html,まちづくり・環境,https://www.city.chuo.lg.jp/machizukuri/index.html,
中央区,district_plan,2,公害,https://www.city.chuo.lg.jp/machizukuri/bika/kougai/index.html,まちづくり・環境,https://www.city.chuo.lg.jp/machizukuri/index.html,
中央区,district_plan,2,鳥獣・外来生物,https://www.city.chuo.lg.jp/machizukuri/bika/seibutsu/index.html,まちづくり・環境,https://www.city.chuo.lg.jp/machizukuri/index.html,
中央区,district_plan,2,温暖化対策,https://www.city.chuo.lg.jp/machizukuri/bika/taisaku/index.html,まちづくり・環境,https://www.city.chuo.lg.jp/machizukuri/index.html,
中央区,district_plan,2,道路の管理,https://www.city.chuo.lg.jp/machizukuri/dourokyouryou/dourodaichou/index.html,まちづくり・環境,https://www.city.chuo.lg.jp/machizukuri/index.html,
中央区,district_plan,2,道路の整備,https://www.city.chuo.lg.jp/machizukuri/dourokyouryou/dourojigyou/index.html,まちづくり・環境,https://www.city.chuo.lg.jp/machizukuri/index.html,
中央区,district_plan,2,道路占用・承認工事,https://www.city.chuo.lg.jp/machizukuri/dourokyouryou/dourosenyou/index.html,まちづくり・環境,https://www.city.chuo.lg.jp/machizukuri/index.html,
中央区,district_plan,2,道路・橋りょう,https://www.city.chuo.lg.jp/machizukuri/dourokyouryou/index.html,まちづくり・環境,https://www.city.chuo.lg.jp/machizukuri/index.html,
中央区,district_plan,2,橋りょう,https://www.city.chuo.lg.jp/machizukuri/dourokyouryou/kyouryou/index.html,まちづくり・環境,https://www.city.chuo.lg.jp/machizukuri/index.html,
中央区,district_plan,2,ページの先頭へ戻る,https://www.city.chuo.lg.jp/machizukuri/index.html#tmp_header,まちづくり・環境,https://www.city.chuo.lg.jp/machizukuri/index.html,
中央区,district_plan,2,本文へスキップします。,https://www.city.chuo.lg.jp/machizukuri/index.html#tmp_honbun,まちづくり・環境,https://www.city.chuo.lg.jp/machizukuri/index.html,
中央区,district_plan,2,河川,https://www.city.chuo.lg.jp/machizukuri/kasen/index.html,まちづくり・環境,https://www.city.chuo.lg.jp/machizukuri/index.html,
中央区,district_plan,2,建築,https://www.city.chuo.lg.jp/machizukuri/kenchiku/index.html,まちづくり・環境,https://www.city.chuo.lg.jp/machizukuri/index.html,
中央区,district_plan,2,住居表示,https://www.city.chuo.lg.jp/machizukuri/kenchiku/jyukyohyozi/index.html,まちづくり・環境,https://www.city.chuo.lg.jp/machizukuri/index.html,
中央区,district_plan,2,新築・増改築の事前手続き,https://www.city.chuo.lg.jp/machizukuri/kenchiku/kentikutetuzuki/index.html,まちづくり・環境,https://www.city.chuo.lg.jp/machizukuri/index.html,
中央区,district_plan,2,既存の建築物に関する制度,https://www.city.chuo.lg.jp/machizukuri/kenchiku/kizon/index.html,まちづくり・環境,https://www.city.chuo.lg.jp/machizukuri/index.html,
中央区,district_plan,2,建築確認・許可・認定,https://www.city.chuo.lg.jp/machizukuri/kenchiku/kyoka/index.html,まちづくり・環境,https://www.city.chuo.lg.jp/machizukuri/index.html,
中央区,district_plan,2,耐震に関する制度,https://www.city.chuo.lg.jp/machizukuri/kenchiku/taishin/index.html,まちづくり・環境,https://www.city.chuo.lg.jp/machizukuri/index.html,
中央区,district_plan,2,公園・緑化,https://www.city.chuo.lg.jp/machizukuri/kouenryokka/index.html,まちづくり・環境,https://www.city.chuo.lg.jp/machizukuri/index.html,
中央区,district_plan,2,計画・構想,https://www.city.chuo.lg.jp/machizukuri/kouenryokka/keikaku/index.html,まちづくり・環境,https://www.city.chuo.lg.jp/machizukuri/index.html,
中央区,district_plan,2,公園・児童遊園,https://www.city.chuo.lg.jp/machizukuri/kouenryokka/kouen/index.html,まちづくり・環境,https://www.city.chuo.lg.jp/machizukuri/index.html,
中央区,district_plan,2,緑化,https://www.city.chuo.lg.jp/machizukuri/kouenryokka/ryokka/index.html,まちづくり・環境,https://www.city.chuo.lg.jp/machizukuri/index.html,
中央区,district_plan,2,交通計画,https://www.city.chuo.lg.jp/machizukuri/koutsuukeikaku/index.html,まちづくり・環境,https://www.city.chuo.lg.jp/machizukuri/index.html,
中央区,district_plan,2,中央区自転車活用推進計画,https://www.city.chuo.lg.jp/machizukuri/koutsuukeikaku/jitensyakatuyousuishin/index.html,まちづくり・環境,https://www.city.chuo.lg.jp/machizukuri/index.html,
中央区,district_plan,2,地域公共交通会議,https://www.city.chuo.lg.jp/machizukuri/koutsuukeikaku/koutsuukaigi/index.html,まちづくり・環境,https://www.city.chuo.lg.jp/machizukuri/index.html,
中央区,district_plan,2,交通戦略部会,https://www.city.chuo.lg.jp/machizukuri/koutsuukeikaku/senryakubukai/index.html,まちづくり・環境,https://www.city.chuo.lg.jp/machizukuri/index.html,
中央区,district_plan,2,都市計画・まちづくり,https://www.city.chuo.lg.jp/machizukuri/toshikeikaku/index.html,まちづくり・環境,https://www.city.chuo.lg.jp/machizukuri/index.html,
中央区,district_plan,2,都市計画情報等,https://www.city.chuo.lg.jp/machizukuri/toshikeikaku/jouhou/index.html,まちづくり・環境,https://www.city.chuo.lg.jp/machizukuri/index.html,
中央区,district_plan,2,景観,https://www.city.chuo.lg.jp/machizukuri/toshikeikaku/keikan/index.html,まちづくり・環境,https://www.city.chuo.lg.jp/machizukuri/index.html,
中央区,district_plan,2,公告・縦覧,https://www.city.chuo.lg.jp/machizukuri/toshikeikaku/koukoku/index.html,まちづくり・環境,https://www.city.chuo.lg.jp/machizukuri/index.html,
中央区,district_plan,2,中央区のまちづくり,https://www.city.chuo.lg.jp/machizukuri/toshikeikaku/machi/index.html,まちづくり・環境,https://www.city.chuo.lg.jp/machizukuri/index.html,
中央区,district_plan,2,市街地再開発事業,https://www.city.chuo.lg.jp/machizukuri/toshikeikaku/shigaichi/index.html,まちづくり・環境,https://www.city.chuo.lg.jp/machizukuri/index.html,
中央区,district_plan,2,都市の活性化に向けた取組,https://www.city.chuo.lg.jp/machizukuri/toshikeikaku/toshikasseika/index.html,まちづくり・環境,https://www.city.chuo.lg.jp/machizukuri/index.html,
中央区,district_plan,2,都市再生特別措置法に基づく取組,https://www.city.chuo.lg.jp/machizukuri/toshikeikaku/toshisaisei/index.html,まちづくり・環境,https://www.city.chuo.lg.jp/machizukuri/index.html,
中央区,district_plan,3,「中央区環境行動計画2018」の令和3年度進捗評価,https://www.city.chuo.lg.jp/a0036/kankyo/2018keikakur3hyouka.html,環境,https://www.city.chuo.lg.jp/machizukuri/bika/index.html,
中央区,district_plan,3,「中央区環境行動計画2018」の令和4年度進捗評価,https://www.city.chuo.lg.jp/a0036/kankyo/2018keikakur4hyouka.html,環境,https://www.city.chuo.lg.jp/machizukuri/bika/index.html,
中央区,district_plan,3,中央区環境行動計画2023小学生版,https://www.city.chuo.lg.jp/a0036/kankyo/keikaku_syogakusei.html,環境,https://www.city.chuo.lg.jp/machizukuri/bika/index.html,
中央区,district_plan,3,ページの先頭へ戻る,https://www.city.chuo.lg.jp/a0036/machizukuri/bika/chuonomori/character.html#tmp_header,「中央区の森」キャラクター大集合,https://www.city.chuo.lg.jp/a0036/machizukuri/bika/chuonomori/character.html,
中央区,district_plan,3,本文へスキップします。,https://www.city.chuo.lg.jp/a0036/machizukuri/bika/chuonomori/character.html#tmp_honbun,「中央区の森」キャラクター大集合,https://www.city.chuo.lg.jp/a0036/machizukuri/bika/chuonomori/character.html,
中央区,district_plan,3,ページの先頭へ戻る,https://www.city.chuo.lg.jp/a0036/machizukuri/bika/chuonomori/chuo_mori_go.html#tmp_header,「中央区の森」に行ってみませんか,https://www.city.chuo.lg.jp/a0036/machizukuri/bika/chuonomori/chuo_mori_go.html,
中央区,district_plan,3,本文へスキップします。,https://www.city.chuo.lg.jp/a0036/machizukuri/bika/chuonomori/chuo_mori_go.html#tmp_honbun,「中央区の森」に行ってみませんか,https://www.city.chuo.lg.jp/a0036/machizukuri/bika/chuonomori/chuo_mori_go.html,
中央区,district_plan,3,ページの先頭へ戻る,https://www.city.chuo.lg.jp/a0036/machizukuri/bika/chuonomori/chuo_mori_suport.html#tmp_header,区内事業者・団体の皆さんの森林保全活動を応援します,https://www.city.chuo.lg.jp/a0036/machizukuri/bika/chuonomori/chuo_mori_suport.html,
中央区,district_plan,3,本文へスキップします。,https://www.city.chuo.lg.jp/a0036/machizukuri/bika/chuonomori/chuo_mori_suport.html#tmp_honbun,区内事業者・団体の皆さんの森林保全活動を応援します,https://www.city.chuo.lg.jp/a0036/machizukuri/bika/chuonomori/chuo_mori_suport.html,
中央区,district_plan,3,ページの先頭へ戻る,https://www.city.chuo.lg.jp/a0036/machizukuri/bika/chuonomori/chuokunomorikyougikai.html#tmp_header,中央区の森事業推進協議会,https://www.city.chuo.lg.jp/a0036/machizukuri/bika/chuonomori/chuokunomorikyougikai.html,
中央区,district_plan,3,本文へスキップします。,https://www.city.chuo.lg.jp/a0036/machizukuri/bika/chuonomori/chuokunomorikyougikai.html#tmp_honbun,中央区の森事業推進協議会,https://www.city.chuo.lg.jp/a0036/machizukuri/bika/chuonomori/chuokunomorikyougikai.html,
中央区,district_plan,3,ページの先頭へ戻る,https://www.city.chuo.lg.jp/a0036/machizukuri/bika/chuonomori/chuomori_kifu.html#tmp_header,中央区の森寄付金,https://www.city.chuo.lg.jp/a0036/machizukuri/bika/chuonomori/chuomori_kifu.html,
中央区,district_plan,3,本文へスキップします。,https://www.city.chuo.lg.jp/a0036/machizukuri/bika/chuonomori/chuomori_kifu.html#tmp_honbun,中央区の森寄付金,https://www.city.chuo.lg.jp/a0036/machizukuri/bika/chuonomori/chuomori_kifu.html,
中央区,district_plan,3,ページの先頭へ戻る,https://www.city.chuo.lg.jp/a0036/machizukuri/bika/chuonomori/chuonomori_nango.html#tmp_header,中央区の森（南郷地区）,https://www.city.chuo.lg.jp/a0036/machizukuri/bika/chuonomori/chuonomori_nango.html,
中央区,district_plan,3,本文へスキップします。,https://www.city.chuo.lg.jp/a0036/machizukuri/bika/chuonomori/chuonomori_nango.html#tmp_honbun,中央区の森（南郷地区）,https://www.city.chuo.lg.jp/a0036/machizukuri/bika/chuonomori/chuonomori_nango.html,
中央区,district_plan,3,ページの先頭へ戻る,https://www.city.chuo.lg.jp/a0036/machizukuri/bika/chuonomori/hureaimura.html#tmp_header,中央区の森環境ふれあい村構想を終了しました,https://www.city.chuo.lg.jp/a0036/machizukuri/bika/chuonomori/hureaimura.html,
中央区,district_plan,3,本文へスキップします。,https://www.city.chuo.lg.jp/a0036/machizukuri/bika/chuonomori/hureaimura.html#tmp_honbun,中央区の森環境ふれあい村構想を終了しました,https://www.city.chuo.lg.jp/a0036/machizukuri/bika/chuonomori/hureaimura.html,
中央区,district_plan,3,ページの先頭へ戻る,https://www.city.chuo.lg.jp/a0036/machizukuri/bika/chuonomori/katudoujyoukyou.html#tmp_header,中央区の森（数馬地区）,https://www.city.chuo.lg.jp/a0036/machizukuri/bika/chuonomori/katudoujyoukyou.html,
中央区,district_plan,3,本文へスキップします。,https://www.city.chuo.lg.jp/a0036/machizukuri/bika/chuonomori/katudoujyoukyou.html#tmp_honbun,中央区の森（数馬地区）,https://www.city.chuo.lg.jp/a0036/machizukuri/bika/chuonomori/katudoujyoukyou.html,
中央区,district_plan,3,ページの先頭へ戻る,https://www.city.chuo.lg.jp/a0036/machizukuri/bika/chuonomori/kifusha_ichiran.html#tmp_header,中央区の森寄付金の寄付者一覧,https://www.city.chuo.lg.jp/a0036/machizukuri/bika/chuonomori/kifusha_ichiran.html,
中央区,district_plan,3,本文へスキップします。,https://www.city.chuo.lg.jp/a0036/machizukuri/bika/chuonomori/kifusha_ichiran.html#tmp_honbun,中央区の森寄付金の寄付者一覧,https://www.city.chuo.lg.jp/a0036/machizukuri/bika/chuonomori/kifusha_ichiran.html,
中央区,district_plan,3,ページの先頭へ戻る,https://www.city.chuo.lg.jp/a0036/machizukuri/bika/chuonomori/mokuzaikatuyou.html#tmp_header,「中央区の森」の木材活用,https://www.city.chuo.lg.jp/a0036/machizukuri/bika/chuonomori/mokuzaikatuyou.html,
中央区,district_plan,3,本文へスキップします。,https://www.city.chuo.lg.jp/a0036/machizukuri/bika/chuonomori/mokuzaikatuyou.html#tmp_honbun,「中央区の森」の木材活用,https://www.city.chuo.lg.jp/a0036/machizukuri/bika/chuonomori/mokuzaikatuyou.html,
中央区,district_plan,3,「中央区の森（数馬地区）」で見られる自然～春～,https://www.city.chuo.lg.jp/a0036/machizukuri/bika/chuonomori/mori/user_kdkansu_time_20200528.html,中央区の森で見られる自然,https://www.city.chuo.lg.jp/machizukuri/bika/chuonomori/mori/index.html,
中央区,district_plan,3,「中央区の森（数馬地区）」で見られる自然～夏～,https://www.city.chuo.lg.jp/a0036/machizukuri/bika/chuonomori/mori/user_kdkansu_time_20200703.html,中央区の森で見られる自然,https://www.city.chuo.lg.jp/machizukuri/bika/chuonomori/mori/index.html,
中央区,district_plan,3,「中央区の森（数馬地区）」で見られる自然～秋～,https://www.city.chuo.lg.jp/a0036/machizukuri/bika/chuonomori/mori/user_kdkansu_time_20200909.html,中央区の森で見られる自然,https://www.city.chuo.lg.jp/machizukuri/bika/chuonomori/mori/index.html,
中央区,district_plan,3,「中央区の森（数馬地区）」で見られる自然～冬～,https://www.city.chuo.lg.jp/a0036/machizukuri/bika/chuonomori/mori/user_kdkansu_time_20210.html,中央区の森で見られる自然,https://www.city.chuo.lg.jp/machizukuri/bika/chuonomori/mori/index.html,
中央区,district_plan,3,ページの先頭へ戻る,https://www.city.chuo.lg.jp/a0036/machizukuri/bika/chuonomori/sizenkyouseisaito.html#tmp_header,「中央区の森」が「自然共生サイト」に認定されました,https://www.city.chuo.lg.jp/a0036/machizukuri/bika/chuonomori/sizenkyouseisaito.html,
中央区,district_plan,3,本文へスキップします。,https://www.city.chuo.lg.jp/a0036/machizukuri/bika/chuonomori/sizenkyouseisaito.html#tmp_honbun,「中央区の森」が「自然共生サイト」に認定されました,https://www.city.chuo.lg.jp/a0036/machizukuri/bika/chuonomori/sizenkyouseisaito.html,
中央区,district_plan,3,中央区立環境情報センター「エコノバ」,https://www.city.chuo.lg.jp/a0036/machizukuri/bika/gakushuu/eic_chuo.html,環境,https://www.city.chuo.lg.jp/machizukuri/bika/index.html,
中央区,district_plan,3,中央区環境情報誌,https://www.city.chuo.lg.jp/a0036/machizukuri/bika/gakushuu/kankyojyohosi.html,環境,https://www.city.chuo.lg.jp/machizukuri/bika/index.html,
中央区,district_plan,3,第22回2025年子どもとためす環境まつりの開催,https://www.city.chuo.lg.jp/a0036/machizukuri/bika/gakushuu/kodomototamesu.html,環境,https://www.city.chuo.lg.jp/machizukuri/bika/index.html,
中央区,district_plan,3,令和8年度環境学習事業「檜原村自然体験ツアー」スケジュール,https://www.city.chuo.lg.jp/a0036/machizukuri/bika/gakushuu/user_kdkankyo_time_20220418.html,環境,https://www.city.chuo.lg.jp/machizukuri/bika/index.html,
中央区,district_plan,3,中央区環境情報紙「かんきょう あくしょん」,https://www.city.chuo.lg.jp/a0036/machizukuri/bika/gakushuu/user_kdkankyo_time_202212060909.html,環境,https://www.city.chuo.lg.jp/machizukuri/bika/index.html,
中央区,district_plan,3,令和7年度環境分野の功労者・団体・事業者を表彰,https://www.city.chuo.lg.jp/a0036/machizukuri/bika/gakushuu/user_kdkansu_time_20191227.html,環境,https://www.city.chuo.lg.jp/machizukuri/bika/index.html,
中央区,district_plan,3,クリーンデーにご協力ありがとうございました,https://www.city.chuo.lg.jp/a0036/machizukuri/bika/kankyoubika/cleanday2023sanka.html,環境,https://www.city.chuo.lg.jp/machizukuri/bika/index.html,
中央区,district_plan,3,令和8年度クリーンデーを実施します,https://www.city.chuo.lg.jp/a0036/machizukuri/bika/kankyoubika/cleandayyokoku.html,環境,https://www.city.chuo.lg.jp/machizukuri/bika/index.html,
中央区,district_plan,3,まちかどクリーンデー,https://www.city.chuo.lg.jp/a0036/machizukuri/bika/kankyoubika/gurirnder.html,環境,https://www.city.chuo.lg.jp/machizukuri/bika/index.html,
中央区,district_plan,3,まちかどクリーンデー参加者募集中,https://www.city.chuo.lg.jp/a0036/machizukuri/bika/kankyoubika/gurirnderkaisi.html,環境,https://www.city.chuo.lg.jp/machizukuri/bika/index.html,
中央区,district_plan,3,インバウンド需要の増加に係るまちの美化対策支援事業のご案内,https://www.city.chuo.lg.jp/a0036/machizukuri/bika/kankyoubika/inbound_machibika.html,環境,https://www.city.chuo.lg.jp/machizukuri/bika/index.html,
中央区,district_plan,3,「中央区環境行動計画2018」の平成30年度進捗評価,https://www.city.chuo.lg.jp/a0036/machizukuri/bika/koudoukeikaku/2018keikakuh30hyoka.html,環境,https://www.city.chuo.lg.jp/machizukuri/bika/index.html,
中央区,district_plan,3,中央区環境行動計画2018,https://www.city.chuo.lg.jp/a0036/machizukuri/bika/koudoukeikaku/keikaku2018.html,環境,https://www.city.chuo.lg.jp/machizukuri/bika/index.html,
中央区,district_plan,3,中央区環境行動計画2023,https://www.city.chuo.lg.jp/a0036/machizukuri/bika/koudoukeikaku/keikaku2023.html,環境,https://www.city.chuo.lg.jp/machizukuri/bika/index.html,
中央区,district_plan,3,「中央区環境行動計画2018」の令和元年度進捗評価,https://www.city.chuo.lg.jp/a0036/machizukuri/bika/koudoukeikaku/r1shintyokuhyoka.html,環境,https://www.city.chuo.lg.jp/machizukuri/bika/index.html,
中央区,district_plan,3,「中央区環境行動計画2018」の令和2年度進捗評価,https://www.city.chuo.lg.jp/a0036/machizukuri/bika/koudoukeikaku/r2sintyokuhyouka.html,環境,https://www.city.chuo.lg.jp/machizukuri/bika/index.html,
中央区,district_plan,3,アスベスト(石綿)問題に対する中央区の対策,https://www.city.chuo.lg.jp/a0036/machizukuri/bika/kougai/asubesutotaisaku.html,環境,https://www.city.chuo.lg.jp/machizukuri/bika/index.html,
中央区,district_plan,3,石綿（アスベスト）対策,https://www.city.chuo.lg.jp/a0036/machizukuri/bika/kougai/asubesutotaisaku_kisei.html,環境,https://www.city.chuo.lg.jp/machizukuri/bika/index.html,
中央区,district_plan,3,中央区光害防止指導要綱違反の公表,https://www.city.chuo.lg.jp/a0036/machizukuri/bika/kougai/hikarigai_kouhyou.html,環境,https://www.city.chuo.lg.jp/machizukuri/bika/index.html,
中央区,district_plan,3,中央区光害防止指導要綱の制定について,https://www.city.chuo.lg.jp/a0036/machizukuri/bika/kougai/hikarigai_seitei.html,環境,https://www.city.chuo.lg.jp/machizukuri/bika/index.html,
中央区,district_plan,3,環境アセス（東京都の環境影響評価制度）,https://www.city.chuo.lg.jp/a0036/machizukuri/bika/kougai/kankyo_asesu.html,環境,https://www.city.chuo.lg.jp/machizukuri/bika/index.html,
中央区,district_plan,3,環境測定データ集,https://www.city.chuo.lg.jp/a0036/machizukuri/bika/kougai/kankyosokuteidetashuu.html,環境,https://www.city.chuo.lg.jp/machizukuri/bika/index.html,
中央区,district_plan,3,公害について,https://www.city.chuo.lg.jp/a0036/machizukuri/bika/kougai/kogainituite.html,環境,https://www.city.chuo.lg.jp/machizukuri/bika/index.html,
中央区,district_plan,3,工場・指定作業場関連,https://www.city.chuo.lg.jp/a0036/machizukuri/bika/kougai/koujyoshitei.html,環境,https://www.city.chuo.lg.jp/machizukuri/bika/index.html,
中央区,district_plan,3,騒音・振動特定施設,https://www.city.chuo.lg.jp/a0036/machizukuri/bika/kougai/souon.html,環境,https://www.city.chuo.lg.jp/machizukuri/bika/index.html,
中央区,district_plan,3,エコドライブを始めよう,https://www.city.chuo.lg.jp/a0036/machizukuri/bika/kougai/stop_idling.html,環境,https://www.city.chuo.lg.jp/machizukuri/bika/index.html,
中央区,district_plan,3,特定建設作業の届出,https://www.city.chuo.lg.jp/a0036/machizukuri/bika/kougai/tokuteikensetsu.html,環境,https://www.city.chuo.lg.jp/machizukuri/bika/index.html,
中央区,district_plan,3,中央区標準服等リユース事業「りゆぽ～と」,https://www.city.chuo.lg.jp/a0036/machizukuri/bika/reuse/hyojunfukutou.html,環境,https://www.city.chuo.lg.jp/machizukuri/bika/index.html,
中央区,district_plan,3,ヒアリについて,https://www.city.chuo.lg.jp/a0036/machizukuri/bika/seibutsu/hiari-dial.html,環境,https://www.city.chuo.lg.jp/machizukuri/bika/index.html,
中央区,district_plan,3,カラスによる被害について,https://www.city.chuo.lg.jp/a0036/machizukuri/bika/seibutsu/karasuhigai.html,環境,https://www.city.chuo.lg.jp/machizukuri/bika/index.html,
中央区,district_plan,3,ウミネコによる被害に注意,https://www.city.chuo.lg.jp/a0036/machizukuri/bika/seibutsu/kdkansu_umineko.html,環境,https://www.city.chuo.lg.jp/machizukuri/bika/index.html,
中央区,district_plan,3,中央区エコタウン構想の策定,https://www.city.chuo.lg.jp/a0036/machizukuri/bika/taisaku/ecotownkousou.html,環境,https://www.city.chuo.lg.jp/machizukuri/bika/index.html,
中央区,district_plan,3,「フロン類の使用の合理化及び管理の適正化に関する法律（フロン排出抑制法）」について,https://www.city.chuo.lg.jp/a0036/machizukuri/bika/taisaku/furon_20191129.html,環境,https://www.city.chuo.lg.jp/machizukuri/bika/index.html,
中央区,district_plan,3,東京都環境確保条例に基づく地球温暖化対策報告書の公表,https://www.city.chuo.lg.jp/a0036/machizukuri/bika/taisaku/ondankataisakuhokokusho.html,環境,https://www.city.chuo.lg.jp/machizukuri/bika/index.html,
中央区,district_plan,3,中央区役所温室効果ガス排出抑制実行計画,https://www.city.chuo.lg.jp/a0036/machizukuri/bika/taisaku/onshitukouka_gas_gikkoukeikaku.html,環境,https://www.city.chuo.lg.jp/machizukuri/bika/index.html,
中央区,district_plan,3,中央区と東京電力パワーグリッド株式会社銀座支社はゼロカーボンシティ実現に向けた共創推進に関する連携協定を締結しました,https://www.city.chuo.lg.jp/a0036/machizukuri/bika/taisaku/zero-carbon_kyotei.html,環境,https://www.city.chuo.lg.jp/machizukuri/bika/index.html,
中央区,district_plan,3,ページの先頭へ戻る,https://www.city.chuo.lg.jp/machizukuri/bika/chuonomori/index.html#tmp_header,中央区の森,https://www.city.chuo.lg.jp/machizukuri/bika/chuonomori/index.html,
中央区,district_plan,3,本文へスキップします。,https://www.city.chuo.lg.jp/machizukuri/bika/chuonomori/index.html#tmp_honbun,中央区の森,https://www.city.chuo.lg.jp/machizukuri/bika/chuonomori/index.html,
中央区,district_plan,3,ページの先頭へ戻る,https://www.city.chuo.lg.jp/machizukuri/bika/chuonomori/mori/index.html#tmp_header,中央区の森で見られる自然,https://www.city.chuo.lg.jp/machizukuri/bika/chuonomori/mori/index.html,
中央区,district_plan,3,本文へスキップします。,https://www.city.chuo.lg.jp/machizukuri/bika/chuonomori/mori/index.html#tmp_honbun,中央区の森で見られる自然,https://www.city.chuo.lg.jp/machizukuri/bika/chuonomori/mori/index.html,
中央区,district_plan,3,環境作品コンクール,https://www.city.chuo.lg.jp/machizukuri/bika/gakushuu/kankyousakuhin/index.html,環境,https://www.city.chuo.lg.jp/machizukuri/bika/index.html,
中央区,district_plan,3,ページの先頭へ戻る,https://www.city.chuo.lg.jp/machizukuri/bika/index.html#tmp_header,環境,https://www.city.chuo.lg.jp/machizukuri/bika/index.html,
中央区,district_plan,3,本文へスキップします。,https://www.city.chuo.lg.jp/machizukuri/bika/index.html#tmp_honbun,環境,https://www.city.chuo.lg.jp/machizukuri/bika/index.html,
中央区,district_plan,3,中央区環境行動計画推進委員会,https://www.city.chuo.lg.jp/machizukuri/bika/koudoukeikaku/suishiniinkai/index.html,環境,https://www.city.chuo.lg.jp/machizukuri/bika/index.html,
中央区,district_plan,3,土壌汚染調査,https://www.city.chuo.lg.jp/machizukuri/bika/kougai/dojouosen/index.html,環境,https://www.city.chuo.lg.jp/machizukuri/bika/index.html,
中央区,district_plan,3,自動車公害調査,https://www.city.chuo.lg.jp/machizukuri/bika/kougai/kougaichousa/index.html,環境,https://www.city.chuo.lg.jp/machizukuri/bika/index.html,
中央区,district_plan,3,水質汚染調査,https://www.city.chuo.lg.jp/machizukuri/bika/kougai/suishitsuosen/index.html,環境,https://www.city.chuo.lg.jp/machizukuri/bika/index.html,
中央区,district_plan,3,大気汚染調査,https://www.city.chuo.lg.jp/machizukuri/bika/kougai/taikiosen/index.html,環境,https://www.city.chuo.lg.jp/machizukuri/bika/index.html,
中央区,district_plan,3,中央エコアクト,https://www.city.chuo.lg.jp/machizukuri/bika/taisaku/eco/index.html,環境,https://www.city.chuo.lg.jp/machizukuri/bika/index.html,
中央区,district_plan,3,電気エコ（急速充電）スタンド,https://www.city.chuo.lg.jp/machizukuri/bika/taisaku/ecostand/index.html,環境,https://www.city.chuo.lg.jp/machizukuri/bika/index.html,
中央区,district_plan,3,中央区自然エネルギー・省エネルギー機器等導入助成,https://www.city.chuo.lg.jp/machizukuri/bika/taisaku/kikijosei/index.html,環境,https://www.city.chuo.lg.jp/machizukuri/bika/index.html,
中央区,district_plan,3,中央区環境マネジメントシステム,https://www.city.chuo.lg.jp/machizukuri/bika/taisaku/managementsystem/index.html,環境,https://www.city.chuo.lg.jp/machizukuri/bika/index.html,
中央区,district_plan,3,区施設の省エネルギー対策,https://www.city.chuo.lg.jp/machizukuri/bika/taisaku/shisetsu.html,環境,https://www.city.chuo.lg.jp/machizukuri/bika/index.html,
中央区,district_plan,3,ゼロカーボン機運醸成事業「Team Carbon Zero」,https://www.city.chuo.lg.jp/machizukuri/bika/taisaku/teamcarbonzero/index.html,環境,https://www.city.chuo.lg.jp/machizukuri/bika/index.html,
中央区,district_plan,3,ZEB・ZEH化の推進について,https://www.city.chuo.lg.jp/machizukuri/bika/taisaku/zeb/zebsuishin/index.html,環境,https://www.city.chuo.lg.jp/machizukuri/bika/index.html,
中央区,hazard,1,防災・安全,https://www.city.chuo.lg.jp/bousaianzen/index.html,公式トップ,https://www.city.chuo.lg.jp/,
中央区,hazard,2,各自治会、防災区民組織へのDVD貸し出しについて,https://www.city.chuo.lg.jp/a0010/dvdkasidasi.html,防災・安全,https://www.city.chuo.lg.jp/bousaianzen/index.html,
中央区,hazard,2,女性防災リーダー養成事業を開催します！,https://www.city.chuo.lg.jp/a0010/youseijigyou.html,防災・安全,https://www.city.chuo.lg.jp/bousaianzen/index.html,
中央区,hazard,2,防災対策,https://www.city.chuo.lg.jp/bousaianzen/bousai/bousaitaisaku/index.html,防災・安全,https://www.city.chuo.lg.jp/bousaianzen/index.html,
中央区,hazard,2,防災・災害対策,https://www.city.chuo.lg.jp/bousaianzen/bousai/index.html,防災・安全,https://www.city.chuo.lg.jp/bousaianzen/index.html,
中央区,road,2,河川敷地占用許可準則に基づく都市・地域再生等利用区域の指定,https://www.city.chuo.lg.jp/a0034/machizukuri/kasen/kasennsikitisennyoukyokajunnsoku.html,まちづくり・環境,https://www.city.chuo.lg.jp/machizukuri/index.html,
中央区,road,2,中央区水辺利用の活性化に関する方策,https://www.city.chuo.lg.jp/a0034/machizukuri/kasen/mizube.html,まちづくり・環境,https://www.city.chuo.lg.jp/machizukuri/index.html,
中央区,road,2,区で管理する船着場,https://www.city.chuo.lg.jp/a0035/machizukuri/kasen/kudekannrisurufunatukiba.html,まちづくり・環境,https://www.city.chuo.lg.jp/machizukuri/index.html,
中央区,road,2,河川一覧,https://www.city.chuo.lg.jp/a0037/machizukuri/kasen/kasenitiran.html,まちづくり・環境,https://www.city.chuo.lg.jp/machizukuri/index.html,
中央区,road,2,中央区水辺環境の活用構想,https://www.city.chuo.lg.jp/a0037/machizukuri/kasen/mizube.html,まちづくり・環境,https://www.city.chuo.lg.jp/machizukuri/index.html,
中央区,road,2,建築基準法の道路種別,https://www.city.chuo.lg.jp/a0043/machizukuri/kenchiku/user_kentiku_time_dourosyubetu.html,まちづくり・環境,https://www.city.chuo.lg.jp/machizukuri/index.html,
中央区,road,2,道路の管理,https://www.city.chuo.lg.jp/machizukuri/dourokyouryou/dourodaichou/index.html,まちづくり・環境,https://www.city.chuo.lg.jp/machizukuri/index.html,
中央区,road,2,道路の整備,https://www.city.chuo.lg.jp/machizukuri/dourokyouryou/dourojigyou/index.html,まちづくり・環境,https://www.city.chuo.lg.jp/machizukuri/index.html,
中央区,road,2,道路占用・承認工事,https://www.city.chuo.lg.jp/machizukuri/dourokyouryou/dourosenyou/index.html,まちづくり・環境,https://www.city.chuo.lg.jp/machizukuri/index.html,
中央区,road,2,道路・橋りょう,https://www.city.chuo.lg.jp/machizukuri/dourokyouryou/index.html,まちづくり・環境,https://www.city.chuo.lg.jp/machizukuri/index.html,
中央区,road,2,橋りょう,https://www.city.chuo.lg.jp/machizukuri/dourokyouryou/kyouryou/index.html,まちづくり・環境,https://www.city.chuo.lg.jp/machizukuri/index.html,
中央区,road,2,河川,https://www.city.chuo.lg.jp/machizukuri/kasen/index.html,まちづくり・環境,https://www.city.chuo.lg.jp/machizukuri/index.html,
中央区,road,3,道路上などの鳥類・動物死体の回収について,https://www.city.chuo.lg.jp/a0036/kankyo/202302torisitai.html,環境,https://www.city.chuo.lg.jp/machizukuri/bika/index.html,
中央区,road,3,工場・指定作業場関連,https://www.city.chuo.lg.jp/a0036/machizukuri/bika/kougai/koujyoshitei.html,環境,https://www.city.chuo.lg.jp/machizukuri/bika/index.html,
中野区,building_guidance,2,集合住宅を建築するときは（廃棄物保管場所等に関すること）,https://www.city.tokyo-nakano.lg.jp/kurashi/gomi/dashikata/syudanjyutaku.html,まちづくり,https://www.city.tokyo-nakano.lg.jp/machizukuri/index.html,
中野区,building_guidance,2,事業用建築物,https://www.city.tokyo-nakano.lg.jp/kurashi/gomi/syoten-jigyosyo/jigyoyokenchikubutsu.html,まちづくり,https://www.city.tokyo-nakano.lg.jp/machizukuri/index.html,
中野区,building_guidance,2,安全安心な建物づくり,https://www.city.tokyo-nakano.lg.jp/machizukuri/kenchiku/anzenanshin-tatemono.html,まちづくり,https://www.city.tokyo-nakano.lg.jp/machizukuri/index.html,
中野区,building_guidance,2,中野消防署と合同の繁華街査察を実施しました,https://www.city.tokyo-nakano.lg.jp/machizukuri/kenchiku/hannkagai-sasatu.html,まちづくり,https://www.city.tokyo-nakano.lg.jp/machizukuri/index.html,
中野区,building_guidance,2,違反建築防止週間の実施について,https://www.city.tokyo-nakano.lg.jp/machizukuri/kenchiku/ihankenchikuboushisyuukan.html,まちづくり,https://www.city.tokyo-nakano.lg.jp/machizukuri/index.html,
中野区,building_guidance,2,違反建築物に対する措置,https://www.city.tokyo-nakano.lg.jp/machizukuri/kenchiku/ihankenchikubutsu.html,まちづくり,https://www.city.tokyo-nakano.lg.jp/machizukuri/index.html,
中野区,building_guidance,2,建築,https://www.city.tokyo-nakano.lg.jp/machizukuri/kenchiku/index.html,まちづくり,https://www.city.tokyo-nakano.lg.jp/machizukuri/index.html,
中野区,building_guidance,2,狭あい道路の拡幅整備事業（2項道路等に面して建築するとき）,https://www.city.tokyo-nakano.lg.jp/machizukuri/kenchiku/kyoai.html,まちづくり,https://www.city.tokyo-nakano.lg.jp/machizukuri/index.html,
中野区,building_guidance,2,埋蔵文化財包蔵地の確認,https://www.city.tokyo-nakano.lg.jp/machizukuri/kenchiku/maizobunkazaihozochi.html,まちづくり,https://www.city.tokyo-nakano.lg.jp/machizukuri/index.html,
中野区,building_guidance,2,耐震・防災,https://www.city.tokyo-nakano.lg.jp/machizukuri/kenchiku/taishin/index.html,まちづくり,https://www.city.tokyo-nakano.lg.jp/machizukuri/index.html,
中野区,building_guidance,2,羽田空港に係る建築物等の高さの制限について（航空法規定）,https://www.city.tokyo-nakano.lg.jp/machizukuri/kenchiku/takasanoseigen.html,まちづくり,https://www.city.tokyo-nakano.lg.jp/machizukuri/index.html,
中野区,building_guidance,2,多人数の居住実態がありながら防火関係規定などの建築基準法違反の疑いのある建築物（違法貸しルーム）に関する情報の受付窓口について,https://www.city.tokyo-nakano.lg.jp/machizukuri/kenchiku/taninzunokyojyu.html,まちづくり,https://www.city.tokyo-nakano.lg.jp/machizukuri/index.html,
中野区,building_guidance,2,建築に関する手続き等,https://www.city.tokyo-nakano.lg.jp/machizukuri/kenchiku/tetsuzuki/index.html,まちづくり,https://www.city.tokyo-nakano.lg.jp/machizukuri/index.html,
中野区,building_guidance,2,住居表示,https://www.city.tokyo-nakano.lg.jp/machizukuri/kenchiku/tetsuzuki/meisyou/jyutaku-hyouji.html,まちづくり,https://www.city.tokyo-nakano.lg.jp/machizukuri/index.html,
中野区,building_guidance,2,雑居ビル等に関する安全対策,https://www.city.tokyo-nakano.lg.jp/machizukuri/kenchiku/zakkyobiru.html,まちづくり,https://www.city.tokyo-nakano.lg.jp/machizukuri/index.html,
中野区,building_guidance,2,建築費等一部助成について,https://www.city.tokyo-nakano.lg.jp/machizukuri/machizukuri/kenchikuhi-jyosei/index.html,まちづくり,https://www.city.tokyo-nakano.lg.jp/machizukuri/index.html,
中野区,building_guidance,2,老朽建築物の建替え等の不燃化特区補助制度,https://www.city.tokyo-nakano.lg.jp/machizukuri/machizukuri/rokyukenzobutsu/index.html,まちづくり,https://www.city.tokyo-nakano.lg.jp/machizukuri/index.html,
中野区,building_guidance,2,都市防災不燃化促進事業（不燃化促進区域内で耐火建築物を建築する方、建築物を除却する方へ）,https://www.city.tokyo-nakano.lg.jp/machizukuri/machizukuri/toshibosaifunenka.html,まちづくり,https://www.city.tokyo-nakano.lg.jp/machizukuri/index.html,
中野区,building_guidance,2,建築物の建築に関わる参考データ集,https://www.city.tokyo-nakano.lg.jp/machizukuri/toshi/0234499820240321140317259.html,まちづくり,https://www.city.tokyo-nakano.lg.jp/machizukuri/index.html,
中野区,building_guidance,2,建築物を建築する場合の都市計画法第54条の許可基準について,https://www.city.tokyo-nakano.lg.jp/machizukuri/toshi/toshikeikakuho54jyo.html,まちづくり,https://www.city.tokyo-nakano.lg.jp/machizukuri/index.html,
中野区,building_guidance,3,メニューを飛ばして本文へ,https://www.city.tokyo-nakano.lg.jp/machizukuri/machizukuri/kenchikuhi-jyosei/index.html#CONT,建築費等一部助成について,https://www.city.tokyo-nakano.lg.jp/machizukuri/machizukuri/kenchikuhi-jyosei/index.html,
中野区,building_guidance,3,,https://www.city.tokyo-nakano.lg.jp/machizukuri/machizukuri/kenchikuhi-jyosei/index.html#PTOP,建築費等一部助成について,https://www.city.tokyo-nakano.lg.jp/machizukuri/machizukuri/kenchikuhi-jyosei/index.html,
中野区,building_guidance,3,都心共同住宅供給事業・優良建築物等整備事業,https://www.city.tokyo-nakano.lg.jp/machizukuri/machizukuri/kenchikuhi-jyosei/kenchikuhi-jyosei.html,建築費等一部助成について,https://www.city.tokyo-nakano.lg.jp/machizukuri/machizukuri/kenchikuhi-jyosei/index.html,
中野区,building_guidance,3,木造密集地域整備促進事業,https://www.city.tokyo-nakano.lg.jp/machizukuri/machizukuri/kenchikuhi-jyosei/mokuzomissyuchiki.html,建築費等一部助成について,https://www.city.tokyo-nakano.lg.jp/machizukuri/machizukuri/kenchikuhi-jyosei/index.html,
中野区,building_guidance,3,老朽建築物の建替え等の不燃化特区補助制度,https://www.city.tokyo-nakano.lg.jp/machizukuri/machizukuri/rokyukenzobutsu/rokyukenzobutsu.html,大和町地域のまちづくり,https://www.city.tokyo-nakano.lg.jp/machizukuri/machizukuri/yamatocyo/index.html,
中野区,building_guidance,3,建築助成金額表（PDF形式：186KB）,https://www.city.tokyo-nakano.lg.jp/machizukuri/machizukuri/toshibosaifunenka.files/kentikukingaku.pdf,都市防災不燃化促進事業（不燃化促進区域内で耐火建築物を建築する方、建築物を除却する方へ）,https://www.city.tokyo-nakano.lg.jp/machizukuri/machizukuri/toshibosaifunenka.html,
中野区,building_guidance,3,中野区建築物不燃化促進助成に係る緑化基準（PDF形式：73KB）,https://www.city.tokyo-nakano.lg.jp/machizukuri/machizukuri/toshibosaifunenka.files/ryokuka.pdf,都市防災不燃化促進事業（不燃化促進区域内で耐火建築物を建築する方、建築物を除却する方へ）,https://www.city.tokyo-nakano.lg.jp/machizukuri/machizukuri/toshibosaifunenka.html,
中野区,building_guidance,3,古い建築物を除却する方への助成金,https://www.city.tokyo-nakano.lg.jp/machizukuri/machizukuri/toshibosaifunenka.html#jokyaku,都市防災不燃化促進事業（不燃化促進区域内で耐火建築物を建築する方、建築物を除却する方へ）,https://www.city.tokyo-nakano.lg.jp/machizukuri/machizukuri/toshibosaifunenka.html,
中野区,building_guidance,3,耐火建築物を建築する方への助成金,https://www.city.tokyo-nakano.lg.jp/machizukuri/machizukuri/toshibosaifunenka.html#kenchiku,都市防災不燃化促進事業（不燃化促進区域内で耐火建築物を建築する方、建築物を除却する方へ）,https://www.city.tokyo-nakano.lg.jp/machizukuri/machizukuri/toshibosaifunenka.html,
中野区,district_plan,1,まちづくり,https://www.city.tokyo-nakano.lg.jp/machizukuri/index.html,公式トップ,https://www.city.tokyo-nakano.lg.jp/,
中野区,district_plan,2,産業に関する計画,https://www.city.tokyo-nakano.lg.jp/jigyosha/sangyoshinko/sangyoukeikaku/index.html,まちづくり,https://www.city.tokyo-nakano.lg.jp/machizukuri/index.html,
中野区,district_plan,2,安心して歩ける安全な道路環境をつくりましょう,https://www.city.tokyo-nakano.lg.jp/machizukuri/douro/anshinshitearukeru.html,まちづくり,https://www.city.tokyo-nakano.lg.jp/machizukuri/index.html,
中野区,district_plan,2,公共の場所での「歩きたばこ」はやめましょう！　中野駅周辺は路上喫煙禁止地区です。,https://www.city.tokyo-nakano.lg.jp/machizukuri/douro/arukitabako.html,まちづくり,https://www.city.tokyo-nakano.lg.jp/machizukuri/index.html,
中野区,district_plan,2,道路法第37条に基づく電柱等の新設禁止について,https://www.city.tokyo-nakano.lg.jp/machizukuri/douro/dai37.html,まちづくり,https://www.city.tokyo-nakano.lg.jp/machizukuri/index.html,
中野区,district_plan,2,道路の愛称,https://www.city.tokyo-nakano.lg.jp/machizukuri/douro/doro-aisyo.html,まちづくり,https://www.city.tokyo-nakano.lg.jp/machizukuri/index.html,
中野区,district_plan,2,公共基準点について,https://www.city.tokyo-nakano.lg.jp/machizukuri/douro/doro18.html,まちづくり,https://www.city.tokyo-nakano.lg.jp/machizukuri/index.html,
中野区,district_plan,2,道路管理課・道路建設課窓口案内,https://www.city.tokyo-nakano.lg.jp/machizukuri/douro/dorokamadoguchi.html,まちづくり,https://www.city.tokyo-nakano.lg.jp/machizukuri/index.html,
中野区,district_plan,2,補修・修繕・工事,https://www.city.tokyo-nakano.lg.jp/machizukuri/douro/hosyu/index.html,まちづくり,https://www.city.tokyo-nakano.lg.jp/machizukuri/index.html,
中野区,district_plan,2,道路・河川,https://www.city.tokyo-nakano.lg.jp/machizukuri/douro/index.html,まちづくり,https://www.city.tokyo-nakano.lg.jp/machizukuri/index.html,
中野区,district_plan,2,河川,https://www.city.tokyo-nakano.lg.jp/machizukuri/douro/kasen/index.html,まちづくり,https://www.city.tokyo-nakano.lg.jp/machizukuri/index.html,
中野区,district_plan,2,中野駅北口東西連絡路下喫煙所の一時利用停止のお知らせ,https://www.city.tokyo-nakano.lg.jp/machizukuri/douro/kitsuenjo-kouji.html,まちづくり,https://www.city.tokyo-nakano.lg.jp/machizukuri/index.html,
中野区,district_plan,2,中野駅周辺の喫煙所について,https://www.city.tokyo-nakano.lg.jp/machizukuri/douro/kitsuenjyo.html,まちづくり,https://www.city.tokyo-nakano.lg.jp/machizukuri/index.html,
中野区,district_plan,2,道路の愛称名は、『中野四季の森通り』に決定しました！,https://www.city.tokyo-nakano.lg.jp/machizukuri/douro/kudouaisyou.html,まちづくり,https://www.city.tokyo-nakano.lg.jp/machizukuri/index.html,
中野区,district_plan,2,道路管理課・道路建設課の窓口混雑予想について,https://www.city.tokyo-nakano.lg.jp/machizukuri/douro/madoguchikonzatsu.html,まちづくり,https://www.city.tokyo-nakano.lg.jp/machizukuri/index.html,
中野区,district_plan,2,相談・お問い合わせ,https://www.city.tokyo-nakano.lg.jp/machizukuri/douro/otoiawase/index.html,まちづくり,https://www.city.tokyo-nakano.lg.jp/machizukuri/index.html,
中野区,district_plan,2,申請,https://www.city.tokyo-nakano.lg.jp/machizukuri/douro/shinsei/index.html,まちづくり,https://www.city.tokyo-nakano.lg.jp/machizukuri/index.html,
中野区,district_plan,2,点検結果,https://www.city.tokyo-nakano.lg.jp/machizukuri/douro/tenkenkekka/index.html,まちづくり,https://www.city.tokyo-nakano.lg.jp/machizukuri/index.html,
中野区,district_plan,2,メニューを飛ばして本文へ,https://www.city.tokyo-nakano.lg.jp/machizukuri/index.html#CONT,まちづくり,https://www.city.tokyo-nakano.lg.jp/machizukuri/index.html,
中野区,district_plan,2,,https://www.city.tokyo-nakano.lg.jp/machizukuri/index.html#PTOP,まちづくり,https://www.city.tokyo-nakano.lg.jp/machizukuri/index.html,
中野区,district_plan,2,空き家,https://www.city.tokyo-nakano.lg.jp/machizukuri/jyutaku/akiya/index.html,まちづくり,https://www.city.tokyo-nakano.lg.jp/machizukuri/index.html,
中野区,district_plan,2,住宅,https://www.city.tokyo-nakano.lg.jp/machizukuri/jyutaku/index.html,まちづくり,https://www.city.tokyo-nakano.lg.jp/machizukuri/index.html,
中野区,district_plan,2,住宅相談,https://www.city.tokyo-nakano.lg.jp/machizukuri/jyutaku/jyutakusoudan/index.html,まちづくり,https://www.city.tokyo-nakano.lg.jp/machizukuri/index.html,
中野区,district_plan,2,住宅の計画・制度,https://www.city.tokyo-nakano.lg.jp/machizukuri/jyutaku/keikakuseido/index.html,まちづくり,https://www.city.tokyo-nakano.lg.jp/machizukuri/index.html,
中野区,district_plan,2,公的賃貸住宅入居のご案内,https://www.city.tokyo-nakano.lg.jp/machizukuri/jyutaku/kotekichintai/index.html,まちづくり,https://www.city.tokyo-nakano.lg.jp/machizukuri/index.html,
中野区,district_plan,2,民間賃貸住宅,https://www.city.tokyo-nakano.lg.jp/machizukuri/jyutaku/minkan/index.html,まちづくり,https://www.city.tokyo-nakano.lg.jp/machizukuri/index.html,
中野区,district_plan,2,すまいのリフォーム,https://www.city.tokyo-nakano.lg.jp/machizukuri/jyutaku/renovation/index.html,まちづくり,https://www.city.tokyo-nakano.lg.jp/machizukuri/index.html,
中野区,district_plan,2,セーフティネット住宅,https://www.city.tokyo-nakano.lg.jp/machizukuri/jyutaku/saftynet/index.html,まちづくり,https://www.city.tokyo-nakano.lg.jp/machizukuri/index.html,
中野区,district_plan,2,住宅すまいの支援,https://www.city.tokyo-nakano.lg.jp/machizukuri/jyutaku/shien/index.html,まちづくり,https://www.city.tokyo-nakano.lg.jp/machizukuri/index.html,
中野区,district_plan,2,すまいのしおり,https://www.city.tokyo-nakano.lg.jp/machizukuri/jyutaku/shiori/index.html,まちづくり,https://www.city.tokyo-nakano.lg.jp/machizukuri/index.html,
中野区,district_plan,2,区以外の住宅関連情報,https://www.city.tokyo-nakano.lg.jp/machizukuri/jyutaku/sonota-kanrenjyoho.html,まちづくり,https://www.city.tokyo-nakano.lg.jp/machizukuri/index.html,
中野区,district_plan,2,民間賃貸住宅で家賃の値上げが通知されたときは？,https://www.city.tokyo-nakano.lg.jp/machizukuri/jyutaku/yachin-neage.html,まちづくり,https://www.city.tokyo-nakano.lg.jp/machizukuri/index.html,
中野区,district_plan,2,安全安心な建物づくり,https://www.city.tokyo-nakano.lg.jp/machizukuri/kenchiku/anzenanshin-tatemono.html,まちづくり,https://www.city.tokyo-nakano.lg.jp/machizukuri/index.html,
中野区,district_plan,2,中野消防署と合同の繁華街査察を実施しました,https://www.city.tokyo-nakano.lg.jp/machizukuri/kenchiku/hannkagai-sasatu.html,まちづくり,https://www.city.tokyo-nakano.lg.jp/machizukuri/index.html,
中野区,district_plan,2,違反建築防止週間の実施について,https://www.city.tokyo-nakano.lg.jp/machizukuri/kenchiku/ihankenchikuboushisyuukan.html,まちづくり,https://www.city.tokyo-nakano.lg.jp/machizukuri/index.html,
中野区,district_plan,2,違反建築物に対する措置,https://www.city.tokyo-nakano.lg.jp/machizukuri/kenchiku/ihankenchikubutsu.html,まちづくり,https://www.city.tokyo-nakano.lg.jp/machizukuri/index.html,
中野区,district_plan,2,建築,https://www.city.tokyo-nakano.lg.jp/machizukuri/kenchiku/index.html,まちづくり,https://www.city.tokyo-nakano.lg.jp/machizukuri/index.html,
中野区,district_plan,2,狭あい道路の拡幅整備事業（2項道路等に面して建築するとき）,https://www.city.tokyo-nakano.lg.jp/machizukuri/kenchiku/kyoai.html,まちづくり,https://www.city.tokyo-nakano.lg.jp/machizukuri/index.html,
中野区,district_plan,2,埋蔵文化財包蔵地の確認,https://www.city.tokyo-nakano.lg.jp/machizukuri/kenchiku/maizobunkazaihozochi.html,まちづくり,https://www.city.tokyo-nakano.lg.jp/machizukuri/index.html,
中野区,district_plan,2,耐震・防災,https://www.city.tokyo-nakano.lg.jp/machizukuri/kenchiku/taishin/index.html,まちづくり,https://www.city.tokyo-nakano.lg.jp/machizukuri/index.html,
中野区,district_plan,2,羽田空港に係る建築物等の高さの制限について（航空法規定）,https://www.city.tokyo-nakano.lg.jp/machizukuri/kenchiku/takasanoseigen.html,まちづくり,https://www.city.tokyo-nakano.lg.jp/machizukuri/index.html,
中野区,district_plan,2,多人数の居住実態がありながら防火関係規定などの建築基準法違反の疑いのある建築物（違法貸しルーム）に関する情報の受付窓口について,https://www.city.tokyo-nakano.lg.jp/machizukuri/kenchiku/taninzunokyojyu.html,まちづくり,https://www.city.tokyo-nakano.lg.jp/machizukuri/index.html,
中野区,district_plan,2,建築に関する手続き等,https://www.city.tokyo-nakano.lg.jp/machizukuri/kenchiku/tetsuzuki/index.html,まちづくり,https://www.city.tokyo-nakano.lg.jp/machizukuri/index.html,
中野区,district_plan,2,住居表示,https://www.city.tokyo-nakano.lg.jp/machizukuri/kenchiku/tetsuzuki/meisyou/jyutaku-hyouji.html,まちづくり,https://www.city.tokyo-nakano.lg.jp/machizukuri/index.html,
中野区,district_plan,2,雑居ビル等に関する安全対策,https://www.city.tokyo-nakano.lg.jp/machizukuri/kenchiku/zakkyobiru.html,まちづくり,https://www.city.tokyo-nakano.lg.jp/machizukuri/index.html,
中野区,district_plan,2,公園遊具の安全確保,https://www.city.tokyo-nakano.lg.jp/machizukuri/kouen/anzenkakuho/index.html,まちづくり,https://www.city.tokyo-nakano.lg.jp/machizukuri/index.html,
中野区,district_plan,2,公園,https://www.city.tokyo-nakano.lg.jp/machizukuri/kouen/index.html,まちづくり,https://www.city.tokyo-nakano.lg.jp/machizukuri/index.html,
中野区,district_plan,2,樹木,https://www.city.tokyo-nakano.lg.jp/machizukuri/kouen/jyumoku/index.html,まちづくり,https://www.city.tokyo-nakano.lg.jp/machizukuri/index.html,
中野区,district_plan,2,公園案内・一覧,https://www.city.tokyo-nakano.lg.jp/machizukuri/kouen/kouenannai/index.html,まちづくり,https://www.city.tokyo-nakano.lg.jp/machizukuri/index.html,
中野区,district_plan,2,公園の整備・計画,https://www.city.tokyo-nakano.lg.jp/machizukuri/kouen/kouenseibi/index.html,まちづくり,https://www.city.tokyo-nakano.lg.jp/machizukuri/index.html,
中野区,district_plan,2,公園の利用・使用,https://www.city.tokyo-nakano.lg.jp/machizukuri/kouen/kouensiyou/index.html,まちづくり,https://www.city.tokyo-nakano.lg.jp/machizukuri/index.html,
中野区,district_plan,2,手続き,https://www.city.tokyo-nakano.lg.jp/machizukuri/kouen/tetuduki/index.html,まちづくり,https://www.city.tokyo-nakano.lg.jp/machizukuri/index.html,
中野区,district_plan,2,交通,https://www.city.tokyo-nakano.lg.jp/machizukuri/koutsu/index.html,まちづくり,https://www.city.tokyo-nakano.lg.jp/machizukuri/index.html,
中野区,district_plan,2,自動車・バイク,https://www.city.tokyo-nakano.lg.jp/machizukuri/koutsu/jidousyabike/index.html,まちづくり,https://www.city.tokyo-nakano.lg.jp/machizukuri/index.html,
中野区,district_plan,2,自転車,https://www.city.tokyo-nakano.lg.jp/machizukuri/koutsu/jitensya/index.html,まちづくり,https://www.city.tokyo-nakano.lg.jp/machizukuri/index.html,
中野区,district_plan,2,関連計画,https://www.city.tokyo-nakano.lg.jp/machizukuri/koutsu/keikaku/index.html,まちづくり,https://www.city.tokyo-nakano.lg.jp/machizukuri/index.html,
中野区,district_plan,2,地域公共交通,https://www.city.tokyo-nakano.lg.jp/machizukuri/koutsu/tiikikoukyou/index.html,まちづくり,https://www.city.tokyo-nakano.lg.jp/machizukuri/index.html,
中野区,district_plan,2,地区計画によるまちづくり,https://www.city.tokyo-nakano.lg.jp/machizukuri/machizukuri/chikukeikaku/index.html,まちづくり,https://www.city.tokyo-nakano.lg.jp/machizukuri/index.html,
中野区,district_plan,2,東中野駅東口周辺まちづくり,https://www.city.tokyo-nakano.lg.jp/machizukuri/machizukuri/higashinakanoeki.html,まちづくり,https://www.city.tokyo-nakano.lg.jp/machizukuri/index.html,
中野区,district_plan,2,まちづくり,https://www.city.tokyo-nakano.lg.jp/machizukuri/machizukuri/index.html,まちづくり,https://www.city.tokyo-nakano.lg.jp/machizukuri/index.html,
中野区,district_plan,2,建築費等一部助成について,https://www.city.tokyo-nakano.lg.jp/machizukuri/machizukuri/kenchikuhi-jyosei/index.html,まちづくり,https://www.city.tokyo-nakano.lg.jp/machizukuri/index.html,
中野区,district_plan,2,中野区地区まちづくり条例,https://www.city.tokyo-nakano.lg.jp/machizukuri/machizukuri/machidukurijyorei/index.html,まちづくり,https://www.city.tokyo-nakano.lg.jp/machizukuri/index.html,
中野区,district_plan,2,木造住宅密集地域等における防災まちづくりの取り組みについて,https://www.city.tokyo-nakano.lg.jp/machizukuri/machizukuri/mokuzojutakumisshuchi.html,まちづくり,https://www.city.tokyo-nakano.lg.jp/machizukuri/index.html,
中野区,district_plan,2,中野駅周辺まちづくり,https://www.city.tokyo-nakano.lg.jp/machizukuri/machizukuri/nakanoekisyuhen/index.html,まちづくり,https://www.city.tokyo-nakano.lg.jp/machizukuri/index.html,
中野区,district_plan,2,中野駅ホームドア供用開始日について,https://www.city.tokyo-nakano.lg.jp/machizukuri/machizukuri/nakanoekisyuhen/oshirase/hoomudoaosirase.html,まちづくり,https://www.city.tokyo-nakano.lg.jp/machizukuri/index.html,
中野区,district_plan,2,中野駅新北口駅前ペデストリアンデッキ架設工事に伴う夜間通行止めのお知らせ,https://www.city.tokyo-nakano.lg.jp/machizukuri/machizukuri/nakanoekisyuhen/oshirase/yakantuukoudome.html,まちづくり,https://www.city.tokyo-nakano.lg.jp/machizukuri/index.html,
中野区,district_plan,2,南部・中部・北部地域のまちづくり,https://www.city.tokyo-nakano.lg.jp/machizukuri/machizukuri/nanbu-cyubu-hokubu/index.html,まちづくり,https://www.city.tokyo-nakano.lg.jp/machizukuri/index.html,
中野区,district_plan,2,まちづくりに関するお知らせ,https://www.city.tokyo-nakano.lg.jp/machizukuri/machizukuri/oshirase/index.html,まちづくり,https://www.city.tokyo-nakano.lg.jp/machizukuri/index.html,
中野区,district_plan,2,老朽建築物の建替え等の不燃化特区補助制度,https://www.city.tokyo-nakano.lg.jp/machizukuri/machizukuri/rokyukenzobutsu/index.html,まちづくり,https://www.city.tokyo-nakano.lg.jp/machizukuri/index.html,
中野区,district_plan,2,上高田一・二丁目及び三丁目周辺地区防災まちづくり,https://www.city.tokyo-nakano.lg.jp/machizukuri/machizukuri/seibushinjyukusen/araiyakushichiku/kamitakadabousai.html,まちづくり,https://www.city.tokyo-nakano.lg.jp/machizukuri/index.html,
中野区,district_plan,2,西武新宿線沿線まちづくり,https://www.city.tokyo-nakano.lg.jp/machizukuri/machizukuri/seibushinjyukusen/index.html,まちづくり,https://www.city.tokyo-nakano.lg.jp/machizukuri/index.html,
中野区,district_plan,2,届出・手続き,https://www.city.tokyo-nakano.lg.jp/machizukuri/machizukuri/todokede/index.html,まちづくり,https://www.city.tokyo-nakano.lg.jp/machizukuri/index.html,
中野区,district_plan,2,都市防災不燃化促進事業（不燃化促進区域内で耐火建築物を建築する方、建築物を除却する方へ）,https://www.city.tokyo-nakano.lg.jp/machizukuri/machizukuri/toshibosaifunenka.html,まちづくり,https://www.city.tokyo-nakano.lg.jp/machizukuri/index.html,
中野区,district_plan,2,若宮地区の防災まちづくり,https://www.city.tokyo-nakano.lg.jp/machizukuri/machizukuri/wakamiya-bosai.html,まちづくり,https://www.city.tokyo-nakano.lg.jp/machizukuri/index.html,
中野区,district_plan,2,大和町地域のまちづくり,https://www.city.tokyo-nakano.lg.jp/machizukuri/machizukuri/yamatocyo/index.html,まちづくり,https://www.city.tokyo-nakano.lg.jp/machizukuri/index.html,
中野区,district_plan,2,弥生町地域のまちづくり,https://www.city.tokyo-nakano.lg.jp/machizukuri/machizukuri/yayoicyo/index.html,まちづくり,https://www.city.tokyo-nakano.lg.jp/machizukuri/index.html,
中野区,district_plan,2,米国の相互関税等の影響を受ける中小企業の経営等に関する特別相談窓口について,https://www.city.tokyo-nakano.lg.jp/machizukuri/sangyoshinko/beikokukanzei.html,まちづくり,https://www.city.tokyo-nakano.lg.jp/machizukuri/index.html,
中野区,district_plan,2,産業振興,https://www.city.tokyo-nakano.lg.jp/machizukuri/sangyoshinko/index.html,まちづくり,https://www.city.tokyo-nakano.lg.jp/machizukuri/index.html,
中野区,district_plan,2,盛土規制法に基づく規制,https://www.city.tokyo-nakano.lg.jp/machizukuri/toshi/0234499820231018091334101.html,まちづくり,https://www.city.tokyo-nakano.lg.jp/machizukuri/index.html,
中野区,district_plan,2,建築物の建築に関わる参考データ集,https://www.city.tokyo-nakano.lg.jp/machizukuri/toshi/0234499820240321140317259.html,まちづくり,https://www.city.tokyo-nakano.lg.jp/machizukuri/index.html,
中野区,district_plan,2,歩きたくなるまちづくり,https://www.city.tokyo-nakano.lg.jp/machizukuri/toshi/arukitakunarumatidukuri.html,まちづくり,https://www.city.tokyo-nakano.lg.jp/machizukuri/index.html,
中野区,district_plan,2,バリアフリー基本構想,https://www.city.tokyo-nakano.lg.jp/machizukuri/toshi/barrierfreekisokoso/index.html,まちづくり,https://www.city.tokyo-nakano.lg.jp/machizukuri/index.html,
中野区,district_plan,2,中野区ベンチ等設置補助について,https://www.city.tokyo-nakano.lg.jp/machizukuri/toshi/bentisettihozyo.html,まちづくり,https://www.city.tokyo-nakano.lg.jp/machizukuri/index.html,
中野区,district_plan,2,都市計画,https://www.city.tokyo-nakano.lg.jp/machizukuri/toshi/index.html,まちづくり,https://www.city.tokyo-nakano.lg.jp/machizukuri/index.html,
中野区,district_plan,2,都市計画、都市再開発、土地区画整理などに係る図書の公告、縦覧の一覧,https://www.city.tokyo-nakano.lg.jp/machizukuri/toshi/jyuranichiran/index.html,まちづくり,https://www.city.tokyo-nakano.lg.jp/machizukuri/index.html,
中野区,district_plan,2,開発許可制度（都市計画法第29条関係）,https://www.city.tokyo-nakano.lg.jp/machizukuri/toshi/kaihatsukyoka.html,まちづくり,https://www.city.tokyo-nakano.lg.jp/machizukuri/index.html,
中野区,district_plan,2,高度地区および最低限高度地区7mについて,https://www.city.tokyo-nakano.lg.jp/machizukuri/toshi/kodochiku.html,まちづくり,https://www.city.tokyo-nakano.lg.jp/machizukuri/index.html,
中野区,district_plan,2,中野区景観方針,https://www.city.tokyo-nakano.lg.jp/machizukuri/toshi/nakanokukeikanhoshin/index.html,まちづくり,https://www.city.tokyo-nakano.lg.jp/machizukuri/index.html,
中野区,district_plan,2,土地の取引と標準価格に関すること,https://www.city.tokyo-nakano.lg.jp/machizukuri/toshi/tochi-torihiki/index.html,まちづくり,https://www.city.tokyo-nakano.lg.jp/machizukuri/index.html,
中野区,district_plan,2,都市計画制度,https://www.city.tokyo-nakano.lg.jp/machizukuri/toshi/toshikeikaku/index.html,まちづくり,https://www.city.tokyo-nakano.lg.jp/machizukuri/index.html,
中野区,district_plan,2,建築物を建築する場合の都市計画法第54条の許可基準について,https://www.city.tokyo-nakano.lg.jp/machizukuri/toshi/toshikeikakuho54jyo.html,まちづくり,https://www.city.tokyo-nakano.lg.jp/machizukuri/index.html,
中野区,district_plan,2,用途地域,https://www.city.tokyo-nakano.lg.jp/machizukuri/toshi/youtochiki/index.html,まちづくり,https://www.city.tokyo-nakano.lg.jp/machizukuri/index.html,
中野区,district_plan,3,まちづくり推進部　まちづくり事業課,https://www.city.tokyo-nakano.lg.jp/ku-soshiki/maxhizukurisuishinbu/maxhizukurijigyoka.html,上高田一・二丁目及び三丁目周辺地区防災まちづくり,https://www.city.tokyo-nakano.lg.jp/machizukuri/machizukuri/seibushinjyukusen/araiyakushichiku/kamitakadabousai.html,
中野区,district_plan,3,まちづくり推進部　まちづくり計画課,https://www.city.tokyo-nakano.lg.jp/ku-soshiki/maxhizukurisuishinbu/maxhizukurikeikakuka.html,東中野駅東口周辺まちづくり,https://www.city.tokyo-nakano.lg.jp/machizukuri/machizukuri/higashinakanoeki.html,
中野区,district_plan,3,まちづくり推進部　中野駅周辺まちづくり課,https://www.city.tokyo-nakano.lg.jp/ku-soshiki/maxhizukurisuishinbu/nakanoekisyuhen.html,中野駅ホームドア供用開始日について,https://www.city.tokyo-nakano.lg.jp/machizukuri/machizukuri/nakanoekisyuhen/oshirase/hoomudoaosirase.html,
中野区,district_plan,3,防災街区整備地区計画の区域内における行為の変更届け出書,https://www.city.tokyo-nakano.lg.jp/kurashi/denshishinsei/machidukuri/machidukuri/bosaigaiku-henko.html,まちづくり,https://www.city.tokyo-nakano.lg.jp/machizukuri/machizukuri/index.html,
中野区,district_plan,3,防災街区整備地区計画の区域内における行為の届け出書,https://www.city.tokyo-nakano.lg.jp/kurashi/denshishinsei/machidukuri/machidukuri/bosaigaiku.html,まちづくり,https://www.city.tokyo-nakano.lg.jp/machizukuri/machizukuri/index.html,
中野区,district_plan,3,地区計画の区域内における行為の届け出書,https://www.city.tokyo-nakano.lg.jp/kurashi/denshishinsei/machidukuri/machidukuri/chikukeikaku.html,地区計画によるまちづくり,https://www.city.tokyo-nakano.lg.jp/machizukuri/machizukuri/chikukeikaku/index.html,
中野区,district_plan,3,まちづくり,https://www.city.tokyo-nakano.lg.jp/kurashi/denshishinsei/machidukuri/machidukuri/index.html,まちづくり,https://www.city.tokyo-nakano.lg.jp/machizukuri/machizukuri/index.html,
中野区,district_plan,3,中野区公園再整備計画の策定について,https://www.city.tokyo-nakano.lg.jp/kusei/kousou/bunyabetsu/kouen/koensaiseibikeikaku.html,東中野駅東口周辺まちづくり,https://www.city.tokyo-nakano.lg.jp/machizukuri/machizukuri/higashinakanoeki.html,
中野区,district_plan,3,まちづくり・都市計画,https://www.city.tokyo-nakano.lg.jp/kusei/kousou/bunyabetsu/machizukuri/index.html,上高田一・二丁目及び三丁目周辺地区防災まちづくり,https://www.city.tokyo-nakano.lg.jp/machizukuri/machizukuri/seibushinjyukusen/araiyakushichiku/kamitakadabousai.html,
中野区,district_plan,3,中野駅周辺まちづくり課によく寄せられるご質問について、QA形式で回答をまとめました,https://www.city.tokyo-nakano.lg.jp/kusei/kousou/bunyabetsu/machizukuri/nakanoeki/gaiyo/ekishuQA.html,中野駅周辺まちづくり,https://www.city.tokyo-nakano.lg.jp/machizukuri/machizukuri/nakanoekisyuhen/index.html,
中野区,district_plan,3,,https://www.city.tokyo-nakano.lg.jp/kusei/kousou/bunyabetsu/machizukuri/nakanoeki/gaiyo/nakanoekisyuhen.html,中野駅周辺まちづくり,https://www.city.tokyo-nakano.lg.jp/machizukuri/machizukuri/nakanoekisyuhen/index.html,
中野区,district_plan,3,,https://www.city.tokyo-nakano.lg.jp/kusei/kousou/bunyabetsu/machizukuri/nakanoeki/gaiyo/nanbokutsuro.html,中野駅周辺まちづくり,https://www.city.tokyo-nakano.lg.jp/machizukuri/machizukuri/nakanoekisyuhen/index.html,
中野区,district_plan,3,中野駅周辺におけるスマートな環境・防災都市づくり戦略について,https://www.city.tokyo-nakano.lg.jp/kusei/kousou/bunyabetsu/machizukuri/nakanoeki/gaiyo/smart.html,上高田一・二丁目及び三丁目周辺地区防災まちづくり,https://www.city.tokyo-nakano.lg.jp/machizukuri/machizukuri/seibushinjyukusen/araiyakushichiku/kamitakadabousai.html,
中野区,district_plan,3,中野二丁目地区,https://www.city.tokyo-nakano.lg.jp/kusei/kousou/bunyabetsu/machizukuri/nakanoeki/nakano2/index.html,地区計画によるまちづくり,https://www.city.tokyo-nakano.lg.jp/machizukuri/machizukuri/chikukeikaku/index.html,
中野区,district_plan,3,中野三丁目地区,https://www.city.tokyo-nakano.lg.jp/kusei/kousou/bunyabetsu/machizukuri/nakanoeki/nakano3/index.html,地区計画によるまちづくり,https://www.city.tokyo-nakano.lg.jp/machizukuri/machizukuri/chikukeikaku/index.html,
中野区,district_plan,3,中野五丁目地区,https://www.city.tokyo-nakano.lg.jp/kusei/kousou/bunyabetsu/machizukuri/nakanoeki/nakano5/index.html,地区計画によるまちづくり,https://www.city.tokyo-nakano.lg.jp/machizukuri/machizukuri/chikukeikaku/index.html,
中野区,district_plan,3,西武新宿線沿線,https://www.city.tokyo-nakano.lg.jp/kusei/kousou/bunyabetsu/machizukuri/seibushinjuku/index.html,西武新宿線沿線まちづくり,https://www.city.tokyo-nakano.lg.jp/machizukuri/machizukuri/seibushinjyukusen/index.html,
中野区,district_plan,3,西武新宿線沿線まちづくり推進プラン(新井薬師前駅周辺地区編・沼袋駅周辺地区編)を策定しました,https://www.city.tokyo-nakano.lg.jp/kusei/kousou/bunyabetsu/machizukuri/seibushinjuku/seibushinjyukusen1.html,西武新宿線沿線まちづくり,https://www.city.tokyo-nakano.lg.jp/machizukuri/machizukuri/seibushinjyukusen/index.html,
中野区,district_plan,3,中野区都市計画マスタープラン,https://www.city.tokyo-nakano.lg.jp/kusei/kousou/bunyabetsu/machizukuri/toshimasterplan.html,都市防災不燃化促進事業（不燃化促進区域内で耐火建築物を建築する方、建築物を除却する方へ）,https://www.city.tokyo-nakano.lg.jp/machizukuri/machizukuri/toshibosaifunenka.html,
中野区,district_plan,3,大和町防災まちづくり計画,https://www.city.tokyo-nakano.lg.jp/kusei/kousou/bunyabetsu/machizukuri/yamatochoubosai.html,大和町地域のまちづくり,https://www.city.tokyo-nakano.lg.jp/machizukuri/machizukuri/yamatocyo/index.html,
中野区,district_plan,3,UR都市機構との大和町地区における防災まちづくりの推進に関する基本協定を締結しました,https://www.city.tokyo-nakano.lg.jp/kusei/kousou/seido/daigakuminkanrenkei/urtoshikiko-yamato.html,大和町地域のまちづくり,https://www.city.tokyo-nakano.lg.jp/machizukuri/machizukuri/yamatocyo/index.html,
中野区,district_plan,3,中野区の市街地再開発事業各地区の紹介,https://www.city.tokyo-nakano.lg.jp/kusei/kousou/seido/toshikeikaku/shigaichisaikaihatsu/kakuchiku-syokai.html,まちづくり,https://www.city.tokyo-nakano.lg.jp/machizukuri/machizukuri/index.html,
中野区,district_plan,3,メニューを飛ばして本文へ,https://www.city.tokyo-nakano.lg.jp/machizukuri/douro/kitsuenjo-kouji.html#CONT,中野駅北口東西連絡路下喫煙所の一時利用停止のお知らせ,https://www.city.tokyo-nakano.lg.jp/machizukuri/douro/kitsuenjo-kouji.html,
中野区,district_plan,3,,https://www.city.tokyo-nakano.lg.jp/machizukuri/douro/kitsuenjo-kouji.html#PTOP,中野駅北口東西連絡路下喫煙所の一時利用停止のお知らせ,https://www.city.tokyo-nakano.lg.jp/machizukuri/douro/kitsuenjo-kouji.html,
中野区,district_plan,3,地区計画によるまちづくり,https://www.city.tokyo-nakano.lg.jp/machizukuri/machizukuri/chikukeikaku/chikukeikaku.html,都市防災不燃化促進事業（不燃化促進区域内で耐火建築物を建築する方、建築物を除却する方へ）,https://www.city.tokyo-nakano.lg.jp/machizukuri/machizukuri/toshibosaifunenka.html,
中野区,district_plan,3,地区施設道路（拡幅予定道路）部分を所有されている方へ,https://www.city.tokyo-nakano.lg.jp/machizukuri/machizukuri/chikukeikaku/chikushisetsudoro/index.html,地区計画によるまちづくり,https://www.city.tokyo-nakano.lg.jp/machizukuri/machizukuri/chikukeikaku/index.html,
中野区,district_plan,3,平和の森公園周辺地区地区計画,https://www.city.tokyo-nakano.lg.jp/machizukuri/machizukuri/chikukeikaku/heiwanomorikoen1.html,地区計画によるまちづくり,https://www.city.tokyo-nakano.lg.jp/machizukuri/machizukuri/chikukeikaku/index.html,
中野区,district_plan,3,メニューを飛ばして本文へ,https://www.city.tokyo-nakano.lg.jp/machizukuri/machizukuri/chikukeikaku/index.html#CONT,地区計画によるまちづくり,https://www.city.tokyo-nakano.lg.jp/machizukuri/machizukuri/chikukeikaku/index.html,
中野区,district_plan,3,,https://www.city.tokyo-nakano.lg.jp/machizukuri/machizukuri/chikukeikaku/index.html#PTOP,地区計画によるまちづくり,https://www.city.tokyo-nakano.lg.jp/machizukuri/machizukuri/chikukeikaku/index.html,
中野区,district_plan,3,上高田四丁目17番～19番地区地区計画及び関連都市計画の決定について,https://www.city.tokyo-nakano.lg.jp/machizukuri/machizukuri/chikukeikaku/kamitakada-keikaku.html,地区計画によるまちづくり,https://www.city.tokyo-nakano.lg.jp/machizukuri/machizukuri/chikukeikaku/index.html,
中野区,district_plan,3,南台一・二丁目地区防災街区整備地区計画,https://www.city.tokyo-nakano.lg.jp/machizukuri/machizukuri/chikukeikaku/minamidai1-2.html,地区計画によるまちづくり,https://www.city.tokyo-nakano.lg.jp/machizukuri/machizukuri/chikukeikaku/index.html,
中野区,district_plan,3,南台四丁目地区地区計画,https://www.city.tokyo-nakano.lg.jp/machizukuri/machizukuri/chikukeikaku/minamidai4.html,地区計画によるまちづくり,https://www.city.tokyo-nakano.lg.jp/machizukuri/machizukuri/chikukeikaku/index.html,
中野区,district_plan,3,中野四丁目地区地区計画,https://www.city.tokyo-nakano.lg.jp/machizukuri/machizukuri/chikukeikaku/nakano4.html,地区計画によるまちづくり,https://www.city.tokyo-nakano.lg.jp/machizukuri/machizukuri/chikukeikaku/index.html,
中野区,district_plan,3,中野区環七沿道地区地区計画,https://www.city.tokyo-nakano.lg.jp/machizukuri/machizukuri/chikukeikaku/nakanokukannana.html,地区計画によるまちづくり,https://www.city.tokyo-nakano.lg.jp/machizukuri/machizukuri/chikukeikaku/index.html,
中野区,district_plan,3,中野坂上地区地区計画,https://www.city.tokyo-nakano.lg.jp/machizukuri/machizukuri/chikukeikaku/nakanosakaue.html,地区計画によるまちづくり,https://www.city.tokyo-nakano.lg.jp/machizukuri/machizukuri/chikukeikaku/index.html,
中野区,district_plan,3,沼袋区画街路第4号線沿道地区地区計画,https://www.city.tokyo-nakano.lg.jp/machizukuri/machizukuri/chikukeikaku/numabukuro-gairo4.html,地区計画によるまちづくり,https://www.city.tokyo-nakano.lg.jp/machizukuri/machizukuri/chikukeikaku/index.html,
中野区,district_plan,3,白鷺二・三丁目地区地区計画,https://www.city.tokyo-nakano.lg.jp/machizukuri/machizukuri/chikukeikaku/shirasagi2-3chome.html,地区計画によるまちづくり,https://www.city.tokyo-nakano.lg.jp/machizukuri/machizukuri/chikukeikaku/index.html,
中野区,district_plan,3,地区計画にともなう届け出制度,https://www.city.tokyo-nakano.lg.jp/machizukuri/machizukuri/chikukeikaku/todokede/index.html,地区計画によるまちづくり,https://www.city.tokyo-nakano.lg.jp/machizukuri/machizukuri/chikukeikaku/index.html,
中野区,district_plan,3,大和町中央通り沿道地区地区計画,https://www.city.tokyo-nakano.lg.jp/machizukuri/machizukuri/chikukeikaku/yamatocyocyuodori.html,大和町地域のまちづくり,https://www.city.tokyo-nakano.lg.jp/machizukuri/machizukuri/yamatocyo/index.html,
中野区,district_plan,3,弥生町三丁目周辺地区地区計画,https://www.city.tokyo-nakano.lg.jp/machizukuri/machizukuri/chikukeikaku/yayoicyo3.html,地区計画によるまちづくり,https://www.city.tokyo-nakano.lg.jp/machizukuri/machizukuri/chikukeikaku/index.html,
中野区,district_plan,3,当日配布資料（PDF形式：524KB）,https://www.city.tokyo-nakano.lg.jp/machizukuri/machizukuri/higashinakanoeki.files/2023nendodai2kaiikenkoukankaitoueishiryo.pdf,東中野駅東口周辺まちづくり,https://www.city.tokyo-nakano.lg.jp/machizukuri/machizukuri/higashinakanoeki.html,
中野区,district_plan,3,"オープンハウス展示パネル（PDF形式：6,318KB）",https://www.city.tokyo-nakano.lg.jp/machizukuri/machizukuri/higashinakanoeki.files/2025higashinakanoopenhousetenji.pdf,東中野駅東口周辺まちづくり,https://www.city.tokyo-nakano.lg.jp/machizukuri/machizukuri/higashinakanoeki.html,
中野区,district_plan,3,第2回意見交換会チラシ（PDF形式：738KB）,https://www.city.tokyo-nakano.lg.jp/machizukuri/machizukuri/higashinakanoeki.files/dai2kaiikenkoukankaichirashi.pdf,東中野駅東口周辺まちづくり,https://www.city.tokyo-nakano.lg.jp/machizukuri/machizukuri/higashinakanoeki.html,
中野区,district_plan,3,「方針1：バリアフリー化され誰もが安全に通行できるまちづくり」に対する意見（PDF形式：491KB）,https://www.city.tokyo-nakano.lg.jp/machizukuri/machizukuri/higashinakanoeki.files/higashinakano-hoshin1iken.pdf,東中野駅東口周辺まちづくり,https://www.city.tokyo-nakano.lg.jp/machizukuri/machizukuri/higashinakanoeki.html,
中野区,district_plan,3,「方針2：東中野らしいにぎわいが生まれるまちづくり」に対する意見（PDF形式：495KB）,https://www.city.tokyo-nakano.lg.jp/machizukuri/machizukuri/higashinakanoeki.files/higashinakano-hoshin2iken.pdf,東中野駅東口周辺まちづくり,https://www.city.tokyo-nakano.lg.jp/machizukuri/machizukuri/higashinakanoeki.html,
中野区,district_plan,3,「方針3：安全で安心して過ごせるまちづくり」に対する意見（PDF形式：419KB）,https://www.city.tokyo-nakano.lg.jp/machizukuri/machizukuri/higashinakanoeki.files/higashinakano-hoshin3iken.pdf,東中野駅東口周辺まちづくり,https://www.city.tokyo-nakano.lg.jp/machizukuri/machizukuri/higashinakanoeki.html,
中野区,district_plan,3,「方針4：水辺を活かしたまちづくり」に対する意見（PDF形式：428KB）,https://www.city.tokyo-nakano.lg.jp/machizukuri/machizukuri/higashinakanoeki.files/higashinakano-hoshin4iken.pdf,東中野駅東口周辺まちづくり,https://www.city.tokyo-nakano.lg.jp/machizukuri/machizukuri/higashinakanoeki.html,
中野区,district_plan,3,「方針5：都心に近いながらも良好な市街地が広がるまちづくり」に対する意見（PDF形式：433KB）,https://www.city.tokyo-nakano.lg.jp/machizukuri/machizukuri/higashinakanoeki.files/higashinakano-hoshin5iken.pdf,東中野駅東口周辺まちづくり,https://www.city.tokyo-nakano.lg.jp/machizukuri/machizukuri/higashinakanoeki.html,
中野区,district_plan,3,"東中野駅東口周辺まちづくり基本方針（素案）[概要版]（PDF形式：1,685KB）",https://www.city.tokyo-nakano.lg.jp/machizukuri/machizukuri/higashinakanoeki.files/higashinakano-hoshinsoangaiyo.pdf,東中野駅東口周辺まちづくり,https://www.city.tokyo-nakano.lg.jp/machizukuri/machizukuri/higashinakanoeki.html,
中野区,district_plan,3,東中野駅周辺まちづくり基本方針（たたき台）に対する意見概要（PDF形式：375KB）,https://www.city.tokyo-nakano.lg.jp/machizukuri/machizukuri/higashinakanoeki.files/higashinakano-kihonhoshintatakidai.iken.pdf,東中野駅東口周辺まちづくり,https://www.city.tokyo-nakano.lg.jp/machizukuri/machizukuri/higashinakanoeki.html,
中野区,district_plan,3,「東中野らしさ、アピールポイント」に対する意見（PDF形式：502KB）,https://www.city.tokyo-nakano.lg.jp/machizukuri/machizukuri/higashinakanoeki.files/higashinakano-rashisaiken.pdf,東中野駅東口周辺まちづくり,https://www.city.tokyo-nakano.lg.jp/machizukuri/machizukuri/higashinakanoeki.html,
中野区,district_plan,3,"令和7年第二回定例会建設委員会報告資料（PDF形式：2,953KB）",https://www.city.tokyo-nakano.lg.jp/machizukuri/machizukuri/higashinakanoeki.files/higashinakano2025-2teireikaishiryo.pdf,東中野駅東口周辺まちづくり,https://www.city.tokyo-nakano.lg.jp/machizukuri/machizukuri/higashinakanoeki.html,
中野区,district_plan,3,"当日投影資料（PDF形式：6,496KB）",https://www.city.tokyo-nakano.lg.jp/machizukuri/machizukuri/higashinakanoeki.files/higashinakanoekihigashiguchi202310.pdf,東中野駅東口周辺まちづくり,https://www.city.tokyo-nakano.lg.jp/machizukuri/machizukuri/higashinakanoeki.html,
中野区,district_plan,3,意見一覧（PDF形式：375KB）,https://www.city.tokyo-nakano.lg.jp/machizukuri/machizukuri/higashinakanoeki.files/higashinaknao-tyokaisyotenkaiiken.pdf,東中野駅東口周辺まちづくり,https://www.city.tokyo-nakano.lg.jp/machizukuri/machizukuri/higashinakanoeki.html,
中野区,district_plan,3,"東中野駅東口周辺まちづくり基本方針（素案）（PDF形式：5,841KB）",https://www.city.tokyo-nakano.lg.jp/machizukuri/machizukuri/higashinakanoeki.files/higashinako-hoshinsoan.pdf,東中野駅東口周辺まちづくり,https://www.city.tokyo-nakano.lg.jp/machizukuri/machizukuri/higashinakanoeki.html,
中野区,district_plan,3,令和5年第2回定例会建設委員会報告資料（PDF形式：294KB）,https://www.city.tokyo-nakano.lg.jp/machizukuri/machizukuri/higashinakanoeki.files/ikenkoukankaioyobianke-to.pdf,東中野駅東口周辺まちづくり,https://www.city.tokyo-nakano.lg.jp/machizukuri/machizukuri/higashinakanoeki.html,
中野区,district_plan,3,"令和2年度第3回定例会建設委員会報告資料（PDF形式：2,664KB）",https://www.city.tokyo-nakano.lg.jp/machizukuri/machizukuri/higashinakanoeki.files/kizonekisyanobariahuri-ka.pdf,東中野駅東口周辺まちづくり,https://www.city.tokyo-nakano.lg.jp/machizukuri/machizukuri/higashinakanoeki.html,
中野区,district_plan,3,"意見交換会時使用資料（PDF形式：4,330KB）",https://www.city.tokyo-nakano.lg.jp/machizukuri/machizukuri/higashinakanoeki.files/reiwa4nendoikenkoukankaisiryo.pdf,東中野駅東口周辺まちづくり,https://www.city.tokyo-nakano.lg.jp/machizukuri/machizukuri/higashinakanoeki.html,
中野区,district_plan,3,令和6年第一回定例会建設委員会報告資料（PDF形式：766KB）,https://www.city.tokyo-nakano.lg.jp/machizukuri/machizukuri/higashinakanoeki.files/reiwa6nendaiikkaiteireikaisiryo.pdf,東中野駅東口周辺まちづくり,https://www.city.tokyo-nakano.lg.jp/machizukuri/machizukuri/higashinakanoeki.html,
中野区,district_plan,3,東中野駅東口周辺まちづくり基本方針（素案）説明会概要（PDF形式：105KB）,https://www.city.tokyo-nakano.lg.jp/machizukuri/machizukuri/higashinakanoeki.files/setsumeikaigaiyo.pdf,東中野駅東口周辺まちづくり,https://www.city.tokyo-nakano.lg.jp/machizukuri/machizukuri/higashinakanoeki.html,
中野区,district_plan,3,"【資料2】東中野駅東口周辺まちづくり基本方針（素案）概要版（PDF形式：1,758KB）",https://www.city.tokyo-nakano.lg.jp/machizukuri/machizukuri/higashinakanoeki.files/soangaiyo.pdf,東中野駅東口周辺まちづくり,https://www.city.tokyo-nakano.lg.jp/machizukuri/machizukuri/higashinakanoeki.html,
中野区,district_plan,3,"【資料3】東中野駅東口周辺まちづくり基本方針（素案）本冊（PDF形式：5,861KB）",https://www.city.tokyo-nakano.lg.jp/machizukuri/machizukuri/higashinakanoeki.files/soanhonsatsu.pdf,東中野駅東口周辺まちづくり,https://www.city.tokyo-nakano.lg.jp/machizukuri/machizukuri/higashinakanoeki.html,
中野区,district_plan,3,【資料1】東中野駅東口周辺まちづくり基本方針（たたき台）へ寄せられた意見（概要版）（PDF形式：376KB）,https://www.city.tokyo-nakano.lg.jp/machizukuri/machizukuri/higashinakanoeki.files/tatakidaiikengaiyo.pdf,東中野駅東口周辺まちづくり,https://www.city.tokyo-nakano.lg.jp/machizukuri/machizukuri/higashinakanoeki.html,
中野区,district_plan,3,"説明会当日投影資料（PDF形式：3,821KB）",https://www.city.tokyo-nakano.lg.jp/machizukuri/machizukuri/higashinakanoeki.files/toujitsutoueishiryo.pdf,東中野駅東口周辺まちづくり,https://www.city.tokyo-nakano.lg.jp/machizukuri/machizukuri/higashinakanoeki.html,
中野区,district_plan,3,メニューを飛ばして本文へ,https://www.city.tokyo-nakano.lg.jp/machizukuri/machizukuri/higashinakanoeki.html#CONT,東中野駅東口周辺まちづくり,https://www.city.tokyo-nakano.lg.jp/machizukuri/machizukuri/higashinakanoeki.html,
中野区,district_plan,3,,https://www.city.tokyo-nakano.lg.jp/machizukuri/machizukuri/higashinakanoeki.html#PTOP,東中野駅東口周辺まちづくり,https://www.city.tokyo-nakano.lg.jp/machizukuri/machizukuri/higashinakanoeki.html,
中野区,district_plan,3,メニューを飛ばして本文へ,https://www.city.tokyo-nakano.lg.jp/machizukuri/machizukuri/index.html#CONT,まちづくり,https://www.city.tokyo-nakano.lg.jp/machizukuri/machizukuri/index.html,
中野区,district_plan,3,,https://www.city.tokyo-nakano.lg.jp/machizukuri/machizukuri/index.html#PTOP,まちづくり,https://www.city.tokyo-nakano.lg.jp/machizukuri/machizukuri/index.html,
中野区,district_plan,3,メニューを飛ばして本文へ,https://www.city.tokyo-nakano.lg.jp/machizukuri/machizukuri/kenchikuhi-jyosei/index.html#CONT,建築費等一部助成について,https://www.city.tokyo-nakano.lg.jp/machizukuri/machizukuri/kenchikuhi-jyosei/index.html,
中野区,district_plan,3,,https://www.city.tokyo-nakano.lg.jp/machizukuri/machizukuri/kenchikuhi-jyosei/index.html#PTOP,建築費等一部助成について,https://www.city.tokyo-nakano.lg.jp/machizukuri/machizukuri/kenchikuhi-jyosei/index.html,
中野区,district_plan,3,都心共同住宅供給事業・優良建築物等整備事業,https://www.city.tokyo-nakano.lg.jp/machizukuri/machizukuri/kenchikuhi-jyosei/kenchikuhi-jyosei.html,建築費等一部助成について,https://www.city.tokyo-nakano.lg.jp/machizukuri/machizukuri/kenchikuhi-jyosei/index.html,
中野区,district_plan,3,木造密集地域整備促進事業,https://www.city.tokyo-nakano.lg.jp/machizukuri/machizukuri/kenchikuhi-jyosei/mokuzomissyuchiki.html,建築費等一部助成について,https://www.city.tokyo-nakano.lg.jp/machizukuri/machizukuri/kenchikuhi-jyosei/index.html,
中野区,district_plan,3,VRでみる中野駅周辺のまちづくり,https://www.city.tokyo-nakano.lg.jp/machizukuri/machizukuri/nakanoekisyuhen/0686018420231205185035680.html,中野駅周辺まちづくり,https://www.city.tokyo-nakano.lg.jp/machizukuri/machizukuri/nakanoekisyuhen/index.html,
中野区,district_plan,3,,https://www.city.tokyo-nakano.lg.jp/machizukuri/machizukuri/nakanoekisyuhen/ikenbosyu_setsumeikai/index.html,中野駅周辺まちづくり,https://www.city.tokyo-nakano.lg.jp/machizukuri/machizukuri/nakanoekisyuhen/index.html,
中野区,district_plan,3,メニューを飛ばして本文へ,https://www.city.tokyo-nakano.lg.jp/machizukuri/machizukuri/nakanoekisyuhen/index.html#CONT,中野駅周辺まちづくり,https://www.city.tokyo-nakano.lg.jp/machizukuri/machizukuri/nakanoekisyuhen/index.html,
中野区,district_plan,3,,https://www.city.tokyo-nakano.lg.jp/machizukuri/machizukuri/nakanoekisyuhen/index.html#PTOP,中野駅周辺まちづくり,https://www.city.tokyo-nakano.lg.jp/machizukuri/machizukuri/nakanoekisyuhen/index.html,
中野区,district_plan,3,縦覧関係,https://www.city.tokyo-nakano.lg.jp/machizukuri/machizukuri/nakanoekisyuhen/juran/index.html,中野駅周辺まちづくり,https://www.city.tokyo-nakano.lg.jp/machizukuri/machizukuri/nakanoekisyuhen/index.html,
中野区,district_plan,3,,https://www.city.tokyo-nakano.lg.jp/machizukuri/machizukuri/nakanoekisyuhen/kaiken_message.html,中野駅周辺まちづくり,https://www.city.tokyo-nakano.lg.jp/machizukuri/machizukuri/nakanoekisyuhen/index.html,
中野区,district_plan,3,,https://www.city.tokyo-nakano.lg.jp/machizukuri/machizukuri/nakanoekisyuhen/keikaku_houshin/index.html,中野駅周辺まちづくり,https://www.city.tokyo-nakano.lg.jp/machizukuri/machizukuri/nakanoekisyuhen/index.html,
中野区,district_plan,3,中野駅新北口駅前エリアのまちづくりに係るサウンディング型市場調査を実施します,https://www.city.tokyo-nakano.lg.jp/machizukuri/machizukuri/nakanoekisyuhen/keikaku_houshin/sijyoutyousa.html,中野駅周辺まちづくり,https://www.city.tokyo-nakano.lg.jp/machizukuri/machizukuri/nakanoekisyuhen/index.html,
中野区,district_plan,3,,https://www.city.tokyo-nakano.lg.jp/machizukuri/machizukuri/nakanoekisyuhen/minamihirobakaihou/index.html,中野駅周辺まちづくり,https://www.city.tokyo-nakano.lg.jp/machizukuri/machizukuri/nakanoekisyuhen/index.html,
中野区,district_plan,3,旧中野区役所・中野サンプラザの間の道路を一部封鎖します,https://www.city.tokyo-nakano.lg.jp/machizukuri/machizukuri/nakanoekisyuhen/oshirase/20241220.html,中野駅ホームドア供用開始日について,https://www.city.tokyo-nakano.lg.jp/machizukuri/machizukuri/nakanoekisyuhen/oshirase/hoomudoaosirase.html,
中野区,district_plan,3,中野駅南口の整備工事に伴いバスのりばを移設します,https://www.city.tokyo-nakano.lg.jp/machizukuri/machizukuri/nakanoekisyuhen/oshirase/aa.html,中野駅ホームドア供用開始日について,https://www.city.tokyo-nakano.lg.jp/machizukuri/machizukuri/nakanoekisyuhen/oshirase/hoomudoaosirase.html,
中野区,district_plan,3,中野駅新北口歩行者デッキ整備に伴う仮設バス停の移転について,https://www.city.tokyo-nakano.lg.jp/machizukuri/machizukuri/nakanoekisyuhen/oshirase/basuteiisetu.html,中野駅ホームドア供用開始日について,https://www.city.tokyo-nakano.lg.jp/machizukuri/machizukuri/nakanoekisyuhen/oshirase/hoomudoaosirase.html,
中野区,district_plan,3,旧中野区役所前　歩道切り替えのお知らせ,https://www.city.tokyo-nakano.lg.jp/machizukuri/machizukuri/nakanoekisyuhen/oshirase/hodoutuukoudome.html,中野駅ホームドア供用開始日について,https://www.city.tokyo-nakano.lg.jp/machizukuri/machizukuri/nakanoekisyuhen/oshirase/hoomudoaosirase.html,
中野区,district_plan,3,メニューを飛ばして本文へ,https://www.city.tokyo-nakano.lg.jp/machizukuri/machizukuri/nakanoekisyuhen/oshirase/hoomudoaosirase.html#CONT,中野駅ホームドア供用開始日について,https://www.city.tokyo-nakano.lg.jp/machizukuri/machizukuri/nakanoekisyuhen/oshirase/hoomudoaosirase.html,
中野区,district_plan,3,,https://www.city.tokyo-nakano.lg.jp/machizukuri/machizukuri/nakanoekisyuhen/oshirase/hoomudoaosirase.html#PTOP,中野駅ホームドア供用開始日について,https://www.city.tokyo-nakano.lg.jp/machizukuri/machizukuri/nakanoekisyuhen/oshirase/hoomudoaosirase.html,
中野区,district_plan,3,お知らせ,https://www.city.tokyo-nakano.lg.jp/machizukuri/machizukuri/nakanoekisyuhen/oshirase/index.html,中野駅ホームドア供用開始日について,https://www.city.tokyo-nakano.lg.jp/machizukuri/machizukuri/nakanoekisyuhen/oshirase/hoomudoaosirase.html,
中野区,district_plan,3,中野駅新北口駅前広場の整備に伴い樹木の伐採・移植を行います,https://www.city.tokyo-nakano.lg.jp/machizukuri/machizukuri/nakanoekisyuhen/oshirase/jumokubassai.html,中野駅ホームドア供用開始日について,https://www.city.tokyo-nakano.lg.jp/machizukuri/machizukuri/nakanoekisyuhen/oshirase/hoomudoaosirase.html,
中野区,district_plan,3,中野駅新北口駅前の工事用仮囲いに、まちづくりイメージの大型イラストを掲示～中野駅西改札の新設に向け、独立行政法人都市再生機構・中野区・東日本旅客鉄道株式会社が初の共同作成～,https://www.city.tokyo-nakano.lg.jp/machizukuri/machizukuri/nakanoekisyuhen/oshirase/kitaguchisatuei.html,中野駅ホームドア供用開始日について,https://www.city.tokyo-nakano.lg.jp/machizukuri/machizukuri/nakanoekisyuhen/oshirase/hoomudoaosirase.html,
中野区,district_plan,3,旧区役所及び中野サンプラザ南側道路の車道部を閉鎖いたしました,https://www.city.tokyo-nakano.lg.jp/machizukuri/machizukuri/nakanoekisyuhen/oshirase/syadoubuheisa.html,中野駅ホームドア供用開始日について,https://www.city.tokyo-nakano.lg.jp/machizukuri/machizukuri/nakanoekisyuhen/oshirase/hoomudoaosirase.html,
中野区,district_plan,3,旧区役所前歩行者動線の切替及び通行止めについて,https://www.city.tokyo-nakano.lg.jp/machizukuri/machizukuri/nakanoekisyuhen/oshirase/tusurofusa.html,中野駅ホームドア供用開始日について,https://www.city.tokyo-nakano.lg.jp/machizukuri/machizukuri/nakanoekisyuhen/oshirase/hoomudoaosirase.html,
中野区,district_plan,3,メニューを飛ばして本文へ,https://www.city.tokyo-nakano.lg.jp/machizukuri/machizukuri/nakanoekisyuhen/oshirase/yakantuukoudome.html#CONT,中野駅新北口駅前ペデストリアンデッキ架設工事に伴う夜間通行止めのお知らせ,https://www.city.tokyo-nakano.lg.jp/machizukuri/machizukuri/nakanoekisyuhen/oshirase/yakantuukoudome.html,
中野区,district_plan,3,,https://www.city.tokyo-nakano.lg.jp/machizukuri/machizukuri/nakanoekisyuhen/oshirase/yakantuukoudome.html#PTOP,中野駅新北口駅前ペデストリアンデッキ架設工事に伴う夜間通行止めのお知らせ,https://www.city.tokyo-nakano.lg.jp/machizukuri/machizukuri/nakanoekisyuhen/oshirase/yakantuukoudome.html,
中野区,district_plan,3,その他（届出･ルール等）,https://www.city.tokyo-nakano.lg.jp/machizukuri/machizukuri/nakanoekisyuhen/sonohoka/index.html,中野駅周辺まちづくり,https://www.city.tokyo-nakano.lg.jp/machizukuri/machizukuri/nakanoekisyuhen/index.html,
中野区,district_plan,3,メニューを飛ばして本文へ,https://www.city.tokyo-nakano.lg.jp/machizukuri/machizukuri/nanbu-cyubu-hokubu/index.html#CONT,南部・中部・北部地域のまちづくり,https://www.city.tokyo-nakano.lg.jp/machizukuri/machizukuri/nanbu-cyubu-hokubu/index.html,
中野区,district_plan,3,,https://www.city.tokyo-nakano.lg.jp/machizukuri/machizukuri/nanbu-cyubu-hokubu/index.html#PTOP,南部・中部・北部地域のまちづくり,https://www.city.tokyo-nakano.lg.jp/machizukuri/machizukuri/nanbu-cyubu-hokubu/index.html,
中野区,district_plan,3,中野区南台まちづくり事業住宅（リ・ライフ南台）,https://www.city.tokyo-nakano.lg.jp/machizukuri/machizukuri/nanbu-cyubu-hokubu/karijyukyo.html,都市防災不燃化促進事業（不燃化促進区域内で耐火建築物を建築する方、建築物を除却する方へ）,https://www.city.tokyo-nakano.lg.jp/machizukuri/machizukuri/toshibosaifunenka.html,
中野区,district_plan,3,避難道路6号が開通しました！（弥生町三丁目）,https://www.city.tokyo-nakano.lg.jp/machizukuri/machizukuri/oshirase/hinandoro6gou.html,まちづくりに関するお知らせ,https://www.city.tokyo-nakano.lg.jp/machizukuri/machizukuri/oshirase/index.html,
中野区,district_plan,3,メニューを飛ばして本文へ,https://www.city.tokyo-nakano.lg.jp/machizukuri/machizukuri/oshirase/index.html#CONT,まちづくりに関するお知らせ,https://www.city.tokyo-nakano.lg.jp/machizukuri/machizukuri/oshirase/index.html,
中野区,district_plan,3,,https://www.city.tokyo-nakano.lg.jp/machizukuri/machizukuri/oshirase/index.html#PTOP,まちづくりに関するお知らせ,https://www.city.tokyo-nakano.lg.jp/machizukuri/machizukuri/oshirase/index.html,
中野区,district_plan,3,上高田地区防災まちづくり 避難道路に関する説明会を開催しました！,https://www.city.tokyo-nakano.lg.jp/machizukuri/machizukuri/oshirase/kamitakada.html,まちづくりに関するお知らせ,https://www.city.tokyo-nakano.lg.jp/machizukuri/machizukuri/oshirase/index.html,
中野区,district_plan,3,老朽建築物の建替え等の不燃化特区補助制度,https://www.city.tokyo-nakano.lg.jp/machizukuri/machizukuri/rokyukenzobutsu/rokyukenzobutsu.html,大和町地域のまちづくり,https://www.city.tokyo-nakano.lg.jp/machizukuri/machizukuri/yamatocyo/index.html,
中野区,district_plan,3,東京都市計画道路幹線街路補助線街路第220号線（早稲田通りから新青梅街道区間）について,https://www.city.tokyo-nakano.lg.jp/machizukuri/machizukuri/seibushinjyukusen/araiyakushichiku/220gosen.html,上高田一・二丁目及び三丁目周辺地区防災まちづくり,https://www.city.tokyo-nakano.lg.jp/machizukuri/machizukuri/seibushinjyukusen/araiyakushichiku/kamitakadabousai.html,
中野区,district_plan,3,新井薬師前駅 北側街区のまちづくり,https://www.city.tokyo-nakano.lg.jp/machizukuri/machizukuri/seibushinjyukusen/araiyakushichiku/araiyakushikita.html,上高田一・二丁目及び三丁目周辺地区防災まちづくり,https://www.city.tokyo-nakano.lg.jp/machizukuri/machizukuri/seibushinjyukusen/araiyakushichiku/kamitakadabousai.html,
中野区,district_plan,3,新井薬師前駅 南側街区のまちづくり,https://www.city.tokyo-nakano.lg.jp/machizukuri/machizukuri/seibushinjyukusen/araiyakushichiku/araiyakushiminami.html,上高田一・二丁目及び三丁目周辺地区防災まちづくり,https://www.city.tokyo-nakano.lg.jp/machizukuri/machizukuri/seibushinjyukusen/araiyakushichiku/kamitakadabousai.html,
中野区,district_plan,3,新井薬師前駅周辺地区まちづくり,https://www.city.tokyo-nakano.lg.jp/machizukuri/machizukuri/seibushinjyukusen/araiyakushichiku/index.html,上高田一・二丁目及び三丁目周辺地区防災まちづくり,https://www.city.tokyo-nakano.lg.jp/machizukuri/machizukuri/seibushinjyukusen/araiyakushichiku/kamitakadabousai.html,
中野区,district_plan,3,"当日配布資料（PDF形式：11,086KB）",https://www.city.tokyo-nakano.lg.jp/machizukuri/machizukuri/seibushinjyukusen/araiyakushichiku/kamitakadabousai.files/119.pdf,上高田一・二丁目及び三丁目周辺地区防災まちづくり,https://www.city.tokyo-nakano.lg.jp/machizukuri/machizukuri/seibushinjyukusen/araiyakushichiku/kamitakadabousai.html,
中野区,district_plan,3,"「上高田一・二丁目及び三丁目周辺地区防災まちづくり提案書(地区全域編)」（PDF形式：5,260KB）",https://www.city.tokyo-nakano.lg.jp/machizukuri/machizukuri/seibushinjyukusen/araiyakushichiku/kamitakadabousai.files/21.pdf,上高田一・二丁目及び三丁目周辺地区防災まちづくり,https://www.city.tokyo-nakano.lg.jp/machizukuri/machizukuri/seibushinjyukusen/araiyakushichiku/kamitakadabousai.html,
中野区,district_plan,3,"「上高田一・二丁目及び三丁目周辺地区防災まちづくり提案書(補助第220号線沿道編)」（PDF形式：10,203KB）",https://www.city.tokyo-nakano.lg.jp/machizukuri/machizukuri/seibushinjyukusen/araiyakushichiku/kamitakadabousai.files/5.pdf,上高田一・二丁目及び三丁目周辺地区防災まちづくり,https://www.city.tokyo-nakano.lg.jp/machizukuri/machizukuri/seibushinjyukusen/araiyakushichiku/kamitakadabousai.html,
中野区,district_plan,3,"アンケート結果【概要版】（PDF形式：1,771KB）",https://www.city.tokyo-nakano.lg.jp/machizukuri/machizukuri/seibushinjyukusen/araiyakushichiku/kamitakadabousai.files/kamitakadaanke.pdf,上高田一・二丁目及び三丁目周辺地区防災まちづくり,https://www.city.tokyo-nakano.lg.jp/machizukuri/machizukuri/seibushinjyukusen/araiyakushichiku/kamitakadabousai.html,
中野区,district_plan,3,"「上高田一・二丁目及び三丁目周辺地区防災まちづくり方針」（PDF形式：2,421KB）",https://www.city.tokyo-nakano.lg.jp/machizukuri/machizukuri/seibushinjyukusen/araiyakushichiku/kamitakadabousai.files/matidukurihoushin.pdf,上高田一・二丁目及び三丁目周辺地区防災まちづくり,https://www.city.tokyo-nakano.lg.jp/machizukuri/machizukuri/seibushinjyukusen/araiyakushichiku/kamitakadabousai.html,
中野区,district_plan,3,"説明会資料（PDF形式：9,969KB）",https://www.city.tokyo-nakano.lg.jp/machizukuri/machizukuri/seibushinjyukusen/araiyakushichiku/kamitakadabousai.files/soansetsumeikai.pdf,上高田一・二丁目及び三丁目周辺地区防災まちづくり,https://www.city.tokyo-nakano.lg.jp/machizukuri/machizukuri/seibushinjyukusen/araiyakushichiku/kamitakadabousai.html,
中野区,district_plan,3,防災まちづくり方針,https://www.city.tokyo-nakano.lg.jp/machizukuri/machizukuri/seibushinjyukusen/araiyakushichiku/kamitakadabousai.html#48C4D,上高田一・二丁目及び三丁目周辺地区防災まちづくり,https://www.city.tokyo-nakano.lg.jp/machizukuri/machizukuri/seibushinjyukusen/araiyakushichiku/kamitakadabousai.html,
中野区,district_plan,3,地区計画素案等説明会,https://www.city.tokyo-nakano.lg.jp/machizukuri/machizukuri/seibushinjyukusen/araiyakushichiku/kamitakadabousai.html#ACACD,上高田一・二丁目及び三丁目周辺地区防災まちづくり,https://www.city.tokyo-nakano.lg.jp/machizukuri/machizukuri/seibushinjyukusen/araiyakushichiku/kamitakadabousai.html,
中野区,district_plan,3,避難道路に関する説明会,https://www.city.tokyo-nakano.lg.jp/machizukuri/machizukuri/seibushinjyukusen/araiyakushichiku/kamitakadabousai.html#BF25C,上高田一・二丁目及び三丁目周辺地区防災まちづくり,https://www.city.tokyo-nakano.lg.jp/machizukuri/machizukuri/seibushinjyukusen/araiyakushichiku/kamitakadabousai.html,
中野区,district_plan,3,メニューを飛ばして本文へ,https://www.city.tokyo-nakano.lg.jp/machizukuri/machizukuri/seibushinjyukusen/araiyakushichiku/kamitakadabousai.html#CONT,上高田一・二丁目及び三丁目周辺地区防災まちづくり,https://www.city.tokyo-nakano.lg.jp/machizukuri/machizukuri/seibushinjyukusen/araiyakushichiku/kamitakadabousai.html,
中野区,district_plan,3,避難道路に関するアンケート調査,https://www.city.tokyo-nakano.lg.jp/machizukuri/machizukuri/seibushinjyukusen/araiyakushichiku/kamitakadabousai.html#DC25B,上高田一・二丁目及び三丁目周辺地区防災まちづくり,https://www.city.tokyo-nakano.lg.jp/machizukuri/machizukuri/seibushinjyukusen/araiyakushichiku/kamitakadabousai.html,
中野区,district_plan,3,,https://www.city.tokyo-nakano.lg.jp/machizukuri/machizukuri/seibushinjyukusen/araiyakushichiku/kamitakadabousai.html#PTOP,上高田一・二丁目及び三丁目周辺地区防災まちづくり,https://www.city.tokyo-nakano.lg.jp/machizukuri/machizukuri/seibushinjyukusen/araiyakushichiku/kamitakadabousai.html,
中野区,district_plan,3,防災まちづくりの検討,https://www.city.tokyo-nakano.lg.jp/machizukuri/machizukuri/seibushinjyukusen/araiyakushichiku/kamitakadabousai.html#bosaimatidukurinoken,上高田一・二丁目及び三丁目周辺地区防災まちづくり,https://www.city.tokyo-nakano.lg.jp/machizukuri/machizukuri/seibushinjyukusen/araiyakushichiku/kamitakadabousai.html,
中野区,district_plan,3,東京都市計画道路区画街路中野区画街路第3号線について,https://www.city.tokyo-nakano.lg.jp/machizukuri/machizukuri/seibushinjyukusen/araiyakushichiku/tokyotoshikeikaku.html,上高田一・二丁目及び三丁目周辺地区防災まちづくり,https://www.city.tokyo-nakano.lg.jp/machizukuri/machizukuri/seibushinjyukusen/araiyakushichiku/kamitakadabousai.html,
中野区,district_plan,3,土地収用法施行規則第13条に基づく周知措置（東京都市計画道路事業幹線街路補助線街路第220号線（2期区間））,https://www.city.tokyo-nakano.lg.jp/machizukuri/machizukuri/seibushinjyukusen/araiyakushichiku/totisyuuyouhousyuuti2202.html,上高田一・二丁目及び三丁目周辺地区防災まちづくり,https://www.city.tokyo-nakano.lg.jp/machizukuri/machizukuri/seibushinjyukusen/araiyakushichiku/kamitakadabousai.html,
中野区,district_plan,3,西武新宿線沿線　現状と背景,https://www.city.tokyo-nakano.lg.jp/machizukuri/machizukuri/seibushinjyukusen/genjyo.html,西武新宿線沿線まちづくり,https://www.city.tokyo-nakano.lg.jp/machizukuri/machizukuri/seibushinjyukusen/index.html,
中野区,district_plan,3,地域の方から寄せられたご意見・ご質問と区の考え,https://www.city.tokyo-nakano.lg.jp/machizukuri/machizukuri/seibushinjyukusen/iken-shitsumon.html,西武新宿線沿線まちづくり,https://www.city.tokyo-nakano.lg.jp/machizukuri/machizukuri/seibushinjyukusen/index.html,
中野区,district_plan,3,メニューを飛ばして本文へ,https://www.city.tokyo-nakano.lg.jp/machizukuri/machizukuri/seibushinjyukusen/index.html#CONT,西武新宿線沿線まちづくり,https://www.city.tokyo-nakano.lg.jp/machizukuri/machizukuri/seibushinjyukusen/index.html,
中野区,district_plan,3,,https://www.city.tokyo-nakano.lg.jp/machizukuri/machizukuri/seibushinjyukusen/index.html#PTOP,西武新宿線沿線まちづくり,https://www.city.tokyo-nakano.lg.jp/machizukuri/machizukuri/seibushinjyukusen/index.html,
中野区,district_plan,3,西武新宿線踏切渋滞解消促進期成同盟,https://www.city.tokyo-nakano.lg.jp/machizukuri/machizukuri/seibushinjyukusen/kiseidoumeikiroku.html,西武新宿線沿線まちづくり,https://www.city.tokyo-nakano.lg.jp/machizukuri/machizukuri/seibushinjyukusen/index.html,
中野区,district_plan,3,野方駅周辺地区まちづくり,https://www.city.tokyo-nakano.lg.jp/machizukuri/machizukuri/seibushinjyukusen/nogataeki_machidukuri.html,西武新宿線沿線まちづくり,https://www.city.tokyo-nakano.lg.jp/machizukuri/machizukuri/seibushinjyukusen/index.html,
中野区,district_plan,3,沼袋駅周辺地区まちづくり,https://www.city.tokyo-nakano.lg.jp/machizukuri/machizukuri/seibushinjyukusen/numabukurochiku/index.html,西武新宿線沿線まちづくり,https://www.city.tokyo-nakano.lg.jp/machizukuri/machizukuri/seibushinjyukusen/index.html,
中野区,district_plan,3,沼袋区画街路第4号線,https://www.city.tokyo-nakano.lg.jp/machizukuri/machizukuri/seibushinjyukusen/numabukurokukaku/index.html,西武新宿線沿線まちづくり,https://www.city.tokyo-nakano.lg.jp/machizukuri/machizukuri/seibushinjyukusen/index.html,
中野区,district_plan,3,【講演資料公開中】「居心地のよい空間づくりを語るシンポジウム ～西武新宿線沿線でつながる暮らしとまち～」を開催しました！,https://www.city.tokyo-nakano.lg.jp/machizukuri/machizukuri/seibushinjyukusen/placemakingsymp.html,まちづくりに関するお知らせ,https://www.city.tokyo-nakano.lg.jp/machizukuri/machizukuri/oshirase/index.html,
中野区,district_plan,3,連続立体交差事業について,https://www.city.tokyo-nakano.lg.jp/machizukuri/machizukuri/seibushinjyukusen/renzokurittaikosazigyou.html,西武新宿線沿線まちづくり,https://www.city.tokyo-nakano.lg.jp/machizukuri/machizukuri/seibushinjyukusen/index.html,
中野区,district_plan,3,鷺ノ宮駅周辺地区まちづくり,https://www.city.tokyo-nakano.lg.jp/machizukuri/machizukuri/seibushinjyukusen/saginomiyaeki_machidukuri.html,西武新宿線沿線まちづくり,https://www.city.tokyo-nakano.lg.jp/machizukuri/machizukuri/seibushinjyukusen/index.html,
中野区,district_plan,3,西武新宿線沿線まちづくり,https://www.city.tokyo-nakano.lg.jp/machizukuri/machizukuri/seibushinjyukusen/seibushinjyukusen.html,西武新宿線沿線まちづくり,https://www.city.tokyo-nakano.lg.jp/machizukuri/machizukuri/seibushinjyukusen/index.html,
中野区,district_plan,3,西武新宿線（中井駅～野方駅間）連続立体交差事業に伴う鉄道上部空間の活用に関する検討について,https://www.city.tokyo-nakano.lg.jp/machizukuri/machizukuri/seibushinjyukusen/tetudoujoubukuukan.html,西武新宿線沿線まちづくり,https://www.city.tokyo-nakano.lg.jp/machizukuri/machizukuri/seibushinjyukusen/index.html,
中野区,district_plan,3,都立家政駅周辺地区まちづくり,https://www.city.tokyo-nakano.lg.jp/machizukuri/machizukuri/seibushinjyukusen/toritsukaseieki_machidukuri.html,西武新宿線沿線まちづくり,https://www.city.tokyo-nakano.lg.jp/machizukuri/machizukuri/seibushinjyukusen/index.html,
中野区,district_plan,3,西武新宿線沿線まちづくりに係る都市計画決定について,https://www.city.tokyo-nakano.lg.jp/machizukuri/machizukuri/seibushinjyukusen/toshikeikakukettei.html,西武新宿線沿線まちづくり,https://www.city.tokyo-nakano.lg.jp/machizukuri/machizukuri/seibushinjyukusen/index.html,
中野区,district_plan,3,除却助成金額表（PDF形式：15KB）,https://www.city.tokyo-nakano.lg.jp/machizukuri/machizukuri/toshibosaifunenka.files/jyokyakukingaku.pdf,都市防災不燃化促進事業（不燃化促進区域内で耐火建築物を建築する方、建築物を除却する方へ）,https://www.city.tokyo-nakano.lg.jp/machizukuri/machizukuri/toshibosaifunenka.html,
中野区,district_plan,3,建築助成金額表（PDF形式：186KB）,https://www.city.tokyo-nakano.lg.jp/machizukuri/machizukuri/toshibosaifunenka.files/kentikukingaku.pdf,都市防災不燃化促進事業（不燃化促進区域内で耐火建築物を建築する方、建築物を除却する方へ）,https://www.city.tokyo-nakano.lg.jp/machizukuri/machizukuri/toshibosaifunenka.html,
中野区,district_plan,3,"都市防災不燃化促進事業パンフレット（PDF形式：16,836KB）",https://www.city.tokyo-nakano.lg.jp/machizukuri/machizukuri/toshibosaifunenka.files/pamph.pdf,都市防災不燃化促進事業（不燃化促進区域内で耐火建築物を建築する方、建築物を除却する方へ）,https://www.city.tokyo-nakano.lg.jp/machizukuri/machizukuri/toshibosaifunenka.html,
中野区,district_plan,3,中野区建築物不燃化促進助成に係る緑化基準（PDF形式：73KB）,https://www.city.tokyo-nakano.lg.jp/machizukuri/machizukuri/toshibosaifunenka.files/ryokuka.pdf,都市防災不燃化促進事業（不燃化促進区域内で耐火建築物を建築する方、建築物を除却する方へ）,https://www.city.tokyo-nakano.lg.jp/machizukuri/machizukuri/toshibosaifunenka.html,
中野区,district_plan,3,メニューを飛ばして本文へ,https://www.city.tokyo-nakano.lg.jp/machizukuri/machizukuri/toshibosaifunenka.html#CONT,都市防災不燃化促進事業（不燃化促進区域内で耐火建築物を建築する方、建築物を除却する方へ）,https://www.city.tokyo-nakano.lg.jp/machizukuri/machizukuri/toshibosaifunenka.html,
中野区,district_plan,3,,https://www.city.tokyo-nakano.lg.jp/machizukuri/machizukuri/toshibosaifunenka.html#PTOP,都市防災不燃化促進事業（不燃化促進区域内で耐火建築物を建築する方、建築物を除却する方へ）,https://www.city.tokyo-nakano.lg.jp/machizukuri/machizukuri/toshibosaifunenka.html,
中野区,district_plan,3,不燃化促進区域（対象区域）及び助成期間,https://www.city.tokyo-nakano.lg.jp/machizukuri/machizukuri/toshibosaifunenka.html#hunenkasokusinkuiki,都市防災不燃化促進事業（不燃化促進区域内で耐火建築物を建築する方、建築物を除却する方へ）,https://www.city.tokyo-nakano.lg.jp/machizukuri/machizukuri/toshibosaifunenka.html,
中野区,district_plan,3,古い建築物を除却する方への助成金,https://www.city.tokyo-nakano.lg.jp/machizukuri/machizukuri/toshibosaifunenka.html#jokyaku,都市防災不燃化促進事業（不燃化促進区域内で耐火建築物を建築する方、建築物を除却する方へ）,https://www.city.tokyo-nakano.lg.jp/machizukuri/machizukuri/toshibosaifunenka.html,
中野区,district_plan,3,耐火建築物を建築する方への助成金,https://www.city.tokyo-nakano.lg.jp/machizukuri/machizukuri/toshibosaifunenka.html#kenchiku,都市防災不燃化促進事業（不燃化促進区域内で耐火建築物を建築する方、建築物を除却する方へ）,https://www.city.tokyo-nakano.lg.jp/machizukuri/machizukuri/toshibosaifunenka.html,
中野区,district_plan,3,申込み方法,https://www.city.tokyo-nakano.lg.jp/machizukuri/machizukuri/toshibosaifunenka.html#moushikomi,都市防災不燃化促進事業（不燃化促進区域内で耐火建築物を建築する方、建築物を除却する方へ）,https://www.city.tokyo-nakano.lg.jp/machizukuri/machizukuri/toshibosaifunenka.html,
中野区,district_plan,3,お問合せ先,https://www.city.tokyo-nakano.lg.jp/machizukuri/machizukuri/toshibosaifunenka.html#toiawase,都市防災不燃化促進事業（不燃化促進区域内で耐火建築物を建築する方、建築物を除却する方へ）,https://www.city.tokyo-nakano.lg.jp/machizukuri/machizukuri/toshibosaifunenka.html,
中野区,district_plan,3,"若宮地区防災まちづくり協議会だより創刊号（ちらし版）（PDF形式：5,156KB）",https://www.city.tokyo-nakano.lg.jp/machizukuri/machizukuri/wakamiya-bosai.files/wakamiya-dayori-1_flyer.pdf,若宮地区の防災まちづくり,https://www.city.tokyo-nakano.lg.jp/machizukuri/machizukuri/wakamiya-bosai.html,
中野区,district_plan,3,"協議会だより（創刊号）（PDF形式：3,569KB）",https://www.city.tokyo-nakano.lg.jp/machizukuri/machizukuri/wakamiya-bosai.files/wakamiya-dayori-1_veiw.pdf,若宮地区の防災まちづくり,https://www.city.tokyo-nakano.lg.jp/machizukuri/machizukuri/wakamiya-bosai.html,
中野区,district_plan,3,"若宮地区防災まちづくり協議会だより第2号（ちらし版）（PDF形式：2,071KB）",https://www.city.tokyo-nakano.lg.jp/machizukuri/machizukuri/wakamiya-bosai.files/wakamiya-dayori-2_flyer.pdf,若宮地区の防災まちづくり,https://www.city.tokyo-nakano.lg.jp/machizukuri/machizukuri/wakamiya-bosai.html,
中野区,district_plan,3,"協議会だより（第2号）（PDF形式：2,159KB）",https://www.city.tokyo-nakano.lg.jp/machizukuri/machizukuri/wakamiya-bosai.files/wakamiya-dayori-2_veiw.pdf,若宮地区の防災まちづくり,https://www.city.tokyo-nakano.lg.jp/machizukuri/machizukuri/wakamiya-bosai.html,
中野区,district_plan,3,"若宮地区防災まちづくり協議会だより第3号（ちらし版）（PDF形式：1,610KB）",https://www.city.tokyo-nakano.lg.jp/machizukuri/machizukuri/wakamiya-bosai.files/wakamiya-dayori-3_flyer.pdf,若宮地区の防災まちづくり,https://www.city.tokyo-nakano.lg.jp/machizukuri/machizukuri/wakamiya-bosai.html,
中野区,district_plan,3,"協議会だより（第3号）（PDF形式：1,624KB）",https://www.city.tokyo-nakano.lg.jp/machizukuri/machizukuri/wakamiya-bosai.files/wakamiya-dayori-3_veiw.pdf,若宮地区の防災まちづくり,https://www.city.tokyo-nakano.lg.jp/machizukuri/machizukuri/wakamiya-bosai.html,
中野区,district_plan,3,"若宮地区防災まちづくり協議会だより第4号（ちらし版）（PDF形式：2,221KB）",https://www.city.tokyo-nakano.lg.jp/machizukuri/machizukuri/wakamiya-bosai.files/wakamiya-dayori-4_flyer.pdf,若宮地区の防災まちづくり,https://www.city.tokyo-nakano.lg.jp/machizukuri/machizukuri/wakamiya-bosai.html,
中野区,district_plan,3,"協議会だより（第4号）（PDF形式：1,472KB）",https://www.city.tokyo-nakano.lg.jp/machizukuri/machizukuri/wakamiya-bosai.files/wakamiya-dayori-4_veiw.pdf,若宮地区の防災まちづくり,https://www.city.tokyo-nakano.lg.jp/machizukuri/machizukuri/wakamiya-bosai.html,
中野区,district_plan,3,"若宮地区防災まちづくり協議会だより第5号（ちらし版）（PDF形式：1,615KB）",https://www.city.tokyo-nakano.lg.jp/machizukuri/machizukuri/wakamiya-bosai.files/wakamiya-dayori-5_flyer.pdf,若宮地区の防災まちづくり,https://www.city.tokyo-nakano.lg.jp/machizukuri/machizukuri/wakamiya-bosai.html,
中野区,district_plan,3,"協議会だより（第5号）（PDF形式：1,012KB）",https://www.city.tokyo-nakano.lg.jp/machizukuri/machizukuri/wakamiya-bosai.files/wakamiya-dayori-5_veiw.pdf,若宮地区の防災まちづくり,https://www.city.tokyo-nakano.lg.jp/machizukuri/machizukuri/wakamiya-bosai.html,
中野区,district_plan,3,"若宮地区防災まちづくり協議会だより第6号（ちらし版）（PDF形式：1,168KB）",https://www.city.tokyo-nakano.lg.jp/machizukuri/machizukuri/wakamiya-bosai.files/wakamiya-dayori-6_flyer.pdf,若宮地区の防災まちづくり,https://www.city.tokyo-nakano.lg.jp/machizukuri/machizukuri/wakamiya-bosai.html,
中野区,district_plan,3,"協議会だより（第6号）（PDF形式：1,224KB）",https://www.city.tokyo-nakano.lg.jp/machizukuri/machizukuri/wakamiya-bosai.files/wakamiya-dayori-6_veiw.pdf,若宮地区の防災まちづくり,https://www.city.tokyo-nakano.lg.jp/machizukuri/machizukuri/wakamiya-bosai.html,
中野区,district_plan,3,"若宮地区防災まちづくり協議会だより最終号（ちらし版）（PDF形式：2,594KB）",https://www.city.tokyo-nakano.lg.jp/machizukuri/machizukuri/wakamiya-bosai.files/wakamiya-dayori-7_flyer.pdf,若宮地区の防災まちづくり,https://www.city.tokyo-nakano.lg.jp/machizukuri/machizukuri/wakamiya-bosai.html,
中野区,district_plan,3,"協議会だより（最終号）（PDF形式：1,220KB）",https://www.city.tokyo-nakano.lg.jp/machizukuri/machizukuri/wakamiya-bosai.files/wakamiya-dayori-7_veiw.pdf,若宮地区の防災まちづくり,https://www.city.tokyo-nakano.lg.jp/machizukuri/machizukuri/wakamiya-bosai.html,
中野区,district_plan,3,"若宮地区防災まちづくり意見書（PDF形式：1,799KB）",https://www.city.tokyo-nakano.lg.jp/machizukuri/machizukuri/wakamiya-bosai.files/wakamiya-ikennsyo_veiw.pdf,若宮地区の防災まちづくり,https://www.city.tokyo-nakano.lg.jp/machizukuri/machizukuri/wakamiya-bosai.html,
中野区,district_plan,3,"若宮地区の防災まちづくり　~未来につなぐ、安全に暮らし続けられるまちへ~（PDF形式：1,571KB）",https://www.city.tokyo-nakano.lg.jp/machizukuri/machizukuri/wakamiya-bosai.files/wakamiya-mirai-.pdf,若宮地区の防災まちづくり,https://www.city.tokyo-nakano.lg.jp/machizukuri/machizukuri/wakamiya-bosai.html,
中野区,district_plan,3,メニューを飛ばして本文へ,https://www.city.tokyo-nakano.lg.jp/machizukuri/machizukuri/wakamiya-bosai.html#CONT,若宮地区の防災まちづくり,https://www.city.tokyo-nakano.lg.jp/machizukuri/machizukuri/wakamiya-bosai.html,
中野区,district_plan,3,,https://www.city.tokyo-nakano.lg.jp/machizukuri/machizukuri/wakamiya-bosai.html#PTOP,若宮地区の防災まちづくり,https://www.city.tokyo-nakano.lg.jp/machizukuri/machizukuri/wakamiya-bosai.html,
中野区,district_plan,3,（画像：54KB）,https://www.city.tokyo-nakano.lg.jp/machizukuri/machizukuri/wakamiya-bosai.images/008.jpg,若宮地区の防災まちづくり,https://www.city.tokyo-nakano.lg.jp/machizukuri/machizukuri/wakamiya-bosai.html,
中野区,district_plan,3,メニューを飛ばして本文へ,https://www.city.tokyo-nakano.lg.jp/machizukuri/machizukuri/yamatocyo/index.html#CONT,大和町地域のまちづくり,https://www.city.tokyo-nakano.lg.jp/machizukuri/machizukuri/yamatocyo/index.html,
中野区,district_plan,3,,https://www.city.tokyo-nakano.lg.jp/machizukuri/machizukuri/yamatocyo/index.html#PTOP,大和町地域のまちづくり,https://www.city.tokyo-nakano.lg.jp/machizukuri/machizukuri/yamatocyo/index.html,
中野区,district_plan,3,大和町まちづくりの会,https://www.city.tokyo-nakano.lg.jp/machizukuri/machizukuri/yamatocyo/machidukurinokai.html,大和町地域のまちづくり,https://www.city.tokyo-nakano.lg.jp/machizukuri/machizukuri/yamatocyo/index.html,
中野区,district_plan,3,大和町地域のまちづくりの取組み・補助制度を紹介します,https://www.city.tokyo-nakano.lg.jp/machizukuri/machizukuri/yamatocyo/yamatocyo.html,大和町地域のまちづくり,https://www.city.tokyo-nakano.lg.jp/machizukuri/machizukuri/yamatocyo/index.html,
中野区,district_plan,3,大和町まちづくり方針,https://www.city.tokyo-nakano.lg.jp/machizukuri/machizukuri/yamatocyo/yamatohoshin.html,大和町地域のまちづくり,https://www.city.tokyo-nakano.lg.jp/machizukuri/machizukuri/yamatocyo/index.html,
中野区,district_plan,3,【期間延長】大和町に移動スーパーがやってくる！,https://www.city.tokyo-nakano.lg.jp/machizukuri/machizukuri/yamatocyo/yamatoidousuper.html,まちづくりに関するお知らせ,https://www.city.tokyo-nakano.lg.jp/machizukuri/machizukuri/oshirase/index.html,
中野区,district_plan,3,地域説明会・意見交換会等（弥生町三丁目周辺地区）,https://www.city.tokyo-nakano.lg.jp/machizukuri/machizukuri/yayoicyo/chikisetsumeikai.html,弥生町地域のまちづくり,https://www.city.tokyo-nakano.lg.jp/machizukuri/machizukuri/yayoicyo/index.html,
中野区,district_plan,3,メニューを飛ばして本文へ,https://www.city.tokyo-nakano.lg.jp/machizukuri/machizukuri/yayoicyo/index.html#CONT,弥生町地域のまちづくり,https://www.city.tokyo-nakano.lg.jp/machizukuri/machizukuri/yayoicyo/index.html,
中野区,district_plan,3,,https://www.city.tokyo-nakano.lg.jp/machizukuri/machizukuri/yayoicyo/index.html#PTOP,弥生町地域のまちづくり,https://www.city.tokyo-nakano.lg.jp/machizukuri/machizukuri/yayoicyo/index.html,
中野区,district_plan,3,UR都市機構との防災まちづくり等に係る協定締結について,https://www.city.tokyo-nakano.lg.jp/machizukuri/machizukuri/yayoicyo/urtoshikiko.html,弥生町地域のまちづくり,https://www.city.tokyo-nakano.lg.jp/machizukuri/machizukuri/yayoicyo/index.html,
中野区,district_plan,3,弥生町一から四丁目地域防災まちづくりの基本的な考え方,https://www.city.tokyo-nakano.lg.jp/machizukuri/machizukuri/yayoicyo/yayoi1-4-bosai.html,弥生町地域のまちづくり,https://www.city.tokyo-nakano.lg.jp/machizukuri/machizukuri/yayoicyo/index.html,
中野区,district_plan,3,「弥生町三丁目周辺地区防災まちづくり事業計画」について,https://www.city.tokyo-nakano.lg.jp/machizukuri/machizukuri/yayoicyo/yayoi3-jigyokeikaku.html,弥生町地域のまちづくり,https://www.city.tokyo-nakano.lg.jp/machizukuri/machizukuri/yayoicyo/index.html,
中野区,district_plan,3,弥生町地域のまちづくり,https://www.city.tokyo-nakano.lg.jp/machizukuri/machizukuri/yayoicyo/yayoicyo.html,弥生町地域のまちづくり,https://www.city.tokyo-nakano.lg.jp/machizukuri/machizukuri/yayoicyo/index.html,
中野区,district_plan,3,中野区都市計画マスタープラン,https://www.city.tokyo-nakano.lg.jp/machizukuri/toshi/toshikeikaku/masterplan/masterplan-kaitei.html,若宮地区の防災まちづくり,https://www.city.tokyo-nakano.lg.jp/machizukuri/machizukuri/wakamiya-bosai.html,
中野区,hazard,1,防災・安全情報,https://www.city.tokyo-nakano.lg.jp/bosai/index.html,公式トップ,https://www.city.tokyo-nakano.lg.jp/,
中野区,hazard,2,中野区ハザードマップ,https://www.city.tokyo-nakano.lg.jp/bosai/hazardmap/hazardmap.html,防災・安全情報,https://www.city.tokyo-nakano.lg.jp/bosai/index.html,
中野区,hazard,2,ハザードマップ,https://www.city.tokyo-nakano.lg.jp/bosai/hazardmap/index.html,防災・安全情報,https://www.city.tokyo-nakano.lg.jp/bosai/index.html,
中野区,hazard,2,東日本大震災関連情報,https://www.city.tokyo-nakano.lg.jp/bosai/higashinihon-shinsai/index.html,防災・安全情報,https://www.city.tokyo-nakano.lg.jp/bosai/index.html,
中野区,hazard,2,震災時の避難所・広域避難場所,https://www.city.tokyo-nakano.lg.jp/bosai/hinanjyo/hinanjyo/index.html,防災・安全情報,https://www.city.tokyo-nakano.lg.jp/bosai/index.html,
中野区,hazard,2,避難所,https://www.city.tokyo-nakano.lg.jp/bosai/hinanjyo/index.html,防災・安全情報,https://www.city.tokyo-nakano.lg.jp/bosai/index.html,
中野区,hazard,2,メニューを飛ばして本文へ,https://www.city.tokyo-nakano.lg.jp/bosai/index.html#CONT,防災・安全情報,https://www.city.tokyo-nakano.lg.jp/bosai/index.html,
中野区,hazard,2,,https://www.city.tokyo-nakano.lg.jp/bosai/index.html#PTOP,防災・安全情報,https://www.city.tokyo-nakano.lg.jp/bosai/index.html,
中野区,hazard,2,中野区防災地図(中野の防災),https://www.city.tokyo-nakano.lg.jp/bosai/jishin-hassei/bosaichizu.html,防災・安全情報,https://www.city.tokyo-nakano.lg.jp/bosai/index.html,
中野区,hazard,2,地震が発生したとき,https://www.city.tokyo-nakano.lg.jp/bosai/jishin-hassei/index.html,防災・安全情報,https://www.city.tokyo-nakano.lg.jp/bosai/index.html,
中野区,hazard,2,地震発生時の行動,https://www.city.tokyo-nakano.lg.jp/bosai/jishin-hassei/jishin-hassei-kodo.html,防災・安全情報,https://www.city.tokyo-nakano.lg.jp/bosai/index.html,
中野区,hazard,2,り災証明書の発行を希望される方へ,https://www.city.tokyo-nakano.lg.jp/bosai/jishin-hassei/risaisyomei.html,防災・安全情報,https://www.city.tokyo-nakano.lg.jp/bosai/index.html,
中野区,hazard,2,地震に備える,https://www.city.tokyo-nakano.lg.jp/bosai/jishin-sonae/index.html,防災・安全情報,https://www.city.tokyo-nakano.lg.jp/bosai/index.html,
中野区,hazard,2,防災用品のあっせん,https://www.city.tokyo-nakano.lg.jp/bosai/jishin-sonae/jijyo-kyojyo/bosaiyohin.html,防災・安全情報,https://www.city.tokyo-nakano.lg.jp/bosai/index.html,
中野区,hazard,2,どんなことを準備したらいいの？,https://www.city.tokyo-nakano.lg.jp/bosai/jishin-sonae/jijyo-kyojyo/jizennojyunbi.html,防災・安全情報,https://www.city.tokyo-nakano.lg.jp/bosai/index.html,
中野区,hazard,2,集合住宅（アパート・マンション等）防災訓練,https://www.city.tokyo-nakano.lg.jp/bosai/jishin-sonae/jijyo-kyojyo/shugojutakubosai.html,防災・安全情報,https://www.city.tokyo-nakano.lg.jp/bosai/index.html,
中野区,hazard,2,帰宅困難者対策,https://www.city.tokyo-nakano.lg.jp/bosai/jishin-sonae/kitakukonnansya/index.html,防災・安全情報,https://www.city.tokyo-nakano.lg.jp/bosai/index.html,
中野区,hazard,2,緊急時の行動・問合せ先,https://www.city.tokyo-nakano.lg.jp/bosai/kinkyu/index.html,防災・安全情報,https://www.city.tokyo-nakano.lg.jp/bosai/index.html,
中野区,hazard,2,国民保護,https://www.city.tokyo-nakano.lg.jp/bosai/kokuminnhogo/index.html,防災・安全情報,https://www.city.tokyo-nakano.lg.jp/bosai/index.html,
中野区,hazard,2,火山災害への備え,https://www.city.tokyo-nakano.lg.jp/bosai/osirase/0237515020231116153836281.html,防災・安全情報,https://www.city.tokyo-nakano.lg.jp/bosai/index.html,
中野区,hazard,2,お知らせ一覧,https://www.city.tokyo-nakano.lg.jp/bosai/osirase/index.html,防災・安全情報,https://www.city.tokyo-nakano.lg.jp/bosai/index.html,
中野区,hazard,2,水防用土のうのご利用について,https://www.city.tokyo-nakano.lg.jp/bosai/suigai-hassei/dono.html,防災・安全情報,https://www.city.tokyo-nakano.lg.jp/bosai/index.html,
中野区,hazard,2,水害時の避難所,https://www.city.tokyo-nakano.lg.jp/bosai/suigai-hassei/hinanjyo.html,防災・安全情報,https://www.city.tokyo-nakano.lg.jp/bosai/index.html,
中野区,hazard,2,水害が発生したとき,https://www.city.tokyo-nakano.lg.jp/bosai/suigai-hassei/index.html,防災・安全情報,https://www.city.tokyo-nakano.lg.jp/bosai/index.html,
中野区,hazard,2,災害により被害を受けた方へ,https://www.city.tokyo-nakano.lg.jp/bosai/suigai-hassei/saigai.html,防災・安全情報,https://www.city.tokyo-nakano.lg.jp/bosai/index.html,
中野区,hazard,2,台風・集中豪雨発生時の行動,https://www.city.tokyo-nakano.lg.jp/bosai/suigai-hassei/taifu.html,防災・安全情報,https://www.city.tokyo-nakano.lg.jp/bosai/index.html,
中野区,hazard,2,水害に備える,https://www.city.tokyo-nakano.lg.jp/bosai/suigai-sonae/index.html,防災・安全情報,https://www.city.tokyo-nakano.lg.jp/bosai/index.html,
中野区,hazard,2,中野区民防災ハンドブック,https://www.city.tokyo-nakano.lg.jp/bosai/suigai-sonae/jijyo-kyojyo/bosaihandbook.html,防災・安全情報,https://www.city.tokyo-nakano.lg.jp/bosai/index.html,
中野区,hazard,2,どんなことを準備したらいいの？,https://www.city.tokyo-nakano.lg.jp/bosai/suigai-sonae/jijyo-kyojyo/suigainisonaete.html,防災・安全情報,https://www.city.tokyo-nakano.lg.jp/bosai/index.html,
中野区,hazard,2,雨量・河川の状況,https://www.city.tokyo-nakano.lg.jp/bosai/suigai-sonae/uryo/index.html,防災・安全情報,https://www.city.tokyo-nakano.lg.jp/bosai/index.html,
中野区,hazard,2,河川カメラ,https://www.city.tokyo-nakano.lg.jp/bosai/suigai-sonae/uryo/nakanokukasen.html,防災・安全情報,https://www.city.tokyo-nakano.lg.jp/bosai/index.html,
中野区,hazard,2,地震（じしん）が 起（お）きたとき,https://www.city.tokyo-nakano.lg.jp/bosai/yasashinihongo/jishingaokitatoki.html,防災・安全情報,https://www.city.tokyo-nakano.lg.jp/bosai/index.html,
中野区,hazard,2,地震（じしん）に 備（そな）えましょう,https://www.city.tokyo-nakano.lg.jp/bosai/yasashinihongo/jishinnisonaemasyo.html,防災・安全情報,https://www.city.tokyo-nakano.lg.jp/bosai/index.html,
中野区,hazard,2,台風（たいふう）や 大雨（おおあめ）に 備（そな）えましょう,https://www.city.tokyo-nakano.lg.jp/bosai/yasashinihongo/taidunisonaemasyo.html,防災・安全情報,https://www.city.tokyo-nakano.lg.jp/bosai/index.html,
中野区,hazard,2,台風（たいふう）や 大雨（おおあめ）が 来（き）たとき,https://www.city.tokyo-nakano.lg.jp/bosai/yasashinihongo/taifugakitatoki.html,防災・安全情報,https://www.city.tokyo-nakano.lg.jp/bosai/index.html,
中野区,hazard,2,耐震・防災,https://www.city.tokyo-nakano.lg.jp/machizukuri/kenchiku/taishin/index.html,まちづくり,https://www.city.tokyo-nakano.lg.jp/machizukuri/index.html,
中野区,hazard,2,木造住宅密集地域等における防災まちづくりの取り組みについて,https://www.city.tokyo-nakano.lg.jp/machizukuri/machizukuri/mokuzojutakumisshuchi.html,まちづくり,https://www.city.tokyo-nakano.lg.jp/machizukuri/index.html,
中野区,hazard,2,上高田一・二丁目及び三丁目周辺地区防災まちづくり,https://www.city.tokyo-nakano.lg.jp/machizukuri/machizukuri/seibushinjyukusen/araiyakushichiku/kamitakadabousai.html,まちづくり,https://www.city.tokyo-nakano.lg.jp/machizukuri/index.html,
中野区,hazard,2,都市防災不燃化促進事業（不燃化促進区域内で耐火建築物を建築する方、建築物を除却する方へ）,https://www.city.tokyo-nakano.lg.jp/machizukuri/machizukuri/toshibosaifunenka.html,まちづくり,https://www.city.tokyo-nakano.lg.jp/machizukuri/index.html,
中野区,hazard,2,若宮地区の防災まちづくり,https://www.city.tokyo-nakano.lg.jp/machizukuri/machizukuri/wakamiya-bosai.html,まちづくり,https://www.city.tokyo-nakano.lg.jp/machizukuri/index.html,
中野区,hazard,3,野方の避難所・広域避難場所,https://www.city.tokyo-nakano.lg.jp/bosai/hinanjyo/hinanjyo/nogata.html,若宮地区の防災まちづくり,https://www.city.tokyo-nakano.lg.jp/machizukuri/machizukuri/wakamiya-bosai.html,
中野区,hazard,3,防災街区整備地区計画の区域内における行為の変更届け出書,https://www.city.tokyo-nakano.lg.jp/kurashi/denshishinsei/machidukuri/machidukuri/bosaigaiku-henko.html,まちづくり,https://www.city.tokyo-nakano.lg.jp/machizukuri/machizukuri/index.html,
中野区,hazard,3,防災街区整備地区計画の区域内における行為の届け出書,https://www.city.tokyo-nakano.lg.jp/kurashi/denshishinsei/machidukuri/machidukuri/bosaigaiku.html,まちづくり,https://www.city.tokyo-nakano.lg.jp/machizukuri/machizukuri/index.html,
中野区,hazard,3,中野駅周辺におけるスマートな環境・防災都市づくり戦略について,https://www.city.tokyo-nakano.lg.jp/kusei/kousou/bunyabetsu/machizukuri/nakanoeki/gaiyo/smart.html,上高田一・二丁目及び三丁目周辺地区防災まちづくり,https://www.city.tokyo-nakano.lg.jp/machizukuri/machizukuri/seibushinjyukusen/araiyakushichiku/kamitakadabousai.html,
中野区,hazard,3,大和町防災まちづくり計画,https://www.city.tokyo-nakano.lg.jp/kusei/kousou/bunyabetsu/machizukuri/yamatochoubosai.html,大和町地域のまちづくり,https://www.city.tokyo-nakano.lg.jp/machizukuri/machizukuri/yamatocyo/index.html,
中野区,hazard,3,UR都市機構との大和町地区における防災まちづくりの推進に関する基本協定を締結しました,https://www.city.tokyo-nakano.lg.jp/kusei/kousou/seido/daigakuminkanrenkei/urtoshikiko-yamato.html,大和町地域のまちづくり,https://www.city.tokyo-nakano.lg.jp/machizukuri/machizukuri/yamatocyo/index.html,
中野区,hazard,3,南台一・二丁目地区防災街区整備地区計画,https://www.city.tokyo-nakano.lg.jp/machizukuri/machizukuri/chikukeikaku/minamidai1-2.html,地区計画によるまちづくり,https://www.city.tokyo-nakano.lg.jp/machizukuri/machizukuri/chikukeikaku/index.html,
中野区,hazard,3,上高田地区防災まちづくり 避難道路に関する説明会を開催しました！,https://www.city.tokyo-nakano.lg.jp/machizukuri/machizukuri/oshirase/kamitakada.html,まちづくりに関するお知らせ,https://www.city.tokyo-nakano.lg.jp/machizukuri/machizukuri/oshirase/index.html,
中野区,hazard,3,"「上高田一・二丁目及び三丁目周辺地区防災まちづくり提案書(地区全域編)」（PDF形式：5,260KB）",https://www.city.tokyo-nakano.lg.jp/machizukuri/machizukuri/seibushinjyukusen/araiyakushichiku/kamitakadabousai.files/21.pdf,上高田一・二丁目及び三丁目周辺地区防災まちづくり,https://www.city.tokyo-nakano.lg.jp/machizukuri/machizukuri/seibushinjyukusen/araiyakushichiku/kamitakadabousai.html,
中野区,hazard,3,"「上高田一・二丁目及び三丁目周辺地区防災まちづくり提案書(補助第220号線沿道編)」（PDF形式：10,203KB）",https://www.city.tokyo-nakano.lg.jp/machizukuri/machizukuri/seibushinjyukusen/araiyakushichiku/kamitakadabousai.files/5.pdf,上高田一・二丁目及び三丁目周辺地区防災まちづくり,https://www.city.tokyo-nakano.lg.jp/machizukuri/machizukuri/seibushinjyukusen/araiyakushichiku/kamitakadabousai.html,
中野区,hazard,3,"「上高田一・二丁目及び三丁目周辺地区防災まちづくり方針」（PDF形式：2,421KB）",https://www.city.tokyo-nakano.lg.jp/machizukuri/machizukuri/seibushinjyukusen/araiyakushichiku/kamitakadabousai.files/matidukurihoushin.pdf,上高田一・二丁目及び三丁目周辺地区防災まちづくり,https://www.city.tokyo-nakano.lg.jp/machizukuri/machizukuri/seibushinjyukusen/araiyakushichiku/kamitakadabousai.html,
中野区,hazard,3,防災まちづくり方針,https://www.city.tokyo-nakano.lg.jp/machizukuri/machizukuri/seibushinjyukusen/araiyakushichiku/kamitakadabousai.html#48C4D,上高田一・二丁目及び三丁目周辺地区防災まちづくり,https://www.city.tokyo-nakano.lg.jp/machizukuri/machizukuri/seibushinjyukusen/araiyakushichiku/kamitakadabousai.html,
中野区,hazard,3,防災まちづくりの検討,https://www.city.tokyo-nakano.lg.jp/machizukuri/machizukuri/seibushinjyukusen/araiyakushichiku/kamitakadabousai.html#bosaimatidukurinoken,上高田一・二丁目及び三丁目周辺地区防災まちづくり,https://www.city.tokyo-nakano.lg.jp/machizukuri/machizukuri/seibushinjyukusen/araiyakushichiku/kamitakadabousai.html,
中野区,hazard,3,除却助成金額表（PDF形式：15KB）,https://www.city.tokyo-nakano.lg.jp/machizukuri/machizukuri/toshibosaifunenka.files/jyokyakukingaku.pdf,都市防災不燃化促進事業（不燃化促進区域内で耐火建築物を建築する方、建築物を除却する方へ）,https://www.city.tokyo-nakano.lg.jp/machizukuri/machizukuri/toshibosaifunenka.html,
中野区,hazard,3,建築助成金額表（PDF形式：186KB）,https://www.city.tokyo-nakano.lg.jp/machizukuri/machizukuri/toshibosaifunenka.files/kentikukingaku.pdf,都市防災不燃化促進事業（不燃化促進区域内で耐火建築物を建築する方、建築物を除却する方へ）,https://www.city.tokyo-nakano.lg.jp/machizukuri/machizukuri/toshibosaifunenka.html,
中野区,hazard,3,"都市防災不燃化促進事業パンフレット（PDF形式：16,836KB）",https://www.city.tokyo-nakano.lg.jp/machizukuri/machizukuri/toshibosaifunenka.files/pamph.pdf,都市防災不燃化促進事業（不燃化促進区域内で耐火建築物を建築する方、建築物を除却する方へ）,https://www.city.tokyo-nakano.lg.jp/machizukuri/machizukuri/toshibosaifunenka.html,
中野区,hazard,3,中野区建築物不燃化促進助成に係る緑化基準（PDF形式：73KB）,https://www.city.tokyo-nakano.lg.jp/machizukuri/machizukuri/toshibosaifunenka.files/ryokuka.pdf,都市防災不燃化促進事業（不燃化促進区域内で耐火建築物を建築する方、建築物を除却する方へ）,https://www.city.tokyo-nakano.lg.jp/machizukuri/machizukuri/toshibosaifunenka.html,
中野区,hazard,3,メニューを飛ばして本文へ,https://www.city.tokyo-nakano.lg.jp/machizukuri/machizukuri/toshibosaifunenka.html#CONT,都市防災不燃化促進事業（不燃化促進区域内で耐火建築物を建築する方、建築物を除却する方へ）,https://www.city.tokyo-nakano.lg.jp/machizukuri/machizukuri/toshibosaifunenka.html,
中野区,hazard,3,,https://www.city.tokyo-nakano.lg.jp/machizukuri/machizukuri/toshibosaifunenka.html#PTOP,都市防災不燃化促進事業（不燃化促進区域内で耐火建築物を建築する方、建築物を除却する方へ）,https://www.city.tokyo-nakano.lg.jp/machizukuri/machizukuri/toshibosaifunenka.html,
中野区,hazard,3,不燃化促進区域（対象区域）及び助成期間,https://www.city.tokyo-nakano.lg.jp/machizukuri/machizukuri/toshibosaifunenka.html#hunenkasokusinkuiki,都市防災不燃化促進事業（不燃化促進区域内で耐火建築物を建築する方、建築物を除却する方へ）,https://www.city.tokyo-nakano.lg.jp/machizukuri/machizukuri/toshibosaifunenka.html,
中野区,hazard,3,古い建築物を除却する方への助成金,https://www.city.tokyo-nakano.lg.jp/machizukuri/machizukuri/toshibosaifunenka.html#jokyaku,都市防災不燃化促進事業（不燃化促進区域内で耐火建築物を建築する方、建築物を除却する方へ）,https://www.city.tokyo-nakano.lg.jp/machizukuri/machizukuri/toshibosaifunenka.html,
中野区,hazard,3,耐火建築物を建築する方への助成金,https://www.city.tokyo-nakano.lg.jp/machizukuri/machizukuri/toshibosaifunenka.html#kenchiku,都市防災不燃化促進事業（不燃化促進区域内で耐火建築物を建築する方、建築物を除却する方へ）,https://www.city.tokyo-nakano.lg.jp/machizukuri/machizukuri/toshibosaifunenka.html,
中野区,hazard,3,申込み方法,https://www.city.tokyo-nakano.lg.jp/machizukuri/machizukuri/toshibosaifunenka.html#moushikomi,都市防災不燃化促進事業（不燃化促進区域内で耐火建築物を建築する方、建築物を除却する方へ）,https://www.city.tokyo-nakano.lg.jp/machizukuri/machizukuri/toshibosaifunenka.html,
中野区,hazard,3,お問合せ先,https://www.city.tokyo-nakano.lg.jp/machizukuri/machizukuri/toshibosaifunenka.html#toiawase,都市防災不燃化促進事業（不燃化促進区域内で耐火建築物を建築する方、建築物を除却する方へ）,https://www.city.tokyo-nakano.lg.jp/machizukuri/machizukuri/toshibosaifunenka.html,
中野区,hazard,3,"若宮地区防災まちづくり協議会だより創刊号（ちらし版）（PDF形式：5,156KB）",https://www.city.tokyo-nakano.lg.jp/machizukuri/machizukuri/wakamiya-bosai.files/wakamiya-dayori-1_flyer.pdf,若宮地区の防災まちづくり,https://www.city.tokyo-nakano.lg.jp/machizukuri/machizukuri/wakamiya-bosai.html,
中野区,hazard,3,"協議会だより（創刊号）（PDF形式：3,569KB）",https://www.city.tokyo-nakano.lg.jp/machizukuri/machizukuri/wakamiya-bosai.files/wakamiya-dayori-1_veiw.pdf,若宮地区の防災まちづくり,https://www.city.tokyo-nakano.lg.jp/machizukuri/machizukuri/wakamiya-bosai.html,
中野区,hazard,3,"若宮地区防災まちづくり協議会だより第2号（ちらし版）（PDF形式：2,071KB）",https://www.city.tokyo-nakano.lg.jp/machizukuri/machizukuri/wakamiya-bosai.files/wakamiya-dayori-2_flyer.pdf,若宮地区の防災まちづくり,https://www.city.tokyo-nakano.lg.jp/machizukuri/machizukuri/wakamiya-bosai.html,
中野区,hazard,3,"協議会だより（第2号）（PDF形式：2,159KB）",https://www.city.tokyo-nakano.lg.jp/machizukuri/machizukuri/wakamiya-bosai.files/wakamiya-dayori-2_veiw.pdf,若宮地区の防災まちづくり,https://www.city.tokyo-nakano.lg.jp/machizukuri/machizukuri/wakamiya-bosai.html,
中野区,hazard,3,"若宮地区防災まちづくり協議会だより第3号（ちらし版）（PDF形式：1,610KB）",https://www.city.tokyo-nakano.lg.jp/machizukuri/machizukuri/wakamiya-bosai.files/wakamiya-dayori-3_flyer.pdf,若宮地区の防災まちづくり,https://www.city.tokyo-nakano.lg.jp/machizukuri/machizukuri/wakamiya-bosai.html,
中野区,hazard,3,"協議会だより（第3号）（PDF形式：1,624KB）",https://www.city.tokyo-nakano.lg.jp/machizukuri/machizukuri/wakamiya-bosai.files/wakamiya-dayori-3_veiw.pdf,若宮地区の防災まちづくり,https://www.city.tokyo-nakano.lg.jp/machizukuri/machizukuri/wakamiya-bosai.html,
中野区,hazard,3,"若宮地区防災まちづくり協議会だより第4号（ちらし版）（PDF形式：2,221KB）",https://www.city.tokyo-nakano.lg.jp/machizukuri/machizukuri/wakamiya-bosai.files/wakamiya-dayori-4_flyer.pdf,若宮地区の防災まちづくり,https://www.city.tokyo-nakano.lg.jp/machizukuri/machizukuri/wakamiya-bosai.html,
中野区,hazard,3,"協議会だより（第4号）（PDF形式：1,472KB）",https://www.city.tokyo-nakano.lg.jp/machizukuri/machizukuri/wakamiya-bosai.files/wakamiya-dayori-4_veiw.pdf,若宮地区の防災まちづくり,https://www.city.tokyo-nakano.lg.jp/machizukuri/machizukuri/wakamiya-bosai.html,
中野区,hazard,3,"若宮地区防災まちづくり協議会だより第5号（ちらし版）（PDF形式：1,615KB）",https://www.city.tokyo-nakano.lg.jp/machizukuri/machizukuri/wakamiya-bosai.files/wakamiya-dayori-5_flyer.pdf,若宮地区の防災まちづくり,https://www.city.tokyo-nakano.lg.jp/machizukuri/machizukuri/wakamiya-bosai.html,
中野区,hazard,3,"協議会だより（第5号）（PDF形式：1,012KB）",https://www.city.tokyo-nakano.lg.jp/machizukuri/machizukuri/wakamiya-bosai.files/wakamiya-dayori-5_veiw.pdf,若宮地区の防災まちづくり,https://www.city.tokyo-nakano.lg.jp/machizukuri/machizukuri/wakamiya-bosai.html,
中野区,hazard,3,"若宮地区防災まちづくり協議会だより第6号（ちらし版）（PDF形式：1,168KB）",https://www.city.tokyo-nakano.lg.jp/machizukuri/machizukuri/wakamiya-bosai.files/wakamiya-dayori-6_flyer.pdf,若宮地区の防災まちづくり,https://www.city.tokyo-nakano.lg.jp/machizukuri/machizukuri/wakamiya-bosai.html,
中野区,hazard,3,"協議会だより（第6号）（PDF形式：1,224KB）",https://www.city.tokyo-nakano.lg.jp/machizukuri/machizukuri/wakamiya-bosai.files/wakamiya-dayori-6_veiw.pdf,若宮地区の防災まちづくり,https://www.city.tokyo-nakano.lg.jp/machizukuri/machizukuri/wakamiya-bosai.html,
中野区,hazard,3,"若宮地区防災まちづくり協議会だより最終号（ちらし版）（PDF形式：2,594KB）",https://www.city.tokyo-nakano.lg.jp/machizukuri/machizukuri/wakamiya-bosai.files/wakamiya-dayori-7_flyer.pdf,若宮地区の防災まちづくり,https://www.city.tokyo-nakano.lg.jp/machizukuri/machizukuri/wakamiya-bosai.html,
中野区,hazard,3,"協議会だより（最終号）（PDF形式：1,220KB）",https://www.city.tokyo-nakano.lg.jp/machizukuri/machizukuri/wakamiya-bosai.files/wakamiya-dayori-7_veiw.pdf,若宮地区の防災まちづくり,https://www.city.tokyo-nakano.lg.jp/machizukuri/machizukuri/wakamiya-bosai.html,
中野区,hazard,3,"若宮地区防災まちづくり意見書（PDF形式：1,799KB）",https://www.city.tokyo-nakano.lg.jp/machizukuri/machizukuri/wakamiya-bosai.files/wakamiya-ikennsyo_veiw.pdf,若宮地区の防災まちづくり,https://www.city.tokyo-nakano.lg.jp/machizukuri/machizukuri/wakamiya-bosai.html,
中野区,hazard,3,"若宮地区の防災まちづくり　~未来につなぐ、安全に暮らし続けられるまちへ~（PDF形式：1,571KB）",https://www.city.tokyo-nakano.lg.jp/machizukuri/machizukuri/wakamiya-bosai.files/wakamiya-mirai-.pdf,若宮地区の防災まちづくり,https://www.city.tokyo-nakano.lg.jp/machizukuri/machizukuri/wakamiya-bosai.html,
中野区,hazard,3,メニューを飛ばして本文へ,https://www.city.tokyo-nakano.lg.jp/machizukuri/machizukuri/wakamiya-bosai.html#CONT,若宮地区の防災まちづくり,https://www.city.tokyo-nakano.lg.jp/machizukuri/machizukuri/wakamiya-bosai.html,
中野区,hazard,3,,https://www.city.tokyo-nakano.lg.jp/machizukuri/machizukuri/wakamiya-bosai.html#PTOP,若宮地区の防災まちづくり,https://www.city.tokyo-nakano.lg.jp/machizukuri/machizukuri/wakamiya-bosai.html,
中野区,hazard,3,（画像：54KB）,https://www.city.tokyo-nakano.lg.jp/machizukuri/machizukuri/wakamiya-bosai.images/008.jpg,若宮地区の防災まちづくり,https://www.city.tokyo-nakano.lg.jp/machizukuri/machizukuri/wakamiya-bosai.html,
中野区,hazard,3,UR都市機構との防災まちづくり等に係る協定締結について,https://www.city.tokyo-nakano.lg.jp/machizukuri/machizukuri/yayoicyo/urtoshikiko.html,弥生町地域のまちづくり,https://www.city.tokyo-nakano.lg.jp/machizukuri/machizukuri/yayoicyo/index.html,
中野区,hazard,3,弥生町一から四丁目地域防災まちづくりの基本的な考え方,https://www.city.tokyo-nakano.lg.jp/machizukuri/machizukuri/yayoicyo/yayoi1-4-bosai.html,弥生町地域のまちづくり,https://www.city.tokyo-nakano.lg.jp/machizukuri/machizukuri/yayoicyo/index.html,
中野区,hazard,3,「弥生町三丁目周辺地区防災まちづくり事業計画」について,https://www.city.tokyo-nakano.lg.jp/machizukuri/machizukuri/yayoicyo/yayoi3-jigyokeikaku.html,弥生町地域のまちづくり,https://www.city.tokyo-nakano.lg.jp/machizukuri/machizukuri/yayoicyo/index.html,
中野区,road,2,河川カメラ,https://www.city.tokyo-nakano.lg.jp/bosai/suigai-sonae/uryo/nakanokukasen.html,防災・安全情報,https://www.city.tokyo-nakano.lg.jp/bosai/index.html,
中野区,road,2,安心して歩ける安全な道路環境をつくりましょう,https://www.city.tokyo-nakano.lg.jp/machizukuri/douro/anshinshitearukeru.html,まちづくり,https://www.city.tokyo-nakano.lg.jp/machizukuri/index.html,
中野区,road,2,公共の場所での「歩きたばこ」はやめましょう！　中野駅周辺は路上喫煙禁止地区です。,https://www.city.tokyo-nakano.lg.jp/machizukuri/douro/arukitabako.html,まちづくり,https://www.city.tokyo-nakano.lg.jp/machizukuri/index.html,
中野区,road,2,道路法第37条に基づく電柱等の新設禁止について,https://www.city.tokyo-nakano.lg.jp/machizukuri/douro/dai37.html,まちづくり,https://www.city.tokyo-nakano.lg.jp/machizukuri/index.html,
中野区,road,2,道路の愛称,https://www.city.tokyo-nakano.lg.jp/machizukuri/douro/doro-aisyo.html,まちづくり,https://www.city.tokyo-nakano.lg.jp/machizukuri/index.html,
中野区,road,2,公共基準点について,https://www.city.tokyo-nakano.lg.jp/machizukuri/douro/doro18.html,まちづくり,https://www.city.tokyo-nakano.lg.jp/machizukuri/index.html,
中野区,road,2,道路管理課・道路建設課窓口案内,https://www.city.tokyo-nakano.lg.jp/machizukuri/douro/dorokamadoguchi.html,まちづくり,https://www.city.tokyo-nakano.lg.jp/machizukuri/index.html,
中野区,road,2,補修・修繕・工事,https://www.city.tokyo-nakano.lg.jp/machizukuri/douro/hosyu/index.html,まちづくり,https://www.city.tokyo-nakano.lg.jp/machizukuri/index.html,
中野区,road,2,道路・河川,https://www.city.tokyo-nakano.lg.jp/machizukuri/douro/index.html,まちづくり,https://www.city.tokyo-nakano.lg.jp/machizukuri/index.html,
中野区,road,2,河川,https://www.city.tokyo-nakano.lg.jp/machizukuri/douro/kasen/index.html,まちづくり,https://www.city.tokyo-nakano.lg.jp/machizukuri/index.html,
中野区,road,2,中野駅北口東西連絡路下喫煙所の一時利用停止のお知らせ,https://www.city.tokyo-nakano.lg.jp/machizukuri/douro/kitsuenjo-kouji.html,まちづくり,https://www.city.tokyo-nakano.lg.jp/machizukuri/index.html,
中野区,road,2,中野駅周辺の喫煙所について,https://www.city.tokyo-nakano.lg.jp/machizukuri/douro/kitsuenjyo.html,まちづくり,https://www.city.tokyo-nakano.lg.jp/machizukuri/index.html,
中野区,road,2,道路の愛称名は、『中野四季の森通り』に決定しました！,https://www.city.tokyo-nakano.lg.jp/machizukuri/douro/kudouaisyou.html,まちづくり,https://www.city.tokyo-nakano.lg.jp/machizukuri/index.html,
中野区,road,2,道路管理課・道路建設課の窓口混雑予想について,https://www.city.tokyo-nakano.lg.jp/machizukuri/douro/madoguchikonzatsu.html,まちづくり,https://www.city.tokyo-nakano.lg.jp/machizukuri/index.html,
中野区,road,2,相談・お問い合わせ,https://www.city.tokyo-nakano.lg.jp/machizukuri/douro/otoiawase/index.html,まちづくり,https://www.city.tokyo-nakano.lg.jp/machizukuri/index.html,
中野区,road,2,申請,https://www.city.tokyo-nakano.lg.jp/machizukuri/douro/shinsei/index.html,まちづくり,https://www.city.tokyo-nakano.lg.jp/machizukuri/index.html,
中野区,road,2,点検結果,https://www.city.tokyo-nakano.lg.jp/machizukuri/douro/tenkenkekka/index.html,まちづくり,https://www.city.tokyo-nakano.lg.jp/machizukuri/index.html,
中野区,road,2,狭あい道路の拡幅整備事業（2項道路等に面して建築するとき）,https://www.city.tokyo-nakano.lg.jp/machizukuri/kenchiku/kyoai.html,まちづくり,https://www.city.tokyo-nakano.lg.jp/machizukuri/index.html,
中野区,road,3,メニューを飛ばして本文へ,https://www.city.tokyo-nakano.lg.jp/machizukuri/douro/kitsuenjo-kouji.html#CONT,中野駅北口東西連絡路下喫煙所の一時利用停止のお知らせ,https://www.city.tokyo-nakano.lg.jp/machizukuri/douro/kitsuenjo-kouji.html,
中野区,road,3,,https://www.city.tokyo-nakano.lg.jp/machizukuri/douro/kitsuenjo-kouji.html#PTOP,中野駅北口東西連絡路下喫煙所の一時利用停止のお知らせ,https://www.city.tokyo-nakano.lg.jp/machizukuri/douro/kitsuenjo-kouji.html,
中野区,road,3,地区施設道路（拡幅予定道路）部分を所有されている方へ,https://www.city.tokyo-nakano.lg.jp/machizukuri/machizukuri/chikukeikaku/chikushisetsudoro/index.html,地区計画によるまちづくり,https://www.city.tokyo-nakano.lg.jp/machizukuri/machizukuri/chikukeikaku/index.html,
中野区,road,3,旧中野区役所・中野サンプラザの間の道路を一部封鎖します,https://www.city.tokyo-nakano.lg.jp/machizukuri/machizukuri/nakanoekisyuhen/oshirase/20241220.html,中野駅ホームドア供用開始日について,https://www.city.tokyo-nakano.lg.jp/machizukuri/machizukuri/nakanoekisyuhen/oshirase/hoomudoaosirase.html,
中野区,road,3,旧区役所及び中野サンプラザ南側道路の車道部を閉鎖いたしました,https://www.city.tokyo-nakano.lg.jp/machizukuri/machizukuri/nakanoekisyuhen/oshirase/syadoubuheisa.html,中野駅ホームドア供用開始日について,https://www.city.tokyo-nakano.lg.jp/machizukuri/machizukuri/nakanoekisyuhen/oshirase/hoomudoaosirase.html,
中野区,road,3,避難道路6号が開通しました！（弥生町三丁目）,https://www.city.tokyo-nakano.lg.jp/machizukuri/machizukuri/oshirase/hinandoro6gou.html,まちづくりに関するお知らせ,https://www.city.tokyo-nakano.lg.jp/machizukuri/machizukuri/oshirase/index.html,
中野区,road,3,上高田地区防災まちづくり 避難道路に関する説明会を開催しました！,https://www.city.tokyo-nakano.lg.jp/machizukuri/machizukuri/oshirase/kamitakada.html,まちづくりに関するお知らせ,https://www.city.tokyo-nakano.lg.jp/machizukuri/machizukuri/oshirase/index.html,
中野区,road,3,東京都市計画道路幹線街路補助線街路第220号線（早稲田通りから新青梅街道区間）について,https://www.city.tokyo-nakano.lg.jp/machizukuri/machizukuri/seibushinjyukusen/araiyakushichiku/220gosen.html,上高田一・二丁目及び三丁目周辺地区防災まちづくり,https://www.city.tokyo-nakano.lg.jp/machizukuri/machizukuri/seibushinjyukusen/araiyakushichiku/kamitakadabousai.html,
中野区,road,3,避難道路に関する説明会,https://www.city.tokyo-nakano.lg.jp/machizukuri/machizukuri/seibushinjyukusen/araiyakushichiku/kamitakadabousai.html#BF25C,上高田一・二丁目及び三丁目周辺地区防災まちづくり,https://www.city.tokyo-nakano.lg.jp/machizukuri/machizukuri/seibushinjyukusen/araiyakushichiku/kamitakadabousai.html,
中野区,road,3,避難道路に関するアンケート調査,https://www.city.tokyo-nakano.lg.jp/machizukuri/machizukuri/seibushinjyukusen/araiyakushichiku/kamitakadabousai.html#DC25B,上高田一・二丁目及び三丁目周辺地区防災まちづくり,https://www.city.tokyo-nakano.lg.jp/machizukuri/machizukuri/seibushinjyukusen/araiyakushichiku/kamitakadabousai.html,
中野区,road,3,東京都市計画道路区画街路中野区画街路第3号線について,https://www.city.tokyo-nakano.lg.jp/machizukuri/machizukuri/seibushinjyukusen/araiyakushichiku/tokyotoshikeikaku.html,上高田一・二丁目及び三丁目周辺地区防災まちづくり,https://www.city.tokyo-nakano.lg.jp/machizukuri/machizukuri/seibushinjyukusen/araiyakushichiku/kamitakadabousai.html,
中野区,road,3,土地収用法施行規則第13条に基づく周知措置（東京都市計画道路事業幹線街路補助線街路第220号線（2期区間））,https://www.city.tokyo-nakano.lg.jp/machizukuri/machizukuri/seibushinjyukusen/araiyakushichiku/totisyuuyouhousyuuti2202.html,上高田一・二丁目及び三丁目周辺地区防災まちづくり,https://www.city.tokyo-nakano.lg.jp/machizukuri/machizukuri/seibushinjyukusen/araiyakushichiku/kamitakadabousai.html,
北区,building_guidance,1,建築,https://www.city.kita.tokyo.jp/dev-environment/construction/index.html,公式トップ,https://www.city.kita.tokyo.jp/,
北区,district_plan,1,まちづくり・環境 トップ,https://www.city.kita.tokyo.jp/dev-environment/index.html,公式トップ,https://www.city.kita.tokyo.jp/,
北区,district_plan,1,都市計画・まちづくり,https://www.city.kita.tokyo.jp/dev-environment/planning/index.html,公式トップ,https://www.city.kita.tokyo.jp/,
北区,hazard,1,防災・災害対策,https://www.city.kita.tokyo.jp/safety/disaster/index.html,公式トップ,https://www.city.kita.tokyo.jp/,
北区,hazard,1,防災・安全 トップ,https://www.city.kita.tokyo.jp/safety/index.html,公式トップ,https://www.city.kita.tokyo.jp/,
北区,road,1,道路・橋梁,https://www.city.kita.tokyo.jp/dev-environment/roads/index.html,公式トップ,https://www.city.kita.tokyo.jp/,
千代田区,district_plan,1,まちづくり・環境,https://www.city.chiyoda.lg.jp/machizukuri/index.html,公式トップ,https://www.city.chiyoda.lg.jp/,
千代田区,district_plan,2,ページの先頭へ戻る,https://www.city.chiyoda.lg.jp/machizukuri/index.html#tmp_header,まちづくり・環境,https://www.city.chiyoda.lg.jp/machizukuri/index.html,
千代田区,district_plan,2,本文へスキップします。,https://www.city.chiyoda.lg.jp/machizukuri/index.html#tmp_honbun,まちづくり・環境,https://www.city.chiyoda.lg.jp/machizukuri/index.html,
台東区,building_guidance,1,あさがお展示会・あさがおコンテストを開催します,https://www.city.taito.lg.jp/kenchiku/hanamidori/ryokukasuishin/r5asagaotenji.html,公式トップ,https://www.city.taito.lg.jp/,
台東区,building_guidance,1,グリーン・リーダー「今年度の主な活動」を更新しました,https://www.city.taito.lg.jp/kenchiku/hanamidori/ryokukasuishin/reiwa8.html,公式トップ,https://www.city.taito.lg.jp/,
台東区,building_guidance,1,,https://www.city.taito.lg.jp/kenchiku/index.html,公式トップ,https://www.city.taito.lg.jp/,
台東区,building_guidance,1,5月は自転車月間です〜自転車保険の加入と自転車の点検・整備を〜,https://www.city.taito.lg.jp/kenchiku/kotsu/kotsuanzen/TS-mark.html,公式トップ,https://www.city.taito.lg.jp/,
台東区,building_guidance,1,めぐりん,https://www.city.taito.lg.jp/kenchiku/kotsu/megurin/index.html,公式トップ,https://www.city.taito.lg.jp/,
台東区,building_guidance,1,三社祭、小野照崎神社大祭、吉原神社例大祭に伴うめぐりんの迂回運行のお知らせ（5月16日及び17日）,https://www.city.taito.lg.jp/kenchiku/kotsu/megurin/ukai/2025sanjaukai.html,公式トップ,https://www.city.taito.lg.jp/,
台東区,building_guidance,1,公衆喫煙所ウェブマップ,https://www.city.taito.lg.jp/kenchiku/machibika/kosyu/webmap.html,公式トップ,https://www.city.taito.lg.jp/,
台東区,building_guidance,2,被災建築物応急危険度判定,https://www.city.taito.lg.jp/bosai/taisaku/kikendohantei/index.html,,https://www.city.taito.lg.jp/bosai/index.html,
台東区,building_guidance,2,道路の管理,https://www.city.taito.lg.jp/kenchiku/doro2/doro/index.html,,https://www.city.taito.lg.jp/kenchiku/index.html,
台東区,building_guidance,2,道路工事,https://www.city.taito.lg.jp/kenchiku/doro2/doroijihoshu/index.html,,https://www.city.taito.lg.jp/kenchiku/index.html,
台東区,building_guidance,2,標準構造図集,https://www.city.taito.lg.jp/kenchiku/doro2/hyoujunkouzouzu/index.html,,https://www.city.taito.lg.jp/kenchiku/index.html,
台東区,building_guidance,2,道路,https://www.city.taito.lg.jp/kenchiku/doro2/index.html,,https://www.city.taito.lg.jp/kenchiku/index.html,
台東区,building_guidance,2,道路に関する計画,https://www.city.taito.lg.jp/kenchiku/doro2/keikaku/index.html,,https://www.city.taito.lg.jp/kenchiku/index.html,
台東区,building_guidance,2,無電柱化の推進,https://www.city.taito.lg.jp/kenchiku/doro2/mudentyuu/index.html,,https://www.city.taito.lg.jp/kenchiku/index.html,
台東区,building_guidance,2,私道整備助成,https://www.city.taito.lg.jp/kenchiku/doro2/sidouseibi/index.html,,https://www.city.taito.lg.jp/kenchiku/index.html,
台東区,building_guidance,2,防災船着き場,https://www.city.taito.lg.jp/kenchiku/funatukiba/bosaihunatsukiba/index.html,,https://www.city.taito.lg.jp/kenchiku/index.html,
台東区,building_guidance,2,船着き場,https://www.city.taito.lg.jp/kenchiku/funatukiba/index.html,,https://www.city.taito.lg.jp/kenchiku/index.html,
台東区,building_guidance,2,道路のみどり,https://www.city.taito.lg.jp/kenchiku/hanamidori/doronomidori/index.html,,https://www.city.taito.lg.jp/kenchiku/index.html,
台東区,building_guidance,2,花の心プロジェクト,https://www.city.taito.lg.jp/kenchiku/hanamidori/hananokokoro/index.html,,https://www.city.taito.lg.jp/kenchiku/index.html,
台東区,building_guidance,2,花とみどり,https://www.city.taito.lg.jp/kenchiku/hanamidori/index.html,,https://www.city.taito.lg.jp/kenchiku/index.html,
台東区,building_guidance,2,花とみどりに関する各種助成制度,https://www.city.taito.lg.jp/kenchiku/hanamidori/joseiseido/index.html,,https://www.city.taito.lg.jp/kenchiku/index.html,
台東区,building_guidance,2,花とみどりに関する計画・方針,https://www.city.taito.lg.jp/kenchiku/hanamidori/keikaku/index.html,,https://www.city.taito.lg.jp/kenchiku/index.html,
台東区,building_guidance,2,台東区の公園,https://www.city.taito.lg.jp/kenchiku/hanamidori/koen/index.html,,https://www.city.taito.lg.jp/kenchiku/index.html,
台東区,building_guidance,2,本庁舎屋上モデルガーデンの出展企業を募集しています,https://www.city.taito.lg.jp/kenchiku/hanamidori/ryokukasuishin/03420130111111623073.html,あさがお展示会・あさがおコンテストを開催します,https://www.city.taito.lg.jp/kenchiku/hanamidori/ryokukasuishin/r5asagaotenji.html,
台東区,building_guidance,2,花とみどりのコンテストを開催します,https://www.city.taito.lg.jp/kenchiku/hanamidori/ryokukasuishin/202306.html,あさがお展示会・あさがおコンテストを開催します,https://www.city.taito.lg.jp/kenchiku/hanamidori/ryokukasuishin/r5asagaotenji.html,
台東区,building_guidance,2,花とみどりの園芸講習会「あさがお講習会」（全4講座）,https://www.city.taito.lg.jp/kenchiku/hanamidori/ryokukasuishin/asagaokoshu.html,あさがお展示会・あさがおコンテストを開催します,https://www.city.taito.lg.jp/kenchiku/hanamidori/ryokukasuishin/r5asagaotenji.html,
台東区,building_guidance,2,区の花「あさがお」の育て方,https://www.city.taito.lg.jp/kenchiku/hanamidori/ryokukasuishin/asagaonosodatekata.html,あさがお展示会・あさがおコンテストを開催します,https://www.city.taito.lg.jp/kenchiku/hanamidori/ryokukasuishin/r5asagaotenji.html,
台東区,building_guidance,2,令和7年度花とみどりのコンテスト受賞者決定,https://www.city.taito.lg.jp/kenchiku/hanamidori/ryokukasuishin/contest.html,あさがお展示会・あさがおコンテストを開催します,https://www.city.taito.lg.jp/kenchiku/hanamidori/ryokukasuishin/r5asagaotenji.html,
台東区,building_guidance,2,グリーン・リーダー 令和8年度以前の活動について,https://www.city.taito.lg.jp/kenchiku/hanamidori/ryokukasuishin/green-leader.html,あさがお展示会・あさがおコンテストを開催します,https://www.city.taito.lg.jp/kenchiku/hanamidori/ryokukasuishin/r5asagaotenji.html,
台東区,building_guidance,2,保護樹木制度,https://www.city.taito.lg.jp/kenchiku/hanamidori/ryokukasuishin/hogojumoku-seido.html,あさがお展示会・あさがおコンテストを開催します,https://www.city.taito.lg.jp/kenchiku/hanamidori/ryokukasuishin/r5asagaotenji.html,
台東区,building_guidance,2,台東区庁舎屋上ガーデン・壁面緑化モデル,https://www.city.taito.lg.jp/kenchiku/hanamidori/ryokukasuishin/ikoino-garden.html,あさがお展示会・あさがおコンテストを開催します,https://www.city.taito.lg.jp/kenchiku/hanamidori/ryokukasuishin/r5asagaotenji.html,
台東区,building_guidance,2,緑化推進,https://www.city.taito.lg.jp/kenchiku/hanamidori/ryokukasuishin/index.html,,https://www.city.taito.lg.jp/kenchiku/index.html,
台東区,building_guidance,2,園芸講習会～野菜や花を育てる～「コンテナガーデンを楽しもう」,https://www.city.taito.lg.jp/kenchiku/hanamidori/ryokukasuishin/kontenagarden.html,あさがお展示会・あさがおコンテストを開催します,https://www.city.taito.lg.jp/kenchiku/hanamidori/ryokukasuishin/r5asagaotenji.html,
台東区,building_guidance,2,このページの本文へ移動,https://www.city.taito.lg.jp/kenchiku/hanamidori/ryokukasuishin/r5asagaotenji.html#CONT,あさがお展示会・あさがおコンテストを開催します,https://www.city.taito.lg.jp/kenchiku/hanamidori/ryokukasuishin/r5asagaotenji.html,
台東区,building_guidance,2,,https://www.city.taito.lg.jp/kenchiku/hanamidori/ryokukasuishin/r5asagaotenji.html#PTOP,あさがお展示会・あさがおコンテストを開催します,https://www.city.taito.lg.jp/kenchiku/hanamidori/ryokukasuishin/r5asagaotenji.html,
台東区,building_guidance,2,このページの本文へ移動,https://www.city.taito.lg.jp/kenchiku/hanamidori/ryokukasuishin/reiwa8.html#CONT,グリーン・リーダー「今年度の主な活動」を更新しました,https://www.city.taito.lg.jp/kenchiku/hanamidori/ryokukasuishin/reiwa8.html,
台東区,building_guidance,2,,https://www.city.taito.lg.jp/kenchiku/hanamidori/ryokukasuishin/reiwa8.html#PTOP,グリーン・リーダー「今年度の主な活動」を更新しました,https://www.city.taito.lg.jp/kenchiku/hanamidori/ryokukasuishin/reiwa8.html,
台東区,building_guidance,2,このページの本文へ移動,https://www.city.taito.lg.jp/kenchiku/index.html#CONT,,https://www.city.taito.lg.jp/kenchiku/index.html,
台東区,building_guidance,2,,https://www.city.taito.lg.jp/kenchiku/index.html#PTOP,,https://www.city.taito.lg.jp/kenchiku/index.html,
台東区,building_guidance,2,10月から放置自転車対策の強化と自転車駐車場をより利用しやすくします,https://www.city.taito.lg.jp/kenchiku/jitensha/20250905.html,,https://www.city.taito.lg.jp/kenchiku/index.html,
台東区,building_guidance,2,放置自転車対策,https://www.city.taito.lg.jp/kenchiku/jitensha/hochijitensha/index.html,,https://www.city.taito.lg.jp/kenchiku/index.html,
台東区,building_guidance,2,自転車対策,https://www.city.taito.lg.jp/kenchiku/jitensha/index.html,,https://www.city.taito.lg.jp/kenchiku/index.html,
台東区,building_guidance,2,駐輪場,https://www.city.taito.lg.jp/kenchiku/jitensha/parking/index.html,,https://www.city.taito.lg.jp/kenchiku/index.html,
台東区,building_guidance,2,コミュニティサイクル・レンタサイクル,https://www.city.taito.lg.jp/kenchiku/jitensha/rental/index.html,,https://www.city.taito.lg.jp/kenchiku/index.html,
台東区,building_guidance,2,空き家対策,https://www.city.taito.lg.jp/kenchiku/jutaku/akiya/index.html,,https://www.city.taito.lg.jp/kenchiku/index.html,
台東区,building_guidance,2,環境衛生・飲み水・住まい・特定建築物の衛生,https://www.city.taito.lg.jp/kenchiku/jutaku/eisei/index.html,,https://www.city.taito.lg.jp/kenchiku/index.html,
台東区,building_guidance,2,住まい・建築・区施設整備,https://www.city.taito.lg.jp/kenchiku/jutaku/index.html,,https://www.city.taito.lg.jp/kenchiku/index.html,
台東区,building_guidance,2,建築,https://www.city.taito.lg.jp/kenchiku/jutaku/kenchiku/index.html,,https://www.city.taito.lg.jp/kenchiku/index.html,
台東区,building_guidance,2,盛土規制法に基づく規制,https://www.city.taito.lg.jp/kenchiku/jutaku/moridokisei/index.html,,https://www.city.taito.lg.jp/kenchiku/index.html,
台東区,building_guidance,2,お知らせ,https://www.city.taito.lg.jp/kenchiku/jutaku/oshirase/index.html,,https://www.city.taito.lg.jp/kenchiku/index.html,
台東区,building_guidance,2,区有施設の整備,https://www.city.taito.lg.jp/kenchiku/jutaku/seibi/index.html,,https://www.city.taito.lg.jp/kenchiku/index.html,
台東区,building_guidance,2,住まい,https://www.city.taito.lg.jp/kenchiku/jutaku/sumai/index.html,,https://www.city.taito.lg.jp/kenchiku/index.html,
台東区,building_guidance,2,住まい・建築に関する計画・方針等,https://www.city.taito.lg.jp/kenchiku/jutaku/sumaikeikaku/index.html,,https://www.city.taito.lg.jp/kenchiku/index.html,
台東区,building_guidance,2,耐震支援,https://www.city.taito.lg.jp/kenchiku/jutaku/taishinsien/index.html,,https://www.city.taito.lg.jp/kenchiku/index.html,
台東区,building_guidance,2,耐震・アスベスト対策,https://www.city.taito.lg.jp/kenchiku/jutaku/taishinsien/taishin/index.html,,https://www.city.taito.lg.jp/bosai/index.html,
台東区,building_guidance,2,省エネルギー・再生可能エネルギーの普及促進,https://www.city.taito.lg.jp/kenchiku/kankyo/hukyusokushin/index.html,,https://www.city.taito.lg.jp/kenchiku/index.html,
台東区,building_guidance,2,環境学習・環境行動,https://www.city.taito.lg.jp/kenchiku/kankyo/index.html,,https://www.city.taito.lg.jp/kenchiku/index.html,
台東区,building_guidance,2,環境に関する各種助成制度,https://www.city.taito.lg.jp/kenchiku/kankyo/jyoseiseido/index.html,,https://www.city.taito.lg.jp/kenchiku/index.html,
台東区,building_guidance,2,環境学習,https://www.city.taito.lg.jp/kenchiku/kankyo/kankyogakushu/index.html,,https://www.city.taito.lg.jp/kenchiku/index.html,
台東区,building_guidance,2,環境情報など,https://www.city.taito.lg.jp/kenchiku/kankyo/kankyojyoho/index.html,,https://www.city.taito.lg.jp/kenchiku/index.html,
台東区,building_guidance,2,環境に関する計画など,https://www.city.taito.lg.jp/kenchiku/kankyo/kankyokeikaku/index.html,,https://www.city.taito.lg.jp/kenchiku/index.html,
台東区,building_guidance,2,環境保全,https://www.city.taito.lg.jp/kenchiku/kankyohozen/index.html,,https://www.city.taito.lg.jp/kenchiku/index.html,
台東区,building_guidance,2,公害対策,https://www.city.taito.lg.jp/kenchiku/kankyohozen/kogaitaisaku/index.html,,https://www.city.taito.lg.jp/kenchiku/index.html,
台東区,building_guidance,2,生活環境,https://www.city.taito.lg.jp/kenchiku/kankyohozen/seikatsukankyo/index.html,,https://www.city.taito.lg.jp/kenchiku/index.html,
台東区,building_guidance,2,自動車駐車場・二輪駐車場,https://www.city.taito.lg.jp/kenchiku/kotsu/carbikeparking/index.html,,https://www.city.taito.lg.jp/kenchiku/index.html,
台東区,building_guidance,2,交通,https://www.city.taito.lg.jp/kenchiku/kotsu/index.html,,https://www.city.taito.lg.jp/kenchiku/index.html,
台東区,building_guidance,2,観光バス駐車場・乗降場,https://www.city.taito.lg.jp/kenchiku/kotsu/kankobuschushajo/index.html,,https://www.city.taito.lg.jp/kenchiku/index.html,
台東区,building_guidance,2,交通に関する計画・方針等,https://www.city.taito.lg.jp/kenchiku/kotsu/keikaku/index.html,,https://www.city.taito.lg.jp/kenchiku/index.html,
台東区,building_guidance,2,交通事故発生マップ,https://www.city.taito.lg.jp/kenchiku/kotsu/kotsuanzen/20140811.html,5月は自転車月間です〜自転車保険の加入と自転車の点検・整備を〜,https://www.city.taito.lg.jp/kenchiku/kotsu/kotsuanzen/TS-mark.html,
台東区,building_guidance,2,【記入例】(第1号様式）交付申請書　（PDF：526KB）,https://www.city.taito.lg.jp/kenchiku/kotsu/kotsuanzen/TS-mark.files/202601kisairei.pdf,5月は自転車月間です〜自転車保険の加入と自転車の点検・整備を〜,https://www.city.taito.lg.jp/kenchiku/kotsu/kotsuanzen/TS-mark.html,
台東区,building_guidance,2,台東区TSマーク取得費用助成金交付申請書兼請求書（PDF：273KB）,https://www.city.taito.lg.jp/kenchiku/kotsu/kotsuanzen/TS-mark.files/202601yousiki.pdf,5月は自転車月間です〜自転車保険の加入と自転車の点検・整備を〜,https://www.city.taito.lg.jp/kenchiku/kotsu/kotsuanzen/TS-mark.html,
台東区,building_guidance,2,このページの本文へ移動,https://www.city.taito.lg.jp/kenchiku/kotsu/kotsuanzen/TS-mark.html#CONT,5月は自転車月間です〜自転車保険の加入と自転車の点検・整備を〜,https://www.city.taito.lg.jp/kenchiku/kotsu/kotsuanzen/TS-mark.html,
台東区,building_guidance,2,,https://www.city.taito.lg.jp/kenchiku/kotsu/kotsuanzen/TS-mark.html#PTOP,5月は自転車月間です〜自転車保険の加入と自転車の点検・整備を〜,https://www.city.taito.lg.jp/kenchiku/kotsu/kotsuanzen/TS-mark.html,
台東区,building_guidance,2,自転車安全利用五則,https://www.city.taito.lg.jp/kenchiku/kotsu/kotsuanzen/anzenriyougosoku.html,5月は自転車月間です〜自転車保険の加入と自転車の点検・整備を〜,https://www.city.taito.lg.jp/kenchiku/kotsu/kotsuanzen/TS-mark.html,
台東区,building_guidance,2,自転車安全利用講習会のお知らせ（令和7年度募集）,https://www.city.taito.lg.jp/kenchiku/kotsu/kotsuanzen/anzenriyoukousyuukai.html,5月は自転車月間です〜自転車保険の加入と自転車の点検・整備を〜,https://www.city.taito.lg.jp/kenchiku/kotsu/kotsuanzen/TS-mark.html,
台東区,building_guidance,2,自転車にも交通反則通告制度（いわゆる青切符）が導入されます,https://www.city.taito.lg.jp/kenchiku/kotsu/kotsuanzen/aokippu.html,5月は自転車月間です〜自転車保険の加入と自転車の点検・整備を〜,https://www.city.taito.lg.jp/kenchiku/kotsu/kotsuanzen/TS-mark.html,
台東区,building_guidance,2,電動キックボード等（特定小型原動機付自転車）の交通ルール,https://www.city.taito.lg.jp/kenchiku/kotsu/kotsuanzen/dendoukikkubo-do.html,5月は自転車月間です〜自転車保険の加入と自転車の点検・整備を〜,https://www.city.taito.lg.jp/kenchiku/kotsu/kotsuanzen/TS-mark.html,
台東区,building_guidance,2,自転車乗車中のヘルメット着用が努力義務となります,https://www.city.taito.lg.jp/kenchiku/kotsu/kotsuanzen/helmetgimuka.html,5月は自転車月間です〜自転車保険の加入と自転車の点検・整備を〜,https://www.city.taito.lg.jp/kenchiku/kotsu/kotsuanzen/TS-mark.html,
台東区,building_guidance,2,交通安全,https://www.city.taito.lg.jp/kenchiku/kotsu/kotsuanzen/index.html,,https://www.city.taito.lg.jp/kenchiku/index.html,
台東区,building_guidance,2,「東京都台東区自転車安全利用促進条例」について,https://www.city.taito.lg.jp/kenchiku/kotsu/kotsuanzen/jitennsha.html,5月は自転車月間です〜自転車保険の加入と自転車の点検・整備を〜,https://www.city.taito.lg.jp/kenchiku/kotsu/kotsuanzen/TS-mark.html,
台東区,building_guidance,2,自転車保険等への加入が義務化されています,https://www.city.taito.lg.jp/kenchiku/kotsu/kotsuanzen/jitensya_hoken.html,5月は自転車月間です〜自転車保険の加入と自転車の点検・整備を〜,https://www.city.taito.lg.jp/kenchiku/kotsu/kotsuanzen/TS-mark.html,
台東区,building_guidance,2,自転車の点検整備が義務化されています,https://www.city.taito.lg.jp/kenchiku/kotsu/kotsuanzen/jitensya_jourei.html,5月は自転車月間です〜自転車保険の加入と自転車の点検・整備を〜,https://www.city.taito.lg.jp/kenchiku/kotsu/kotsuanzen/TS-mark.html,
台東区,building_guidance,2,第11次台東区交通安全計画,https://www.city.taito.lg.jp/kenchiku/kotsu/kotsuanzen/kotsuanzenkeikaku.html,5月は自転車月間です〜自転車保険の加入と自転車の点検・整備を〜,https://www.city.taito.lg.jp/kenchiku/kotsu/kotsuanzen/TS-mark.html,
台東区,building_guidance,2,運転免許の自主返納制度をご利用ください,https://www.city.taito.lg.jp/kenchiku/kotsu/kotsuanzen/menkyohennnou.html,5月は自転車月間です〜自転車保険の加入と自転車の点検・整備を〜,https://www.city.taito.lg.jp/kenchiku/kotsu/kotsuanzen/TS-mark.html,
台東区,building_guidance,2,ペダル付き電動バイク（通称：モペット）は、自転車ではありません！,https://www.city.taito.lg.jp/kenchiku/kotsu/kotsuanzen/moppet.html,5月は自転車月間です〜自転車保険の加入と自転車の点検・整備を〜,https://www.city.taito.lg.jp/kenchiku/kotsu/kotsuanzen/TS-mark.html,
台東区,building_guidance,2,歩きながらスマートフォン等の使用はやめましょう,https://www.city.taito.lg.jp/kenchiku/kotsu/kotsuanzen/smartphone.html,5月は自転車月間です〜自転車保険の加入と自転車の点検・整備を〜,https://www.city.taito.lg.jp/kenchiku/kotsu/kotsuanzen/TS-mark.html,
台東区,building_guidance,2,区民交通傷害保険,https://www.city.taito.lg.jp/kenchiku/kotsu/kotsuanzen/syougaihoken.html,5月は自転車月間です〜自転車保険の加入と自転車の点検・整備を〜,https://www.city.taito.lg.jp/kenchiku/kotsu/kotsuanzen/TS-mark.html,
台東区,building_guidance,2,交通安全区民のつどい,https://www.city.taito.lg.jp/kenchiku/kotsu/kotsuanzen/tudoi.html,5月は自転車月間です〜自転車保険の加入と自転車の点検・整備を〜,https://www.city.taito.lg.jp/kenchiku/kotsu/kotsuanzen/TS-mark.html,
台東区,building_guidance,2,幼児用ヘルメット無償配布について,https://www.city.taito.lg.jp/kenchiku/kotsu/kotsuanzen/youjiyouhelmet.html,5月は自転車月間です〜自転車保険の加入と自転車の点検・整備を〜,https://www.city.taito.lg.jp/kenchiku/kotsu/kotsuanzen/TS-mark.html,
台東区,building_guidance,2,運行概要,https://www.city.taito.lg.jp/kenchiku/kotsu/megurin/gaiyou/gaiyo.html,めぐりん,https://www.city.taito.lg.jp/kenchiku/kotsu/megurin/index.html,
台東区,building_guidance,2,概要,https://www.city.taito.lg.jp/kenchiku/kotsu/megurin/gaiyou/index.html,めぐりん,https://www.city.taito.lg.jp/kenchiku/kotsu/megurin/index.html,
台東区,building_guidance,2,時刻表,https://www.city.taito.lg.jp/kenchiku/kotsu/megurin/gaiyou/jikokuhyo.html,めぐりん,https://www.city.taito.lg.jp/kenchiku/kotsu/megurin/index.html,
台東区,building_guidance,2,おすすめリンク集,https://www.city.taito.lg.jp/kenchiku/kotsu/megurin/gaiyou/link.html,めぐりん,https://www.city.taito.lg.jp/kenchiku/kotsu/megurin/index.html,
台東区,building_guidance,2,Q＆A（質問集）,https://www.city.taito.lg.jp/kenchiku/kotsu/megurin/gaiyou/qa.html,めぐりん,https://www.city.taito.lg.jp/kenchiku/kotsu/megurin/index.html,
台東区,building_guidance,2,路線図,https://www.city.taito.lg.jp/kenchiku/kotsu/megurin/gaiyou/rosenzu.html,めぐりん,https://www.city.taito.lg.jp/kenchiku/kotsu/megurin/index.html,
台東区,building_guidance,2,料金,https://www.city.taito.lg.jp/kenchiku/kotsu/megurin/gaiyou/ryoukin/index.html,めぐりん,https://www.city.taito.lg.jp/kenchiku/kotsu/megurin/index.html,
台東区,building_guidance,2,「台東・墨田　東京下町周遊きっぷ」が発売中です,https://www.city.taito.lg.jp/kenchiku/kotsu/megurin/gaiyou/ryoukin/kikakukippu.html,めぐりん,https://www.city.taito.lg.jp/kenchiku/kotsu/megurin/index.html,
台東区,building_guidance,2,台東区無料公衆無線LAN（Taito Free Wi-Fi）が利用できます,https://www.city.taito.lg.jp/kenchiku/kotsu/megurin/gaiyou/taito_free_wi-fi.html,めぐりん,https://www.city.taito.lg.jp/kenchiku/kotsu/megurin/index.html,
台東区,building_guidance,2,お問い合わせ先一覧,https://www.city.taito.lg.jp/kenchiku/kotsu/megurin/gaiyou/toiawasesakiichiran.html,めぐりん,https://www.city.taito.lg.jp/kenchiku/kotsu/megurin/index.html,
台東区,building_guidance,2,このページの本文へ移動,https://www.city.taito.lg.jp/kenchiku/kotsu/megurin/index.html#CONT,めぐりん,https://www.city.taito.lg.jp/kenchiku/kotsu/megurin/index.html,
台東区,building_guidance,2,,https://www.city.taito.lg.jp/kenchiku/kotsu/megurin/index.html#PTOP,めぐりん,https://www.city.taito.lg.jp/kenchiku/kotsu/megurin/index.html,
台東区,building_guidance,2,台東区地域公共交通会議,https://www.city.taito.lg.jp/kenchiku/kotsu/megurin/koukyoukoutsukaigi.html,めぐりん,https://www.city.taito.lg.jp/kenchiku/kotsu/megurin/index.html,
台東区,building_guidance,2,台東区循環バス「めぐりん」停留所名の変更について,https://www.city.taito.lg.jp/kenchiku/kotsu/megurin/oshirase/2025meisyouhenkou.html,めぐりん,https://www.city.taito.lg.jp/kenchiku/kotsu/megurin/index.html,
台東区,building_guidance,2,"台東区循環バス「めぐりん」が累計乗客数3,000万人を達成しました！",https://www.city.taito.lg.jp/kenchiku/kotsu/megurin/oshirase/3000manninn.html,めぐりん,https://www.city.taito.lg.jp/kenchiku/kotsu/megurin/index.html,
台東区,building_guidance,2,お知らせ,https://www.city.taito.lg.jp/kenchiku/kotsu/megurin/oshirase/index.html,めぐりん,https://www.city.taito.lg.jp/kenchiku/kotsu/megurin/index.html,
台東区,building_guidance,2,めぐりんのダイヤ改正について（令和7年8月15日）,https://www.city.taito.lg.jp/kenchiku/kotsu/megurin/oshirase/megurindaiyakaisei.html,めぐりん,https://www.city.taito.lg.jp/kenchiku/kotsu/megurin/index.html,
台東区,building_guidance,2,台東区循環バス「めぐりん」の運転士を募集しています！,https://www.city.taito.lg.jp/kenchiku/kotsu/megurin/oshirase/untenshibosyuu.html,めぐりん,https://www.city.taito.lg.jp/kenchiku/kotsu/megurin/index.html,
台東区,building_guidance,2,めぐりん撮影情報,https://www.city.taito.lg.jp/kenchiku/kotsu/megurin/promotion/bangumihoso.html,めぐりん,https://www.city.taito.lg.jp/kenchiku/kotsu/megurin/index.html,
台東区,building_guidance,2,キャラクター紹介,https://www.city.taito.lg.jp/kenchiku/kotsu/megurin/promotion/character.html,めぐりん,https://www.city.taito.lg.jp/kenchiku/kotsu/megurin/index.html,
台東区,building_guidance,2,プロモーション,https://www.city.taito.lg.jp/kenchiku/kotsu/megurin/promotion/index.html,めぐりん,https://www.city.taito.lg.jp/kenchiku/kotsu/megurin/index.html,
台東区,building_guidance,2,バス車両紹介,https://www.city.taito.lg.jp/kenchiku/kotsu/megurin/promotion/sharyo.html,めぐりん,https://www.city.taito.lg.jp/kenchiku/kotsu/megurin/index.html,
台東区,building_guidance,2,北めぐりん（根岸回り）17番「大正小学校」停留所を臨時移設いたします（令和7年11月27日から）,https://www.city.taito.lg.jp/kenchiku/kotsu/megurin/ukai/0729hashibabus.html,めぐりん,https://www.city.taito.lg.jp/kenchiku/kotsu/megurin/index.html,
台東区,building_guidance,2,北めぐりん（根岸回り）「入谷駅入口」停留所を臨時移設いたします（令和7年3月1日から）,https://www.city.taito.lg.jp/kenchiku/kotsu/megurin/ukai/20250301rinjiisetsu.html,めぐりん,https://www.city.taito.lg.jp/kenchiku/kotsu/megurin/index.html,
台東区,building_guidance,2,"北めぐりん（浅草回り）臨時時刻表【5月16・17日】（PDF：1,512KB）",https://www.city.taito.lg.jp/kenchiku/kotsu/megurin/ukai/2025sanjaukai.files/kita-daiya.pdf,三社祭、小野照崎神社大祭、吉原神社例大祭に伴うめぐりんの迂回運行のお知らせ（5月16日及び17日）,https://www.city.taito.lg.jp/kenchiku/kotsu/megurin/ukai/2025sanjaukai.html,
台東区,building_guidance,2,"南めぐりん臨時時刻表【5月16日・17日】（PDF：1,357KB）",https://www.city.taito.lg.jp/kenchiku/kotsu/megurin/ukai/2025sanjaukai.files/minami-daiya.pdf,三社祭、小野照崎神社大祭、吉原神社例大祭に伴うめぐりんの迂回運行のお知らせ（5月16日及び17日）,https://www.city.taito.lg.jp/kenchiku/kotsu/megurin/ukai/2025sanjaukai.html,
台東区,building_guidance,2,"東西めぐりん臨時時刻表【5月16・17日】（PDF：1,124KB）",https://www.city.taito.lg.jp/kenchiku/kotsu/megurin/ukai/2025sanjaukai.files/tozai-daiya.pdf,三社祭、小野照崎神社大祭、吉原神社例大祭に伴うめぐりんの迂回運行のお知らせ（5月16日及び17日）,https://www.city.taito.lg.jp/kenchiku/kotsu/megurin/ukai/2025sanjaukai.html,
台東区,building_guidance,2,このページの本文へ移動,https://www.city.taito.lg.jp/kenchiku/kotsu/megurin/ukai/2025sanjaukai.html#CONT,三社祭、小野照崎神社大祭、吉原神社例大祭に伴うめぐりんの迂回運行のお知らせ（5月16日及び17日）,https://www.city.taito.lg.jp/kenchiku/kotsu/megurin/ukai/2025sanjaukai.html,
台東区,building_guidance,2,,https://www.city.taito.lg.jp/kenchiku/kotsu/megurin/ukai/2025sanjaukai.html#PTOP,三社祭、小野照崎神社大祭、吉原神社例大祭に伴うめぐりんの迂回運行のお知らせ（5月16日及び17日）,https://www.city.taito.lg.jp/kenchiku/kotsu/megurin/ukai/2025sanjaukai.html,
台東区,building_guidance,2,悪天候時等のバスの運行について,https://www.city.taito.lg.jp/kenchiku/kotsu/megurin/ukai/akutennkoujiunnkou.html,めぐりん,https://www.city.taito.lg.jp/kenchiku/kotsu/megurin/index.html,
台東区,building_guidance,2,ぐるーりめぐりん「浅草病院前」停留所を臨時移設いたします（令和3年3月12日から）,https://www.city.taito.lg.jp/kenchiku/kotsu/megurin/ukai/guru14isetsu.html,めぐりん,https://www.city.taito.lg.jp/kenchiku/kotsu/megurin/index.html,
台東区,building_guidance,2,迂回・運休・停留所移設について,https://www.city.taito.lg.jp/kenchiku/kotsu/megurin/ukai/index.html,めぐりん,https://www.city.taito.lg.jp/kenchiku/kotsu/megurin/index.html,
台東区,building_guidance,2,東西めぐりん・南めぐりん「北上野二丁目」停留所を移設します（令和7年9月13日から）,https://www.city.taito.lg.jp/kenchiku/kotsu/megurin/ukai/kitaueno2isetsu.html,めぐりん,https://www.city.taito.lg.jp/kenchiku/kotsu/megurin/index.html,
台東区,building_guidance,2,年末年始の「めぐりん」の運行について,https://www.city.taito.lg.jp/kenchiku/kotsu/megurin/ukai/nenmatsunenshi.html,めぐりん,https://www.city.taito.lg.jp/kenchiku/kotsu/megurin/index.html,
台東区,building_guidance,2,「千束二丁目」停留所を臨時移設いたします（令和7年5月1日から）,https://www.city.taito.lg.jp/kenchiku/kotsu/megurin/ukai/senzoku2chome.html,めぐりん,https://www.city.taito.lg.jp/kenchiku/kotsu/megurin/index.html,
台東区,building_guidance,2,「新御徒町駅」停留所を臨時移設いたします（令和8年2月16日から）,https://www.city.taito.lg.jp/kenchiku/kotsu/megurin/ukai/shinokachimachi.html,めぐりん,https://www.city.taito.lg.jp/kenchiku/kotsu/megurin/index.html,
台東区,building_guidance,2,まちづくりカレッジ,https://www.city.taito.lg.jp/kenchiku/koumin/college/index.html,,https://www.city.taito.lg.jp/kenchiku/index.html,
台東区,building_guidance,2,公民連携まちづくり,https://www.city.taito.lg.jp/kenchiku/koumin/index.html,,https://www.city.taito.lg.jp/kenchiku/index.html,
台東区,building_guidance,2,公共空間を活用したい方へ,https://www.city.taito.lg.jp/kenchiku/koumin/katsuyou/index.html,,https://www.city.taito.lg.jp/kenchiku/index.html,
台東区,building_guidance,2,鶯谷公園アーバンファーミング植付体験会参加者を募集します,https://www.city.taito.lg.jp/kenchiku/koumin/katsuyou/torikumi.html,,https://www.city.taito.lg.jp/kenchiku/index.html,
台東区,building_guidance,2,公民連携プロジェクトチームについて,https://www.city.taito.lg.jp/kenchiku/koumin/project_team/index.html,,https://www.city.taito.lg.jp/kenchiku/index.html,
台東区,building_guidance,2,まちづくり条例に係る総合的な条例,https://www.city.taito.lg.jp/kenchiku/koumin/seido/index.html,,https://www.city.taito.lg.jp/kenchiku/index.html,
台東区,building_guidance,2,台東区まちづくり誘導方針とは,https://www.city.taito.lg.jp/kenchiku/koumin/yuudouhousin/index.html,,https://www.city.taito.lg.jp/kenchiku/index.html,
台東区,building_guidance,2,まちの美化,https://www.city.taito.lg.jp/kenchiku/machibika/index.html,,https://www.city.taito.lg.jp/kenchiku/index.html,
台東区,building_guidance,2,清掃用具等の貸出,https://www.city.taito.lg.jp/kenchiku/machibika/kashidashi/index.html,,https://www.city.taito.lg.jp/kenchiku/index.html,
台東区,building_guidance,2,公衆喫煙所の整備（令和2年度）,https://www.city.taito.lg.jp/kenchiku/machibika/kosyu/01584413202153.html,公衆喫煙所ウェブマップ,https://www.city.taito.lg.jp/kenchiku/machibika/kosyu/webmap.html,
台東区,building_guidance,2,公衆喫煙所の整備（令和3年9月）,https://www.city.taito.lg.jp/kenchiku/machibika/kosyu/ikenohata.html,公衆喫煙所ウェブマップ,https://www.city.taito.lg.jp/kenchiku/machibika/kosyu/webmap.html,
台東区,building_guidance,2,公衆喫煙所,https://www.city.taito.lg.jp/kenchiku/machibika/kosyu/index.html,,https://www.city.taito.lg.jp/kenchiku/index.html,
台東区,building_guidance,2,「台東区公衆喫煙所設置費等助成」を活用した公衆喫煙所,https://www.city.taito.lg.jp/kenchiku/machibika/kosyu/josei.html,公衆喫煙所ウェブマップ,https://www.city.taito.lg.jp/kenchiku/machibika/kosyu/webmap.html,
台東区,building_guidance,2,台東区公衆喫煙所設置費等助成,https://www.city.taito.lg.jp/kenchiku/machibika/kosyu/kitsuenjojosei.html,公衆喫煙所ウェブマップ,https://www.city.taito.lg.jp/kenchiku/machibika/kosyu/webmap.html,
台東区,building_guidance,2,公衆喫煙所の整備（令和6年10月）,https://www.city.taito.lg.jp/kenchiku/machibika/kosyu/kitsuenjoseibi.html,公衆喫煙所ウェブマップ,https://www.city.taito.lg.jp/kenchiku/machibika/kosyu/webmap.html,
台東区,building_guidance,2,公衆喫煙所の整備（令和6年12月）,https://www.city.taito.lg.jp/kenchiku/machibika/kosyu/kitsuenjoseibi202412.html,公衆喫煙所ウェブマップ,https://www.city.taito.lg.jp/kenchiku/machibika/kosyu/webmap.html,
台東区,building_guidance,2,公衆喫煙所の整備（令和7年1月）,https://www.city.taito.lg.jp/kenchiku/machibika/kosyu/kitsuenjoseibi202501.html,公衆喫煙所ウェブマップ,https://www.city.taito.lg.jp/kenchiku/machibika/kosyu/webmap.html,
台東区,building_guidance,2,公衆喫煙所の整備（令和7年8月）,https://www.city.taito.lg.jp/kenchiku/machibika/kosyu/kitsuenjoseibi202508.html,公衆喫煙所ウェブマップ,https://www.city.taito.lg.jp/kenchiku/machibika/kosyu/webmap.html,
台東区,building_guidance,2,公衆喫煙所の整備（令和3年12月）,https://www.city.taito.lg.jp/kenchiku/machibika/kosyu/kituennjoseibi.html,公衆喫煙所ウェブマップ,https://www.city.taito.lg.jp/kenchiku/machibika/kosyu/webmap.html,
台東区,building_guidance,2,公衆喫煙所の整備（令和6年3月）,https://www.city.taito.lg.jp/kenchiku/machibika/kosyu/koushuukitsuenjo.html,公衆喫煙所ウェブマップ,https://www.city.taito.lg.jp/kenchiku/machibika/kosyu/webmap.html,
台東区,building_guidance,2,既存喫煙所を公衆喫煙所に指定,https://www.city.taito.lg.jp/kenchiku/machibika/kosyu/minkansmoking.html,公衆喫煙所ウェブマップ,https://www.city.taito.lg.jp/kenchiku/machibika/kosyu/webmap.html,
台東区,building_guidance,2,このページの本文へ移動,https://www.city.taito.lg.jp/kenchiku/machibika/kosyu/webmap.html#CONT,公衆喫煙所ウェブマップ,https://www.city.taito.lg.jp/kenchiku/machibika/kosyu/webmap.html,
台東区,building_guidance,2,,https://www.city.taito.lg.jp/kenchiku/machibika/kosyu/webmap.html#PTOP,公衆喫煙所ウェブマップ,https://www.city.taito.lg.jp/kenchiku/machibika/kosyu/webmap.html,
台東区,building_guidance,2,大江戸清掃隊,https://www.city.taito.lg.jp/kenchiku/machibika/oedoseisotai/index.html,,https://www.city.taito.lg.jp/kenchiku/index.html,
台東区,building_guidance,2,公衆喫煙環境の整備指針,https://www.city.taito.lg.jp/kenchiku/machibika/shisin/index.html,,https://www.city.taito.lg.jp/kenchiku/index.html,
台東区,building_guidance,2,SNSを活用した清掃活動の推進,https://www.city.taito.lg.jp/kenchiku/machibika/snsclean/index.html,,https://www.city.taito.lg.jp/kenchiku/index.html,
台東区,building_guidance,2,喫煙等マナー向上の推進,https://www.city.taito.lg.jp/kenchiku/machibika/suishin/index.html,,https://www.city.taito.lg.jp/kenchiku/index.html,
台東区,building_guidance,2,防災まちづくり,https://www.city.taito.lg.jp/kenchiku/machidukuri/bosaimachizukuri/index.html,,https://www.city.taito.lg.jp/bosai/index.html,
台東区,building_guidance,2,地区まちづくり,https://www.city.taito.lg.jp/kenchiku/machidukuri/chikumachizukuri/index.html,,https://www.city.taito.lg.jp/kenchiku/index.html,
台東区,building_guidance,2,データを活用したまちづくり,https://www.city.taito.lg.jp/kenchiku/machidukuri/data/index.html,,https://www.city.taito.lg.jp/kenchiku/index.html,
台東区,building_guidance,2,福祉のまちづくり,https://www.city.taito.lg.jp/kenchiku/machidukuri/fukushi/index.html,,https://www.city.taito.lg.jp/kenchiku/index.html,
台東区,building_guidance,2,まちづくり,https://www.city.taito.lg.jp/kenchiku/machidukuri/index.html,,https://www.city.taito.lg.jp/kenchiku/index.html,
台東区,building_guidance,2,景観まちづくり,https://www.city.taito.lg.jp/kenchiku/machidukuri/keikan/index.html,,https://www.city.taito.lg.jp/kenchiku/index.html,
台東区,building_guidance,2,バリアフリーの推進,https://www.city.taito.lg.jp/kenchiku/machidukuri/kotsubarrier-free/index.html,,https://www.city.taito.lg.jp/kenchiku/index.html,
台東区,building_guidance,2,お知らせ,https://www.city.taito.lg.jp/kenchiku/machidukuri/oshirase/index.html,,https://www.city.taito.lg.jp/kenchiku/index.html,
台東区,building_guidance,2,都市計画,https://www.city.taito.lg.jp/kenchiku/toshikeikaku/index.html,,https://www.city.taito.lg.jp/kenchiku/index.html,
台東区,building_guidance,2,各種計画など,https://www.city.taito.lg.jp/kenchiku/toshikeikaku/keikaku/index.html,,https://www.city.taito.lg.jp/kenchiku/index.html,
台東区,district_plan,1,台東区の 年中行事,https://www.city.taito.lg.jp/bunka_kanko/anzentaisaku/keikaku/nenchuugyouji/index.html,公式トップ,https://www.city.taito.lg.jp/,
台東区,district_plan,1,浅草地区都市基盤整備に向けた予備検討等業務委託 に係る公募型プロポーザルを実施します。,https://www.city.taito.lg.jp/jigyosha/keiyaku/proposal/asakusatoshikibann.html,公式トップ,https://www.city.taito.lg.jp/,
台東区,district_plan,1,ごみと資源の分け方・出し方,https://www.city.taito.lg.jp/kurashi/gomi/keikaku/kakusyupanfuretto/gomitoshigen.html,公式トップ,https://www.city.taito.lg.jp/,
台東区,district_plan,1,区の計画・ 取組,https://www.city.taito.lg.jp/kusei/kunokeikaku/index.html,公式トップ,https://www.city.taito.lg.jp/,
台東区,district_plan,1,「ふるさと交流ショップ 台東」に茨城県筑西市が出店します！！,https://www.city.taito.lg.jp/kusei/shokai/shimaitoshi/oshirase/30shop.html,公式トップ,https://www.city.taito.lg.jp/,
台東区,district_plan,2,地区防災計画,https://www.city.taito.lg.jp/bosai/houshin/bosaikeikaku/index.html,,https://www.city.taito.lg.jp/bosai/index.html,
台東区,district_plan,2,観光に関する計画・方針等,https://www.city.taito.lg.jp/bunka_kanko/anzentaisaku/keikaku/index.html,台東区の 年中行事,https://www.city.taito.lg.jp/bunka_kanko/anzentaisaku/keikaku/nenchuugyouji/index.html,
台東区,district_plan,2,このページの本文へ移動,https://www.city.taito.lg.jp/bunka_kanko/anzentaisaku/keikaku/nenchuugyouji/index.html#CONT,台東区の 年中行事,https://www.city.taito.lg.jp/bunka_kanko/anzentaisaku/keikaku/nenchuugyouji/index.html,
台東区,district_plan,2,,https://www.city.taito.lg.jp/bunka_kanko/anzentaisaku/keikaku/nenchuugyouji/index.html#PTOP,台東区の 年中行事,https://www.city.taito.lg.jp/bunka_kanko/anzentaisaku/keikaku/nenchuugyouji/index.html,
台東区,district_plan,2,計画等,https://www.city.taito.lg.jp/bunka_kanko/anzentaisaku/keikaku/newvision/index.html,台東区の 年中行事,https://www.city.taito.lg.jp/bunka_kanko/anzentaisaku/keikaku/nenchuugyouji/index.html,
台東区,district_plan,2,調査・統計情報,https://www.city.taito.lg.jp/bunka_kanko/anzentaisaku/keikaku/tyousatoukei/index.html,台東区の 年中行事,https://www.city.taito.lg.jp/bunka_kanko/anzentaisaku/keikaku/nenchuugyouji/index.html,
台東区,district_plan,2,(別紙1)仕様書（PDF：507KB）,https://www.city.taito.lg.jp/jigyosha/keiyaku/proposal/asakusatoshikibann.files/besshi1-siyousyo.pdf,浅草地区都市基盤整備に向けた予備検討等業務委託 に係る公募型プロポーザルを実施します。,https://www.city.taito.lg.jp/jigyosha/keiyaku/proposal/asakusatoshikibann.html,
台東区,district_plan,2,"(別紙2)既往調査（PDF：4,178KB）",https://www.city.taito.lg.jp/jigyosha/keiyaku/proposal/asakusatoshikibann.files/besshi2-kifukutyousa.pdf,浅草地区都市基盤整備に向けた予備検討等業務委託 に係る公募型プロポーザルを実施します。,https://www.city.taito.lg.jp/jigyosha/keiyaku/proposal/asakusatoshikibann.html,
台東区,district_plan,2,(別紙3)プロポーザル日程（PDF：163KB）,https://www.city.taito.lg.jp/jigyosha/keiyaku/proposal/asakusatoshikibann.files/besshi3-puropo-zalnittei.pdf,浅草地区都市基盤整備に向けた予備検討等業務委託 に係る公募型プロポーザルを実施します。,https://www.city.taito.lg.jp/jigyosha/keiyaku/proposal/asakusatoshikibann.html,
台東区,district_plan,2,(別紙4)企画提案書の構成（PDF：194KB）,https://www.city.taito.lg.jp/jigyosha/keiyaku/proposal/asakusatoshikibann.files/besshi4-kikakuteiannsyonokousei.pdf,浅草地区都市基盤整備に向けた予備検討等業務委託 に係る公募型プロポーザルを実施します。,https://www.city.taito.lg.jp/jigyosha/keiyaku/proposal/asakusatoshikibann.html,
台東区,district_plan,2,(別紙5)プロポーザル審査基準（PDF：161KB）,https://www.city.taito.lg.jp/jigyosha/keiyaku/proposal/asakusatoshikibann.files/besshi5-asakusatikumatidukuris.pdf,浅草地区都市基盤整備に向けた予備検討等業務委託 に係る公募型プロポーザルを実施します。,https://www.city.taito.lg.jp/jigyosha/keiyaku/proposal/asakusatoshikibann.html,
台東区,district_plan,2,浅草地区都市基盤整備に向けた予備検討等業務委託 に係る公募型プロポーザル募集要項（PDF：482KB）,https://www.city.taito.lg.jp/jigyosha/keiyaku/proposal/asakusatoshikibann.files/siryou1-bosyuyoukou.pdf,浅草地区都市基盤整備に向けた予備検討等業務委託 に係る公募型プロポーザルを実施します。,https://www.city.taito.lg.jp/jigyosha/keiyaku/proposal/asakusatoshikibann.html,
台東区,district_plan,2,電算処理の個人情報を取り扱う業務委託契約の 特記事項（PDF：312KB）,https://www.city.taito.lg.jp/jigyosha/keiyaku/proposal/asakusatoshikibann.files/siyousyobesshi1-dennsannsyoritokkijikou.pdf,浅草地区都市基盤整備に向けた予備検討等業務委託 に係る公募型プロポーザルを実施します。,https://www.city.taito.lg.jp/jigyosha/keiyaku/proposal/asakusatoshikibann.html,
台東区,district_plan,2,個人情報を取り扱う業務委託契約の 特記事項（PDF：245KB）,https://www.city.taito.lg.jp/jigyosha/keiyaku/proposal/asakusatoshikibann.files/siyousyobesshi1-kojinnjyouhoutokki.pdf,浅草地区都市基盤整備に向けた予備検討等業務委託 に係る公募型プロポーザルを実施します。,https://www.city.taito.lg.jp/jigyosha/keiyaku/proposal/asakusatoshikibann.html,
台東区,district_plan,2,(様式1)プロポーザル参加申請書（ワード：30KB）,https://www.city.taito.lg.jp/jigyosha/keiyaku/proposal/asakusatoshikibann.files/youshiki1-puropo-zalsannkasinnseisyo.doc,浅草地区都市基盤整備に向けた予備検討等業務委託 に係る公募型プロポーザルを実施します。,https://www.city.taito.lg.jp/jigyosha/keiyaku/proposal/asakusatoshikibann.html,
台東区,district_plan,2,(様式10)質問書（ワード：30KB）,https://www.city.taito.lg.jp/jigyosha/keiyaku/proposal/asakusatoshikibann.files/youshiki10-situmonnhyou.doc,浅草地区都市基盤整備に向けた予備検討等業務委託 に係る公募型プロポーザルを実施します。,https://www.city.taito.lg.jp/jigyosha/keiyaku/proposal/asakusatoshikibann.html,
台東区,district_plan,2,(様式2)誓約書（ワード：37KB）,https://www.city.taito.lg.jp/jigyosha/keiyaku/proposal/asakusatoshikibann.files/youshiki2-senyakusyo.doc,浅草地区都市基盤整備に向けた予備検討等業務委託 に係る公募型プロポーザルを実施します。,https://www.city.taito.lg.jp/jigyosha/keiyaku/proposal/asakusatoshikibann.html,
台東区,district_plan,2,(様式3)共同事業体協定書兼委任状（ワード：52KB）,https://www.city.taito.lg.jp/jigyosha/keiyaku/proposal/asakusatoshikibann.files/youshiki3-kyoudoujigyoutai.doc,浅草地区都市基盤整備に向けた予備検討等業務委託 に係る公募型プロポーザルを実施します。,https://www.city.taito.lg.jp/jigyosha/keiyaku/proposal/asakusatoshikibann.html,
台東区,district_plan,2,(様式4)委任状(復代理人用)（ワード：18KB）,https://www.city.taito.lg.jp/jigyosha/keiyaku/proposal/asakusatoshikibann.files/youshiki4-fukudairininnyouininnjyou.docx,浅草地区都市基盤整備に向けた予備検討等業務委託 に係る公募型プロポーザルを実施します。,https://www.city.taito.lg.jp/jigyosha/keiyaku/proposal/asakusatoshikibann.html,
台東区,district_plan,2,(様式5)会社概要（ワード：67KB）,https://www.city.taito.lg.jp/jigyosha/keiyaku/proposal/asakusatoshikibann.files/youshiki5-kaisyagaiyou.doc,浅草地区都市基盤整備に向けた予備検討等業務委託 に係る公募型プロポーザルを実施します。,https://www.city.taito.lg.jp/jigyosha/keiyaku/proposal/asakusatoshikibann.html,
台東区,district_plan,2,(様式6)業務の実施体制（ワード：31KB）,https://www.city.taito.lg.jp/jigyosha/keiyaku/proposal/asakusatoshikibann.files/youshiki6-gyoumunojissitaisei.doc,浅草地区都市基盤整備に向けた予備検討等業務委託 に係る公募型プロポーザルを実施します。,https://www.city.taito.lg.jp/jigyosha/keiyaku/proposal/asakusatoshikibann.html,
台東区,district_plan,2,(様式7)予定技術者の経歴等（ワード：27KB）,https://www.city.taito.lg.jp/jigyosha/keiyaku/proposal/asakusatoshikibann.files/youshiki7-yoteigijyutusyanokeirekitou.docx,浅草地区都市基盤整備に向けた予備検討等業務委託 に係る公募型プロポーザルを実施します。,https://www.city.taito.lg.jp/jigyosha/keiyaku/proposal/asakusatoshikibann.html,
台東区,district_plan,2,(様式8)企画提案書（ワード：30KB）,https://www.city.taito.lg.jp/jigyosha/keiyaku/proposal/asakusatoshikibann.files/youshiki8-kikakurituansyo.doc,浅草地区都市基盤整備に向けた予備検討等業務委託 に係る公募型プロポーザルを実施します。,https://www.city.taito.lg.jp/jigyosha/keiyaku/proposal/asakusatoshikibann.html,
台東区,district_plan,2,(様式9)プロポーザル参加辞退届出書（ワード：30KB）,https://www.city.taito.lg.jp/jigyosha/keiyaku/proposal/asakusatoshikibann.files/youshiki9-puropo-zalsankajitai.doc,浅草地区都市基盤整備に向けた予備検討等業務委託 に係る公募型プロポーザルを実施します。,https://www.city.taito.lg.jp/jigyosha/keiyaku/proposal/asakusatoshikibann.html,
台東区,district_plan,2,このページの本文へ移動,https://www.city.taito.lg.jp/jigyosha/keiyaku/proposal/asakusatoshikibann.html#CONT,浅草地区都市基盤整備に向けた予備検討等業務委託 に係る公募型プロポーザルを実施します。,https://www.city.taito.lg.jp/jigyosha/keiyaku/proposal/asakusatoshikibann.html,
台東区,district_plan,2,,https://www.city.taito.lg.jp/jigyosha/keiyaku/proposal/asakusatoshikibann.html#PTOP,浅草地区都市基盤整備に向けた予備検討等業務委託 に係る公募型プロポーザルを実施します。,https://www.city.taito.lg.jp/jigyosha/keiyaku/proposal/asakusatoshikibann.html,
台東区,district_plan,2,歴史的景観形成制度導入に係る検証調査委託の優先交渉権者が決定しました,https://www.city.taito.lg.jp/jigyosha/keiyaku/proposal/rekishiteki.html,浅草地区都市基盤整備に向けた予備検討等業務委託 に係る公募型プロポーザルを実施します。,https://www.city.taito.lg.jp/jigyosha/keiyaku/proposal/asakusatoshikibann.html,
台東区,district_plan,2,道路に関する計画,https://www.city.taito.lg.jp/kenchiku/doro2/keikaku/index.html,,https://www.city.taito.lg.jp/kenchiku/index.html,
台東区,district_plan,2,花とみどりに関する計画・方針,https://www.city.taito.lg.jp/kenchiku/hanamidori/keikaku/index.html,,https://www.city.taito.lg.jp/kenchiku/index.html,
台東区,district_plan,2,まちづくり・住宅・環境,https://www.city.taito.lg.jp/kenchiku/index.html,めぐりん,https://www.city.taito.lg.jp/kenchiku/kotsu/megurin/index.html,
台東区,district_plan,2,住まい・建築に関する計画・方針等,https://www.city.taito.lg.jp/kenchiku/jutaku/sumaikeikaku/index.html,,https://www.city.taito.lg.jp/kenchiku/index.html,
台東区,district_plan,2,環境に関する計画など,https://www.city.taito.lg.jp/kenchiku/kankyo/kankyokeikaku/index.html,,https://www.city.taito.lg.jp/kenchiku/index.html,
台東区,district_plan,2,交通に関する計画・方針等,https://www.city.taito.lg.jp/kenchiku/kotsu/keikaku/index.html,,https://www.city.taito.lg.jp/kenchiku/index.html,
台東区,district_plan,2,第11次台東区交通安全計画,https://www.city.taito.lg.jp/kenchiku/kotsu/kotsuanzen/kotsuanzenkeikaku.html,5月は自転車月間です〜自転車保険の加入と自転車の点検・整備を〜,https://www.city.taito.lg.jp/kenchiku/kotsu/kotsuanzen/TS-mark.html,
台東区,district_plan,2,まちづくりカレッジ,https://www.city.taito.lg.jp/kenchiku/koumin/college/index.html,,https://www.city.taito.lg.jp/kenchiku/index.html,
台東区,district_plan,2,公民連携まちづくり,https://www.city.taito.lg.jp/kenchiku/koumin/index.html,,https://www.city.taito.lg.jp/kenchiku/index.html,
台東区,district_plan,2,まちづくり条例に係る総合的な条例,https://www.city.taito.lg.jp/kenchiku/koumin/seido/index.html,,https://www.city.taito.lg.jp/kenchiku/index.html,
台東区,district_plan,2,台東区まちづくり誘導方針とは,https://www.city.taito.lg.jp/kenchiku/koumin/yuudouhousin/index.html,,https://www.city.taito.lg.jp/kenchiku/index.html,
台東区,district_plan,2,防災まちづくり,https://www.city.taito.lg.jp/kenchiku/machidukuri/bosaimachizukuri/index.html,,https://www.city.taito.lg.jp/bosai/index.html,
台東区,district_plan,2,地区まちづくり,https://www.city.taito.lg.jp/kenchiku/machidukuri/chikumachizukuri/index.html,,https://www.city.taito.lg.jp/kenchiku/index.html,
台東区,district_plan,2,データを活用したまちづくり,https://www.city.taito.lg.jp/kenchiku/machidukuri/data/index.html,,https://www.city.taito.lg.jp/kenchiku/index.html,
台東区,district_plan,2,福祉のまちづくり,https://www.city.taito.lg.jp/kenchiku/machidukuri/fukushi/index.html,,https://www.city.taito.lg.jp/kenchiku/index.html,
台東区,district_plan,2,まちづくり,https://www.city.taito.lg.jp/kenchiku/machidukuri/index.html,,https://www.city.taito.lg.jp/kenchiku/index.html,
台東区,district_plan,2,景観まちづくり,https://www.city.taito.lg.jp/kenchiku/machidukuri/keikan/index.html,,https://www.city.taito.lg.jp/kenchiku/index.html,
台東区,district_plan,2,都市計画,https://www.city.taito.lg.jp/kenchiku/toshikeikaku/index.html,,https://www.city.taito.lg.jp/kenchiku/index.html,
台東区,district_plan,2,各種計画など,https://www.city.taito.lg.jp/kenchiku/toshikeikaku/keikaku/index.html,,https://www.city.taito.lg.jp/kenchiku/index.html,
台東区,district_plan,2,地域密着型サービスの整備事業者公募について,https://www.city.taito.lg.jp/kenkohukusi/korei/keikaku/jigyosha/R6chiikimicchaku.html,浅草地区都市基盤整備に向けた予備検討等業務委託 に係る公募型プロポーザルを実施します。,https://www.city.taito.lg.jp/jigyosha/keiyaku/proposal/asakusatoshikibann.html,
台東区,district_plan,2,ごみ・リサイクル関係の計画・方針等,https://www.city.taito.lg.jp/kurashi/gomi/keikaku/index.html,ごみと資源の分け方・出し方,https://www.city.taito.lg.jp/kurashi/gomi/keikaku/kakusyupanfuretto/gomitoshigen.html,
台東区,district_plan,2,災害廃棄物処理ハンドブック,https://www.city.taito.lg.jp/kurashi/gomi/keikaku/kakusyupanfuretto/0157894420211011.html,ごみと資源の分け方・出し方,https://www.city.taito.lg.jp/kurashi/gomi/keikaku/kakusyupanfuretto/gomitoshigen.html,
台東区,district_plan,2,食品ロス削減啓発リーフレット,https://www.city.taito.lg.jp/kurashi/gomi/keikaku/kakusyupanfuretto/202310_syokurosu.html,ごみと資源の分け方・出し方,https://www.city.taito.lg.jp/kurashi/gomi/keikaku/kakusyupanfuretto/gomitoshigen.html,
台東区,district_plan,2,令和8年度版【2026年4月1日から2027年3月31日】資源とごみ出しカレンダー,https://www.city.taito.lg.jp/kurashi/gomi/keikaku/kakusyupanfuretto/R8gomidasikarennda-.html,ごみと資源の分け方・出し方,https://www.city.taito.lg.jp/kurashi/gomi/keikaku/kakusyupanfuretto/gomitoshigen.html,
台東区,district_plan,2,資源とごみの分け方出し方　表紙（PDF：625KB）,https://www.city.taito.lg.jp/kurashi/gomi/keikaku/kakusyupanfuretto/gomitoshigen.files/00.pdf,ごみと資源の分け方・出し方,https://www.city.taito.lg.jp/kurashi/gomi/keikaku/kakusyupanfuretto/gomitoshigen.html,
台東区,district_plan,2,地域別収集曜日一覧（PDF：447KB）,https://www.city.taito.lg.jp/kurashi/gomi/keikaku/kakusyupanfuretto/gomitoshigen.files/02.pdf,ごみと資源の分け方・出し方,https://www.city.taito.lg.jp/kurashi/gomi/keikaku/kakusyupanfuretto/gomitoshigen.html,
台東区,district_plan,2,"ごみ減量のために（PDF：1,299KB）",https://www.city.taito.lg.jp/kurashi/gomi/keikaku/kakusyupanfuretto/gomitoshigen.files/03.pdf,ごみと資源の分け方・出し方,https://www.city.taito.lg.jp/kurashi/gomi/keikaku/kakusyupanfuretto/gomitoshigen.html,
台東区,district_plan,2,燃やすごみ（戸別収集）（PDF：604KB）,https://www.city.taito.lg.jp/kurashi/gomi/keikaku/kakusyupanfuretto/gomitoshigen.files/04.pdf,ごみと資源の分け方・出し方,https://www.city.taito.lg.jp/kurashi/gomi/keikaku/kakusyupanfuretto/gomitoshigen.html,
台東区,district_plan,2,燃やさないごみ（戸別収集）（PDF：784KB）,https://www.city.taito.lg.jp/kurashi/gomi/keikaku/kakusyupanfuretto/gomitoshigen.files/05.pdf,ごみと資源の分け方・出し方,https://www.city.taito.lg.jp/kurashi/gomi/keikaku/kakusyupanfuretto/gomitoshigen.html,
台東区,district_plan,2,プラスチック（戸別回収）（PDF：804KB）,https://www.city.taito.lg.jp/kurashi/gomi/keikaku/kakusyupanfuretto/gomitoshigen.files/06.pdf,ごみと資源の分け方・出し方,https://www.city.taito.lg.jp/kurashi/gomi/keikaku/kakusyupanfuretto/gomitoshigen.html,
台東区,district_plan,2,"資源（集積所回収）（PDF：1,056KB）",https://www.city.taito.lg.jp/kurashi/gomi/keikaku/kakusyupanfuretto/gomitoshigen.files/07.pdf,ごみと資源の分け方・出し方,https://www.city.taito.lg.jp/kurashi/gomi/keikaku/kakusyupanfuretto/gomitoshigen.html,
台東区,district_plan,2,"資源（拠点回収）（PDF：1,140KB）",https://www.city.taito.lg.jp/kurashi/gomi/keikaku/kakusyupanfuretto/gomitoshigen.files/08.pdf,ごみと資源の分け方・出し方,https://www.city.taito.lg.jp/kurashi/gomi/keikaku/kakusyupanfuretto/gomitoshigen.html,
台東区,district_plan,2,集団回収（PDF：594KB）,https://www.city.taito.lg.jp/kurashi/gomi/keikaku/kakusyupanfuretto/gomitoshigen.files/09.pdf,ごみと資源の分け方・出し方,https://www.city.taito.lg.jp/kurashi/gomi/keikaku/kakusyupanfuretto/gomitoshigen.html,
台東区,district_plan,2,粗大ごみ（PDF：838KB）,https://www.city.taito.lg.jp/kurashi/gomi/keikaku/kakusyupanfuretto/gomitoshigen.files/10.pdf,ごみと資源の分け方・出し方,https://www.city.taito.lg.jp/kurashi/gomi/keikaku/kakusyupanfuretto/gomitoshigen.html,
台東区,district_plan,2,家電リサイクル法対象製品（PDF：531KB）,https://www.city.taito.lg.jp/kurashi/gomi/keikaku/kakusyupanfuretto/gomitoshigen.files/11.pdf,ごみと資源の分け方・出し方,https://www.city.taito.lg.jp/kurashi/gomi/keikaku/kakusyupanfuretto/gomitoshigen.html,
台東区,district_plan,2,充電式電池（リチウムイオン電池等）（PDF：575KB）,https://www.city.taito.lg.jp/kurashi/gomi/keikaku/kakusyupanfuretto/gomitoshigen.files/12.pdf,ごみと資源の分け方・出し方,https://www.city.taito.lg.jp/kurashi/gomi/keikaku/kakusyupanfuretto/gomitoshigen.html,
台東区,district_plan,2,メーカーによる自主回収（パソコン等）（PDF：720KB）,https://www.city.taito.lg.jp/kurashi/gomi/keikaku/kakusyupanfuretto/gomitoshigen.files/13.pdf,ごみと資源の分け方・出し方,https://www.city.taito.lg.jp/kurashi/gomi/keikaku/kakusyupanfuretto/gomitoshigen.html,
台東区,district_plan,2,"事業所からのごみと資源（PDF：1,196KB）",https://www.city.taito.lg.jp/kurashi/gomi/keikaku/kakusyupanfuretto/gomitoshigen.files/14.pdf,ごみと資源の分け方・出し方,https://www.city.taito.lg.jp/kurashi/gomi/keikaku/kakusyupanfuretto/gomitoshigen.html,
台東区,district_plan,2,区では収集できないもの／動物死体（PDF：589KB）,https://www.city.taito.lg.jp/kurashi/gomi/keikaku/kakusyupanfuretto/gomitoshigen.files/15.pdf,ごみと資源の分け方・出し方,https://www.city.taito.lg.jp/kurashi/gomi/keikaku/kakusyupanfuretto/gomitoshigen.html,
台東区,district_plan,2,"一廃計画　災害時のごみ処理　ごみの流れ　資源の流れ（PDF：1,621KB）",https://www.city.taito.lg.jp/kurashi/gomi/keikaku/kakusyupanfuretto/gomitoshigen.files/16.pdf,ごみと資源の分け方・出し方,https://www.city.taito.lg.jp/kurashi/gomi/keikaku/kakusyupanfuretto/gomitoshigen.html,
台東区,district_plan,2,"資源とごみの分別表（五十音順）（PDF：3,218KB）",https://www.city.taito.lg.jp/kurashi/gomi/keikaku/kakusyupanfuretto/gomitoshigen.files/17.pdf,ごみと資源の分け方・出し方,https://www.city.taito.lg.jp/kurashi/gomi/keikaku/kakusyupanfuretto/gomitoshigen.html,
台東区,district_plan,2,台東清掃事務所のご案内・環境ふれあい館ひまわりのご案内（PDF：641KB）,https://www.city.taito.lg.jp/kurashi/gomi/keikaku/kakusyupanfuretto/gomitoshigen.files/18.pdf,ごみと資源の分け方・出し方,https://www.city.taito.lg.jp/kurashi/gomi/keikaku/kakusyupanfuretto/gomitoshigen.html,
台東区,district_plan,2,裏表紙　不法投棄は犯罪です（PDF：617KB）,https://www.city.taito.lg.jp/kurashi/gomi/keikaku/kakusyupanfuretto/gomitoshigen.files/19.pdf,ごみと資源の分け方・出し方,https://www.city.taito.lg.jp/kurashi/gomi/keikaku/kakusyupanfuretto/gomitoshigen.html,
台東区,district_plan,2,"全頁（PDF：9,124KB）",https://www.city.taito.lg.jp/kurashi/gomi/keikaku/kakusyupanfuretto/gomitoshigen.files/99.pdf,ごみと資源の分け方・出し方,https://www.city.taito.lg.jp/kurashi/gomi/keikaku/kakusyupanfuretto/gomitoshigen.html,
台東区,district_plan,2,このページの本文へ移動,https://www.city.taito.lg.jp/kurashi/gomi/keikaku/kakusyupanfuretto/gomitoshigen.html#CONT,ごみと資源の分け方・出し方,https://www.city.taito.lg.jp/kurashi/gomi/keikaku/kakusyupanfuretto/gomitoshigen.html,
台東区,district_plan,2,,https://www.city.taito.lg.jp/kurashi/gomi/keikaku/kakusyupanfuretto/gomitoshigen.html#PTOP,ごみと資源の分け方・出し方,https://www.city.taito.lg.jp/kurashi/gomi/keikaku/kakusyupanfuretto/gomitoshigen.html,
台東区,district_plan,2,各種パンフレット,https://www.city.taito.lg.jp/kurashi/gomi/keikaku/kakusyupanfuretto/index.html,ごみと資源の分け方・出し方,https://www.city.taito.lg.jp/kurashi/gomi/keikaku/kakusyupanfuretto/gomitoshigen.html,
台東区,district_plan,2,お店や会社から出る資源・ごみの分け方・出し方,https://www.city.taito.lg.jp/kurashi/gomi/keikaku/kakusyupanfuretto/kaisyakaraderugomi.html,ごみと資源の分け方・出し方,https://www.city.taito.lg.jp/kurashi/gomi/keikaku/kakusyupanfuretto/gomitoshigen.html,
台東区,district_plan,2,台東区災害廃棄物処理計画,https://www.city.taito.lg.jp/kurashi/gomi/keikaku/keikaku/saigaihaikibutu.html,,https://www.city.taito.lg.jp/bosai/index.html,
台東区,district_plan,2,令和7年度 行政評価の結果,https://www.city.taito.lg.jp/kusei/kunokeikaku/gyouseihyouka/R07gyouseihyouka.html,区の計画・ 取組,https://www.city.taito.lg.jp/kusei/kunokeikaku/index.html,
台東区,district_plan,2,行政評価,https://www.city.taito.lg.jp/kusei/kunokeikaku/gyouseihyouka/index.html,区の計画・ 取組,https://www.city.taito.lg.jp/kusei/kunokeikaku/index.html,
台東区,district_plan,2,過去の行政評価結果,https://www.city.taito.lg.jp/kusei/kunokeikaku/gyouseihyouka/kako/index.html,区の計画・ 取組,https://www.city.taito.lg.jp/kusei/kunokeikaku/index.html,
台東区,district_plan,2,このページの本文へ移動,https://www.city.taito.lg.jp/kusei/kunokeikaku/index.html#CONT,区の計画・ 取組,https://www.city.taito.lg.jp/kusei/kunokeikaku/index.html,
台東区,district_plan,2,,https://www.city.taito.lg.jp/kusei/kunokeikaku/index.html#PTOP,区の計画・ 取組,https://www.city.taito.lg.jp/kusei/kunokeikaku/index.html,
台東区,district_plan,2,台東区行政計画等,https://www.city.taito.lg.jp/kusei/kunokeikaku/kihonkoso/gyoseikeikaku/index.html,区の計画・ 取組,https://www.city.taito.lg.jp/kusei/kunokeikaku/index.html,
台東区,district_plan,2,基本構想・長期総合計画・行政計画,https://www.city.taito.lg.jp/kusei/kunokeikaku/kihonkoso/index.html,区の計画・ 取組,https://www.city.taito.lg.jp/kusei/kunokeikaku/index.html,
台東区,district_plan,2,基本構想,https://www.city.taito.lg.jp/kusei/kunokeikaku/kihonkoso/kihonkousou/index.html,区の計画・ 取組,https://www.city.taito.lg.jp/kusei/kunokeikaku/index.html,
台東区,district_plan,2,台東区長期総合計画,https://www.city.taito.lg.jp/kusei/kunokeikaku/kihonkoso/sogokeikaku/index.html,区の計画・ 取組,https://www.city.taito.lg.jp/kusei/kunokeikaku/index.html,
台東区,district_plan,2,内部統制,https://www.city.taito.lg.jp/kusei/kunokeikaku/naibu/index.html,区の計画・ 取組,https://www.city.taito.lg.jp/kusei/kunokeikaku/index.html,
台東区,district_plan,2,内部統制基本方針,https://www.city.taito.lg.jp/kusei/kunokeikaku/naibu/naibutousei.html,区の計画・ 取組,https://www.city.taito.lg.jp/kusei/kunokeikaku/index.html,
台東区,district_plan,2,内部統制評価報告書,https://www.city.taito.lg.jp/kusei/kunokeikaku/naibu/naibutouseihyouka.html,区の計画・ 取組,https://www.city.taito.lg.jp/kusei/kunokeikaku/index.html,
台東区,district_plan,2,申請書・届出書等の押印見直しについて,https://www.city.taito.lg.jp/kusei/kunokeikaku/ouin-minaoshi/20220125.html,区の計画・ 取組,https://www.city.taito.lg.jp/kusei/kunokeikaku/index.html,
台東区,district_plan,2,押印見直し,https://www.city.taito.lg.jp/kusei/kunokeikaku/ouin-minaoshi/index.html,区の計画・ 取組,https://www.city.taito.lg.jp/kusei/kunokeikaku/index.html,
台東区,district_plan,2,その他計画,https://www.city.taito.lg.jp/kusei/kunokeikaku/sonota/index.html,区の計画・ 取組,https://www.city.taito.lg.jp/kusei/kunokeikaku/index.html,
台東区,district_plan,2,まち・ひと・しごと創生総合戦略等,https://www.city.taito.lg.jp/kusei/kunokeikaku/sonota/matihito/index.html,区の計画・ 取組,https://www.city.taito.lg.jp/kusei/kunokeikaku/index.html,
台東区,district_plan,2,台東区地域福祉計画,https://www.city.taito.lg.jp/kusei/kunokeikaku/sonota/tiikifukushi/index.html,区の計画・ 取組,https://www.city.taito.lg.jp/kusei/kunokeikaku/index.html,
台東区,district_plan,2,大規模用地の活用について,https://www.city.taito.lg.jp/kusei/kunokeikaku/yochi/daikiboyouchi/index.html,区の計画・ 取組,https://www.city.taito.lg.jp/kusei/kunokeikaku/index.html,
台東区,district_plan,2,台東区震災復興小学校の校舎及び用地の有効活用に関する検討,https://www.city.taito.lg.jp/kusei/kunokeikaku/yochi/hukko/index.html,区の計画・ 取組,https://www.city.taito.lg.jp/kusei/kunokeikaku/index.html,
台東区,district_plan,2,大規模用地活用等,https://www.city.taito.lg.jp/kusei/kunokeikaku/yochi/index.html,区の計画・ 取組,https://www.city.taito.lg.jp/kusei/kunokeikaku/index.html,
台東区,district_plan,2,集会施設の利用要件を統一しました,https://www.city.taito.lg.jp/kusei/kunokeikaku/yochi/ribenseiko-jo-.html,区の計画・ 取組,https://www.city.taito.lg.jp/kusei/kunokeikaku/index.html,
台東区,district_plan,2,姉妹・友好都市など,https://www.city.taito.lg.jp/kusei/shokai/shimaitoshi/index.html,「ふるさと交流ショップ 台東」に茨城県筑西市が出店します！！,https://www.city.taito.lg.jp/kusei/shokai/shimaitoshi/oshirase/30shop.html,
台東区,district_plan,2,「ふるさと交流ショップ 台東」令和6年度に出店した自治体をご紹介します！,https://www.city.taito.lg.jp/kusei/shokai/shimaitoshi/oshirase/06schedule.html,「ふるさと交流ショップ 台東」に茨城県筑西市が出店します！！,https://www.city.taito.lg.jp/kusei/shokai/shimaitoshi/oshirase/30shop.html,
台東区,district_plan,2,令和7年度出店自治体はこちら,https://www.city.taito.lg.jp/kusei/shokai/shimaitoshi/oshirase/07schedule.html,「ふるさと交流ショップ 台東」に茨城県筑西市が出店します！！,https://www.city.taito.lg.jp/kusei/shokai/shimaitoshi/oshirase/30shop.html,
台東区,district_plan,2,こちら,https://www.city.taito.lg.jp/kusei/shokai/shimaitoshi/oshirase/08schedule.html,「ふるさと交流ショップ 台東」に茨城県筑西市が出店します！！,https://www.city.taito.lg.jp/kusei/shokai/shimaitoshi/oshirase/30shop.html,
台東区,district_plan,2,令和8年度「ふるさと交流ショップ 台東」に出店しませんか?,https://www.city.taito.lg.jp/kusei/shokai/shimaitoshi/oshirase/08shopsyutten.html,「ふるさと交流ショップ 台東」に茨城県筑西市が出店します！！,https://www.city.taito.lg.jp/kusei/shokai/shimaitoshi/oshirase/30shop.html,
台東区,district_plan,2,"ふるさと交流ショップ 台東チラシ（令和8年4月～令和8年6月）(PDF:9,147KB)",https://www.city.taito.lg.jp/kusei/shokai/shimaitoshi/oshirase/30shop.files/202604chirashi.pdf,「ふるさと交流ショップ 台東」に茨城県筑西市が出店します！！,https://www.city.taito.lg.jp/kusei/shokai/shimaitoshi/oshirase/30shop.html,
台東区,district_plan,2,このページの本文へ移動,https://www.city.taito.lg.jp/kusei/shokai/shimaitoshi/oshirase/30shop.html#CONT,「ふるさと交流ショップ 台東」に茨城県筑西市が出店します！！,https://www.city.taito.lg.jp/kusei/shokai/shimaitoshi/oshirase/30shop.html,
台東区,district_plan,2,,https://www.city.taito.lg.jp/kusei/shokai/shimaitoshi/oshirase/30shop.html#PTOP,「ふるさと交流ショップ 台東」に茨城県筑西市が出店します！！,https://www.city.taito.lg.jp/kusei/shokai/shimaitoshi/oshirase/30shop.html,
台東区,district_plan,2,ふるさと交流ショップ台東,https://www.city.taito.lg.jp/kusei/shokai/shimaitoshi/oshirase/index.html,「ふるさと交流ショップ 台東」に茨城県筑西市が出店します！！,https://www.city.taito.lg.jp/kusei/shokai/shimaitoshi/oshirase/30shop.html,
台東区,district_plan,2,「ふるさと交流ショップ 台東」の概要はこちら,https://www.city.taito.lg.jp/kusei/shokai/shimaitoshi/oshirase/shop_about.html,「ふるさと交流ショップ 台東」に茨城県筑西市が出店します！！,https://www.city.taito.lg.jp/kusei/shokai/shimaitoshi/oshirase/30shop.html,
台東区,district_plan,2,こちら,https://www.city.taito.lg.jp/kusei/shokai/shimaitoshi/oshirase/shoptaitosns.html,「ふるさと交流ショップ 台東」に茨城県筑西市が出店します！！,https://www.city.taito.lg.jp/kusei/shokai/shimaitoshi/oshirase/30shop.html,
台東区,district_plan,2,災害時相互応援協定,https://www.city.taito.lg.jp/kusei/shokai/shimaitoshi/saigaijikyoutei.html,,https://www.city.taito.lg.jp/bosai/index.html,
台東区,district_plan,2,台東区公共施設等総合管理計画,https://www.city.taito.lg.jp/kusei/shokai/tokei/kakusyukeikaku/zenpan/sougoukanrikeikaku.html,区の計画・ 取組,https://www.city.taito.lg.jp/kusei/kunokeikaku/index.html,
台東区,hazard,1,自宅の防犯、強化しませんか？,https://www.city.taito.lg.jp/bosai/bohantaisaku/anzentaisaku/bouhanjyosei/bouhannkinkyu.html,公式トップ,https://www.city.taito.lg.jp/,
台東区,hazard,1,犯罪発生情報,https://www.city.taito.lg.jp/bosai/bohantaisaku/hasseijokyo/hassei/index.html,公式トップ,https://www.city.taito.lg.jp/,
台東区,hazard,1,,https://www.city.taito.lg.jp/bosai/index.html,公式トップ,https://www.city.taito.lg.jp/,
台東区,hazard,1,防災アプリ「台東防災」,https://www.city.taito.lg.jp/bosai/jyouhou/bosaiapli/bousaiapuri.html,公式トップ,https://www.city.taito.lg.jp/,
台東区,hazard,1,ハザードマップ,https://www.city.taito.lg.jp/bosai/map/saigai/index.html,公式トップ,https://www.city.taito.lg.jp/,
台東区,hazard,2,町会・商店街等への防犯カメラ設置補助金事業について,https://www.city.taito.lg.jp/bosai/bohantaisaku/anzentaisaku/bouhanjyosei/bouhannkamerahojo.html,自宅の防犯、強化しませんか？,https://www.city.taito.lg.jp/bosai/bohantaisaku/anzentaisaku/bouhanjyosei/bouhannkinkyu.html,
台東区,hazard,2,よくあるQ＆A（PDF：679KB）,https://www.city.taito.lg.jp/bosai/bohantaisaku/anzentaisaku/bouhanjyosei/bouhannkinkyu.files/QAR8.pdf,自宅の防犯、強化しませんか？,https://www.city.taito.lg.jp/bosai/bohantaisaku/anzentaisaku/bouhanjyosei/bouhannkinkyu.html,
台東区,hazard,2,交付申請書兼請求書（記入例）（ワード：42KB）,https://www.city.taito.lg.jp/bosai/bohantaisaku/anzentaisaku/bouhanjyosei/bouhannkinkyu.files/kinyurei1-1.docx,自宅の防犯、強化しませんか？,https://www.city.taito.lg.jp/bosai/bohantaisaku/anzentaisaku/bouhanjyosei/bouhannkinkyu.html,
台東区,hazard,2,誓約書兼同意書（記入例）（ワード：35KB）,https://www.city.taito.lg.jp/bosai/bohantaisaku/anzentaisaku/bouhanjyosei/bouhannkinkyu.files/kinyurei1-2.docx,自宅の防犯、強化しませんか？,https://www.city.taito.lg.jp/bosai/bohantaisaku/anzentaisaku/bouhanjyosei/bouhannkinkyu.html,
台東区,hazard,2,パンフレット（中2ページ）（PDF：832KB）,https://www.city.taito.lg.jp/bosai/bohantaisaku/anzentaisaku/bouhanjyosei/bouhannkinkyu.files/panphletA3nakamen.pdf,自宅の防犯、強化しませんか？,https://www.city.taito.lg.jp/bosai/bohantaisaku/anzentaisaku/bouhanjyosei/bouhannkinkyu.html,
台東区,hazard,2,"パンフレット（表・裏表紙）（PDF：2,673KB）",https://www.city.taito.lg.jp/bosai/bohantaisaku/anzentaisaku/bouhanjyosei/bouhannkinkyu.files/panphletA3omoteura.pdf,自宅の防犯、強化しませんか？,https://www.city.taito.lg.jp/bosai/bohantaisaku/anzentaisaku/bouhanjyosei/bouhannkinkyu.html,
台東区,hazard,2,【参考様式】承諾書（賃貸住宅にお住いの方）（ワード：18KB）,https://www.city.taito.lg.jp/bosai/bohantaisaku/anzentaisaku/bouhanjyosei/bouhannkinkyu.files/syodakusyo1.docx,自宅の防犯、強化しませんか？,https://www.city.taito.lg.jp/bosai/bohantaisaku/anzentaisaku/bouhanjyosei/bouhannkinkyu.html,
台東区,hazard,2,【参考様式】承諾書（共同住宅にお住いの方）（ワード：18KB）,https://www.city.taito.lg.jp/bosai/bohantaisaku/anzentaisaku/bouhanjyosei/bouhannkinkyu.files/syodakusyo2.docx,自宅の防犯、強化しませんか？,https://www.city.taito.lg.jp/bosai/bohantaisaku/anzentaisaku/bouhanjyosei/bouhannkinkyu.html,
台東区,hazard,2,交付申請書兼請求書（ワード：24KB）,https://www.city.taito.lg.jp/bosai/bohantaisaku/anzentaisaku/bouhanjyosei/bouhannkinkyu.files/youshiki1-1.docx,自宅の防犯、強化しませんか？,https://www.city.taito.lg.jp/bosai/bohantaisaku/anzentaisaku/bouhanjyosei/bouhannkinkyu.html,
台東区,hazard,2,誓約書兼同意書（ワード：22KB）,https://www.city.taito.lg.jp/bosai/bohantaisaku/anzentaisaku/bouhanjyosei/bouhannkinkyu.files/youshiki1-2.docx,自宅の防犯、強化しませんか？,https://www.city.taito.lg.jp/bosai/bohantaisaku/anzentaisaku/bouhanjyosei/bouhannkinkyu.html,
台東区,hazard,2,このページの本文へ移動,https://www.city.taito.lg.jp/bosai/bohantaisaku/anzentaisaku/bouhanjyosei/bouhannkinkyu.html#CONT,自宅の防犯、強化しませんか？,https://www.city.taito.lg.jp/bosai/bohantaisaku/anzentaisaku/bouhanjyosei/bouhannkinkyu.html,
台東区,hazard,2,,https://www.city.taito.lg.jp/bosai/bohantaisaku/anzentaisaku/bouhanjyosei/bouhannkinkyu.html#PTOP,自宅の防犯、強化しませんか？,https://www.city.taito.lg.jp/bosai/bohantaisaku/anzentaisaku/bouhanjyosei/bouhannkinkyu.html,
台東区,hazard,2,防犯設備設置助成,https://www.city.taito.lg.jp/bosai/bohantaisaku/anzentaisaku/bouhanjyosei/index.html,自宅の防犯、強化しませんか？,https://www.city.taito.lg.jp/bosai/bohantaisaku/anzentaisaku/bouhanjyosei/bouhannkinkyu.html,
台東区,hazard,2,町会・商店街等が設置した防犯カメラの維持管理費補助について,https://www.city.taito.lg.jp/bosai/bohantaisaku/anzentaisaku/bouhanjyosei/kameraijikannri.html,自宅の防犯、強化しませんか？,https://www.city.taito.lg.jp/bosai/bohantaisaku/anzentaisaku/bouhanjyosei/bouhannkinkyu.html,
台東区,hazard,2,生活安全対策,https://www.city.taito.lg.jp/bosai/bohantaisaku/anzentaisaku/index.html,,https://www.city.taito.lg.jp/bosai/index.html,
台東区,hazard,2,たいとう安全・安心電子飛脚便の登録方法,https://www.city.taito.lg.jp/bosai/bohantaisaku/hasseijokyo/hassei/denshihikyakubin3.html,犯罪発生情報,https://www.city.taito.lg.jp/bosai/bohantaisaku/hasseijokyo/hassei/index.html,
台東区,hazard,2,令和7年4月配信分（3件）,https://www.city.taito.lg.jp/bosai/bohantaisaku/hasseijokyo/hassei/haishinjoho/R0704hikyaku.html,犯罪発生情報,https://www.city.taito.lg.jp/bosai/bohantaisaku/hasseijokyo/hassei/index.html,
台東区,hazard,2,令和7年5月配信分（1件）,https://www.city.taito.lg.jp/bosai/bohantaisaku/hasseijokyo/hassei/haishinjoho/R0705hikyaku.html,犯罪発生情報,https://www.city.taito.lg.jp/bosai/bohantaisaku/hasseijokyo/hassei/index.html,
台東区,hazard,2,令和7年6月配信分（1件）,https://www.city.taito.lg.jp/bosai/bohantaisaku/hasseijokyo/hassei/haishinjoho/R0706hikyaku.html,犯罪発生情報,https://www.city.taito.lg.jp/bosai/bohantaisaku/hasseijokyo/hassei/index.html,
台東区,hazard,2,令和7年7月配信分（4件）,https://www.city.taito.lg.jp/bosai/bohantaisaku/hasseijokyo/hassei/haishinjoho/R0707hikyaku.html,犯罪発生情報,https://www.city.taito.lg.jp/bosai/bohantaisaku/hasseijokyo/hassei/index.html,
台東区,hazard,2,令和7年9月配信分（4件）,https://www.city.taito.lg.jp/bosai/bohantaisaku/hasseijokyo/hassei/haishinjoho/R0709hikyaku.html,犯罪発生情報,https://www.city.taito.lg.jp/bosai/bohantaisaku/hasseijokyo/hassei/index.html,
台東区,hazard,2,令和7年10月配信分（11件）,https://www.city.taito.lg.jp/bosai/bohantaisaku/hasseijokyo/hassei/haishinjoho/R0710hikyaku.html,犯罪発生情報,https://www.city.taito.lg.jp/bosai/bohantaisaku/hasseijokyo/hassei/index.html,
台東区,hazard,2,令和7年11月分配信分（14件）,https://www.city.taito.lg.jp/bosai/bohantaisaku/hasseijokyo/hassei/haishinjoho/R0711hikyaku.html,犯罪発生情報,https://www.city.taito.lg.jp/bosai/bohantaisaku/hasseijokyo/hassei/index.html,
台東区,hazard,2,令和7年12月分配信分（18件）,https://www.city.taito.lg.jp/bosai/bohantaisaku/hasseijokyo/hassei/haishinjoho/R0712hikyaku.html,犯罪発生情報,https://www.city.taito.lg.jp/bosai/bohantaisaku/hasseijokyo/hassei/index.html,
台東区,hazard,2,令和8年1月分配信分（25件）,https://www.city.taito.lg.jp/bosai/bohantaisaku/hasseijokyo/hassei/haishinjoho/R0801hikyaku.html,犯罪発生情報,https://www.city.taito.lg.jp/bosai/bohantaisaku/hasseijokyo/hassei/index.html,
台東区,hazard,2,令和8年2月分配信分（30件）,https://www.city.taito.lg.jp/bosai/bohantaisaku/hasseijokyo/hassei/haishinjoho/R0802hikyaku.html,犯罪発生情報,https://www.city.taito.lg.jp/bosai/bohantaisaku/hasseijokyo/hassei/index.html,
台東区,hazard,2,たいとう安全・安心電子飛脚便,https://www.city.taito.lg.jp/bosai/bohantaisaku/hasseijokyo/hassei/haishinjoho/index.html,犯罪発生情報,https://www.city.taito.lg.jp/bosai/bohantaisaku/hasseijokyo/hassei/index.html,
台東区,hazard,2,このページの本文へ移動,https://www.city.taito.lg.jp/bosai/bohantaisaku/hasseijokyo/hassei/index.html#CONT,犯罪発生情報,https://www.city.taito.lg.jp/bosai/bohantaisaku/hasseijokyo/hassei/index.html,
台東区,hazard,2,,https://www.city.taito.lg.jp/bosai/bohantaisaku/hasseijokyo/hassei/index.html#PTOP,犯罪発生情報,https://www.city.taito.lg.jp/bosai/bohantaisaku/hasseijokyo/hassei/index.html,
台東区,hazard,2,たいとう安全・安心電子飛脚便（過去の配信情報）,https://www.city.taito.lg.jp/bosai/bohantaisaku/hasseijokyo/hassei/kakonohaishinjoho/index.html,犯罪発生情報,https://www.city.taito.lg.jp/bosai/bohantaisaku/hasseijokyo/hassei/index.html,
台東区,hazard,2,過去の配信分,https://www.city.taito.lg.jp/bosai/bohantaisaku/hasseijokyo/hassei/kakonohaishinjoho/kako-haisin/index.html,犯罪発生情報,https://www.city.taito.lg.jp/bosai/bohantaisaku/hasseijokyo/hassei/index.html,
台東区,hazard,2,令和2年　区内の犯罪発生件数,https://www.city.taito.lg.jp/bosai/bohantaisaku/hasseijokyo/hassei/kunainohanzaikensu/2nenhanzai/index.html,犯罪発生情報,https://www.city.taito.lg.jp/bosai/bohantaisaku/hasseijokyo/hassei/index.html,
台東区,hazard,2,平成30年　区内の犯罪発生件数,https://www.city.taito.lg.jp/bosai/bohantaisaku/hasseijokyo/hassei/kunainohanzaikensu/30nenhanzai/index.html,犯罪発生情報,https://www.city.taito.lg.jp/bosai/bohantaisaku/hasseijokyo/hassei/index.html,
台東区,hazard,2,令和元年　区内の犯罪発生件数,https://www.city.taito.lg.jp/bosai/bohantaisaku/hasseijokyo/hassei/kunainohanzaikensu/31nenhanzai/index.html,犯罪発生情報,https://www.city.taito.lg.jp/bosai/bohantaisaku/hasseijokyo/hassei/index.html,
台東区,hazard,2,令和3年　区内の犯罪発生件数,https://www.city.taito.lg.jp/bosai/bohantaisaku/hasseijokyo/hassei/kunainohanzaikensu/3nenhanzai/index.html,犯罪発生情報,https://www.city.taito.lg.jp/bosai/bohantaisaku/hasseijokyo/hassei/index.html,
台東区,hazard,2,区内の犯罪発生件数,https://www.city.taito.lg.jp/bosai/bohantaisaku/hasseijokyo/hassei/kunainohanzaikensu/index.html,犯罪発生情報,https://www.city.taito.lg.jp/bosai/bohantaisaku/hasseijokyo/hassei/index.html,
台東区,hazard,2,過去4年分はこちら,https://www.city.taito.lg.jp/bosai/bohantaisaku/hasseijokyo/hassei/kunainohanzaikensu/kako/index.html,犯罪発生情報,https://www.city.taito.lg.jp/bosai/bohantaisaku/hasseijokyo/hassei/index.html,
台東区,hazard,2,令和4年　区内の犯罪発生件数,https://www.city.taito.lg.jp/bosai/bohantaisaku/hasseijokyo/hassei/kunainohanzaikensu/r4/index.html,犯罪発生情報,https://www.city.taito.lg.jp/bosai/bohantaisaku/hasseijokyo/hassei/index.html,
台東区,hazard,2,令和5年　区内の犯罪発生件数,https://www.city.taito.lg.jp/bosai/bohantaisaku/hasseijokyo/hassei/kunainohanzaikensu/r5/index.html,犯罪発生情報,https://www.city.taito.lg.jp/bosai/bohantaisaku/hasseijokyo/hassei/index.html,
台東区,hazard,2,令和6年　区内の犯罪発生件数,https://www.city.taito.lg.jp/bosai/bohantaisaku/hasseijokyo/hassei/kunainohanzaikensu/r6/index.html,犯罪発生情報,https://www.city.taito.lg.jp/bosai/bohantaisaku/hasseijokyo/hassei/index.html,
台東区,hazard,2,令和7年　区内の犯罪発生件数,https://www.city.taito.lg.jp/bosai/bohantaisaku/hasseijokyo/hassei/kunainohanzaikensu/r7/index.html,犯罪発生情報,https://www.city.taito.lg.jp/bosai/bohantaisaku/hasseijokyo/hassei/index.html,
台東区,hazard,2,令和8年　区内の犯罪発生件数,https://www.city.taito.lg.jp/bosai/bohantaisaku/hasseijokyo/hassei/kunainohanzaikensu/r8/index.html,犯罪発生情報,https://www.city.taito.lg.jp/bosai/bohantaisaku/hasseijokyo/hassei/index.html,
台東区,hazard,2,たいとう安全・安心かわら版（過去の掲示情報）,https://www.city.taito.lg.jp/bosai/bohantaisaku/hasseijokyo/hassei/taitokawaraban/index.html,犯罪発生情報,https://www.city.taito.lg.jp/bosai/bohantaisaku/hasseijokyo/hassei/index.html,
台東区,hazard,2,侵入盗対策を徹底してください！,https://www.city.taito.lg.jp/bosai/bohantaisaku/hasseijokyo/hassei/taitokawaraban/reiwa04_kawara.html,犯罪発生情報,https://www.city.taito.lg.jp/bosai/bohantaisaku/hasseijokyo/hassei/index.html,
台東区,hazard,2,点検商法にご注意ください,https://www.city.taito.lg.jp/bosai/bohantaisaku/hasseijokyo/hassei/taitokawaraban/tenkensyouhou.html,犯罪発生情報,https://www.city.taito.lg.jp/bosai/bohantaisaku/hasseijokyo/hassei/index.html,
台東区,hazard,2,区内の犯罪発生状況,https://www.city.taito.lg.jp/bosai/bohantaisaku/hasseijokyo/index.html,,https://www.city.taito.lg.jp/bosai/index.html,
台東区,hazard,2,防犯,https://www.city.taito.lg.jp/bosai/bohantaisaku/index.html,,https://www.city.taito.lg.jp/bosai/index.html,
台東区,hazard,2,防災機関・連携,https://www.city.taito.lg.jp/bosai/bousaikikan/index.html,,https://www.city.taito.lg.jp/bosai/index.html,
台東区,hazard,2,「災害時における電力復旧に係る連携に関する基本協定」の締結について,https://www.city.taito.lg.jp/bosai/bousaikikan/rennkeikyoutei.html,,https://www.city.taito.lg.jp/bosai/index.html,
台東区,hazard,2,消防団,https://www.city.taito.lg.jp/bosai/bousaikikan/shobodan.html,,https://www.city.taito.lg.jp/bosai/index.html,
台東区,hazard,2,各消防署のホームページ,https://www.city.taito.lg.jp/bosai/bousaikikan/shoboshohomepage.html,,https://www.city.taito.lg.jp/bosai/index.html,
台東区,hazard,2,台東区災害時備蓄物資等整備指針,https://www.city.taito.lg.jp/bosai/houshin/bichikushishin.html,,https://www.city.taito.lg.jp/bosai/index.html,
台東区,hazard,2,台東区地域防災計画,https://www.city.taito.lg.jp/bosai/houshin/bosaikaigi/index.html,,https://www.city.taito.lg.jp/bosai/index.html,
台東区,hazard,2,地区防災計画,https://www.city.taito.lg.jp/bosai/houshin/bosaikeikaku/index.html,,https://www.city.taito.lg.jp/bosai/index.html,
台東区,hazard,2,台東区風水害対応方針,https://www.city.taito.lg.jp/bosai/houshin/fuusuigai/index.html,,https://www.city.taito.lg.jp/bosai/index.html,
台東区,hazard,2,防災に関する方針・計画,https://www.city.taito.lg.jp/bosai/houshin/index.html,,https://www.city.taito.lg.jp/bosai/index.html,
台東区,hazard,2,東京都台東区防災会議,https://www.city.taito.lg.jp/bosai/houshin/kaigi/index.html,,https://www.city.taito.lg.jp/bosai/index.html,
台東区,hazard,2,台東区国土強靭化地域計画,https://www.city.taito.lg.jp/bosai/houshin/kyoujinka/index.html,,https://www.city.taito.lg.jp/bosai/index.html,
台東区,hazard,2,台東区災害時トイレ確保・管理指針,https://www.city.taito.lg.jp/bosai/houshin/toireshishin.html,,https://www.city.taito.lg.jp/bosai/index.html,
台東区,hazard,2,このページの本文へ移動,https://www.city.taito.lg.jp/bosai/index.html#CONT,,https://www.city.taito.lg.jp/bosai/index.html,
台東区,hazard,2,,https://www.city.taito.lg.jp/bosai/index.html#PTOP,,https://www.city.taito.lg.jp/bosai/index.html,
台東区,hazard,2,防災士認証登録支援補助金,https://www.city.taito.lg.jp/bosai/jyosei/bousaisininsyoutouro.html,,https://www.city.taito.lg.jp/bosai/index.html,
台東区,hazard,2,防災用品あっせんのご案内,https://www.city.taito.lg.jp/bosai/jyosei/bousaiyouhinnassenn.html,,https://www.city.taito.lg.jp/bosai/index.html,
台東区,hazard,2,被災者支援制度,https://www.city.taito.lg.jp/bosai/jyosei/hisaisya/index.html,,https://www.city.taito.lg.jp/bosai/index.html,
台東区,hazard,2,助成・支援,https://www.city.taito.lg.jp/bosai/jyosei/index.html,,https://www.city.taito.lg.jp/bosai/index.html,
台東区,hazard,2,自主防災組織（防災団）への助成と育成,https://www.city.taito.lg.jp/bosai/jyosei/jisyubo/index.html,,https://www.city.taito.lg.jp/bosai/index.html,
台東区,hazard,2,簡易型感震ブレーカーの配布,https://www.city.taito.lg.jp/bosai/jyosei/kani_kanshin.html,,https://www.city.taito.lg.jp/bosai/index.html,
台東区,hazard,2,感震ブレーカー設置費用の助成,https://www.city.taito.lg.jp/bosai/jyosei/kansinbure-ka-jyosei.html,,https://www.city.taito.lg.jp/bosai/index.html,
台東区,hazard,2,集合住宅防災資器材購入補助金,https://www.city.taito.lg.jp/bosai/jyosei/syugoujuutaku.html,,https://www.city.taito.lg.jp/bosai/index.html,
台東区,hazard,2,コンセントタイプ感震ブレーカー配付,https://www.city.taito.lg.jp/bosai/jyosei/to_kanshin.html,,https://www.city.taito.lg.jp/bosai/index.html,
台東区,hazard,2,避難行動要支援者名簿・個別支援計画,https://www.city.taito.lg.jp/bosai/jyosei/youshiensha.html,,https://www.city.taito.lg.jp/bosai/index.html,
台東区,hazard,2,詳細はこちら,https://www.city.taito.lg.jp/bosai/jyouhou/bosaiapli/bosaiapurihugguai.html,防災アプリ「台東防災」,https://www.city.taito.lg.jp/bosai/jyouhou/bosaiapli/bousaiapuri.html,
台東区,hazard,2,"チラシのダウンロードはこちらから（PDF：2,140KB）",https://www.city.taito.lg.jp/bosai/jyouhou/bosaiapli/bousaiapuri.files/shintirashi.pdf,防災アプリ「台東防災」,https://www.city.taito.lg.jp/bosai/jyouhou/bosaiapli/bousaiapuri.html,
台東区,hazard,2,このページの本文へ移動,https://www.city.taito.lg.jp/bosai/jyouhou/bosaiapli/bousaiapuri.html#CONT,防災アプリ「台東防災」,https://www.city.taito.lg.jp/bosai/jyouhou/bosaiapli/bousaiapuri.html,
台東区,hazard,2,,https://www.city.taito.lg.jp/bosai/jyouhou/bosaiapli/bousaiapuri.html#PTOP,防災アプリ「台東防災」,https://www.city.taito.lg.jp/bosai/jyouhou/bosaiapli/bousaiapuri.html,
台東区,hazard,2,防災アプリ,https://www.city.taito.lg.jp/bosai/jyouhou/bosaiapli/index.html,,https://www.city.taito.lg.jp/bosai/index.html,
台東区,hazard,2,防災行政無線,https://www.city.taito.lg.jp/bosai/jyouhou/gyouseimusen/index.html,,https://www.city.taito.lg.jp/bosai/index.html,
台東区,hazard,2,ホームページアクセス集中対策,https://www.city.taito.lg.jp/bosai/jyouhou/hptaisaku/index.html,,https://www.city.taito.lg.jp/bosai/index.html,
台東区,hazard,2,緊急時情報伝達手段,https://www.city.taito.lg.jp/bosai/jyouhou/index.html,,https://www.city.taito.lg.jp/bosai/index.html,
台東区,hazard,2,全国瞬時警報システム（J-ALERT）,https://www.city.taito.lg.jp/bosai/jyouhou/j-alert/20110304j-alert.html,,https://www.city.taito.lg.jp/bosai/index.html,
台東区,hazard,2,Jアラート,https://www.city.taito.lg.jp/bosai/jyouhou/j-alert/index.html,,https://www.city.taito.lg.jp/bosai/index.html,
台東区,hazard,2,緊急速報メール,https://www.city.taito.lg.jp/bosai/jyouhou/kinkyusokuho/index.html,,https://www.city.taito.lg.jp/bosai/index.html,
台東区,hazard,2,避難について,https://www.city.taito.lg.jp/bosai/kokuminhogohorei/hinan/index.html,,https://www.city.taito.lg.jp/bosai/index.html,
台東区,hazard,2,国民保護法制,https://www.city.taito.lg.jp/bosai/kokuminhogohorei/index.html,,https://www.city.taito.lg.jp/bosai/index.html,
台東区,hazard,2,国民保護法に基づく緊急一時避難施設の指定について,https://www.city.taito.lg.jp/bosai/kokuminhogohorei/kokuminhogo_shisetsu.html,,https://www.city.taito.lg.jp/bosai/index.html,
台東区,hazard,2,国民保護法制とは？,https://www.city.taito.lg.jp/bosai/kokuminhogohorei/kokuminhogohosei.html,,https://www.city.taito.lg.jp/bosai/index.html,
台東区,hazard,2,国民保護計画,https://www.city.taito.lg.jp/bosai/kokuminhogohorei/kokuminhogoke/index.html,,https://www.city.taito.lg.jp/bosai/index.html,
台東区,hazard,2,国民保護協議会,https://www.city.taito.lg.jp/bosai/kokuminhogohorei/kokuminhogoky/index.html,,https://www.city.taito.lg.jp/bosai/index.html,
台東区,hazard,2,訓練について,https://www.city.taito.lg.jp/bosai/kokuminhogohorei/kunren/index.html,,https://www.city.taito.lg.jp/bosai/index.html,
台東区,hazard,2,災害に関するマップ・ハンドブック等,https://www.city.taito.lg.jp/bosai/map/index.html,,https://www.city.taito.lg.jp/bosai/index.html,
台東区,hazard,2,地震に関するもの,https://www.city.taito.lg.jp/bosai/map/jishin/index.html,,https://www.city.taito.lg.jp/bosai/index.html,
台東区,hazard,2,動画日本語ナレーション　地震編,https://www.city.taito.lg.jp/bosai/map/jishin/jishinjp.html,,https://www.city.taito.lg.jp/bosai/index.html,
台東区,hazard,2,宅地建物取引業者の方へ（台東区ハザードマップ作成状況）,https://www.city.taito.lg.jp/bosai/map/saigai/gyosha.html,ハザードマップ,https://www.city.taito.lg.jp/bosai/map/saigai/index.html,
台東区,hazard,2,ハザードマップ（水害・土砂災害）,https://www.city.taito.lg.jp/bosai/map/saigai/hazardmap.html,ハザードマップ,https://www.city.taito.lg.jp/bosai/map/saigai/index.html,
台東区,hazard,2,このページの本文へ移動,https://www.city.taito.lg.jp/bosai/map/saigai/index.html#CONT,ハザードマップ,https://www.city.taito.lg.jp/bosai/map/saigai/index.html,
台東区,hazard,2,,https://www.city.taito.lg.jp/bosai/map/saigai/index.html#PTOP,ハザードマップ,https://www.city.taito.lg.jp/bosai/map/saigai/index.html,
台東区,hazard,2,動画日本語ナレーション　風水害編,https://www.city.taito.lg.jp/bosai/map/saigai/suigaijp.html,,https://www.city.taito.lg.jp/bosai/index.html,
台東区,hazard,2,たいとう区安全・安心ハンドブック,https://www.city.taito.lg.jp/bosai/map/saigaitaisaku/anzen_ansin_handbook.html,ハザードマップ,https://www.city.taito.lg.jp/bosai/map/saigai/index.html,
台東区,hazard,2,避難行動要支援者避難支援の手引き,https://www.city.taito.lg.jp/bosai/map/saigaitaisaku/hinansien20221101.html,,https://www.city.taito.lg.jp/bosai/index.html,
台東区,hazard,2,災害対策全般に関するもの,https://www.city.taito.lg.jp/bosai/map/saigaitaisaku/index.html,,https://www.city.taito.lg.jp/bosai/index.html,
台東区,hazard,2,「実感！ハザードマップ」ポスターについて,https://www.city.taito.lg.jp/bosai/suigaibousai/bosaiinfo/arposter.html,ハザードマップ,https://www.city.taito.lg.jp/bosai/map/saigai/index.html,
台東区,hazard,2,日頃から知っておきたい防災情報,https://www.city.taito.lg.jp/bosai/suigaibousai/bosaiinfo/index.html,,https://www.city.taito.lg.jp/bosai/index.html,
台東区,hazard,2,避難について,https://www.city.taito.lg.jp/bosai/suigaibousai/hinan/index.html,,https://www.city.taito.lg.jp/bosai/index.html,
台東区,hazard,2,要配慮者利用施設における避難確保計画の指定について,https://www.city.taito.lg.jp/bosai/suigaibousai/houshin/hinankuho-sitei.html,,https://www.city.taito.lg.jp/bosai/index.html,
台東区,hazard,2,水害対策に関する計画・方針,https://www.city.taito.lg.jp/bosai/suigaibousai/houshin/index.html,,https://www.city.taito.lg.jp/bosai/index.html,
台東区,hazard,2,水害・土砂災害に関する防災・災害対策,https://www.city.taito.lg.jp/bosai/suigaibousai/index.html,,https://www.city.taito.lg.jp/bosai/index.html,
台東区,hazard,2,家庭の備え,https://www.city.taito.lg.jp/bosai/suigaibousai/katei/index.html,,https://www.city.taito.lg.jp/bosai/index.html,
台東区,hazard,2,マニュアル・マップ等,https://www.city.taito.lg.jp/bosai/suigaibousai/map/index.html,,https://www.city.taito.lg.jp/bosai/index.html,
台東区,hazard,2,水防訓練,https://www.city.taito.lg.jp/bosai/suigaibousai/suiboukunnrennjixtus.html,,https://www.city.taito.lg.jp/bosai/index.html,
台東区,hazard,2,令和3年千葉県北西部地震に関する情報,https://www.city.taito.lg.jp/bosai/taioujyoukyo/R31007jishin.html,,https://www.city.taito.lg.jp/bosai/index.html,
台東区,hazard,2,令和4年3月16日福島県沖の地震に関する情報,https://www.city.taito.lg.jp/bosai/taioujyoukyo/R40316jisin.html,,https://www.city.taito.lg.jp/bosai/index.html,
台東区,hazard,2,平成30年7月西日本豪雨に関する情報,https://www.city.taito.lg.jp/bosai/taioujyoukyo/h3007gouu/index.html,,https://www.city.taito.lg.jp/bosai/index.html,
台東区,hazard,2,災害の情報・対応状況,https://www.city.taito.lg.jp/bosai/taioujyoukyo/index.html,,https://www.city.taito.lg.jp/bosai/index.html,
台東区,hazard,2,平成23年東日本大震災に関する情報,https://www.city.taito.lg.jp/bosai/taioujyoukyo/kinkyujoho/index.html,,https://www.city.taito.lg.jp/bosai/index.html,
台東区,hazard,2,平成28年熊本地震に関する情報,https://www.city.taito.lg.jp/bosai/taioujyoukyo/kumamoto/index.html,,https://www.city.taito.lg.jp/bosai/index.html,
台東区,hazard,2,南海トラフ地震臨時情報（巨大地震注意）に関する情報,https://www.city.taito.lg.jp/bosai/taioujyoukyo/nannkaitorahu/index.html,,https://www.city.taito.lg.jp/bosai/index.html,
台東区,hazard,2,令和6年能登半島地震に関する情報,https://www.city.taito.lg.jp/bosai/taioujyoukyo/noto/index.html,,https://www.city.taito.lg.jp/bosai/index.html,
台東区,hazard,2,令和元年台風19号に関する情報,https://www.city.taito.lg.jp/bosai/taioujyoukyo/r1typhoon19/index.html,,https://www.city.taito.lg.jp/bosai/index.html,
台東区,hazard,2,太陽フレア災害,https://www.city.taito.lg.jp/bosai/taioujyoukyo/taiyoflare.html,,https://www.city.taito.lg.jp/bosai/index.html,
台東区,hazard,2,避難について,https://www.city.taito.lg.jp/bosai/taisaku/hinan/index.html,,https://www.city.taito.lg.jp/bosai/index.html,
台東区,hazard,2,地震・火災に関する防災・災害対策,https://www.city.taito.lg.jp/bosai/taisaku/index.html,,https://www.city.taito.lg.jp/bosai/index.html,
台東区,hazard,2,家庭の備え,https://www.city.taito.lg.jp/bosai/taisaku/katei/index.html,,https://www.city.taito.lg.jp/bosai/index.html,
台東区,hazard,2,被災建築物応急危険度判定,https://www.city.taito.lg.jp/bosai/taisaku/kikendohantei/index.html,,https://www.city.taito.lg.jp/bosai/index.html,
台東区,hazard,2,帰宅困難者対策,https://www.city.taito.lg.jp/bosai/taisaku/kitakukonnan/index.html,,https://www.city.taito.lg.jp/bosai/index.html,
台東区,hazard,2,マンションに関する防災対策,https://www.city.taito.lg.jp/bosai/taisaku/mansyon_jisin-kassai/index.html,,https://www.city.taito.lg.jp/bosai/index.html,
台東区,hazard,2,マニュアル・マップ等,https://www.city.taito.lg.jp/bosai/taisaku/map/index.html,,https://www.city.taito.lg.jp/bosai/index.html,
台東区,hazard,2,日頃から知っておきたい防災情報,https://www.city.taito.lg.jp/bosai/taisaku/shitteokitai/index.html,,https://www.city.taito.lg.jp/bosai/index.html,
台東区,hazard,2,たいとう 関東大震災100年事業,https://www.city.taito.lg.jp/bosai/taisaku/taito_kanto100/index.html,,https://www.city.taito.lg.jp/bosai/index.html,
台東区,hazard,2,防災船着き場,https://www.city.taito.lg.jp/kenchiku/funatukiba/bosaihunatsukiba/index.html,,https://www.city.taito.lg.jp/kenchiku/index.html,
台東区,hazard,2,防災まちづくり,https://www.city.taito.lg.jp/kenchiku/machidukuri/bosaimachizukuri/index.html,,https://www.city.taito.lg.jp/bosai/index.html,
台東区,road,2,道路に関するよくある質問とその答え（Q＆A）,https://www.city.taito.lg.jp/benri/qa/kotsu/1.html,めぐりん,https://www.city.taito.lg.jp/kenchiku/kotsu/megurin/index.html,
台東区,road,2,道路の損傷等を発見したときは,https://www.city.taito.lg.jp/benri/qa/kotsu/situmon.html,めぐりん,https://www.city.taito.lg.jp/kenchiku/kotsu/megurin/index.html,
台東区,road,2,道路の管理,https://www.city.taito.lg.jp/kenchiku/doro2/doro/index.html,,https://www.city.taito.lg.jp/kenchiku/index.html,
台東区,road,2,道路工事,https://www.city.taito.lg.jp/kenchiku/doro2/doroijihoshu/index.html,,https://www.city.taito.lg.jp/kenchiku/index.html,
台東区,road,2,標準構造図集,https://www.city.taito.lg.jp/kenchiku/doro2/hyoujunkouzouzu/index.html,,https://www.city.taito.lg.jp/kenchiku/index.html,
台東区,road,2,道路,https://www.city.taito.lg.jp/kenchiku/doro2/index.html,,https://www.city.taito.lg.jp/kenchiku/index.html,
台東区,road,2,道路に関する計画,https://www.city.taito.lg.jp/kenchiku/doro2/keikaku/index.html,,https://www.city.taito.lg.jp/kenchiku/index.html,
台東区,road,2,無電柱化の推進,https://www.city.taito.lg.jp/kenchiku/doro2/mudentyuu/index.html,,https://www.city.taito.lg.jp/kenchiku/index.html,
台東区,road,2,私道整備助成,https://www.city.taito.lg.jp/kenchiku/doro2/sidouseibi/index.html,,https://www.city.taito.lg.jp/kenchiku/index.html,
台東区,road,2,道路のみどり,https://www.city.taito.lg.jp/kenchiku/hanamidori/doronomidori/index.html,,https://www.city.taito.lg.jp/kenchiku/index.html,
品川区,building_guidance,1,建築・住宅関連,https://www.city.shinagawa.tokyo.jp/PC/kankyo/kankyo-kenchiku/index.html,公式トップ,https://www.city.shinagawa.tokyo.jp/,
品川区,building_guidance,2,420_ 自転車等安全利用指導員について,https://www.city.shinagawa.tokyo.jp/PC/bosai/bosai-kotuanzen/jitensyashidouinn.html,交通安全,https://www.city.shinagawa.tokyo.jp/PC/bosai/bosai-kotuanzen/index.html,
品川区,building_guidance,2,1_ 建築確認に関わるご相談の留意点について,https://www.city.shinagawa.tokyo.jp/PC/kankyo/kankyo-kenchiku/20180517153834.html,建築・住宅関連,https://www.city.shinagawa.tokyo.jp/PC/kankyo/kankyo-kenchiku/index.html,
品川区,building_guidance,2,9999_ 昇降機改修の手続きについて,https://www.city.shinagawa.tokyo.jp/PC/kankyo/kankyo-kenchiku/20190110140637.html,建築・住宅関連,https://www.city.shinagawa.tokyo.jp/PC/kankyo/kankyo-kenchiku/index.html,
品川区,building_guidance,2,9999_ 建築基準法等の取扱いについて,https://www.city.shinagawa.tokyo.jp/PC/kankyo/kankyo-kenchiku/20190417140152.html,建築・住宅関連,https://www.city.shinagawa.tokyo.jp/PC/kankyo/kankyo-kenchiku/index.html,
品川区,building_guidance,2,531_ マンション支援,https://www.city.shinagawa.tokyo.jp/PC/kankyo/kankyo-kenchiku/20200330205827.html,建築・住宅関連,https://www.city.shinagawa.tokyo.jp/PC/kankyo/kankyo-kenchiku/index.html,
品川区,building_guidance,2,471_ 住宅相談会の開催,https://www.city.shinagawa.tokyo.jp/PC/kankyo/kankyo-kenchiku/20200330210811.html,建築・住宅関連,https://www.city.shinagawa.tokyo.jp/PC/kankyo/kankyo-kenchiku/index.html,
品川区,building_guidance,2,531_ 【令和7年度より更新届出が始まります】マンション管理状況の届出をお願いします,https://www.city.shinagawa.tokyo.jp/PC/kankyo/kankyo-kenchiku/20200608133116.html,建築・住宅関連,https://www.city.shinagawa.tokyo.jp/PC/kankyo/kankyo-kenchiku/index.html,
品川区,building_guidance,2,461_ 【よくある質問】住宅用家屋証明Ｑ&Ａ,https://www.city.shinagawa.tokyo.jp/PC/kankyo/kankyo-kenchiku/20211126152907.html,建築・住宅関連,https://www.city.shinagawa.tokyo.jp/PC/kankyo/kankyo-kenchiku/index.html,
品川区,building_guidance,2,9999_ 住居表示実施証明書について,https://www.city.shinagawa.tokyo.jp/PC/kankyo/kankyo-kenchiku/20220311192824.html,建築・住宅関連,https://www.city.shinagawa.tokyo.jp/PC/kankyo/kankyo-kenchiku/index.html,
品川区,building_guidance,2,529_ マンション管理計画認定制度（令和5年4月1日開始）,https://www.city.shinagawa.tokyo.jp/PC/kankyo/kankyo-kenchiku/20230323180819.html,建築・住宅関連,https://www.city.shinagawa.tokyo.jp/PC/kankyo/kankyo-kenchiku/index.html,
品川区,building_guidance,2,530_ マンション管理計画認定マンション一覧,https://www.city.shinagawa.tokyo.jp/PC/kankyo/kankyo-kenchiku/20230921160132.html,建築・住宅関連,https://www.city.shinagawa.tokyo.jp/PC/kankyo/kankyo-kenchiku/index.html,
品川区,building_guidance,2,531_ マンション管理計画認定申請のアドバイザー派遣,https://www.city.shinagawa.tokyo.jp/PC/kankyo/kankyo-kenchiku/20231226091207.html,建築・住宅関連,https://www.city.shinagawa.tokyo.jp/PC/kankyo/kankyo-kenchiku/index.html,
品川区,building_guidance,2,9999_ 旅館業への用途変更について,https://www.city.shinagawa.tokyo.jp/PC/kankyo/kankyo-kenchiku/20240322160018.html,建築・住宅関連,https://www.city.shinagawa.tokyo.jp/PC/kankyo/kankyo-kenchiku/index.html,
品川区,building_guidance,2,9999_ 越境した木の枝の切取りルールの改正について,https://www.city.shinagawa.tokyo.jp/PC/kankyo/kankyo-kenchiku/20250902093556.html,建築・住宅関連,https://www.city.shinagawa.tokyo.jp/PC/kankyo/kankyo-kenchiku/index.html,
品川区,building_guidance,2,9999_ 品川区の居住支援について,https://www.city.shinagawa.tokyo.jp/PC/kankyo/kankyo-kenchiku/20251022111445.html,建築・住宅関連,https://www.city.shinagawa.tokyo.jp/PC/kankyo/kankyo-kenchiku/index.html,
品川区,building_guidance,2,51_ 地区計画の認定申請について,https://www.city.shinagawa.tokyo.jp/PC/kankyo/kankyo-kenchiku/hpg000000263.html,建築・住宅関連,https://www.city.shinagawa.tokyo.jp/PC/kankyo/kankyo-kenchiku/index.html,
品川区,building_guidance,2,361_ 新築・増改築等のときは確認申請を,https://www.city.shinagawa.tokyo.jp/PC/kankyo/kankyo-kenchiku/hpg000001162.html,建築・住宅関連,https://www.city.shinagawa.tokyo.jp/PC/kankyo/kankyo-kenchiku/index.html,
品川区,building_guidance,2,371_ 新築・増改築時の住居表示の届け出について　※同一敷地内での建替も届け出が必要,https://www.city.shinagawa.tokyo.jp/PC/kankyo/kankyo-kenchiku/hpg000001163.html,建築・住宅関連,https://www.city.shinagawa.tokyo.jp/PC/kankyo/kankyo-kenchiku/index.html,
品川区,building_guidance,2,281_ 建築確認申請前に行っていただく主な手続,https://www.city.shinagawa.tokyo.jp/PC/kankyo/kankyo-kenchiku/hpg000001483.html,建築・住宅関連,https://www.city.shinagawa.tokyo.jp/PC/kankyo/kankyo-kenchiku/index.html,
品川区,building_guidance,2,431_ 東京都地域住宅計画,https://www.city.shinagawa.tokyo.jp/PC/kankyo/kankyo-kenchiku/hpg000003358.html,建築・住宅関連,https://www.city.shinagawa.tokyo.jp/PC/kankyo/kankyo-kenchiku/index.html,
品川区,building_guidance,2,441_ 長期優良住宅について,https://www.city.shinagawa.tokyo.jp/PC/kankyo/kankyo-kenchiku/hpg000008314.html,建築・住宅関連,https://www.city.shinagawa.tokyo.jp/PC/kankyo/kankyo-kenchiku/index.html,
品川区,building_guidance,2,71_ 建築課で発行する各種証明書の郵送請求について,https://www.city.shinagawa.tokyo.jp/PC/kankyo/kankyo-kenchiku/hpg000008543.html,建築・住宅関連,https://www.city.shinagawa.tokyo.jp/PC/kankyo/kankyo-kenchiku/index.html,
品川区,building_guidance,2,451_ 住宅用家屋証明,https://www.city.shinagawa.tokyo.jp/PC/kankyo/kankyo-kenchiku/hpg000008795.html,建築・住宅関連,https://www.city.shinagawa.tokyo.jp/PC/kankyo/kankyo-kenchiku/index.html,
品川区,building_guidance,2,491_ 指定道路図（建築基準法上の道路種別）,https://www.city.shinagawa.tokyo.jp/PC/kankyo/kankyo-kenchiku/hpg000016085.html,建築・住宅関連,https://www.city.shinagawa.tokyo.jp/PC/kankyo/kankyo-kenchiku/index.html,
品川区,building_guidance,2,501_ 平成23年度品川区住宅市場動向基礎調査報告書,https://www.city.shinagawa.tokyo.jp/PC/kankyo/kankyo-kenchiku/hpg000016868.html,建築・住宅関連,https://www.city.shinagawa.tokyo.jp/PC/kankyo/kankyo-kenchiku/index.html,
品川区,building_guidance,2,131_ 低炭素建築物関係,https://www.city.shinagawa.tokyo.jp/PC/kankyo/kankyo-kenchiku/hpg000020165.html,建築・住宅関連,https://www.city.shinagawa.tokyo.jp/PC/kankyo/kankyo-kenchiku/index.html,
品川区,building_guidance,2,541_ 品川区の空き家対策,https://www.city.shinagawa.tokyo.jp/PC/kankyo/kankyo-kenchiku/hpg000025056.html,建築・住宅関連,https://www.city.shinagawa.tokyo.jp/PC/kankyo/kankyo-kenchiku/index.html,
品川区,building_guidance,2,541_ 住宅確保要配慮者入居促進事業,https://www.city.shinagawa.tokyo.jp/PC/kankyo/kankyo-kenchiku/hpg00002511.html,建築・住宅関連,https://www.city.shinagawa.tokyo.jp/PC/kankyo/kankyo-kenchiku/index.html,
品川区,building_guidance,2,362_ 特定建築基準適合判定資格者（ルート2建築主事）の設置について,https://www.city.shinagawa.tokyo.jp/PC/kankyo/kankyo-kenchiku/hpg000025423.html,建築・住宅関連,https://www.city.shinagawa.tokyo.jp/PC/kankyo/kankyo-kenchiku/index.html,
品川区,building_guidance,2,551_ 「建築基準法の一部を改正する法律」についてのお知らせ,https://www.city.shinagawa.tokyo.jp/PC/kankyo/kankyo-kenchiku/hpg000025428.html,建築・住宅関連,https://www.city.shinagawa.tokyo.jp/PC/kankyo/kankyo-kenchiku/index.html,
品川区,building_guidance,2,581_ 空き家および低未利用土地等に関する税制措置,https://www.city.shinagawa.tokyo.jp/PC/kankyo/kankyo-kenchiku/hpg000029857.html,建築・住宅関連,https://www.city.shinagawa.tokyo.jp/PC/kankyo/kankyo-kenchiku/index.html,
品川区,building_guidance,2,1_ コンクリートブロック塀等安全化支援について,https://www.city.shinagawa.tokyo.jp/PC/kankyo/kankyo-kenchiku/hpg000031082.html,建築・住宅関連,https://www.city.shinagawa.tokyo.jp/PC/kankyo/kankyo-kenchiku/index.html,
品川区,building_guidance,2,621_ 半地下家屋や地下室では浸水被害に注意,https://www.city.shinagawa.tokyo.jp/PC/kankyo/kankyo-kenchiku/hpg000031278.html,建築・住宅関連,https://www.city.shinagawa.tokyo.jp/PC/kankyo/kankyo-kenchiku/index.html,
品川区,building_guidance,2,631_ 建築物省エネ法に基づく適合性判定,https://www.city.shinagawa.tokyo.jp/PC/kankyo/kankyo-kenchiku/hpg000031369.html,建築・住宅関連,https://www.city.shinagawa.tokyo.jp/PC/kankyo/kankyo-kenchiku/index.html,
品川区,building_guidance,2,651_ 平成28年度品川区分譲マンション実態調査報告書,https://www.city.shinagawa.tokyo.jp/PC/kankyo/kankyo-kenchiku/hpg000031529.html,建築・住宅関連,https://www.city.shinagawa.tokyo.jp/PC/kankyo/kankyo-kenchiku/index.html,
品川区,building_guidance,2,スマホ表示,https://www.city.shinagawa.tokyo.jp/PC/kankyo/kankyo-kenchiku/index.html#,建築・住宅関連,https://www.city.shinagawa.tokyo.jp/PC/kankyo/kankyo-kenchiku/index.html,
品川区,building_guidance,2,PAGE TOPへ,https://www.city.shinagawa.tokyo.jp/PC/kankyo/kankyo-kenchiku/index.html#contents,建築・住宅関連,https://www.city.shinagawa.tokyo.jp/PC/kankyo/kankyo-kenchiku/index.html,
品川区,building_guidance,2,本文へ移動します。,https://www.city.shinagawa.tokyo.jp/PC/kankyo/kankyo-kenchiku/index.html#jump,建築・住宅関連,https://www.city.shinagawa.tokyo.jp/PC/kankyo/kankyo-kenchiku/index.html,
品川区,building_guidance,2,391_ 住宅関係の融資あっ旋・助成,https://www.city.shinagawa.tokyo.jp/PC/kankyo/kankyo-kenchiku/kankyo-kenchiku-assen/index.html,建築・住宅関連,https://www.city.shinagawa.tokyo.jp/PC/kankyo/kankyo-kenchiku/index.html,
品川区,building_guidance,2,591_ がけ擁壁安全化支援,https://www.city.shinagawa.tokyo.jp/PC/kankyo/kankyo-kenchiku/kankyo-kenchiku-gakeyouheki/index.html,建築・住宅関連,https://www.city.shinagawa.tokyo.jp/PC/kankyo/kankyo-kenchiku/index.html,
品川区,building_guidance,2,401_ 高齢者の住宅,https://www.city.shinagawa.tokyo.jp/PC/kankyo/kankyo-kenchiku/kankyo-kenchiku-koureisya/index.html,建築・住宅関連,https://www.city.shinagawa.tokyo.jp/PC/kankyo/kankyo-kenchiku/index.html,
品川区,building_guidance,2,381_ 区営・区民住宅など公的住宅,https://www.city.shinagawa.tokyo.jp/PC/kankyo/kankyo-kenchiku/kankyo-kenchiku-koutekizyutaku/index.html,建築・住宅関連,https://www.city.shinagawa.tokyo.jp/PC/kankyo/kankyo-kenchiku/index.html,
品川区,building_guidance,2,61_ 建築のてびき,https://www.city.shinagawa.tokyo.jp/PC/kankyo/kankyo-kenchiku/kankyo-kenchiku-tebiki/index.html,建築・住宅関連,https://www.city.shinagawa.tokyo.jp/PC/kankyo/kankyo-kenchiku/index.html,
品川区,building_guidance,2,9999_ 建築計画概要書・台帳記載事項証明の閲覧・交付について,https://www.city.shinagawa.tokyo.jp/PC/kankyo/kankyo-kenchiku/kisaizikousyoumei.html,建築・住宅関連,https://www.city.shinagawa.tokyo.jp/PC/kankyo/kankyo-kenchiku/index.html,
品川区,building_guidance,2,品川区居住支援協議会の開催状況,https://www.city.shinagawa.tokyo.jp/PC/kankyo/kankyo-kenchiku/kyojushien/20240227161843.html,環境 まちづくり,https://www.city.shinagawa.tokyo.jp/PC/kankyo/index.html,
品川区,building_guidance,2,区有建築物等におけるCO2排出量削減の取り組みについて,https://www.city.shinagawa.tokyo.jp/PC/kankyo/kankyo-shisetsu/shisetsu-ZEB/20221208192444.html,環境,https://www.city.shinagawa.tokyo.jp/PC/kankyo/kankyo-kankyo/index.html,
品川区,building_guidance,2,1181_ 建築紛争の予防と調整等（中高層建築物の建築、解体工事、建築審査会、調停委員会）,https://www.city.shinagawa.tokyo.jp/PC/kankyo/kankyo-toshiseibi/kankyo-toshiseibi-hunnsouyobou/index.html,都市整備,https://www.city.shinagawa.tokyo.jp/PC/kankyo/kankyo-toshiseibi/index.html,
品川区,building_guidance,2,1191_ 開発環境指導要綱関係（宅地の区画割、中高層建築物、ワンルーム建築物、葬祭場等）,https://www.city.shinagawa.tokyo.jp/PC/kankyo/kankyo-toshiseibi/kankyo-toshiseibi-sidouyoukou/index.html,都市整備,https://www.city.shinagawa.tokyo.jp/PC/kankyo/kankyo-toshiseibi/index.html,
品川区,building_guidance,2,建築課,https://www.city.shinagawa.tokyo.jp/PC/kuseizyoho/kuseizyoho-soshikitoshigoto/hpg000008187.html,組織と仕事・お問い合わせ,https://www.city.shinagawa.tokyo.jp/PC/kuseizyoho/kuseizyoho-soshikitoshigoto/index.html,
品川区,district_plan,1,環境 まちづくり,https://www.city.shinagawa.tokyo.jp/#,公式トップ,https://www.city.shinagawa.tokyo.jp/,
品川区,district_plan,1,環境 まちづくり,https://www.city.shinagawa.tokyo.jp/PC/kankyo/index.html,公式トップ,https://www.city.shinagawa.tokyo.jp/,
品川区,district_plan,1,都市整備,https://www.city.shinagawa.tokyo.jp/PC/kankyo/kankyo-toshiseibi/index.html,公式トップ,https://www.city.shinagawa.tokyo.jp/,
品川区,district_plan,1,図書館,https://www.city.shinagawa.tokyo.jp/PC/kuseizyoho/kuseizyoho-soshikitoshigoto/hpg000008198.html,公式トップ,https://www.city.shinagawa.tokyo.jp/,
品川区,district_plan,1,組織と仕事・お問い合わせ,https://www.city.shinagawa.tokyo.jp/PC/kuseizyoho/kuseizyoho-soshikitoshigoto/index.html,公式トップ,https://www.city.shinagawa.tokyo.jp/,
品川区,district_plan,2,環境 まちづくり,https://www.city.shinagawa.tokyo.jp/PC/bosai/bosai-bohan/index.html#,防犯,https://www.city.shinagawa.tokyo.jp/PC/bosai/bosai-bohan/index.html,
品川区,district_plan,2,環境 まちづくり,https://www.city.shinagawa.tokyo.jp/PC/bosai/bosai-kotuanzen/index.html#,交通安全,https://www.city.shinagawa.tokyo.jp/PC/bosai/bosai-kotuanzen/index.html,
品川区,district_plan,2,環境 まちづくり,https://www.city.shinagawa.tokyo.jp/PC/bosai/bosai-syohiseikatsu/index.html#,消費生活,https://www.city.shinagawa.tokyo.jp/PC/bosai/bosai-syohiseikatsu/index.html,
品川区,district_plan,2,環境 まちづくり,https://www.city.shinagawa.tokyo.jp/PC/bosai/bosai-zitensyataisaku/index.html#,自転車対策,https://www.city.shinagawa.tokyo.jp/PC/bosai/bosai-zitensyataisaku/index.html,
品川区,district_plan,2,品川区地域初期消火対策施設整備要綱および要領,https://www.city.shinagawa.tokyo.jp/PC/bosai/bosai2/bousaikeikaku/20201029134713.html,防災,https://www.city.shinagawa.tokyo.jp/PC/bosai/bosai2/index.html,
品川区,district_plan,2,条例・計画等,https://www.city.shinagawa.tokyo.jp/PC/bosai/bosai2/bousaikeikaku/index.html,防災,https://www.city.shinagawa.tokyo.jp/PC/bosai/bosai2/index.html,
品川区,district_plan,2,環境 まちづくり,https://www.city.shinagawa.tokyo.jp/PC/bosai/bosai2/index.html#,防災,https://www.city.shinagawa.tokyo.jp/PC/bosai/bosai2/index.html,
品川区,district_plan,2,環境 まちづくり,https://www.city.shinagawa.tokyo.jp/PC/bosai/hpg000031986.html#,品川区シェアサイクル事業,https://www.city.shinagawa.tokyo.jp/PC/bosai/hpg000031986.html,
品川区,district_plan,2,環境 まちづくり,https://www.city.shinagawa.tokyo.jp/PC/bosai/index.html#,防災 くらしの安全,https://www.city.shinagawa.tokyo.jp/PC/bosai/index.html,
品川区,district_plan,2,環境 まちづくり,https://www.city.shinagawa.tokyo.jp/PC/kankyo/index.html#,環境 まちづくり,https://www.city.shinagawa.tokyo.jp/PC/kankyo/index.html,
品川区,district_plan,2,9999_ しながわ景観美化隊（違反広告物除却協力員）に関すること,https://www.city.shinagawa.tokyo.jp/PC/kankyo/kankyo-doro/20190621161846.html,道路,https://www.city.shinagawa.tokyo.jp/PC/kankyo/kankyo-doro/index.html,
品川区,district_plan,2,環境 まちづくり,https://www.city.shinagawa.tokyo.jp/PC/kankyo/kankyo-doro/index.html#,道路,https://www.city.shinagawa.tokyo.jp/PC/kankyo/kankyo-doro/index.html,
品川区,district_plan,2,9999_ 品川区舗装修繕計画,https://www.city.shinagawa.tokyo.jp/PC/kankyo/kankyo-doro/shinagawahosousyuzenkeikaku2021.html,道路,https://www.city.shinagawa.tokyo.jp/PC/kankyo/kankyo-doro/index.html,
品川区,district_plan,2,品川区一般廃棄物処理基本計画（第四次）,https://www.city.shinagawa.tokyo.jp/PC/kankyo/kankyo-gomi/gomi-soshiki/gomi-soshiki-keikaku/hpg000019232.html,ごみ・リサイクル,https://www.city.shinagawa.tokyo.jp/PC/kankyo/kankyo-gomi/index.html,
品川区,district_plan,2,環境 まちづくり,https://www.city.shinagawa.tokyo.jp/PC/kankyo/kankyo-gomi/index.html#,ごみ・リサイクル,https://www.city.shinagawa.tokyo.jp/PC/kankyo/kankyo-gomi/index.html,
品川区,district_plan,2,環境 まちづくり,https://www.city.shinagawa.tokyo.jp/PC/kankyo/kankyo-kankyo/index.html#,環境,https://www.city.shinagawa.tokyo.jp/PC/kankyo/kankyo-kankyo/index.html,
品川区,district_plan,2,501_ 環境計画・環境マネジメントシステム,https://www.city.shinagawa.tokyo.jp/PC/kankyo/kankyo-kankyo/kankyo-kankyo-keikaku/index.html,環境,https://www.city.shinagawa.tokyo.jp/PC/kankyo/kankyo-kankyo/index.html,
品川区,district_plan,2,51_ 地区計画の認定申請について,https://www.city.shinagawa.tokyo.jp/PC/kankyo/kankyo-kenchiku/hpg000000263.html,建築・住宅関連,https://www.city.shinagawa.tokyo.jp/PC/kankyo/kankyo-kenchiku/index.html,
品川区,district_plan,2,環境 まちづくり,https://www.city.shinagawa.tokyo.jp/PC/kankyo/kankyo-kenchiku/index.html#,建築・住宅関連,https://www.city.shinagawa.tokyo.jp/PC/kankyo/kankyo-kenchiku/index.html,
品川区,district_plan,2,環境 まちづくり,https://www.city.shinagawa.tokyo.jp/PC/kankyo/kankyo-mizube/index.html#,水辺・下水道,https://www.city.shinagawa.tokyo.jp/PC/kankyo/kankyo-mizube/index.html,
品川区,district_plan,2,9999_ しながわ花海道の都市計画決定について,https://www.city.shinagawa.tokyo.jp/PC/kankyo/kankyo-park/20230707154953.html,公園,https://www.city.shinagawa.tokyo.jp/PC/kankyo/kankyo-park/index.html,
品川区,district_plan,2,9999_ グリーンインフラのまちづくり,https://www.city.shinagawa.tokyo.jp/PC/kankyo/kankyo-park/20260406163155.html,公園,https://www.city.shinagawa.tokyo.jp/PC/kankyo/kankyo-park/index.html,
品川区,district_plan,2,環境 まちづくり,https://www.city.shinagawa.tokyo.jp/PC/kankyo/kankyo-park/index.html#,公園,https://www.city.shinagawa.tokyo.jp/PC/kankyo/kankyo-park/index.html,
品川区,district_plan,2,環境 まちづくり,https://www.city.shinagawa.tokyo.jp/PC/kankyo/kankyo-shisetsu/index.html#,区施設整備,https://www.city.shinagawa.tokyo.jp/PC/kankyo/kankyo-shisetsu/index.html,
品川区,district_plan,2,9999_ 屋外広告物許可申請の手続き,https://www.city.shinagawa.tokyo.jp/PC/kankyo/kankyo-toshiseibi/20181130175438.html,都市整備,https://www.city.shinagawa.tokyo.jp/PC/kankyo/kankyo-toshiseibi/index.html,
品川区,district_plan,2,9999_ しながわのまちづくり,https://www.city.shinagawa.tokyo.jp/PC/kankyo/kankyo-toshiseibi/20210128141435.html,都市整備,https://www.city.shinagawa.tokyo.jp/PC/kankyo/kankyo-toshiseibi/index.html,
品川区,district_plan,2,9999_ 戸越六丁目地区地区計画について,https://www.city.shinagawa.tokyo.jp/PC/kankyo/kankyo-toshiseibi/20210219092120.html,都市整備,https://www.city.shinagawa.tokyo.jp/PC/kankyo/kankyo-toshiseibi/index.html,
品川区,district_plan,2,コミュニティバス「しなバス」,https://www.city.shinagawa.tokyo.jp/PC/kankyo/kankyo-toshiseibi/20211220205530.html,環境 まちづくり,https://www.city.shinagawa.tokyo.jp/PC/kankyo/index.html,
品川区,district_plan,2,9999_ 事業予定地の土地の有償譲渡の届出について（小山三丁目第1地区、小山三丁目第2地区）,https://www.city.shinagawa.tokyo.jp/PC/kankyo/kankyo-toshiseibi/20220629160811.html,都市整備,https://www.city.shinagawa.tokyo.jp/PC/kankyo/kankyo-toshiseibi/index.html,
品川区,district_plan,2,1231_ 品川区自転車活用推進計画について,https://www.city.shinagawa.tokyo.jp/PC/kankyo/kankyo-toshiseibi/20221208211137.html,都市整備,https://www.city.shinagawa.tokyo.jp/PC/kankyo/kankyo-toshiseibi/index.html,
品川区,district_plan,2,9999_ 大井・西大井地区防災まちづくりについて,https://www.city.shinagawa.tokyo.jp/PC/kankyo/kankyo-toshiseibi/20231128094516.html,都市整備,https://www.city.shinagawa.tokyo.jp/PC/kankyo/kankyo-toshiseibi/index.html,
品川区,district_plan,2,11_ 宅地造成及び特定盛土等規制法（盛土規制法）に基づく宅地造成等工事許可など,https://www.city.shinagawa.tokyo.jp/PC/kankyo/kankyo-toshiseibi/20240227150703.html,都市整備,https://www.city.shinagawa.tokyo.jp/PC/kankyo/kankyo-toshiseibi/index.html,
品川区,district_plan,2,9999_ 市街地再開発事業の状況,https://www.city.shinagawa.tokyo.jp/PC/kankyo/kankyo-toshiseibi/20250204142521.html,都市整備,https://www.city.shinagawa.tokyo.jp/PC/kankyo/kankyo-toshiseibi/index.html,
品川区,district_plan,2,9999_ 事業予定地の土地の有償譲渡の届出について（戸越公園駅北地区第一種市街地再開発事業）,https://www.city.shinagawa.tokyo.jp/PC/kankyo/kankyo-toshiseibi/20250204161422.html,都市整備,https://www.city.shinagawa.tokyo.jp/PC/kankyo/kankyo-toshiseibi/index.html,
品川区,district_plan,2,9999_ 「東京における都市計画道路の整備方針（仮称） 中間のまとめ」の公表について,https://www.city.shinagawa.tokyo.jp/PC/kankyo/kankyo-toshiseibi/20250723110434.html,都市整備,https://www.city.shinagawa.tokyo.jp/PC/kankyo/kankyo-toshiseibi/index.html,
品川区,district_plan,2,1222_ 土地区画整理事業、市街地再開発事業、防災街区整備事業,https://www.city.shinagawa.tokyo.jp/PC/kankyo/kankyo-toshiseibi/20250728160642.html,都市整備,https://www.city.shinagawa.tokyo.jp/PC/kankyo/kankyo-toshiseibi/index.html,
品川区,district_plan,2,9999_ 西品川二・三丁目地区地区計画について,https://www.city.shinagawa.tokyo.jp/PC/kankyo/kankyo-toshiseibi/20251014165418.html,都市整備,https://www.city.shinagawa.tokyo.jp/PC/kankyo/kankyo-toshiseibi/index.html,
品川区,district_plan,2,9999_ 小山台一丁目地区防災街区整備地区計画について,https://www.city.shinagawa.tokyo.jp/PC/kankyo/kankyo-toshiseibi/20251111103608.html,都市整備,https://www.city.shinagawa.tokyo.jp/PC/kankyo/kankyo-toshiseibi/index.html,
品川区,district_plan,2,9999_ 「東京における都市計画道路の整備方針（案）」の公表について,https://www.city.shinagawa.tokyo.jp/PC/kankyo/kankyo-toshiseibi/20251216143714.html,都市整備,https://www.city.shinagawa.tokyo.jp/PC/kankyo/kankyo-toshiseibi/index.html,
品川区,district_plan,2,9999_ 戸越六丁目18･20番東地区防災街区整備事業組合設立認可に係る事業計画の縦覧について,https://www.city.shinagawa.tokyo.jp/PC/kankyo/kankyo-toshiseibi/20260424164817.html,都市整備,https://www.city.shinagawa.tokyo.jp/PC/kankyo/kankyo-toshiseibi/index.html,
品川区,district_plan,2,羽田空港の機能強化について,https://www.city.shinagawa.tokyo.jp/PC/kankyo/kankyo-toshiseibi/haneda/hpg000023398.html,環境 まちづくり,https://www.city.shinagawa.tokyo.jp/PC/kankyo/index.html,
品川区,district_plan,2,51_ 羽田空港の新飛行経路について,https://www.city.shinagawa.tokyo.jp/PC/kankyo/kankyo-toshiseibi/haneda/index.html,都市整備,https://www.city.shinagawa.tokyo.jp/PC/kankyo/kankyo-toshiseibi/index.html,
品川区,district_plan,2,1081_ あなたの土地は地球のどこにありますか,https://www.city.shinagawa.tokyo.jp/PC/kankyo/kankyo-toshiseibi/hpg000001155.html,都市整備,https://www.city.shinagawa.tokyo.jp/PC/kankyo/kankyo-toshiseibi/index.html,
品川区,district_plan,2,1091_ 環境の届け出,https://www.city.shinagawa.tokyo.jp/PC/kankyo/kankyo-toshiseibi/hpg000001330.html,都市整備,https://www.city.shinagawa.tokyo.jp/PC/kankyo/kankyo-toshiseibi/index.html,
品川区,district_plan,2,1161_ 区役所第二駐車場内で、遮熱塗装工事による路面の温度低減効果を確認しました,https://www.city.shinagawa.tokyo.jp/PC/kankyo/kankyo-toshiseibi/hpg000012547.html,都市整備,https://www.city.shinagawa.tokyo.jp/PC/kankyo/kankyo-toshiseibi/index.html,
品川区,district_plan,2,1171_ 東海道貨物支線貨客併用化,https://www.city.shinagawa.tokyo.jp/PC/kankyo/kankyo-toshiseibi/hpg000015256.html,都市整備,https://www.city.shinagawa.tokyo.jp/PC/kankyo/kankyo-toshiseibi/index.html,
品川区,district_plan,2,1201_ 沿道の整備事業のご案内,https://www.city.shinagawa.tokyo.jp/PC/kankyo/kankyo-toshiseibi/hpg000017297.html,都市整備,https://www.city.shinagawa.tokyo.jp/PC/kankyo/kankyo-toshiseibi/index.html,
品川区,district_plan,2,1221_ 地域地区・地区計画等,https://www.city.shinagawa.tokyo.jp/PC/kankyo/kankyo-toshiseibi/hpg000019087.html,都市整備,https://www.city.shinagawa.tokyo.jp/PC/kankyo/kankyo-toshiseibi/index.html,
品川区,district_plan,2,1231_ 品川区地域交通検討会（令和2年に「品川区地域公共交通会議」に移行）,https://www.city.shinagawa.tokyo.jp/PC/kankyo/kankyo-toshiseibi/hpg000021818.html,都市整備,https://www.city.shinagawa.tokyo.jp/PC/kankyo/kankyo-toshiseibi/index.html,
品川区,district_plan,2,1231_ 品川区地域公共交通会議,https://www.city.shinagawa.tokyo.jp/PC/kankyo/kankyo-toshiseibi/hpg000021819.html,都市整備,https://www.city.shinagawa.tokyo.jp/PC/kankyo/kankyo-toshiseibi/index.html,
品川区,district_plan,2,1361_ 「東京における都市計画道路の整備方針」について,https://www.city.shinagawa.tokyo.jp/PC/kankyo/kankyo-toshiseibi/hpg000027802.html,都市整備,https://www.city.shinagawa.tokyo.jp/PC/kankyo/kankyo-toshiseibi/index.html,
品川区,district_plan,2,スマホ表示,https://www.city.shinagawa.tokyo.jp/PC/kankyo/kankyo-toshiseibi/index.html#,都市整備,https://www.city.shinagawa.tokyo.jp/PC/kankyo/kankyo-toshiseibi/index.html,
品川区,district_plan,2,PAGE TOPへ,https://www.city.shinagawa.tokyo.jp/PC/kankyo/kankyo-toshiseibi/index.html#contents,都市整備,https://www.city.shinagawa.tokyo.jp/PC/kankyo/kankyo-toshiseibi/index.html,
品川区,district_plan,2,本文へ移動します。,https://www.city.shinagawa.tokyo.jp/PC/kankyo/kankyo-toshiseibi/index.html#jump,都市整備,https://www.city.shinagawa.tokyo.jp/PC/kankyo/kankyo-toshiseibi/index.html,
品川区,district_plan,2,1181_ 建築紛争の予防と調整等（中高層建築物の建築、解体工事、建築審査会、調停委員会）,https://www.city.shinagawa.tokyo.jp/PC/kankyo/kankyo-toshiseibi/kankyo-toshiseibi-hunnsouyobou/index.html,都市整備,https://www.city.shinagawa.tokyo.jp/PC/kankyo/kankyo-toshiseibi/index.html,
品川区,district_plan,2,1111_ 都市計画法に基づく開発許可、土砂災害防止法に基づく特定開発許可,https://www.city.shinagawa.tokyo.jp/PC/kankyo/kankyo-toshiseibi/kankyo-toshiseibi-kaihatsukyoka/index.html,都市整備,https://www.city.shinagawa.tokyo.jp/PC/kankyo/kankyo-toshiseibi/index.html,
品川区,district_plan,2,1371_ 特定整備路線沿道の都市計画変更について,https://www.city.shinagawa.tokyo.jp/PC/kankyo/kankyo-toshiseibi/kankyo-toshiseibi-keikakuhenkou/index.html,都市整備,https://www.city.shinagawa.tokyo.jp/PC/kankyo/kankyo-toshiseibi/index.html,
品川区,district_plan,2,1141_ 品川区景観計画について,https://www.city.shinagawa.tokyo.jp/PC/kankyo/kankyo-toshiseibi/kankyo-toshiseibi-keikankeikaku/index.html,都市整備,https://www.city.shinagawa.tokyo.jp/PC/kankyo/kankyo-toshiseibi/index.html,
品川区,district_plan,2,20_ 品川区まちづくりマスタープラン,https://www.city.shinagawa.tokyo.jp/PC/kankyo/kankyo-toshiseibi/kankyo-toshiseibi-masterplan/index.html,都市整備,https://www.city.shinagawa.tokyo.jp/PC/kankyo/kankyo-toshiseibi/index.html,
品川区,district_plan,2,令和7年　大井町駅前中央通り社会実験,https://www.city.shinagawa.tokyo.jp/PC/kankyo/kankyo-toshiseibi/kankyo-toshiseibi-project/202510251114.html,環境 まちづくり,https://www.city.shinagawa.tokyo.jp/PC/kankyo/index.html,
品川区,district_plan,2,1071_ プロジェクト,https://www.city.shinagawa.tokyo.jp/PC/kankyo/kankyo-toshiseibi/kankyo-toshiseibi-project/index.html,都市整備,https://www.city.shinagawa.tokyo.jp/PC/kankyo/kankyo-toshiseibi/index.html,
品川区,district_plan,2,不燃化特区支援制度の事業延伸について,https://www.city.shinagawa.tokyo.jp/PC/kankyo/kankyo-toshiseibi/kankyo-toshiseibi-shien/20210114142924.html,環境 まちづくり,https://www.city.shinagawa.tokyo.jp/PC/kankyo/index.html,
品川区,district_plan,2,1051_ まちづくりの支援,https://www.city.shinagawa.tokyo.jp/PC/kankyo/kankyo-toshiseibi/kankyo-toshiseibi-shien/index.html,都市整備,https://www.city.shinagawa.tokyo.jp/PC/kankyo/kankyo-toshiseibi/index.html,
品川区,district_plan,2,都市防災不燃化促進事業　助成額について,https://www.city.shinagawa.tokyo.jp/PC/kankyo/kankyo-toshiseibi/kankyo-toshiseibi-shien/kankyo-toshiseibi-shien-hunenkasokushin/20190913101924.html,環境 まちづくり,https://www.city.shinagawa.tokyo.jp/PC/kankyo/index.html,
品川区,district_plan,2,1061_ 市街地整備,https://www.city.shinagawa.tokyo.jp/PC/kankyo/kankyo-toshiseibi/kankyo-toshiseibi-shigaichi/index.html,都市整備,https://www.city.shinagawa.tokyo.jp/PC/kankyo/kankyo-toshiseibi/index.html,
品川区,district_plan,2,1191_ 開発環境指導要綱関係（宅地の区画割、中高層建築物、ワンルーム建築物、葬祭場等）,https://www.city.shinagawa.tokyo.jp/PC/kankyo/kankyo-toshiseibi/kankyo-toshiseibi-sidouyoukou/index.html,都市整備,https://www.city.shinagawa.tokyo.jp/PC/kankyo/kankyo-toshiseibi/index.html,
品川区,district_plan,2,1101_ まちづくりの届け出,https://www.city.shinagawa.tokyo.jp/PC/kankyo/kankyo-toshiseibi/kankyo-toshiseibi-todokede/index.html,都市整備,https://www.city.shinagawa.tokyo.jp/PC/kankyo/kankyo-toshiseibi/index.html,
品川区,district_plan,2,1111_ リニア中央新幹線（品川・名古屋間）について,https://www.city.shinagawa.tokyo.jp/PC/kankyo/kankyo-toshiseibi/riniashinkansenn/index.html,都市整備,https://www.city.shinagawa.tokyo.jp/PC/kankyo/kankyo-toshiseibi/index.html,
品川区,district_plan,2,31_ 品川区都市計画審議会の開催状況,https://www.city.shinagawa.tokyo.jp/PC/kankyo/kankyo-toshiseibi/shingikai/index.html,都市整備,https://www.city.shinagawa.tokyo.jp/PC/kankyo/kankyo-toshiseibi/index.html,
品川区,district_plan,2,11_ 都市計画,https://www.city.shinagawa.tokyo.jp/PC/kankyo/kankyo-toshiseibi/toshikeikaku/index.html,都市整備,https://www.city.shinagawa.tokyo.jp/PC/kankyo/kankyo-toshiseibi/index.html,
品川区,district_plan,2,9999_ 八潮地区のまちづくり,https://www.city.shinagawa.tokyo.jp/PC/kankyo/kankyo-toshiseibi/yashio_machizukuri.html,都市整備,https://www.city.shinagawa.tokyo.jp/PC/kankyo/kankyo-toshiseibi/index.html,
品川区,district_plan,2,国保医療年金課,https://www.city.shinagawa.tokyo.jp/PC/kuseizyoho/kuseizyoho-soshikitoshigoto/20190301171228.html,組織と仕事・お問い合わせ,https://www.city.shinagawa.tokyo.jp/PC/kuseizyoho/kuseizyoho-soshikitoshigoto/index.html,
品川区,district_plan,2,子ども家庭支援センター,https://www.city.shinagawa.tokyo.jp/PC/kuseizyoho/kuseizyoho-soshikitoshigoto/20200401101603.html,組織と仕事・お問い合わせ,https://www.city.shinagawa.tokyo.jp/PC/kuseizyoho/kuseizyoho-soshikitoshigoto/index.html,
品川区,district_plan,2,新庁舎整備課,https://www.city.shinagawa.tokyo.jp/PC/kuseizyoho/kuseizyoho-soshikitoshigoto/20220401114336.html,組織と仕事・お問い合わせ,https://www.city.shinagawa.tokyo.jp/PC/kuseizyoho/kuseizyoho-soshikitoshigoto/index.html,
品川区,district_plan,2,障害者施策推進課,https://www.city.shinagawa.tokyo.jp/PC/kuseizyoho/kuseizyoho-soshikitoshigoto/20220401144834.html,組織と仕事・お問い合わせ,https://www.city.shinagawa.tokyo.jp/PC/kuseizyoho/kuseizyoho-soshikitoshigoto/index.html,
品川区,district_plan,2,保育入園調整課,https://www.city.shinagawa.tokyo.jp/PC/kuseizyoho/kuseizyoho-soshikitoshigoto/20240328200109.html,組織と仕事・お問い合わせ,https://www.city.shinagawa.tokyo.jp/PC/kuseizyoho/kuseizyoho-soshikitoshigoto/index.html,
品川区,district_plan,2,保育施設運営課,https://www.city.shinagawa.tokyo.jp/PC/kuseizyoho/kuseizyoho-soshikitoshigoto/20240328200411.html,組織と仕事・お問い合わせ,https://www.city.shinagawa.tokyo.jp/PC/kuseizyoho/kuseizyoho-soshikitoshigoto/index.html,
品川区,district_plan,2,地域交通政策課,https://www.city.shinagawa.tokyo.jp/PC/kuseizyoho/kuseizyoho-soshikitoshigoto/20240328200829.html,組織と仕事・お問い合わせ,https://www.city.shinagawa.tokyo.jp/PC/kuseizyoho/kuseizyoho-soshikitoshigoto/index.html,
品川区,district_plan,2,地域医療連携課,https://www.city.shinagawa.tokyo.jp/PC/kuseizyoho/kuseizyoho-soshikitoshigoto/20240328201948.html,組織と仕事・お問い合わせ,https://www.city.shinagawa.tokyo.jp/PC/kuseizyoho/kuseizyoho-soshikitoshigoto/index.html,
品川区,district_plan,2,施設整備課,https://www.city.shinagawa.tokyo.jp/PC/kuseizyoho/kuseizyoho-soshikitoshigoto/hpg000008156.html,組織と仕事・お問い合わせ,https://www.city.shinagawa.tokyo.jp/PC/kuseizyoho/kuseizyoho-soshikitoshigoto/index.html,
品川区,district_plan,2,デジタル推進課,https://www.city.shinagawa.tokyo.jp/PC/kuseizyoho/kuseizyoho-soshikitoshigoto/hpg000008158.html,組織と仕事・お問い合わせ,https://www.city.shinagawa.tokyo.jp/PC/kuseizyoho/kuseizyoho-soshikitoshigoto/index.html,
品川区,district_plan,2,総務課,https://www.city.shinagawa.tokyo.jp/PC/kuseizyoho/kuseizyoho-soshikitoshigoto/hpg000008159.html,組織と仕事・お問い合わせ,https://www.city.shinagawa.tokyo.jp/PC/kuseizyoho/kuseizyoho-soshikitoshigoto/index.html,
品川区,district_plan,2,人権・ジェンダー平等推進課,https://www.city.shinagawa.tokyo.jp/PC/kuseizyoho/kuseizyoho-soshikitoshigoto/hpg000008160.html,組織と仕事・お問い合わせ,https://www.city.shinagawa.tokyo.jp/PC/kuseizyoho/kuseizyoho-soshikitoshigoto/index.html,
品川区,district_plan,2,人事課,https://www.city.shinagawa.tokyo.jp/PC/kuseizyoho/kuseizyoho-soshikitoshigoto/hpg000008161.html,組織と仕事・お問い合わせ,https://www.city.shinagawa.tokyo.jp/PC/kuseizyoho/kuseizyoho-soshikitoshigoto/index.html,
品川区,district_plan,2,経理課,https://www.city.shinagawa.tokyo.jp/PC/kuseizyoho/kuseizyoho-soshikitoshigoto/hpg000008162.html,組織と仕事・お問い合わせ,https://www.city.shinagawa.tokyo.jp/PC/kuseizyoho/kuseizyoho-soshikitoshigoto/index.html,
品川区,district_plan,2,税務課,https://www.city.shinagawa.tokyo.jp/PC/kuseizyoho/kuseizyoho-soshikitoshigoto/hpg000008163.html,組織と仕事・お問い合わせ,https://www.city.shinagawa.tokyo.jp/PC/kuseizyoho/kuseizyoho-soshikitoshigoto/index.html,
品川区,district_plan,2,地域活動課,https://www.city.shinagawa.tokyo.jp/PC/kuseizyoho/kuseizyoho-soshikitoshigoto/hpg000008164.html,組織と仕事・お問い合わせ,https://www.city.shinagawa.tokyo.jp/PC/kuseizyoho/kuseizyoho-soshikitoshigoto/index.html,
品川区,district_plan,2,戸籍住民課,https://www.city.shinagawa.tokyo.jp/PC/kuseizyoho/kuseizyoho-soshikitoshigoto/hpg000008168.html,組織と仕事・お問い合わせ,https://www.city.shinagawa.tokyo.jp/PC/kuseizyoho/kuseizyoho-soshikitoshigoto/index.html,
品川区,district_plan,2,高齢者地域支援課,https://www.city.shinagawa.tokyo.jp/PC/kuseizyoho/kuseizyoho-soshikitoshigoto/hpg000008173.html,組織と仕事・お問い合わせ,https://www.city.shinagawa.tokyo.jp/PC/kuseizyoho/kuseizyoho-soshikitoshigoto/index.html,
品川区,district_plan,2,都市計画課,https://www.city.shinagawa.tokyo.jp/PC/kuseizyoho/kuseizyoho-soshikitoshigoto/hpg000008175.html,組織と仕事・お問い合わせ,https://www.city.shinagawa.tokyo.jp/PC/kuseizyoho/kuseizyoho-soshikitoshigoto/index.html,
品川区,district_plan,2,生活福祉課,https://www.city.shinagawa.tokyo.jp/PC/kuseizyoho/kuseizyoho-soshikitoshigoto/hpg000008176.html,組織と仕事・お問い合わせ,https://www.city.shinagawa.tokyo.jp/PC/kuseizyoho/kuseizyoho-soshikitoshigoto/index.html,
品川区,district_plan,2,健康課,https://www.city.shinagawa.tokyo.jp/PC/kuseizyoho/kuseizyoho-soshikitoshigoto/hpg000008179.html,組織と仕事・お問い合わせ,https://www.city.shinagawa.tokyo.jp/PC/kuseizyoho/kuseizyoho-soshikitoshigoto/index.html,
品川区,district_plan,2,都市開発課,https://www.city.shinagawa.tokyo.jp/PC/kuseizyoho/kuseizyoho-soshikitoshigoto/hpg000008180.html,組織と仕事・お問い合わせ,https://www.city.shinagawa.tokyo.jp/PC/kuseizyoho/kuseizyoho-soshikitoshigoto/index.html,
品川区,district_plan,2,生活衛生課,https://www.city.shinagawa.tokyo.jp/PC/kuseizyoho/kuseizyoho-soshikitoshigoto/hpg000008181.html,組織と仕事・お問い合わせ,https://www.city.shinagawa.tokyo.jp/PC/kuseizyoho/kuseizyoho-soshikitoshigoto/index.html,
品川区,district_plan,2,保健予防課,https://www.city.shinagawa.tokyo.jp/PC/kuseizyoho/kuseizyoho-soshikitoshigoto/hpg000008182.html,組織と仕事・お問い合わせ,https://www.city.shinagawa.tokyo.jp/PC/kuseizyoho/kuseizyoho-soshikitoshigoto/index.html,
品川区,district_plan,2,河川下水道課,https://www.city.shinagawa.tokyo.jp/PC/kuseizyoho/kuseizyoho-soshikitoshigoto/hpg000008183.html,組織と仕事・お問い合わせ,https://www.city.shinagawa.tokyo.jp/PC/kuseizyoho/kuseizyoho-soshikitoshigoto/index.html,
品川区,district_plan,2,大井保健センター,https://www.city.shinagawa.tokyo.jp/PC/kuseizyoho/kuseizyoho-soshikitoshigoto/hpg000008185.html,組織と仕事・お問い合わせ,https://www.city.shinagawa.tokyo.jp/PC/kuseizyoho/kuseizyoho-soshikitoshigoto/index.html,
品川区,district_plan,2,建築課,https://www.city.shinagawa.tokyo.jp/PC/kuseizyoho/kuseizyoho-soshikitoshigoto/hpg000008187.html,組織と仕事・お問い合わせ,https://www.city.shinagawa.tokyo.jp/PC/kuseizyoho/kuseizyoho-soshikitoshigoto/index.html,
品川区,district_plan,2,公園課,https://www.city.shinagawa.tokyo.jp/PC/kuseizyoho/kuseizyoho-soshikitoshigoto/hpg000008188.html,組織と仕事・お問い合わせ,https://www.city.shinagawa.tokyo.jp/PC/kuseizyoho/kuseizyoho-soshikitoshigoto/index.html,
品川区,district_plan,2,会計管理室,https://www.city.shinagawa.tokyo.jp/PC/kuseizyoho/kuseizyoho-soshikitoshigoto/hpg000008189.html,組織と仕事・お問い合わせ,https://www.city.shinagawa.tokyo.jp/PC/kuseizyoho/kuseizyoho-soshikitoshigoto/index.html,
品川区,district_plan,2,環境課,https://www.city.shinagawa.tokyo.jp/PC/kuseizyoho/kuseizyoho-soshikitoshigoto/hpg000008190.html,組織と仕事・お問い合わせ,https://www.city.shinagawa.tokyo.jp/PC/kuseizyoho/kuseizyoho-soshikitoshigoto/index.html,
品川区,district_plan,2,区議会事務局,https://www.city.shinagawa.tokyo.jp/PC/kuseizyoho/kuseizyoho-soshikitoshigoto/hpg000008191.html,組織と仕事・お問い合わせ,https://www.city.shinagawa.tokyo.jp/PC/kuseizyoho/kuseizyoho-soshikitoshigoto/index.html,
品川区,district_plan,2,土木管理課,https://www.city.shinagawa.tokyo.jp/PC/kuseizyoho/kuseizyoho-soshikitoshigoto/hpg000008192.html,組織と仕事・お問い合わせ,https://www.city.shinagawa.tokyo.jp/PC/kuseizyoho/kuseizyoho-soshikitoshigoto/index.html,
品川区,district_plan,2,庶務課,https://www.city.shinagawa.tokyo.jp/PC/kuseizyoho/kuseizyoho-soshikitoshigoto/hpg000008193.html,組織と仕事・お問い合わせ,https://www.city.shinagawa.tokyo.jp/PC/kuseizyoho/kuseizyoho-soshikitoshigoto/index.html,
品川区,district_plan,2,道路課,https://www.city.shinagawa.tokyo.jp/PC/kuseizyoho/kuseizyoho-soshikitoshigoto/hpg000008194.html,組織と仕事・お問い合わせ,https://www.city.shinagawa.tokyo.jp/PC/kuseizyoho/kuseizyoho-soshikitoshigoto/index.html,
品川区,district_plan,2,品川区清掃事務所,https://www.city.shinagawa.tokyo.jp/PC/kuseizyoho/kuseizyoho-soshikitoshigoto/hpg000008195.html,組織と仕事・お問い合わせ,https://www.city.shinagawa.tokyo.jp/PC/kuseizyoho/kuseizyoho-soshikitoshigoto/index.html,
品川区,district_plan,2,学務課,https://www.city.shinagawa.tokyo.jp/PC/kuseizyoho/kuseizyoho-soshikitoshigoto/hpg000008196.html,組織と仕事・お問い合わせ,https://www.city.shinagawa.tokyo.jp/PC/kuseizyoho/kuseizyoho-soshikitoshigoto/index.html,
品川区,district_plan,2,指導課,https://www.city.shinagawa.tokyo.jp/PC/kuseizyoho/kuseizyoho-soshikitoshigoto/hpg000008197.html,組織と仕事・お問い合わせ,https://www.city.shinagawa.tokyo.jp/PC/kuseizyoho/kuseizyoho-soshikitoshigoto/index.html,
品川区,district_plan,2,選挙管理委員会事務局,https://www.city.shinagawa.tokyo.jp/PC/kuseizyoho/kuseizyoho-soshikitoshigoto/hpg000008199.html,組織と仕事・お問い合わせ,https://www.city.shinagawa.tokyo.jp/PC/kuseizyoho/kuseizyoho-soshikitoshigoto/index.html,
品川区,district_plan,2,監査委員事務局,https://www.city.shinagawa.tokyo.jp/PC/kuseizyoho/kuseizyoho-soshikitoshigoto/hpg000008200.html,組織と仕事・お問い合わせ,https://www.city.shinagawa.tokyo.jp/PC/kuseizyoho/kuseizyoho-soshikitoshigoto/index.html,
品川区,district_plan,2,品川区児童相談所,https://www.city.shinagawa.tokyo.jp/PC/kuseizyoho/kuseizyoho-soshikitoshigoto/hpg000008533.html,組織と仕事・お問い合わせ,https://www.city.shinagawa.tokyo.jp/PC/kuseizyoho/kuseizyoho-soshikitoshigoto/index.html,
品川区,district_plan,2,福祉計画課,https://www.city.shinagawa.tokyo.jp/PC/kuseizyoho/kuseizyoho-soshikitoshigoto/hpg000021809.html,組織と仕事・お問い合わせ,https://www.city.shinagawa.tokyo.jp/PC/kuseizyoho/kuseizyoho-soshikitoshigoto/index.html,
品川区,district_plan,2,企画課,https://www.city.shinagawa.tokyo.jp/PC/kuseizyoho/kuseizyoho-soshikitoshigoto/hpg000024860.html,組織と仕事・お問い合わせ,https://www.city.shinagawa.tokyo.jp/PC/kuseizyoho/kuseizyoho-soshikitoshigoto/index.html,
品川区,district_plan,2,財政課,https://www.city.shinagawa.tokyo.jp/PC/kuseizyoho/kuseizyoho-soshikitoshigoto/hpg000024861.html,組織と仕事・お問い合わせ,https://www.city.shinagawa.tokyo.jp/PC/kuseizyoho/kuseizyoho-soshikitoshigoto/index.html,
品川区,district_plan,2,教育総合支援センター,https://www.city.shinagawa.tokyo.jp/PC/kuseizyoho/kuseizyoho-soshikitoshigoto/hpg000024881.html,組織と仕事・お問い合わせ,https://www.city.shinagawa.tokyo.jp/PC/kuseizyoho/kuseizyoho-soshikitoshigoto/index.html,
品川区,district_plan,2,文化観光戦略課,https://www.city.shinagawa.tokyo.jp/PC/kuseizyoho/kuseizyoho-soshikitoshigoto/hpg000024883.html,組織と仕事・お問い合わせ,https://www.city.shinagawa.tokyo.jp/PC/kuseizyoho/kuseizyoho-soshikitoshigoto/index.html,
品川区,district_plan,2,スポーツ推進課,https://www.city.shinagawa.tokyo.jp/PC/kuseizyoho/kuseizyoho-soshikitoshigoto/hpg000024884.html,組織と仕事・お問い合わせ,https://www.city.shinagawa.tokyo.jp/PC/kuseizyoho/kuseizyoho-soshikitoshigoto/index.html,
品川区,district_plan,2,子ども育成課,https://www.city.shinagawa.tokyo.jp/PC/kuseizyoho/kuseizyoho-soshikitoshigoto/hpg000024886.html,組織と仕事・お問い合わせ,https://www.city.shinagawa.tokyo.jp/PC/kuseizyoho/kuseizyoho-soshikitoshigoto/index.html,
品川区,district_plan,2,木密整備推進課,https://www.city.shinagawa.tokyo.jp/PC/kuseizyoho/kuseizyoho-soshikitoshigoto/hpg000024888.html,組織と仕事・お問い合わせ,https://www.city.shinagawa.tokyo.jp/PC/kuseizyoho/kuseizyoho-soshikitoshigoto/index.html,
品川区,district_plan,2,品川保健センター,https://www.city.shinagawa.tokyo.jp/PC/kuseizyoho/kuseizyoho-soshikitoshigoto/hpg000024955.html,組織と仕事・お問い合わせ,https://www.city.shinagawa.tokyo.jp/PC/kuseizyoho/kuseizyoho-soshikitoshigoto/index.html,
品川区,district_plan,2,住宅課,https://www.city.shinagawa.tokyo.jp/PC/kuseizyoho/kuseizyoho-soshikitoshigoto/hpg000027754.html,組織と仕事・お問い合わせ,https://www.city.shinagawa.tokyo.jp/PC/kuseizyoho/kuseizyoho-soshikitoshigoto/index.html,
品川区,district_plan,2,荏原保健センター,https://www.city.shinagawa.tokyo.jp/PC/kuseizyoho/kuseizyoho-soshikitoshigoto/hpg000030761.html,組織と仕事・お問い合わせ,https://www.city.shinagawa.tokyo.jp/PC/kuseizyoho/kuseizyoho-soshikitoshigoto/index.html,
品川区,district_plan,2,地域産業振興課,https://www.city.shinagawa.tokyo.jp/PC/kuseizyoho/kuseizyoho-soshikitoshigoto/hpg000030818.html,組織と仕事・お問い合わせ,https://www.city.shinagawa.tokyo.jp/PC/kuseizyoho/kuseizyoho-soshikitoshigoto/index.html,
品川区,district_plan,2,子育て応援課,https://www.city.shinagawa.tokyo.jp/PC/kuseizyoho/kuseizyoho-soshikitoshigoto/hpg000030876.html,組織と仕事・お問い合わせ,https://www.city.shinagawa.tokyo.jp/PC/kuseizyoho/kuseizyoho-soshikitoshigoto/index.html,
品川区,district_plan,2,防災課,https://www.city.shinagawa.tokyo.jp/PC/kuseizyoho/kuseizyoho-soshikitoshigoto/hpg000033418.html,組織と仕事・お問い合わせ,https://www.city.shinagawa.tokyo.jp/PC/kuseizyoho/kuseizyoho-soshikitoshigoto/index.html,
品川区,district_plan,2,高齢者福祉課,https://www.city.shinagawa.tokyo.jp/PC/kuseizyoho/kuseizyoho-soshikitoshigoto/hpg000033482.html,組織と仕事・お問い合わせ,https://www.city.shinagawa.tokyo.jp/PC/kuseizyoho/kuseizyoho-soshikitoshigoto/index.html,
品川区,district_plan,2,障害者支援課,https://www.city.shinagawa.tokyo.jp/PC/kuseizyoho/kuseizyoho-soshikitoshigoto/hpg000033576.html,組織と仕事・お問い合わせ,https://www.city.shinagawa.tokyo.jp/PC/kuseizyoho/kuseizyoho-soshikitoshigoto/index.html,
品川区,district_plan,2,スマホ表示,https://www.city.shinagawa.tokyo.jp/PC/kuseizyoho/kuseizyoho-soshikitoshigoto/index.html#,組織と仕事・お問い合わせ,https://www.city.shinagawa.tokyo.jp/PC/kuseizyoho/kuseizyoho-soshikitoshigoto/index.html,
品川区,district_plan,2,PAGE TOPへ,https://www.city.shinagawa.tokyo.jp/PC/kuseizyoho/kuseizyoho-soshikitoshigoto/index.html#contents,組織と仕事・お問い合わせ,https://www.city.shinagawa.tokyo.jp/PC/kuseizyoho/kuseizyoho-soshikitoshigoto/index.html,
品川区,district_plan,2,本文へ移動します。,https://www.city.shinagawa.tokyo.jp/PC/kuseizyoho/kuseizyoho-soshikitoshigoto/index.html#jump,組織と仕事・お問い合わせ,https://www.city.shinagawa.tokyo.jp/PC/kuseizyoho/kuseizyoho-soshikitoshigoto/index.html,
品川区,district_plan,2,環境 まちづくり,https://www.city.shinagawa.tokyo.jp/PC/search/security_safety.html#,救急・防災・防犯,https://www.city.shinagawa.tokyo.jp/PC/search/security_safety.html,
品川区,hazard,1,防災 くらしの安全,https://www.city.shinagawa.tokyo.jp/#,公式トップ,https://www.city.shinagawa.tokyo.jp/,
品川区,hazard,1,防犯,https://www.city.shinagawa.tokyo.jp/PC/bosai/bosai-bohan/index.html,公式トップ,https://www.city.shinagawa.tokyo.jp/,
品川区,hazard,1,交通安全,https://www.city.shinagawa.tokyo.jp/PC/bosai/bosai-kotuanzen/index.html,公式トップ,https://www.city.shinagawa.tokyo.jp/,
品川区,hazard,1,消費生活,https://www.city.shinagawa.tokyo.jp/PC/bosai/bosai-syohiseikatsu/index.html,公式トップ,https://www.city.shinagawa.tokyo.jp/,
品川区,hazard,1,自転車対策,https://www.city.shinagawa.tokyo.jp/PC/bosai/bosai-zitensyataisaku/index.html,公式トップ,https://www.city.shinagawa.tokyo.jp/,
品川区,hazard,1,防災行政無線の放送内容,https://www.city.shinagawa.tokyo.jp/PC/bosai/bosai2/20210330200548.html,公式トップ,https://www.city.shinagawa.tokyo.jp/,
品川区,hazard,1,防災,https://www.city.shinagawa.tokyo.jp/PC/bosai/bosai2/index.html,公式トップ,https://www.city.shinagawa.tokyo.jp/,
品川区,hazard,1,浸水に関するハザードマップと浸水実績,https://www.city.shinagawa.tokyo.jp/PC/bosai/bosai2/taihu/hpg000020939.html,公式トップ,https://www.city.shinagawa.tokyo.jp/,
品川区,hazard,1,品川区シェアサイクル事業,https://www.city.shinagawa.tokyo.jp/PC/bosai/hpg000031986.html,公式トップ,https://www.city.shinagawa.tokyo.jp/,
品川区,hazard,1,防災 くらしの安全,https://www.city.shinagawa.tokyo.jp/PC/bosai/index.html,公式トップ,https://www.city.shinagawa.tokyo.jp/,
品川区,hazard,1,救急・防災・防犯,https://www.city.shinagawa.tokyo.jp/PC/search/security_safety.html,公式トップ,https://www.city.shinagawa.tokyo.jp/,
品川区,hazard,2,9999_ まもるっち通信・協力者通信について,https://www.city.shinagawa.tokyo.jp/PC/bosai/bosai-bohan/20180718092638.html,防犯,https://www.city.shinagawa.tokyo.jp/PC/bosai/bosai-bohan/index.html,
品川区,hazard,2,120_ 防犯カメラ等設置補助事業（町会・自治会等、商店街が対象）,https://www.city.shinagawa.tokyo.jp/PC/bosai/bosai-bohan/20200526161243.html,防犯,https://www.city.shinagawa.tokyo.jp/PC/bosai/bosai-bohan/index.html,
品川区,hazard,2,9999_ わんわんパトロールについて,https://www.city.shinagawa.tokyo.jp/PC/bosai/bosai-bohan/20201005105355.html,防犯,https://www.city.shinagawa.tokyo.jp/PC/bosai/bosai-bohan/index.html,
品川区,hazard,2,9999_ 「まもるっち」のネックストラップの長さの調節について,https://www.city.shinagawa.tokyo.jp/PC/bosai/bosai-bohan/20210625111457.html,防犯,https://www.city.shinagawa.tokyo.jp/PC/bosai/bosai-bohan/index.html,
品川区,hazard,2,110_ 住まいの防犯対策補助金交付制度（個人の住宅における防犯設備の設置）,https://www.city.shinagawa.tokyo.jp/PC/bosai/bosai-bohan/20240306120204.html,防犯,https://www.city.shinagawa.tokyo.jp/PC/bosai/bosai-bohan/index.html,
品川区,hazard,2,9999_ しながわキッズパトロール2026の隊員募集（対象：区内在住の小学4～6年生）,https://www.city.shinagawa.tokyo.jp/PC/bosai/bosai-bohan/20250414104223.html,防犯,https://www.city.shinagawa.tokyo.jp/PC/bosai/bosai-bohan/index.html,
品川区,hazard,2,9999_ 薬物乱用防止について,https://www.city.shinagawa.tokyo.jp/PC/bosai/bosai-bohan/20251021155131.html,防犯,https://www.city.shinagawa.tokyo.jp/PC/bosai/bosai-bohan/index.html,
品川区,hazard,2,341_ 社会を明るくする運動「犯罪や非行を防止し、立ち直りを支える地域のチカラ」,https://www.city.shinagawa.tokyo.jp/PC/bosai/bosai-bohan/bosai-bohan-akarukusuruundou/index.html,防犯,https://www.city.shinagawa.tokyo.jp/PC/bosai/bosai-bohan/index.html,
品川区,hazard,2,331_ 生活安全情報,https://www.city.shinagawa.tokyo.jp/PC/bosai/bosai-bohan/bosai-bohan-seikatsuanzenzyoho/index.html,防犯,https://www.city.shinagawa.tokyo.jp/PC/bosai/bosai-bohan/index.html,
品川区,hazard,2,9999_ 不審者等の自宅訪問について,https://www.city.shinagawa.tokyo.jp/PC/bosai/bosai-bohan/fushinnsyajyouhou.html,防犯,https://www.city.shinagawa.tokyo.jp/PC/bosai/bosai-bohan/index.html,
品川区,hazard,2,9999_ 防犯意識を高めましょう～区内の犯罪発生状況および防犯対策～,https://www.city.shinagawa.tokyo.jp/PC/bosai/bosai-bohan/hannzaijyouhou(2021).html,防犯,https://www.city.shinagawa.tokyo.jp/PC/bosai/bosai-bohan/index.html,
品川区,hazard,2,311_ 児童見守りシステム「まもるっち」,https://www.city.shinagawa.tokyo.jp/PC/bosai/bosai-bohan/hpg000000978.html,防犯,https://www.city.shinagawa.tokyo.jp/PC/bosai/bosai-bohan/index.html,
品川区,hazard,2,321_ 夜間など安全に道路を通行していただくために,https://www.city.shinagawa.tokyo.jp/PC/bosai/bosai-bohan/hpg000001014.html,防犯,https://www.city.shinagawa.tokyo.jp/PC/bosai/bosai-bohan/index.html,
品川区,hazard,2,351_ 83（ハチサン）運動について,https://www.city.shinagawa.tokyo.jp/PC/bosai/bosai-bohan/hpg000003242.html,防犯,https://www.city.shinagawa.tokyo.jp/PC/bosai/bosai-bohan/index.html,
品川区,hazard,2,381_ 品川区暴力団排除の制定について,https://www.city.shinagawa.tokyo.jp/PC/bosai/bosai-bohan/hpg000017236.html,防犯,https://www.city.shinagawa.tokyo.jp/PC/bosai/bosai-bohan/index.html,
品川区,hazard,2,391_ 品川区公共の場所における客引き行為等の防止に関する条例の制定について,https://www.city.shinagawa.tokyo.jp/PC/bosai/bosai-bohan/hpg000025697.html,防犯,https://www.city.shinagawa.tokyo.jp/PC/bosai/bosai-bohan/index.html,
品川区,hazard,2,401_ 特殊詐欺撃退のための自動通話録音機の無料貸与などについて,https://www.city.shinagawa.tokyo.jp/PC/bosai/bosai-bohan/hpg000032306.html,防犯,https://www.city.shinagawa.tokyo.jp/PC/bosai/bosai-bohan/index.html,
品川区,hazard,2,スマホ表示,https://www.city.shinagawa.tokyo.jp/PC/bosai/bosai-bohan/index.html#,防犯,https://www.city.shinagawa.tokyo.jp/PC/bosai/bosai-bohan/index.html,
品川区,hazard,2,PAGE TOPへ,https://www.city.shinagawa.tokyo.jp/PC/bosai/bosai-bohan/index.html#contents,防犯,https://www.city.shinagawa.tokyo.jp/PC/bosai/bosai-bohan/index.html,
品川区,hazard,2,本文へ移動します。,https://www.city.shinagawa.tokyo.jp/PC/bosai/bosai-bohan/index.html#jump,防犯,https://www.city.shinagawa.tokyo.jp/PC/bosai/bosai-bohan/index.html,
品川区,hazard,2,1_ ストーカー・DV対策パッケージ,https://www.city.shinagawa.tokyo.jp/PC/bosai/bosai-bohan/taisaku/index.html,防犯,https://www.city.shinagawa.tokyo.jp/PC/bosai/bosai-bohan/index.html,
品川区,hazard,2,220_ 区民交通傷害保険,https://www.city.shinagawa.tokyo.jp/PC/bosai/bosai-kotuanzen/20190122111434.html,交通安全,https://www.city.shinagawa.tokyo.jp/PC/bosai/bosai-kotuanzen/index.html,
品川区,hazard,2,110_ 品川区　通学路安全・安心プログラム,https://www.city.shinagawa.tokyo.jp/PC/bosai/bosai-kotuanzen/20190325162001.html,交通安全,https://www.city.shinagawa.tokyo.jp/PC/bosai/bosai-kotuanzen/index.html,
品川区,hazard,2,301_ 運転免許証の自主返納について,https://www.city.shinagawa.tokyo.jp/PC/bosai/bosai-kotuanzen/20190924195009.html,交通安全,https://www.city.shinagawa.tokyo.jp/PC/bosai/bosai-kotuanzen/index.html,
品川区,hazard,2,30_ 品川区の交通事故,https://www.city.shinagawa.tokyo.jp/PC/bosai/bosai-kotuanzen/20191009093810.html,交通安全,https://www.city.shinagawa.tokyo.jp/PC/bosai/bosai-kotuanzen/index.html,
品川区,hazard,2,320_ 高齢者交通安全PR新聞「お元気だより」,https://www.city.shinagawa.tokyo.jp/PC/bosai/bosai-kotuanzen/20191112175143.html,交通安全,https://www.city.shinagawa.tokyo.jp/PC/bosai/bosai-kotuanzen/index.html,
品川区,hazard,2,120_ 交通安全啓発コンテンツを活用した交通安全教育について,https://www.city.shinagawa.tokyo.jp/PC/bosai/bosai-kotuanzen/20200608123719.html,交通安全,https://www.city.shinagawa.tokyo.jp/PC/bosai/bosai-kotuanzen/index.html,
品川区,hazard,2,145_ スクールゾーン内の交通規制について,https://www.city.shinagawa.tokyo.jp/PC/bosai/bosai-kotuanzen/20201026174300.html,交通安全,https://www.city.shinagawa.tokyo.jp/PC/bosai/bosai-kotuanzen/index.html,
品川区,hazard,2,50_ 横断歩道上での交通事故を防ぐために,https://www.city.shinagawa.tokyo.jp/PC/bosai/bosai-kotuanzen/20201113151654.html,交通安全,https://www.city.shinagawa.tokyo.jp/PC/bosai/bosai-kotuanzen/index.html,
品川区,hazard,2,41_ （受付終了）自転車ヘルメット購入助成事業のご案内,https://www.city.shinagawa.tokyo.jp/PC/bosai/bosai-kotuanzen/20230523122132.html,交通安全,https://www.city.shinagawa.tokyo.jp/PC/bosai/bosai-kotuanzen/index.html,
品川区,hazard,2,9999_ 電動キックボード等について,https://www.city.shinagawa.tokyo.jp/PC/bosai/bosai-kotuanzen/20231113092744.html,交通安全,https://www.city.shinagawa.tokyo.jp/PC/bosai/bosai-kotuanzen/index.html,
品川区,hazard,2,9999_ 区民交通傷害保険 引受保険会社のシステムに対する不正アクセス被害について,https://www.city.shinagawa.tokyo.jp/PC/bosai/bosai-kotuanzen/20250421172230.html,交通安全,https://www.city.shinagawa.tokyo.jp/PC/bosai/bosai-kotuanzen/index.html,
品川区,hazard,2,9999_ 区民交通傷害保険 死亡保険金の受取人指定について,https://www.city.shinagawa.tokyo.jp/PC/bosai/bosai-kotuanzen/20251010113142.html,交通安全,https://www.city.shinagawa.tokyo.jp/PC/bosai/bosai-kotuanzen/index.html,
品川区,hazard,2,401_ 飲酒運転 NO,https://www.city.shinagawa.tokyo.jp/PC/bosai/bosai-kotuanzen/hpg000001015.html,交通安全,https://www.city.shinagawa.tokyo.jp/PC/bosai/bosai-kotuanzen/index.html,
品川区,hazard,2,201_ 自転車の安全利用,https://www.city.shinagawa.tokyo.jp/PC/bosai/bosai-kotuanzen/hpg000004196.html,交通安全,https://www.city.shinagawa.tokyo.jp/PC/bosai/bosai-kotuanzen/index.html,
品川区,hazard,2,430_ 全ての座席でシートベルトを着用しましょう,https://www.city.shinagawa.tokyo.jp/PC/bosai/bosai-kotuanzen/hpg000004239.html,交通安全,https://www.city.shinagawa.tokyo.jp/PC/bosai/bosai-kotuanzen/index.html,
品川区,hazard,2,410_ ボディプロテクタを着用しよう,https://www.city.shinagawa.tokyo.jp/PC/bosai/bosai-kotuanzen/hpg000008939.html,交通安全,https://www.city.shinagawa.tokyo.jp/PC/bosai/bosai-kotuanzen/index.html,
品川区,hazard,2,101_ 子どもの交通事故防止,https://www.city.shinagawa.tokyo.jp/PC/bosai/bosai-kotuanzen/hpg000012946.html,交通安全,https://www.city.shinagawa.tokyo.jp/PC/bosai/bosai-kotuanzen/index.html,
品川区,hazard,2,150_ 音響式信号機について,https://www.city.shinagawa.tokyo.jp/PC/bosai/bosai-kotuanzen/hpg000021404.html,交通安全,https://www.city.shinagawa.tokyo.jp/PC/bosai/bosai-kotuanzen/index.html,
品川区,hazard,2,130_ 品川区ヒヤリハット地図（交通事故危険箇所地図）,https://www.city.shinagawa.tokyo.jp/PC/bosai/bosai-kotuanzen/hpg000023048.html,交通安全,https://www.city.shinagawa.tokyo.jp/PC/bosai/bosai-kotuanzen/index.html,
品川区,hazard,2,20_ 品川区交通安全計画および交通安全実施計画,https://www.city.shinagawa.tokyo.jp/PC/bosai/bosai-kotuanzen/hpg000028811.html,交通安全,https://www.city.shinagawa.tokyo.jp/PC/bosai/bosai-kotuanzen/index.html,
品川区,hazard,2,420_ 「ながらスマホ」は危険,https://www.city.shinagawa.tokyo.jp/PC/bosai/bosai-kotuanzen/hpg000028929.html,交通安全,https://www.city.shinagawa.tokyo.jp/PC/bosai/bosai-kotuanzen/index.html,
品川区,hazard,2,140_ 「ゾーン30」について,https://www.city.shinagawa.tokyo.jp/PC/bosai/bosai-kotuanzen/hpg000029595.html,交通安全,https://www.city.shinagawa.tokyo.jp/PC/bosai/bosai-kotuanzen/index.html,
品川区,hazard,2,10_ 交通安全宣言,https://www.city.shinagawa.tokyo.jp/PC/bosai/bosai-kotuanzen/hpg000031491.html,交通安全,https://www.city.shinagawa.tokyo.jp/PC/bosai/bosai-kotuanzen/index.html,
品川区,hazard,2,40_ 毎月10日は交通安全日,https://www.city.shinagawa.tokyo.jp/PC/bosai/bosai-kotuanzen/hpg000033449.html,交通安全,https://www.city.shinagawa.tokyo.jp/PC/bosai/bosai-kotuanzen/index.html,
品川区,hazard,2,スマホ表示,https://www.city.shinagawa.tokyo.jp/PC/bosai/bosai-kotuanzen/index.html#,交通安全,https://www.city.shinagawa.tokyo.jp/PC/bosai/bosai-kotuanzen/index.html,
品川区,hazard,2,PAGE TOPへ,https://www.city.shinagawa.tokyo.jp/PC/bosai/bosai-kotuanzen/index.html#contents,交通安全,https://www.city.shinagawa.tokyo.jp/PC/bosai/bosai-kotuanzen/index.html,
品川区,hazard,2,本文へ移動します。,https://www.city.shinagawa.tokyo.jp/PC/bosai/bosai-kotuanzen/index.html#jump,交通安全,https://www.city.shinagawa.tokyo.jp/PC/bosai/bosai-kotuanzen/index.html,
品川区,hazard,2,420_ 自転車等安全利用指導員について,https://www.city.shinagawa.tokyo.jp/PC/bosai/bosai-kotuanzen/jitensyashidouinn.html,交通安全,https://www.city.shinagawa.tokyo.jp/PC/bosai/bosai-kotuanzen/index.html,
品川区,hazard,2,法務省などを名乗った「はがき」にご注意,https://www.city.shinagawa.tokyo.jp/PC/bosai/bosai-syohiseikatsu/20180413102930.html,消費生活,https://www.city.shinagawa.tokyo.jp/PC/bosai/bosai-syohiseikatsu/index.html,
品川区,hazard,2,消費者のための講座・教室,https://www.city.shinagawa.tokyo.jp/PC/bosai/bosai-syohiseikatsu/20180423164855.html,消費生活,https://www.city.shinagawa.tokyo.jp/PC/bosai/bosai-syohiseikatsu/index.html,
品川区,hazard,2,大手通販サイトなどを名乗った「SМS」にご注意,https://www.city.shinagawa.tokyo.jp/PC/bosai/bosai-syohiseikatsu/20180710151954.html,消費生活,https://www.city.shinagawa.tokyo.jp/PC/bosai/bosai-syohiseikatsu/index.html,
品川区,hazard,2,「屋根の無料点検」と言って自宅に訪問してくる事業者にご注意ください,https://www.city.shinagawa.tokyo.jp/PC/bosai/bosai-syohiseikatsu/20210301160617.html,消費生活,https://www.city.shinagawa.tokyo.jp/PC/bosai/bosai-syohiseikatsu/index.html,
品川区,hazard,2,【ご注意ください】マイナポイント事務局をかたる「詐欺メール」について,https://www.city.shinagawa.tokyo.jp/PC/bosai/bosai-syohiseikatsu/20231116135810.html,消費生活,https://www.city.shinagawa.tokyo.jp/PC/bosai/bosai-syohiseikatsu/index.html,
品川区,hazard,2,給湯器の点検商法にご注意ください,https://www.city.shinagawa.tokyo.jp/PC/bosai/bosai-syohiseikatsu/20241121102432.html,消費生活,https://www.city.shinagawa.tokyo.jp/PC/bosai/bosai-syohiseikatsu/index.html,
品川区,hazard,2,今日からできるエシカル消費,https://www.city.shinagawa.tokyo.jp/PC/bosai/bosai-syohiseikatsu/20251106152150.html,消費生活,https://www.city.shinagawa.tokyo.jp/PC/bosai/bosai-syohiseikatsu/index.html,
品川区,hazard,2,めざしましょう食品ロス0（ゼロ）,https://www.city.shinagawa.tokyo.jp/PC/bosai/bosai-syohiseikatsu/20251119091957.html,消費生活,https://www.city.shinagawa.tokyo.jp/PC/bosai/bosai-syohiseikatsu/index.html,
品川区,hazard,2,分電盤の点検商法にご注意ください,https://www.city.shinagawa.tokyo.jp/PC/bosai/bosai-syohiseikatsu/20251208131315.html,消費生活,https://www.city.shinagawa.tokyo.jp/PC/bosai/bosai-syohiseikatsu/index.html,
品川区,hazard,2,品川区消費者センター,https://www.city.shinagawa.tokyo.jp/PC/bosai/bosai-syohiseikatsu/hpg000030958.html,消費生活,https://www.city.shinagawa.tokyo.jp/PC/bosai/bosai-syohiseikatsu/index.html,
品川区,hazard,2,消費生活相談,https://www.city.shinagawa.tokyo.jp/PC/bosai/bosai-syohiseikatsu/hpg000030962.html,消費生活,https://www.city.shinagawa.tokyo.jp/PC/bosai/bosai-syohiseikatsu/index.html,
品川区,hazard,2,出前講座,https://www.city.shinagawa.tokyo.jp/PC/bosai/bosai-syohiseikatsu/hpg000030966.html,消費生活,https://www.city.shinagawa.tokyo.jp/PC/bosai/bosai-syohiseikatsu/index.html,
品川区,hazard,2,くらしの広場（情報誌）,https://www.city.shinagawa.tokyo.jp/PC/bosai/bosai-syohiseikatsu/hpg000030967.html,消費生活,https://www.city.shinagawa.tokyo.jp/PC/bosai/bosai-syohiseikatsu/index.html,
品川区,hazard,2,品川区おもちゃの病院,https://www.city.shinagawa.tokyo.jp/PC/bosai/bosai-syohiseikatsu/hpg000030970.html,消費生活,https://www.city.shinagawa.tokyo.jp/PC/bosai/bosai-syohiseikatsu/index.html,
品川区,hazard,2,消費者被害の防止,https://www.city.shinagawa.tokyo.jp/PC/bosai/bosai-syohiseikatsu/hpg000030974.html,消費生活,https://www.city.shinagawa.tokyo.jp/PC/bosai/bosai-syohiseikatsu/index.html,
品川区,hazard,2,見守りで高齢者の消費者トラブル防止,https://www.city.shinagawa.tokyo.jp/PC/bosai/bosai-syohiseikatsu/hpg000031051.html,消費生活,https://www.city.shinagawa.tokyo.jp/PC/bosai/bosai-syohiseikatsu/index.html,
品川区,hazard,2,スマホ表示,https://www.city.shinagawa.tokyo.jp/PC/bosai/bosai-syohiseikatsu/index.html#,消費生活,https://www.city.shinagawa.tokyo.jp/PC/bosai/bosai-syohiseikatsu/index.html,
品川区,hazard,2,PAGE TOPへ,https://www.city.shinagawa.tokyo.jp/PC/bosai/bosai-syohiseikatsu/index.html#contents,消費生活,https://www.city.shinagawa.tokyo.jp/PC/bosai/bosai-syohiseikatsu/index.html,
品川区,hazard,2,本文へ移動します。,https://www.city.shinagawa.tokyo.jp/PC/bosai/bosai-syohiseikatsu/index.html#jump,消費生活,https://www.city.shinagawa.tokyo.jp/PC/bosai/bosai-syohiseikatsu/index.html,
品川区,hazard,2,5_ 大井町駅自転車等駐車場の新規定期利用受付について,https://www.city.shinagawa.tokyo.jp/PC/bosai/bosai-zitensyataisaku/20200313172029.html,自転車対策,https://www.city.shinagawa.tokyo.jp/PC/bosai/bosai-zitensyataisaku/index.html,
品川区,hazard,2,1_ 当日利用の区営自転車等駐車場の空き状況（満空情報）について,https://www.city.shinagawa.tokyo.jp/PC/bosai/bosai-zitensyataisaku/20231011113334.html,自転車対策,https://www.city.shinagawa.tokyo.jp/PC/bosai/bosai-zitensyataisaku/index.html,
品川区,hazard,2,9999_ 五反田駅周辺の放置禁止区域拡大について,https://www.city.shinagawa.tokyo.jp/PC/bosai/bosai-zitensyataisaku/20240716115603.html,自転車対策,https://www.city.shinagawa.tokyo.jp/PC/bosai/bosai-zitensyataisaku/index.html,
品川区,hazard,2,2_ 区営自転車等駐車場短時間無料設定の実施について,https://www.city.shinagawa.tokyo.jp/PC/bosai/bosai-zitensyataisaku/20250325190926.html,自転車対策,https://www.city.shinagawa.tokyo.jp/PC/bosai/bosai-zitensyataisaku/index.html,
品川区,hazard,2,51_ 駅前放置自転車撤去情報,https://www.city.shinagawa.tokyo.jp/PC/bosai/bosai-zitensyataisaku/bosai-zitensyataisaku-tekkyozyoho/index.html,自転車対策,https://www.city.shinagawa.tokyo.jp/PC/bosai/bosai-zitensyataisaku/index.html,
品川区,hazard,2,21_ 自転車等駐車場一覧,https://www.city.shinagawa.tokyo.jp/PC/bosai/bosai-zitensyataisaku/bosai-zitensyataisaku-tyusyazyoichiran/index.html,自転車対策,https://www.city.shinagawa.tokyo.jp/PC/bosai/bosai-zitensyataisaku/index.html,
品川区,hazard,2,31_ 八潮北保管所案内図,https://www.city.shinagawa.tokyo.jp/PC/bosai/bosai-zitensyataisaku/hpg000001698.html,自転車対策,https://www.city.shinagawa.tokyo.jp/PC/bosai/bosai-zitensyataisaku/index.html,
品川区,hazard,2,41_ 不動前保管所案内図,https://www.city.shinagawa.tokyo.jp/PC/bosai/bosai-zitensyataisaku/hpg000001701.html,自転車対策,https://www.city.shinagawa.tokyo.jp/PC/bosai/bosai-zitensyataisaku/index.html,
品川区,hazard,2,81_ 放置自転車対策について,https://www.city.shinagawa.tokyo.jp/PC/bosai/bosai-zitensyataisaku/hpg000001702.html,自転車対策,https://www.city.shinagawa.tokyo.jp/PC/bosai/bosai-zitensyataisaku/index.html,
品川区,hazard,2,71_ リサイクル自転車取扱店一覧,https://www.city.shinagawa.tokyo.jp/PC/bosai/bosai-zitensyataisaku/hpg000001708.html,自転車対策,https://www.city.shinagawa.tokyo.jp/PC/bosai/bosai-zitensyataisaku/index.html,
品川区,hazard,2,11_ 自転車・バイクの放置禁止区域,https://www.city.shinagawa.tokyo.jp/PC/bosai/bosai-zitensyataisaku/hpg000004414.html,自転車対策,https://www.city.shinagawa.tokyo.jp/PC/bosai/bosai-zitensyataisaku/index.html,
品川区,hazard,2,111_ 動画で見る「自転車対策」,https://www.city.shinagawa.tokyo.jp/PC/bosai/bosai-zitensyataisaku/hpg000010382.html,自転車対策,https://www.city.shinagawa.tokyo.jp/PC/bosai/bosai-zitensyataisaku/index.html,
品川区,hazard,2,101_ 区営自転車駐輪場・放置自転車Ｑ＆Ａ（よくあるご質問）,https://www.city.shinagawa.tokyo.jp/PC/bosai/bosai-zitensyataisaku/hpg000012838.html,自転車対策,https://www.city.shinagawa.tokyo.jp/PC/bosai/bosai-zitensyataisaku/index.html,
品川区,hazard,2,61_ 自転車駐車場付置義務,https://www.city.shinagawa.tokyo.jp/PC/bosai/bosai-zitensyataisaku/hpg000017500.html,自転車対策,https://www.city.shinagawa.tokyo.jp/PC/bosai/bosai-zitensyataisaku/index.html,
品川区,hazard,2,121_ 大森駅水神口の地下機械式駐輪場について＜定期利用専用＞,https://www.city.shinagawa.tokyo.jp/PC/bosai/bosai-zitensyataisaku/hpg000028966.html,自転車対策,https://www.city.shinagawa.tokyo.jp/PC/bosai/bosai-zitensyataisaku/index.html,
品川区,hazard,2,スマホ表示,https://www.city.shinagawa.tokyo.jp/PC/bosai/bosai-zitensyataisaku/index.html#,自転車対策,https://www.city.shinagawa.tokyo.jp/PC/bosai/bosai-zitensyataisaku/index.html,
品川区,hazard,2,PAGE TOPへ,https://www.city.shinagawa.tokyo.jp/PC/bosai/bosai-zitensyataisaku/index.html#contents,自転車対策,https://www.city.shinagawa.tokyo.jp/PC/bosai/bosai-zitensyataisaku/index.html,
品川区,hazard,2,本文へ移動します。,https://www.city.shinagawa.tokyo.jp/PC/bosai/bosai-zitensyataisaku/index.html#jump,自転車対策,https://www.city.shinagawa.tokyo.jp/PC/bosai/bosai-zitensyataisaku/index.html,
品川区,hazard,2,はじめての防災のすすめ,https://www.city.shinagawa.tokyo.jp/PC/bosai/bosai2/20200303135614.html,防災,https://www.city.shinagawa.tokyo.jp/PC/bosai/bosai2/index.html,
品川区,hazard,2,,https://www.city.shinagawa.tokyo.jp/PC/bosai/bosai2/20200623115935.html,防災,https://www.city.shinagawa.tokyo.jp/PC/bosai/bosai2/index.html,
品川区,hazard,2,消防団,https://www.city.shinagawa.tokyo.jp/PC/bosai/bosai2/20200826165944.html ,防災,https://www.city.shinagawa.tokyo.jp/PC/bosai/bosai2/index.html,
品川区,hazard,2,意外と盲点な電気火災,https://www.city.shinagawa.tokyo.jp/PC/bosai/bosai2/20220225105458.html,防災,https://www.city.shinagawa.tokyo.jp/PC/bosai/bosai2/index.html,
品川区,hazard,2,避難所運営訓練（令和4年度　東京都・品川区合同総合防災訓練）の様子,https://www.city.shinagawa.tokyo.jp/PC/bosai/bosai2/20221115131028.html,防災,https://www.city.shinagawa.tokyo.jp/PC/bosai/bosai2/index.html,
品川区,hazard,2,「しながわ防災区民憲章」の制定（令和8年3月制定）,https://www.city.shinagawa.tokyo.jp/PC/bosai/bosai2/202406145545.html,防災,https://www.city.shinagawa.tokyo.jp/PC/bosai/bosai2/index.html,
品川区,hazard,2,耳で聴くハザードマップについて,https://www.city.shinagawa.tokyo.jp/PC/bosai/bosai2/20240617084413.html,防災,https://www.city.shinagawa.tokyo.jp/PC/bosai/bosai2/index.html,
品川区,hazard,2,エレベーター用防災チェア配布事業について,https://www.city.shinagawa.tokyo.jp/PC/bosai/bosai2/20240620111234.html,防災,https://www.city.shinagawa.tokyo.jp/PC/bosai/bosai2/index.html,
品川区,hazard,2,携帯トイレを全区民に配布しました,https://www.city.shinagawa.tokyo.jp/PC/bosai/bosai2/20240621153952.html,防災,https://www.city.shinagawa.tokyo.jp/PC/bosai/bosai2/index.html,
品川区,hazard,2,地域の防災活動への支援について,https://www.city.shinagawa.tokyo.jp/PC/bosai/bosai2/20241011191704.html,防災,https://www.city.shinagawa.tokyo.jp/PC/bosai/bosai2/index.html,
品川区,hazard,2,令和6年度　トイレトラックの導入事業,https://www.city.shinagawa.tokyo.jp/PC/bosai/bosai2/20250807163500.html,防災,https://www.city.shinagawa.tokyo.jp/PC/bosai/bosai2/index.html,
品川区,hazard,2,防災区民組織への支援について,https://www.city.shinagawa.tokyo.jp/PC/bosai/bosai2/20251219143736.html,防災,https://www.city.shinagawa.tokyo.jp/PC/bosai/bosai2/index.html,
品川区,hazard,2,品川区地域初期消火対策施設整備要綱および要領,https://www.city.shinagawa.tokyo.jp/PC/bosai/bosai2/bousaikeikaku/20201029134713.html,防災,https://www.city.shinagawa.tokyo.jp/PC/bosai/bosai2/index.html,
品川区,hazard,2,条例・計画等,https://www.city.shinagawa.tokyo.jp/PC/bosai/bosai2/bousaikeikaku/index.html,防災,https://www.city.shinagawa.tokyo.jp/PC/bosai/bosai2/index.html,
品川区,hazard,2,被災された方への支援について,https://www.city.shinagawa.tokyo.jp/PC/bosai/bosai2/hisai/index.html,防災,https://www.city.shinagawa.tokyo.jp/PC/bosai/bosai2/index.html,
品川区,hazard,2,スマホ表示,https://www.city.shinagawa.tokyo.jp/PC/bosai/bosai2/index.html#,防災,https://www.city.shinagawa.tokyo.jp/PC/bosai/bosai2/index.html,
品川区,hazard,2,PAGE TOPへ,https://www.city.shinagawa.tokyo.jp/PC/bosai/bosai2/index.html#contents,防災,https://www.city.shinagawa.tokyo.jp/PC/bosai/bosai2/index.html,
品川区,hazard,2,本文へ移動します。,https://www.city.shinagawa.tokyo.jp/PC/bosai/bosai2/index.html#jump,防災,https://www.city.shinagawa.tokyo.jp/PC/bosai/bosai2/index.html,
品川区,hazard,2,,https://www.city.shinagawa.tokyo.jp/PC/bosai/bosai2/jishin/hinanjyo/index.html,救急・防災・防犯,https://www.city.shinagawa.tokyo.jp/PC/search/security_safety.html,
品川区,hazard,2,地震に備えて,https://www.city.shinagawa.tokyo.jp/PC/bosai/bosai2/jishin/index.html,防災,https://www.city.shinagawa.tokyo.jp/PC/bosai/bosai2/index.html,
品川区,hazard,2,防災関連資料・サイト,https://www.city.shinagawa.tokyo.jp/PC/bosai/bosai2/kanrensiryo/index.html,防災,https://www.city.shinagawa.tokyo.jp/PC/bosai/bosai2/index.html,
品川区,hazard,2,家庭への支援について,https://www.city.shinagawa.tokyo.jp/PC/bosai/bosai2/kateishien/index.html,防災,https://www.city.shinagawa.tokyo.jp/PC/bosai/bosai2/index.html,
品川区,hazard,2,,https://www.city.shinagawa.tokyo.jp/PC/bosai/bosai2/panfu/handbook/hpg000019631.html,救急・防災・防犯,https://www.city.shinagawa.tokyo.jp/PC/search/security_safety.html,
品川区,hazard,2,区が発行しているパンフレットなど,https://www.city.shinagawa.tokyo.jp/PC/bosai/bosai2/panfu/index.html,防災,https://www.city.shinagawa.tokyo.jp/PC/bosai/bosai2/index.html,
品川区,hazard,2,,https://www.city.shinagawa.tokyo.jp/PC/bosai/bosai2/panfu/map/hpg000022947.html,救急・防災・防犯,https://www.city.shinagawa.tokyo.jp/PC/search/security_safety.html,
品川区,hazard,2,地域・マンションへの支援について,https://www.city.shinagawa.tokyo.jp/PC/bosai/bosai2/shien/index.html,防災,https://www.city.shinagawa.tokyo.jp/PC/bosai/bosai2/index.html,
品川区,hazard,2,台風や集中豪雨に備えて,https://www.city.shinagawa.tokyo.jp/PC/bosai/bosai2/taihu/index.html,防災,https://www.city.shinagawa.tokyo.jp/PC/bosai/bosai2/index.html,
品川区,hazard,2,体験や訓練をしたい,https://www.city.shinagawa.tokyo.jp/PC/bosai/bosai2/taiken/index.html,防災,https://www.city.shinagawa.tokyo.jp/PC/bosai/bosai2/index.html,
品川区,hazard,2,,https://www.city.shinagawa.tokyo.jp/PC/bosai/bosai2/taiken/taikenkan/hpg000027669.html,救急・防災・防犯,https://www.city.shinagawa.tokyo.jp/PC/search/security_safety.html,
品川区,hazard,2,スマホ表示,https://www.city.shinagawa.tokyo.jp/PC/bosai/hpg000031986.html#,品川区シェアサイクル事業,https://www.city.shinagawa.tokyo.jp/PC/bosai/hpg000031986.html,
品川区,hazard,2,PAGE TOPへ,https://www.city.shinagawa.tokyo.jp/PC/bosai/hpg000031986.html#contents,品川区シェアサイクル事業,https://www.city.shinagawa.tokyo.jp/PC/bosai/hpg000031986.html,
品川区,hazard,2,本文へ移動します。,https://www.city.shinagawa.tokyo.jp/PC/bosai/hpg000031986.html#jump,品川区シェアサイクル事業,https://www.city.shinagawa.tokyo.jp/PC/bosai/hpg000031986.html,
品川区,hazard,2,スマホ表示,https://www.city.shinagawa.tokyo.jp/PC/bosai/index.html#,防災 くらしの安全,https://www.city.shinagawa.tokyo.jp/PC/bosai/index.html,
品川区,hazard,2,PAGE TOPへ,https://www.city.shinagawa.tokyo.jp/PC/bosai/index.html#contents,防災 くらしの安全,https://www.city.shinagawa.tokyo.jp/PC/bosai/index.html,
品川区,hazard,2,本文へ移動します。,https://www.city.shinagawa.tokyo.jp/PC/bosai/index.html#jump,防災 くらしの安全,https://www.city.shinagawa.tokyo.jp/PC/bosai/index.html,
品川区,hazard,2,300_ 重要土地等調査法,https://www.city.shinagawa.tokyo.jp/PC/bosai/jyuuyoutochi/index.html,防災 くらしの安全,https://www.city.shinagawa.tokyo.jp/PC/bosai/index.html,
品川区,hazard,2,防災 くらしの安全,https://www.city.shinagawa.tokyo.jp/PC/kankyo/index.html#,環境 まちづくり,https://www.city.shinagawa.tokyo.jp/PC/kankyo/index.html,
品川区,hazard,2,防災 くらしの安全,https://www.city.shinagawa.tokyo.jp/PC/kankyo/kankyo-doro/index.html#,道路,https://www.city.shinagawa.tokyo.jp/PC/kankyo/kankyo-doro/index.html,
品川区,hazard,2,防災 くらしの安全,https://www.city.shinagawa.tokyo.jp/PC/kankyo/kankyo-gomi/index.html#,ごみ・リサイクル,https://www.city.shinagawa.tokyo.jp/PC/kankyo/kankyo-gomi/index.html,
品川区,hazard,2,防災 くらしの安全,https://www.city.shinagawa.tokyo.jp/PC/kankyo/kankyo-kankyo/index.html#,環境,https://www.city.shinagawa.tokyo.jp/PC/kankyo/kankyo-kankyo/index.html,
品川区,hazard,2,621_ 半地下家屋や地下室では浸水被害に注意,https://www.city.shinagawa.tokyo.jp/PC/kankyo/kankyo-kenchiku/hpg000031278.html,建築・住宅関連,https://www.city.shinagawa.tokyo.jp/PC/kankyo/kankyo-kenchiku/index.html,
品川区,hazard,2,防災 くらしの安全,https://www.city.shinagawa.tokyo.jp/PC/kankyo/kankyo-kenchiku/index.html#,建築・住宅関連,https://www.city.shinagawa.tokyo.jp/PC/kankyo/kankyo-kenchiku/index.html,
品川区,hazard,2,101_ 品川区が取り組む浸水対策事業,https://www.city.shinagawa.tokyo.jp/PC/kankyo/kankyo-mizube/hpg000022396.html,水辺・下水道,https://www.city.shinagawa.tokyo.jp/PC/kankyo/kankyo-mizube/index.html,
品川区,hazard,2,防災 くらしの安全,https://www.city.shinagawa.tokyo.jp/PC/kankyo/kankyo-mizube/index.html#,水辺・下水道,https://www.city.shinagawa.tokyo.jp/PC/kankyo/kankyo-mizube/index.html,
品川区,hazard,2,防災 くらしの安全,https://www.city.shinagawa.tokyo.jp/PC/kankyo/kankyo-park/index.html#,公園,https://www.city.shinagawa.tokyo.jp/PC/kankyo/kankyo-park/index.html,
品川区,hazard,2,防災 くらしの安全,https://www.city.shinagawa.tokyo.jp/PC/kankyo/kankyo-shisetsu/index.html#,区施設整備,https://www.city.shinagawa.tokyo.jp/PC/kankyo/kankyo-shisetsu/index.html,
品川区,hazard,2,9999_ 大井・西大井地区防災まちづくりについて,https://www.city.shinagawa.tokyo.jp/PC/kankyo/kankyo-toshiseibi/20231128094516.html,都市整備,https://www.city.shinagawa.tokyo.jp/PC/kankyo/kankyo-toshiseibi/index.html,
品川区,hazard,2,1222_ 土地区画整理事業、市街地再開発事業、防災街区整備事業,https://www.city.shinagawa.tokyo.jp/PC/kankyo/kankyo-toshiseibi/20250728160642.html,都市整備,https://www.city.shinagawa.tokyo.jp/PC/kankyo/kankyo-toshiseibi/index.html,
品川区,hazard,2,9999_ 小山台一丁目地区防災街区整備地区計画について,https://www.city.shinagawa.tokyo.jp/PC/kankyo/kankyo-toshiseibi/20251111103608.html,都市整備,https://www.city.shinagawa.tokyo.jp/PC/kankyo/kankyo-toshiseibi/index.html,
品川区,hazard,2,9999_ 戸越六丁目18･20番東地区防災街区整備事業組合設立認可に係る事業計画の縦覧について,https://www.city.shinagawa.tokyo.jp/PC/kankyo/kankyo-toshiseibi/20260424164817.html,都市整備,https://www.city.shinagawa.tokyo.jp/PC/kankyo/kankyo-toshiseibi/index.html,
品川区,hazard,2,防災 くらしの安全,https://www.city.shinagawa.tokyo.jp/PC/kankyo/kankyo-toshiseibi/index.html#,都市整備,https://www.city.shinagawa.tokyo.jp/PC/kankyo/kankyo-toshiseibi/index.html,
品川区,hazard,2,1111_ 都市計画法に基づく開発許可、土砂災害防止法に基づく特定開発許可,https://www.city.shinagawa.tokyo.jp/PC/kankyo/kankyo-toshiseibi/kankyo-toshiseibi-kaihatsukyoka/index.html,都市整備,https://www.city.shinagawa.tokyo.jp/PC/kankyo/kankyo-toshiseibi/index.html,
品川区,hazard,2,都市防災不燃化促進事業　助成額について,https://www.city.shinagawa.tokyo.jp/PC/kankyo/kankyo-toshiseibi/kankyo-toshiseibi-shien/kankyo-toshiseibi-shien-hunenkasokushin/20190913101924.html,環境 まちづくり,https://www.city.shinagawa.tokyo.jp/PC/kankyo/index.html,
品川区,hazard,2,防災課,https://www.city.shinagawa.tokyo.jp/PC/kuseizyoho/kuseizyoho-soshikitoshigoto/hpg000033418.html,組織と仕事・お問い合わせ,https://www.city.shinagawa.tokyo.jp/PC/kuseizyoho/kuseizyoho-soshikitoshigoto/index.html,
品川区,hazard,2,防災 くらしの安全,https://www.city.shinagawa.tokyo.jp/PC/kuseizyoho/kuseizyoho-soshikitoshigoto/index.html#,組織と仕事・お問い合わせ,https://www.city.shinagawa.tokyo.jp/PC/kuseizyoho/kuseizyoho-soshikitoshigoto/index.html,
品川区,hazard,2,防災 くらしの安全,https://www.city.shinagawa.tokyo.jp/PC/search/security_safety.html#,救急・防災・防犯,https://www.city.shinagawa.tokyo.jp/PC/search/security_safety.html,
品川区,road,1,道路,https://www.city.shinagawa.tokyo.jp/PC/kankyo/kankyo-doro/index.html,公式トップ,https://www.city.shinagawa.tokyo.jp/,
品川区,road,2,321_ 夜間など安全に道路を通行していただくために,https://www.city.shinagawa.tokyo.jp/PC/bosai/bosai-bohan/hpg000001014.html,防犯,https://www.city.shinagawa.tokyo.jp/PC/bosai/bosai-bohan/index.html,
品川区,road,2,9999_ デザインマンホール、マンホールカードについて,https://www.city.shinagawa.tokyo.jp/PC/kankyo/kankyo-doro/20181016161115.html,道路,https://www.city.shinagawa.tokyo.jp/PC/kankyo/kankyo-doro/index.html,
品川区,road,2,9999_ 屋外広告物許可申請の手続き,https://www.city.shinagawa.tokyo.jp/PC/kankyo/kankyo-doro/20181130153822.html,道路,https://www.city.shinagawa.tokyo.jp/PC/kankyo/kankyo-doro/index.html,
品川区,road,2,9999_ 区有地との境界確定等に関すること,https://www.city.shinagawa.tokyo.jp/PC/kankyo/kankyo-doro/20190618172539.html,道路,https://www.city.shinagawa.tokyo.jp/PC/kankyo/kankyo-doro/index.html,
品川区,road,2,9999_ しながわ景観美化隊（違反広告物除却協力員）に関すること,https://www.city.shinagawa.tokyo.jp/PC/kankyo/kankyo-doro/20190621161846.html,道路,https://www.city.shinagawa.tokyo.jp/PC/kankyo/kankyo-doro/index.html,
品川区,road,2,9999_ 品川区無電柱化推進事業について,https://www.city.shinagawa.tokyo.jp/PC/kankyo/kankyo-doro/20190719092258.html,道路,https://www.city.shinagawa.tokyo.jp/PC/kankyo/kankyo-doro/index.html,
品川区,road,2,9999_ 公共基準点等各種届出,https://www.city.shinagawa.tokyo.jp/PC/kankyo/kankyo-doro/20190719142443.html,道路,https://www.city.shinagawa.tokyo.jp/PC/kankyo/kankyo-doro/index.html,
品川区,road,2,9999_ 道路占用料等の納付期限の猶予について,https://www.city.shinagawa.tokyo.jp/PC/kankyo/kankyo-doro/20200423141403.html,道路,https://www.city.shinagawa.tokyo.jp/PC/kankyo/kankyo-doro/index.html,
品川区,road,2,9999_ 沿道飲食店等の路上利用に伴う道路占用規制緩和のお知らせ,https://www.city.shinagawa.tokyo.jp/PC/kankyo/kankyo-doro/20200626093458.html,道路,https://www.city.shinagawa.tokyo.jp/PC/kankyo/kankyo-doro/index.html,
品川区,road,2,651_ 沿道掘削届出書,https://www.city.shinagawa.tokyo.jp/PC/kankyo/kankyo-doro/20200907101517.html,道路,https://www.city.shinagawa.tokyo.jp/PC/kankyo/kankyo-doro/index.html,
品川区,road,2,9999_ 強風などに備えた工事用仮囲いや看板等の点検について,https://www.city.shinagawa.tokyo.jp/PC/kankyo/kankyo-doro/20210105082535.html,道路,https://www.city.shinagawa.tokyo.jp/PC/kankyo/kankyo-doro/index.html,
品川区,road,2,9999_ 春季の強風などに備えた工事用足場等の点検について,https://www.city.shinagawa.tokyo.jp/PC/kankyo/kankyo-doro/20210304172853.html,道路,https://www.city.shinagawa.tokyo.jp/PC/kankyo/kankyo-doro/index.html,
品川区,road,2,9999_ 標準構造図（道路編）,https://www.city.shinagawa.tokyo.jp/PC/kankyo/kankyo-doro/20210708153341.html,道路,https://www.city.shinagawa.tokyo.jp/PC/kankyo/kankyo-doro/index.html,
品川区,road,2,9999_ ユニバーサルデザインガイドライン,https://www.city.shinagawa.tokyo.jp/PC/kankyo/kankyo-doro/20210708155926.html,道路,https://www.city.shinagawa.tokyo.jp/PC/kankyo/kankyo-doro/index.html,
品川区,road,2,9999_ 工事等で境界標等に近接または支障がある場合の届出,https://www.city.shinagawa.tokyo.jp/PC/kankyo/kankyo-doro/20230317133905.html,道路,https://www.city.shinagawa.tokyo.jp/PC/kankyo/kankyo-doro/index.html,
品川区,road,2,1151_ 橋梁長寿命化修繕計画,https://www.city.shinagawa.tokyo.jp/PC/kankyo/kankyo-doro/20251226171500.html,道路,https://www.city.shinagawa.tokyo.jp/PC/kankyo/kankyo-doro/index.html,
品川区,road,2,611_ 占用許可申請等の手続き,https://www.city.shinagawa.tokyo.jp/PC/kankyo/kankyo-doro/hpg000001165.html,道路,https://www.city.shinagawa.tokyo.jp/PC/kankyo/kankyo-doro/index.html,
品川区,road,2,621_ 道路・公園等に関する問い合わせ先,https://www.city.shinagawa.tokyo.jp/PC/kankyo/kankyo-doro/hpg000001166.html,道路,https://www.city.shinagawa.tokyo.jp/PC/kankyo/kankyo-doro/index.html,
品川区,road,2,641_ 道路工事施行承認申請書,https://www.city.shinagawa.tokyo.jp/PC/kankyo/kankyo-doro/hpg000001367.html,道路,https://www.city.shinagawa.tokyo.jp/PC/kankyo/kankyo-doro/index.html,
品川区,road,2,691_ 道路上工事等の施工に関する注意事項についてお願い,https://www.city.shinagawa.tokyo.jp/PC/kankyo/kankyo-doro/hpg000004075.html,道路,https://www.city.shinagawa.tokyo.jp/PC/kankyo/kankyo-doro/index.html,
品川区,road,2,701_ 区道を調べるには,https://www.city.shinagawa.tokyo.jp/PC/kankyo/kankyo-doro/hpg000009459.html,道路,https://www.city.shinagawa.tokyo.jp/PC/kankyo/kankyo-doro/index.html,
品川区,road,2,721_ 通学路緊急合同点検結果,https://www.city.shinagawa.tokyo.jp/PC/kankyo/kankyo-doro/hpg000019086.html,道路,https://www.city.shinagawa.tokyo.jp/PC/kankyo/kankyo-doro/index.html,
品川区,road,2,731_ 道路平面図・公園案内図,https://www.city.shinagawa.tokyo.jp/PC/kankyo/kankyo-doro/hpg000019994.html,道路,https://www.city.shinagawa.tokyo.jp/PC/kankyo/kankyo-doro/index.html,
品川区,road,2,11_ 品川区道路愛称名,https://www.city.shinagawa.tokyo.jp/PC/kankyo/kankyo-doro/hpg000022720.html,道路,https://www.city.shinagawa.tokyo.jp/PC/kankyo/kankyo-doro/index.html,
品川区,road,2,スマホ表示,https://www.city.shinagawa.tokyo.jp/PC/kankyo/kankyo-doro/index.html#,道路,https://www.city.shinagawa.tokyo.jp/PC/kankyo/kankyo-doro/index.html,
品川区,road,2,PAGE TOPへ,https://www.city.shinagawa.tokyo.jp/PC/kankyo/kankyo-doro/index.html#contents,道路,https://www.city.shinagawa.tokyo.jp/PC/kankyo/kankyo-doro/index.html,
品川区,road,2,本文へ移動します。,https://www.city.shinagawa.tokyo.jp/PC/kankyo/kankyo-doro/index.html#jump,道路,https://www.city.shinagawa.tokyo.jp/PC/kankyo/kankyo-doro/index.html,
品川区,road,2,761_ よくある質問（道路）,https://www.city.shinagawa.tokyo.jp/PC/kankyo/kankyo-doro/kankyo-doro-shitsumon/index.html,道路,https://www.city.shinagawa.tokyo.jp/PC/kankyo/kankyo-doro/index.html,
品川区,road,2,9999_ 道路や公園の損傷・不具合をスマートフォンで投稿できる「しなみちレポート」について,https://www.city.shinagawa.tokyo.jp/PC/kankyo/kankyo-doro/mcr.html,道路,https://www.city.shinagawa.tokyo.jp/PC/kankyo/kankyo-doro/index.html,
品川区,road,2,9999_ 品川区舗装修繕計画,https://www.city.shinagawa.tokyo.jp/PC/kankyo/kankyo-doro/shinagawahosousyuzenkeikaku2021.html,道路,https://www.city.shinagawa.tokyo.jp/PC/kankyo/kankyo-doro/index.html,
品川区,road,2,631_ 品川区の主な坂,https://www.city.shinagawa.tokyo.jp/PC/kankyo/kankyo-doro/shinagawasaka.html,道路,https://www.city.shinagawa.tokyo.jp/PC/kankyo/kankyo-doro/index.html,
品川区,road,2,491_ 指定道路図（建築基準法上の道路種別）,https://www.city.shinagawa.tokyo.jp/PC/kankyo/kankyo-kenchiku/hpg000016085.html,建築・住宅関連,https://www.city.shinagawa.tokyo.jp/PC/kankyo/kankyo-kenchiku/index.html,
品川区,road,2,9999_ 「東京における都市計画道路の整備方針（仮称） 中間のまとめ」の公表について,https://www.city.shinagawa.tokyo.jp/PC/kankyo/kankyo-toshiseibi/20250723110434.html,都市整備,https://www.city.shinagawa.tokyo.jp/PC/kankyo/kankyo-toshiseibi/index.html,
品川区,road,2,9999_ 「東京における都市計画道路の整備方針（案）」の公表について,https://www.city.shinagawa.tokyo.jp/PC/kankyo/kankyo-toshiseibi/20251216143714.html,都市整備,https://www.city.shinagawa.tokyo.jp/PC/kankyo/kankyo-toshiseibi/index.html,
品川区,road,2,1361_ 「東京における都市計画道路の整備方針」について,https://www.city.shinagawa.tokyo.jp/PC/kankyo/kankyo-toshiseibi/hpg000027802.html,都市整備,https://www.city.shinagawa.tokyo.jp/PC/kankyo/kankyo-toshiseibi/index.html,
品川区,road,2,道路課,https://www.city.shinagawa.tokyo.jp/PC/kuseizyoho/kuseizyoho-soshikitoshigoto/hpg000008194.html,組織と仕事・お問い合わせ,https://www.city.shinagawa.tokyo.jp/PC/kuseizyoho/kuseizyoho-soshikitoshigoto/index.html,
墨田区,building_guidance,1,建築,https://www.city.sumida.lg.jp/matizukuri/kentiku/index.html,公式トップ,https://www.city.sumida.lg.jp/,
墨田区,building_guidance,2,指定道路図（建築基準法上の道路種別）及び道路位置指定申請図（5号道路の指定図）の閲覧について,https://www.city.sumida.lg.jp/matizukuri/douro/annai/siteidourozu-koukai.html,道路,https://www.city.sumida.lg.jp/matizukuri/douro/index.html,
墨田区,building_guidance,2,建築審査会の開催,https://www.city.sumida.lg.jp/matizukuri/kentiku/goannai/sinsakai/index.html,建築,https://www.city.sumida.lg.jp/matizukuri/kentiku/index.html,
墨田区,building_guidance,2,超高層建築物等における長周期地震動対策の検討について,https://www.city.sumida.lg.jp/matizukuri/kentiku/goannai/tyoukousoukenchikubu.html,建築,https://www.city.sumida.lg.jp/matizukuri/kentiku/index.html,
墨田区,building_guidance,2,建築計画に必要な届出がわかる「申請チャート」を公開しました。,https://www.city.sumida.lg.jp/matizukuri/kentiku/keikaku/cyuukouosu.html,まちづくり,https://www.city.sumida.lg.jp/matizukuri/index.html,
墨田区,building_guidance,2,建築基準法上の道路について,https://www.city.sumida.lg.jp/matizukuri/kentiku/keikaku/douro/index.html,建築,https://www.city.sumida.lg.jp/matizukuri/kentiku/index.html,
墨田区,building_guidance,2,主な建築基準法関連規定,https://www.city.sumida.lg.jp/matizukuri/kentiku/keikaku/kanren_kitei.html,建築,https://www.city.sumida.lg.jp/matizukuri/kentiku/index.html,
墨田区,building_guidance,2,東京都内における液状化について,https://www.city.sumida.lg.jp/matizukuri/kentiku/keikaku/kenchiku.html,建築,https://www.city.sumida.lg.jp/matizukuri/kentiku/index.html,
墨田区,building_guidance,2,旅館・ホテル、民泊の検討について,https://www.city.sumida.lg.jp/matizukuri/kentiku/keikaku/kenchiku1.html,建築,https://www.city.sumida.lg.jp/matizukuri/kentiku/index.html,
墨田区,building_guidance,2,建築確認申請の受付について,https://www.city.sumida.lg.jp/matizukuri/kentiku/keikaku/sinsei_uketuke_tuuti.html,建築,https://www.city.sumida.lg.jp/matizukuri/kentiku/index.html,
墨田区,building_guidance,2,建築物省エネルギー法について,https://www.city.sumida.lg.jp/matizukuri/kentiku/keikaku/tateene.html,建築,https://www.city.sumida.lg.jp/matizukuri/kentiku/index.html,
墨田区,building_guidance,2,低炭素建築物新築等計画認定制度,https://www.city.sumida.lg.jp/matizukuri/kentiku/keikaku/teitanso.html,建築,https://www.city.sumida.lg.jp/matizukuri/kentiku/index.html,
墨田区,building_guidance,2,建築物除却届について,https://www.city.sumida.lg.jp/matizukuri/kentiku/kouji/jyokyaku.html,建築,https://www.city.sumida.lg.jp/matizukuri/kentiku/index.html,
墨田区,building_guidance,2,解体工事の事前周知報告書(解体工事指導要綱),https://www.city.sumida.lg.jp/matizukuri/kentiku/kouji/kaitaisshidouyoukou.html,建築,https://www.city.sumida.lg.jp/matizukuri/kentiku/index.html,
墨田区,building_guidance,2,建築工事・鉄骨工事施工結果報告書,https://www.city.sumida.lg.jp/matizukuri/kentiku/kouji/kennchiku-kekka.html,建築,https://www.city.sumida.lg.jp/matizukuri/kentiku/index.html,
墨田区,building_guidance,2,建築設備工事監理状況報告書,https://www.city.sumida.lg.jp/matizukuri/kentiku/kouji/kentikusetubikouzi.html,建築,https://www.city.sumida.lg.jp/matizukuri/kentiku/index.html,
墨田区,building_guidance,2,建築工事現場の危害防止（基準法、第90条）,https://www.city.sumida.lg.jp/matizukuri/kentiku/kouji/kigai_bousi.html,建築,https://www.city.sumida.lg.jp/matizukuri/kentiku/index.html,
墨田区,building_guidance,2,建築工事・鉄骨工事施工計画報告書,https://www.city.sumida.lg.jp/matizukuri/kentiku/kouji/sekoukeikakuosirase.html,建築,https://www.city.sumida.lg.jp/matizukuri/kentiku/index.html,
墨田区,building_guidance,2,建築計画概要書等の閲覧,https://www.city.sumida.lg.jp/matizukuri/kentiku/syoumeisyo/eturan/index.html,建築,https://www.city.sumida.lg.jp/matizukuri/kentiku/index.html,
墨田区,building_guidance,2,被災被害地における建築制限（建築基準法第84条）,https://www.city.sumida.lg.jp/matizukuri/matizukuri_suisin/hukkou_matizukuri/kennchikuseigen.html,まちづくりの推進,https://www.city.sumida.lg.jp/matizukuri/matizukuri_suisin/index.html,
墨田区,district_plan,1,まちづくり,https://www.city.sumida.lg.jp/matizukuri/index.html,公式トップ,https://www.city.sumida.lg.jp/,
墨田区,district_plan,1,都市計画マスタープラン,https://www.city.sumida.lg.jp/matizukuri/master_plan/index.html,公式トップ,https://www.city.sumida.lg.jp/,
墨田区,district_plan,1,まちづくりの推進,https://www.city.sumida.lg.jp/matizukuri/matizukuri_suisin/index.html,公式トップ,https://www.city.sumida.lg.jp/,
墨田区,district_plan,1,都市計画・土地利用,https://www.city.sumida.lg.jp/matizukuri/tosi_keikaku/index.html,公式トップ,https://www.city.sumida.lg.jp/,
墨田区,district_plan,2,計画・マニュアル,https://www.city.sumida.lg.jp/anzen_anshin/bousai/keikaku-manual/index.html,防災・安全,https://www.city.sumida.lg.jp/anzen_anshin/index.html,
墨田区,district_plan,2,計画・宣言・冊子,https://www.city.sumida.lg.jp/kurashi/kankyou_hozen/keikaku/index.html,環境・緑・雨水・生物・ 地球温暖化,https://www.city.sumida.lg.jp/kurashi/kankyou_hozen/index.html,
墨田区,district_plan,2,計画・冊子,https://www.city.sumida.lg.jp/kurashi/kankyou_hozen/keikaku/keikaku_kankyou/index.html,環境・緑・雨水・生物・ 地球温暖化,https://www.city.sumida.lg.jp/kurashi/kankyou_hozen/index.html,
墨田区,district_plan,2,宣言,https://www.city.sumida.lg.jp/kurashi/kankyou_hozen/keikaku/sengen/index.html,環境・緑・雨水・生物・ 地球温暖化,https://www.city.sumida.lg.jp/kurashi/kankyou_hozen/index.html,
墨田区,district_plan,2,計画・調査,https://www.city.sumida.lg.jp/kurashi/kankyou_hozen/midori/keikaku_tyousa/index.html,環境・緑・雨水・生物・ 地球温暖化,https://www.city.sumida.lg.jp/kurashi/kankyou_hozen/index.html,
墨田区,district_plan,2,押上・業平橋地区まちづくりグランドデザイン（平成18年9月策定）,https://www.city.sumida.lg.jp/kuseijoho/sumida_info/houkokusyo/grand_final.html,都市計画マスタープラン,https://www.city.sumida.lg.jp/matizukuri/master_plan/index.html,
墨田区,district_plan,2,大学のあるまちづくり,https://www.city.sumida.lg.jp/kuseijoho/sumida_kihon/daigakuyuuti/index.html,まちづくりの推進,https://www.city.sumida.lg.jp/matizukuri/matizukuri_suisin/index.html,
墨田区,district_plan,2,墨田区景観計画（平成29年6月改定）,https://www.city.sumida.lg.jp/kuseijoho/sumida_kihon/ku_kakusyukeikaku/keikan_plan.html,まちづくりの推進,https://www.city.sumida.lg.jp/matizukuri/matizukuri_suisin/index.html,
墨田区,district_plan,2,「墨田区道路台帳現況図」検索・閲覧システムは「すみだまちづくりマップ」に移行しました,https://www.city.sumida.lg.jp/matizukuri/douro/dourowoshiraberu/douro_daicho.html,道路,https://www.city.sumida.lg.jp/matizukuri/douro/index.html,
墨田区,district_plan,2,特別区道墨120号路線（八広中央通り）道路バリアフリー整備事業についての説明会を実施しました,https://www.city.sumida.lg.jp/matizukuri/douro/keikaku/120gousetumeikai.html,道路,https://www.city.sumida.lg.jp/matizukuri/douro/index.html,
墨田区,district_plan,2,特別区道墨63号路線道路バリアフリー整備事業についての説明会を実施しました,https://www.city.sumida.lg.jp/matizukuri/douro/keikaku/63gousetsumeikai.html,道路,https://www.city.sumida.lg.jp/matizukuri/douro/index.html,
墨田区,district_plan,2,細街路拡幅整備事業,https://www.city.sumida.lg.jp/matizukuri/douro/keikaku/H25saigairo.html,道路,https://www.city.sumida.lg.jp/matizukuri/douro/index.html,
墨田区,district_plan,2,【受注者の皆様へ】令和8年度以降の土木工事等で情報共有システムを導入します,https://www.city.sumida.lg.jp/matizukuri/douro/keikaku/Notice_ASP_Implement.html,道路,https://www.city.sumida.lg.jp/matizukuri/douro/index.html,
墨田区,district_plan,2,地籍調査事業,https://www.city.sumida.lg.jp/matizukuri/douro/keikaku/chiseki.html,道路,https://www.city.sumida.lg.jp/matizukuri/douro/index.html,
墨田区,district_plan,2,防護柵（ガードパイプ）の新設要望について,https://www.city.sumida.lg.jp/matizukuri/douro/keikaku/guardrail.html,道路,https://www.city.sumida.lg.jp/matizukuri/douro/index.html,
墨田区,district_plan,2,計画、事業等に関すること,https://www.city.sumida.lg.jp/matizukuri/douro/keikaku/index.html,道路,https://www.city.sumida.lg.jp/matizukuri/douro/index.html,
墨田区,district_plan,2,見番通り無電柱化整備事業について,https://www.city.sumida.lg.jp/matizukuri/douro/keikaku/kenbanst.html,道路,https://www.city.sumida.lg.jp/matizukuri/douro/index.html,
墨田区,district_plan,2,基準点及び境界点の保全に関する提出フォームを更新しました。,https://www.city.sumida.lg.jp/matizukuri/douro/keikaku/kijunten-hozen.html,まちづくり,https://www.city.sumida.lg.jp/matizukuri/index.html,
墨田区,district_plan,2,墨田区無電柱化基本方針・墨田区無電柱化整備計画について,https://www.city.sumida.lg.jp/matizukuri/douro/keikaku/mudencyukahoushin.html,道路,https://www.city.sumida.lg.jp/matizukuri/douro/index.html,
墨田区,district_plan,2,主な道路工事等について,https://www.city.sumida.lg.jp/matizukuri/douro/keikaku/road.html,道路,https://www.city.sumida.lg.jp/matizukuri/douro/index.html,
墨田区,district_plan,2,道路ストック総点検事業,https://www.city.sumida.lg.jp/matizukuri/douro/keikaku/tac04000dk20210401.html,道路,https://www.city.sumida.lg.jp/matizukuri/douro/index.html,
墨田区,district_plan,2,建築計画に必要な届出がわかる「申請チャート」を公開しました。,https://www.city.sumida.lg.jp/matizukuri/kentiku/keikaku/cyuukouosu.html,まちづくり,https://www.city.sumida.lg.jp/matizukuri/index.html,
墨田区,district_plan,2,建築基準法上の道路について,https://www.city.sumida.lg.jp/matizukuri/kentiku/keikaku/douro/index.html,建築,https://www.city.sumida.lg.jp/matizukuri/kentiku/index.html,
墨田区,district_plan,2,福祉条例関係,https://www.city.sumida.lg.jp/matizukuri/kentiku/keikaku/hukusi_zyourei/index.html,建築,https://www.city.sumida.lg.jp/matizukuri/kentiku/index.html,
墨田区,district_plan,2,計画に関すること,https://www.city.sumida.lg.jp/matizukuri/kentiku/keikaku/index.html,建築,https://www.city.sumida.lg.jp/matizukuri/kentiku/index.html,
墨田区,district_plan,2,墨田区開発指導要綱,https://www.city.sumida.lg.jp/matizukuri/kentiku/keikaku/kaihatusidou26.html,建築,https://www.city.sumida.lg.jp/matizukuri/kentiku/index.html,
墨田区,district_plan,2,主な建築基準法関連規定,https://www.city.sumida.lg.jp/matizukuri/kentiku/keikaku/kanren_kitei.html,建築,https://www.city.sumida.lg.jp/matizukuri/kentiku/index.html,
墨田区,district_plan,2,東京都内における液状化について,https://www.city.sumida.lg.jp/matizukuri/kentiku/keikaku/kenchiku.html,建築,https://www.city.sumida.lg.jp/matizukuri/kentiku/index.html,
墨田区,district_plan,2,旅館・ホテル、民泊の検討について,https://www.city.sumida.lg.jp/matizukuri/kentiku/keikaku/kenchiku1.html,建築,https://www.city.sumida.lg.jp/matizukuri/kentiku/index.html,
墨田区,district_plan,2,主な許可と制度,https://www.city.sumida.lg.jp/matizukuri/kentiku/keikaku/kyoka_seido.html,建築,https://www.city.sumida.lg.jp/matizukuri/kentiku/index.html,
墨田区,district_plan,2,建築確認申請の受付について,https://www.city.sumida.lg.jp/matizukuri/kentiku/keikaku/sinsei_uketuke_tuuti.html,建築,https://www.city.sumida.lg.jp/matizukuri/kentiku/index.html,
墨田区,district_plan,2,墨田区集合住宅条例,https://www.city.sumida.lg.jp/matizukuri/kentiku/keikaku/syuugou26-4.html,建築,https://www.city.sumida.lg.jp/matizukuri/kentiku/index.html,
墨田区,district_plan,2,建築物省エネルギー法について,https://www.city.sumida.lg.jp/matizukuri/kentiku/keikaku/tateene.html,建築,https://www.city.sumida.lg.jp/matizukuri/kentiku/index.html,
墨田区,district_plan,2,低炭素建築物新築等計画認定制度,https://www.city.sumida.lg.jp/matizukuri/kentiku/keikaku/teitanso.html,建築,https://www.city.sumida.lg.jp/matizukuri/kentiku/index.html,
墨田区,district_plan,2,審査省略制度(四号特例)の対象となる規模の見直し,https://www.city.sumida.lg.jp/matizukuri/kentiku/keikaku/yongoutokurei.html,建築,https://www.city.sumida.lg.jp/matizukuri/kentiku/index.html,
墨田区,district_plan,2,建築工事・鉄骨工事施工計画報告書,https://www.city.sumida.lg.jp/matizukuri/kentiku/kouji/sekoukeikakuosirase.html,建築,https://www.city.sumida.lg.jp/matizukuri/kentiku/index.html,
墨田区,district_plan,2,都市計画マスタープラン改定の経緯,https://www.city.sumida.lg.jp/matizukuri/master_plan/process/index.html,都市計画マスタープラン,https://www.city.sumida.lg.jp/matizukuri/master_plan/index.html,
墨田区,district_plan,2,復興のまちづくり,https://www.city.sumida.lg.jp/matizukuri/matizukuri_suisin/hukkou_matizukuri/index.html,まちづくりの推進,https://www.city.sumida.lg.jp/matizukuri/matizukuri_suisin/index.html,
墨田区,district_plan,2,亀沢地区景観まちづくりに係る「墨田区景観計画」及び「亀沢地区地区計画」の変更を行いました,https://www.city.sumida.lg.jp/matizukuri/matizukuri_suisin/keikan_matizukuri/2811kamezawasoan.html,都市計画・土地利用,https://www.city.sumida.lg.jp/matizukuri/tosi_keikaku/index.html,
墨田区,district_plan,2,景観のまちづくり,https://www.city.sumida.lg.jp/matizukuri/matizukuri_suisin/keikan_matizukuri/index.html,まちづくりの推進,https://www.city.sumida.lg.jp/matizukuri/matizukuri_suisin/index.html,
墨田区,district_plan,2,「亀沢地区の景観の考え方」をまとめました（平成25年5月）,https://www.city.sumida.lg.jp/matizukuri/matizukuri_suisin/keikan_matizukuri/kamezawa_keikan.html,まちづくりの推進,https://www.city.sumida.lg.jp/matizukuri/matizukuri_suisin/index.html,
墨田区,district_plan,2,墨田区は景観行政団体になりました,https://www.city.sumida.lg.jp/matizukuri/matizukuri_suisin/keikan_matizukuri/keikan_gyouseidantai.html,まちづくりの推進,https://www.city.sumida.lg.jp/matizukuri/matizukuri_suisin/index.html,
墨田区,district_plan,2,景観に関する事前協議・届出制度,https://www.city.sumida.lg.jp/matizukuri/matizukuri_suisin/keikan_matizukuri/keikan_kyougi/index.html,まちづくりの推進,https://www.city.sumida.lg.jp/matizukuri/matizukuri_suisin/index.html,
墨田区,district_plan,2,墨田区景観審議会,https://www.city.sumida.lg.jp/matizukuri/matizukuri_suisin/keikan_matizukuri/keikan_shingikai/index.html,まちづくりの推進,https://www.city.sumida.lg.jp/matizukuri/matizukuri_suisin/index.html,
墨田区,district_plan,2,すみだ景観フォーラム,https://www.city.sumida.lg.jp/matizukuri/matizukuri_suisin/keikan_matizukuri/keikanforum.html,まちづくりの推進,https://www.city.sumida.lg.jp/matizukuri/matizukuri_suisin/index.html,
墨田区,district_plan,2,景観計画区域について,https://www.city.sumida.lg.jp/matizukuri/matizukuri_suisin/keikan_matizukuri/keikankeikakukuiki.html,まちづくりの推進,https://www.city.sumida.lg.jp/matizukuri/matizukuri_suisin/index.html,
墨田区,district_plan,2,両国観光まちづくりグランドデザイン,https://www.city.sumida.lg.jp/matizukuri/matizukuri_suisin/kyoudou_matizukuri/20130724.html,まちづくりの推進,https://www.city.sumida.lg.jp/matizukuri/matizukuri_suisin/index.html,
墨田区,district_plan,2,協働のまちづくり,https://www.city.sumida.lg.jp/matizukuri/matizukuri_suisin/kyoudou_matizukuri/index.html,まちづくりの推進,https://www.city.sumida.lg.jp/matizukuri/matizukuri_suisin/index.html,
墨田区,district_plan,2,まちづくりの支援（墨田区まちづくり条例）,https://www.city.sumida.lg.jp/matizukuri/matizukuri_suisin/kyoudou_matizukuri/mati_sien/index.html,まちづくりの推進,https://www.city.sumida.lg.jp/matizukuri/matizukuri_suisin/index.html,
墨田区,district_plan,2,地区まちづくり団体とは,https://www.city.sumida.lg.jp/matizukuri/matizukuri_suisin/kyoudou_matizukuri/mati_sien/tiku_dantai/tikumatidukuri.html,まちづくりの推進,https://www.city.sumida.lg.jp/matizukuri/matizukuri_suisin/index.html,
墨田区,district_plan,2,両国観光まちづくりグランドデザイン　エリア懇談会・地域連絡会,https://www.city.sumida.lg.jp/matizukuri/matizukuri_suisin/kyoudou_matizukuri/tab0100020150127.html,まちづくりの推進,https://www.city.sumida.lg.jp/matizukuri/matizukuri_suisin/index.html,
墨田区,district_plan,2,文花地区のまちづくり,https://www.city.sumida.lg.jp/matizukuri/matizukuri_suisin/zigyoubetu/bunka.html,まちづくりの推進,https://www.city.sumida.lg.jp/matizukuri/matizukuri_suisin/index.html,
墨田区,district_plan,2,曳舟駅周辺地区のまちづくり,https://www.city.sumida.lg.jp/matizukuri/matizukuri_suisin/zigyoubetu/hikieki/index.html,まちづくりの推進,https://www.city.sumida.lg.jp/matizukuri/matizukuri_suisin/index.html,
墨田区,district_plan,2,鐘ヶ淵地区のまちづくり,https://www.city.sumida.lg.jp/matizukuri/matizukuri_suisin/zigyoubetu/kf/index.html,まちづくりの推進,https://www.city.sumida.lg.jp/matizukuri/matizukuri_suisin/index.html,
墨田区,district_plan,2,錦糸町駅周辺まちづくり,https://www.city.sumida.lg.jp/matizukuri/matizukuri_suisin/zigyoubetu/kinshi/index.html,まちづくりの推進,https://www.city.sumida.lg.jp/matizukuri/matizukuri_suisin/index.html,
墨田区,district_plan,2,京島地区のまちづくり,https://www.city.sumida.lg.jp/matizukuri/matizukuri_suisin/zigyoubetu/kyoujima/index.html,まちづくりの推進,https://www.city.sumida.lg.jp/matizukuri/matizukuri_suisin/index.html,
墨田区,district_plan,2,押上・とうきょうスカイツリー駅周辺,https://www.city.sumida.lg.jp/matizukuri/matizukuri_suisin/zigyoubetu/oshi_nari_keikaku/index.html,まちづくりの推進,https://www.city.sumida.lg.jp/matizukuri/matizukuri_suisin/index.html,
墨田区,district_plan,2,隅田川沿川地区まちづくり,https://www.city.sumida.lg.jp/matizukuri/matizukuri_suisin/zigyoubetu/sumidagawaensentiku.html,まちづくりの推進,https://www.city.sumida.lg.jp/matizukuri/matizukuri_suisin/index.html,
墨田区,district_plan,2,トップへ,https://www.city.sumida.lg.jp/matizukuri/tosi_keikaku/index.html#base,都市計画・土地利用,https://www.city.sumida.lg.jp/matizukuri/tosi_keikaku/index.html,
墨田区,district_plan,2,このページの本文へ移動,https://www.city.sumida.lg.jp/matizukuri/tosi_keikaku/index.html#contents,都市計画・土地利用,https://www.city.sumida.lg.jp/matizukuri/tosi_keikaku/index.html,
墨田区,district_plan,2,開発許可制度,https://www.city.sumida.lg.jp/matizukuri/tosi_keikaku/kaihatsukyoka.html,都市計画・土地利用,https://www.city.sumida.lg.jp/matizukuri/tosi_keikaku/index.html,
墨田区,district_plan,2,宅地造成及び特定盛土等規制法（盛土規制法）,https://www.city.sumida.lg.jp/matizukuri/tosi_keikaku/moridokisei.html,都市計画・土地利用,https://www.city.sumida.lg.jp/matizukuri/tosi_keikaku/index.html,
墨田区,district_plan,2,「東京における都市計画道路の在り方に関する基本方針」の策定について,https://www.city.sumida.lg.jp/matizukuri/tosi_keikaku/tosi_keikaku/arikatakihonhoushin.html,都市計画・土地利用,https://www.city.sumida.lg.jp/matizukuri/tosi_keikaku/index.html,
墨田区,district_plan,2,都市計画道路事業認可関係図書の閲覧について,https://www.city.sumida.lg.jp/matizukuri/tosi_keikaku/tosi_keikaku/gairojigyou-ninka.html,都市計画・土地利用,https://www.city.sumida.lg.jp/matizukuri/tosi_keikaku/index.html,
墨田区,district_plan,2,都市計画,https://www.city.sumida.lg.jp/matizukuri/tosi_keikaku/tosi_keikaku/index.html,都市計画・土地利用,https://www.city.sumida.lg.jp/matizukuri/tosi_keikaku/index.html,
墨田区,district_plan,2,鐘ヶ淵通り第二地区に係る都市計画変更について,https://www.city.sumida.lg.jp/matizukuri/tosi_keikaku/tosi_keikaku/kanegahutidainitiku.html,都市計画・土地利用,https://www.city.sumida.lg.jp/matizukuri/tosi_keikaku/index.html,
墨田区,district_plan,2,墨田区都市計画審議会,https://www.city.sumida.lg.jp/matizukuri/tosi_keikaku/tosi_keikaku/keikaku_singikai.html,都市計画・土地利用,https://www.city.sumida.lg.jp/matizukuri/tosi_keikaku/index.html,
墨田区,district_plan,2,「東京における都市計画道路の整備方針」の公表について,https://www.city.sumida.lg.jp/matizukuri/tosi_keikaku/tosi_keikaku/seibihousinan.html,まちづくり,https://www.city.sumida.lg.jp/matizukuri/index.html,
墨田区,district_plan,2,都市計画図,https://www.city.sumida.lg.jp/matizukuri/tosi_keikaku/tosi_keikaku/test--toshikeikakuzu.html,都市計画・土地利用,https://www.city.sumida.lg.jp/matizukuri/tosi_keikaku/index.html,
墨田区,district_plan,2,地区計画制度,https://www.city.sumida.lg.jp/matizukuri/tosi_keikaku/tosi_keikaku/tikukeikaku/index.html,都市計画・土地利用,https://www.city.sumida.lg.jp/matizukuri/tosi_keikaku/index.html,
墨田区,district_plan,2,地区計画制度（一覧）,https://www.city.sumida.lg.jp/matizukuri/tosi_keikaku/tosi_keikaku/tikukeikaku/tiku_keikaku_seido.html,建築,https://www.city.sumida.lg.jp/matizukuri/kentiku/index.html,
墨田区,district_plan,2,都市計画図（平成25年3月版）変更概要と新旧対照表,https://www.city.sumida.lg.jp/matizukuri/tosi_keikaku/tosi_keikaku/toshikeikakuH260307.html,都市計画・土地利用,https://www.city.sumida.lg.jp/matizukuri/tosi_keikaku/index.html,
墨田区,district_plan,2,都市計画施設,https://www.city.sumida.lg.jp/matizukuri/tosi_keikaku/tosi_keikaku/toshikeikakushisetu.html,都市計画・土地利用,https://www.city.sumida.lg.jp/matizukuri/tosi_keikaku/index.html,
墨田区,district_plan,2,用途地域等の概要,https://www.city.sumida.lg.jp/matizukuri/tosi_keikaku/tosi_keikaku/youtitiiki_gaiyou/index.html,都市計画・土地利用,https://www.city.sumida.lg.jp/matizukuri/tosi_keikaku/index.html,
墨田区,district_plan,2,土地売買,https://www.city.sumida.lg.jp/matizukuri/tosi_keikaku/toti_baibai/index.html,都市計画・土地利用,https://www.city.sumida.lg.jp/matizukuri/tosi_keikaku/index.html,
墨田区,district_plan,2,国土利用計画法に基づく土地取引の届出,https://www.city.sumida.lg.jp/matizukuri/tosi_keikaku/toti_baibai/kokudohou.html,都市計画・土地利用,https://www.city.sumida.lg.jp/matizukuri/tosi_keikaku/index.html,
墨田区,district_plan,2,「公有地の拡大の推進に関する法律」に基づく届出と申出,https://www.city.sumida.lg.jp/matizukuri/tosi_keikaku/toti_baibai/koukakuhou.html,都市計画・土地利用,https://www.city.sumida.lg.jp/matizukuri/tosi_keikaku/index.html,
墨田区,district_plan,2,地価公示,https://www.city.sumida.lg.jp/matizukuri/tosi_keikaku/toti_baibai/tikakouji.html,都市計画・土地利用,https://www.city.sumida.lg.jp/matizukuri/tosi_keikaku/index.html,
墨田区,district_plan,3,墨田区国土強靭化地域計画,https://www.city.sumida.lg.jp/anzen_anshin/bousai/keikaku-manual/bousaikokudo.html,計画・マニュアル,https://www.city.sumida.lg.jp/anzen_anshin/bousai/keikaku-manual/index.html,
墨田区,district_plan,3,地震に関する地域危険度測定調査結果（第8回）,https://www.city.sumida.lg.jp/anzen_anshin/bousai/keikaku-manual/chiikikikendo.html,計画・マニュアル,https://www.city.sumida.lg.jp/anzen_anshin/bousai/keikaku-manual/index.html,
墨田区,district_plan,3,墨田区避難所運営マニュアル,https://www.city.sumida.lg.jp/anzen_anshin/bousai/keikaku-manual/hinanjyo-manual.html,計画・マニュアル,https://www.city.sumida.lg.jp/anzen_anshin/bousai/keikaku-manual/index.html,
墨田区,district_plan,3,要配慮者が利用する施設における水害時避難確保計画の作成等,https://www.city.sumida.lg.jp/anzen_anshin/bousai/keikaku-manual/hinankakuhokeikaku.html,計画・マニュアル,https://www.city.sumida.lg.jp/anzen_anshin/bousai/keikaku-manual/index.html,
墨田区,district_plan,3,墨田区要配慮者避難支援プラン,https://www.city.sumida.lg.jp/anzen_anshin/bousai/keikaku-manual/hinansienplan.html,計画・マニュアル,https://www.city.sumida.lg.jp/anzen_anshin/bousai/keikaku-manual/index.html,
墨田区,district_plan,3,トップへ,https://www.city.sumida.lg.jp/anzen_anshin/bousai/keikaku-manual/index.html#base,計画・マニュアル,https://www.city.sumida.lg.jp/anzen_anshin/bousai/keikaku-manual/index.html,
墨田区,district_plan,3,このページの本文へ移動,https://www.city.sumida.lg.jp/anzen_anshin/bousai/keikaku-manual/index.html#contents,計画・マニュアル,https://www.city.sumida.lg.jp/anzen_anshin/bousai/keikaku-manual/index.html,
墨田区,district_plan,3,墨田区災害時受援・応援計画,https://www.city.sumida.lg.jp/anzen_anshin/bousai/keikaku-manual/juenoenkeikaku.html,計画・マニュアル,https://www.city.sumida.lg.jp/anzen_anshin/bousai/keikaku-manual/index.html,
墨田区,district_plan,3,備蓄資器材簡易マニュアル,https://www.city.sumida.lg.jp/anzen_anshin/bousai/keikaku-manual/sikizai-manual.html,計画・マニュアル,https://www.city.sumida.lg.jp/anzen_anshin/bousai/keikaku-manual/index.html,
墨田区,district_plan,3,墨田区地球温暖化対策実行計画（区域施策編）,https://www.city.sumida.lg.jp/kurashi/kankyou_hozen/keikaku/keikaku_kankyou/kankyou_kuiki.html,区内の温室効果ガス排出量について公表します,https://www.city.sumida.lg.jp/kurashi/kankyou_hozen/ondanka/ondanka_bousi/onnsitsukoukagas.html,
墨田区,district_plan,3,第三次すみだ環境の共創プラン,https://www.city.sumida.lg.jp/kurashi/kankyou_hozen/keikaku/keikaku_kankyou/kyousoukaitei.html,区内の温室効果ガス排出量について公表します,https://www.city.sumida.lg.jp/kurashi/kankyou_hozen/ondanka/ondanka_bousi/onnsitsukoukagas.html,
墨田区,district_plan,3,協治（ガバナンス）によるまちづくり,https://www.city.sumida.lg.jp/kuseijoho/sumida_kihon/governance/index.html,防災行政無線・配信された情報一覧,https://www.city.sumida.lg.jp/anzen_anshin/bousai/jouhou-hassin/zyouhou_renraku.html,
墨田区,district_plan,3,墨田区地域防災計画,https://www.city.sumida.lg.jp/kuseijoho/sumida_kihon/ku_kakusyukeikaku/bousaiplan_r2.html,計画・マニュアル,https://www.city.sumida.lg.jp/anzen_anshin/bousai/keikaku-manual/index.html,
墨田区,hazard,1,防災・安全,https://www.city.sumida.lg.jp/anzen_anshin/index.html,公式トップ,https://www.city.sumida.lg.jp/,
墨田区,hazard,2,防災行政無線・配信された情報一覧,https://www.city.sumida.lg.jp/anzen_anshin/bousai/jouhou-hassin/zyouhou_renraku.html,防災・安全,https://www.city.sumida.lg.jp/anzen_anshin/index.html,
墨田区,hazard,2,家庭・地域での防災対策,https://www.city.sumida.lg.jp/anzen_anshin/bousai/katei-tiiki-taisaku/index.html,防災・安全,https://www.city.sumida.lg.jp/anzen_anshin/index.html,
墨田区,hazard,2,区の防災対策・協定・対応協力,https://www.city.sumida.lg.jp/anzen_anshin/bousai/ku-taisaku/index.html,防災・安全,https://www.city.sumida.lg.jp/anzen_anshin/index.html,
墨田区,hazard,2,防災マップ・ガイドブック,https://www.city.sumida.lg.jp/anzen_anshin/bousai/pamphlet-map/index.html,防災・安全,https://www.city.sumida.lg.jp/anzen_anshin/index.html,
墨田区,hazard,2,墨田区防災マップ,https://www.city.sumida.lg.jp/anzen_anshin/bousai/pamphlet-map/sumidakubousaitizu.html,防災・安全,https://www.city.sumida.lg.jp/anzen_anshin/index.html,
墨田区,hazard,2,墨田区水害ハザードマップ,https://www.city.sumida.lg.jp/anzen_anshin/bousai/suigai/suigai.html,防災・安全,https://www.city.sumida.lg.jp/anzen_anshin/index.html,
墨田区,hazard,2,宅地建物取引業者の方へ（墨田区水害ハザードマップ）,https://www.city.sumida.lg.jp/anzen_anshin/bousai/suigai/takutikatemono.html,防災・安全,https://www.city.sumida.lg.jp/anzen_anshin/index.html,
墨田区,hazard,2,防災街区整備事業,https://www.city.sumida.lg.jp/matizukuri/matizukuri_suisin/zigyoubetu/bousaiseibi/index.html,まちづくりの推進,https://www.city.sumida.lg.jp/matizukuri/matizukuri_suisin/index.html,
墨田区,hazard,3,防災講話～地震や水害に関する日頃の備えや避難方法を解説した動画を作成しました,https://www.city.sumida.lg.jp/anzen_anshin/bousai/bousaikunren/bousaikouwa.html,防災行政無線・配信された情報一覧,https://www.city.sumida.lg.jp/anzen_anshin/bousai/jouhou-hassin/zyouhou_renraku.html,
墨田区,hazard,3,防災,https://www.city.sumida.lg.jp/anzen_anshin/bousai/index.html,防災行政無線・配信された情報一覧,https://www.city.sumida.lg.jp/anzen_anshin/bousai/jouhou-hassin/zyouhou_renraku.html,
墨田区,hazard,3,防災情報アプリ・システム,https://www.city.sumida.lg.jp/anzen_anshin/bousai/jouhou-hassin/bousai_apri.html,防災行政無線・配信された情報一覧,https://www.city.sumida.lg.jp/anzen_anshin/bousai/jouhou-hassin/zyouhou_renraku.html,
墨田区,hazard,3,外国人向けの防災情報,https://www.city.sumida.lg.jp/anzen_anshin/bousai/jouhou-hassin/foreign.html,防災行政無線・配信された情報一覧,https://www.city.sumida.lg.jp/anzen_anshin/bousai/jouhou-hassin/zyouhou_renraku.html,
墨田区,hazard,3,住民防災組織・地域防災活動拠点会議・区民消火隊,https://www.city.sumida.lg.jp/anzen_anshin/bousai/katei-tiiki-taisaku/jyuminbou-kyoten.html,家庭・地域での防災対策,https://www.city.sumida.lg.jp/anzen_anshin/bousai/katei-tiiki-taisaku/index.html,
墨田区,hazard,3,防災備蓄倉庫,https://www.city.sumida.lg.jp/anzen_anshin/bousai/ku-taisaku/bitiku.html,区の防災対策・協定・対応協力,https://www.city.sumida.lg.jp/anzen_anshin/bousai/ku-taisaku/index.html,
墨田区,hazard,3,墨田区防災の日,https://www.city.sumida.lg.jp/anzen_anshin/bousai/ku-taisaku/bousainohi.html,区の防災対策・協定・対応協力,https://www.city.sumida.lg.jp/anzen_anshin/bousai/ku-taisaku/index.html,
墨田区,hazard,3,"【英語版】墨田区防災マップ（令和8年4月改訂版）（PDF：3,183KB）",https://www.city.sumida.lg.jp/anzen_anshin/bousai/pamphlet-map/sumidakubousaitizu.files/English_map_s.pdf,墨田区防災マップ,https://www.city.sumida.lg.jp/anzen_anshin/bousai/pamphlet-map/sumidakubousaitizu.html,
墨田区,hazard,3,"墨田区防災マップ（令和8年4月改訂版）（PDF：6,367KB）",https://www.city.sumida.lg.jp/anzen_anshin/bousai/pamphlet-map/sumidakubousaitizu.files/Japanese_map_s.pdf,墨田区防災マップ,https://www.city.sumida.lg.jp/anzen_anshin/bousai/pamphlet-map/sumidakubousaitizu.html,
墨田区,hazard,3,"【中国語簡体字版】墨田区防災マップ（令和8年4月改訂版）（PDF：4,823KB）",https://www.city.sumida.lg.jp/anzen_anshin/bousai/pamphlet-map/sumidakubousaitizu.files/SimplifiedChinese_map_s.pdf,墨田区防災マップ,https://www.city.sumida.lg.jp/anzen_anshin/bousai/pamphlet-map/sumidakubousaitizu.html,
墨田区,hazard,3,"【中国語繁体字版】墨田区防災マップ（令和8年4月改訂版）（PDF：3,936KB）",https://www.city.sumida.lg.jp/anzen_anshin/bousai/pamphlet-map/sumidakubousaitizu.files/TraditionalChinese_map_s.pdf,墨田区防災マップ,https://www.city.sumida.lg.jp/anzen_anshin/bousai/pamphlet-map/sumidakubousaitizu.html,
墨田区,hazard,3,"【韓国語版】墨田区防災マップ（令和8年4月改訂版）（PDF：4,468KB）",https://www.city.sumida.lg.jp/anzen_anshin/bousai/pamphlet-map/sumidakubousaitizu.files/korean_map_s.pdf,墨田区防災マップ,https://www.city.sumida.lg.jp/anzen_anshin/bousai/pamphlet-map/sumidakubousaitizu.html,
墨田区,hazard,3,防災行政無線の配信された情報一覧,https://www.city.sumida.lg.jp/bousaidat/html/ichiran.html,防災行政無線・配信された情報一覧,https://www.city.sumida.lg.jp/anzen_anshin/bousai/jouhou-hassin/zyouhou_renraku.html,
墨田区,hazard,3,ペットの防災対策,https://www.city.sumida.lg.jp/kenko_fukushi/eisei/animal/pet_bousai.html,家庭・地域での防災対策,https://www.city.sumida.lg.jp/anzen_anshin/bousai/katei-tiiki-taisaku/index.html,
墨田区,hazard,3,防災課,https://www.city.sumida.lg.jp/kuseijoho/kunosyoukai/sosiki/bousai.html,防災行政無線・配信された情報一覧,https://www.city.sumida.lg.jp/anzen_anshin/bousai/jouhou-hassin/zyouhou_renraku.html,
墨田区,hazard,3,墨田区地域防災計画,https://www.city.sumida.lg.jp/kuseijoho/sumida_kihon/ku_kakusyukeikaku/bousaiplan_r2.html,計画・マニュアル,https://www.city.sumida.lg.jp/anzen_anshin/bousai/keikaku-manual/index.html,
墨田区,road,1,道路,https://www.city.sumida.lg.jp/matizukuri/douro/index.html,公式トップ,https://www.city.sumida.lg.jp/,
墨田区,road,1,河川・橋梁,https://www.city.sumida.lg.jp/matizukuri/kasen_kyouryou/index.html,公式トップ,https://www.city.sumida.lg.jp/,
墨田区,road,2,墨田区ベンチマップ,https://www.city.sumida.lg.jp/matizukuri/douro/annai/benchmap.html,道路,https://www.city.sumida.lg.jp/matizukuri/douro/index.html,
墨田区,road,2,道路ふれあい月間（8月1日から8月31日）,https://www.city.sumida.lg.jp/matizukuri/douro/annai/dourofureai-2020.html,道路,https://www.city.sumida.lg.jp/matizukuri/douro/index.html,
墨田区,road,2,区道の幅員証明,https://www.city.sumida.lg.jp/matizukuri/douro/annai/hukuin_syoumei.html,道路,https://www.city.sumida.lg.jp/matizukuri/douro/index.html,
墨田区,road,2,土地境界図等の複写、証明,https://www.city.sumida.lg.jp/matizukuri/douro/annai/hukusya_syoumei.html,道路,https://www.city.sumida.lg.jp/matizukuri/douro/index.html,
墨田区,road,2,案内、相談等に関すること,https://www.city.sumida.lg.jp/matizukuri/douro/annai/index.html,道路,https://www.city.sumida.lg.jp/matizukuri/douro/index.html,
墨田区,road,2,東京スカイツリータウン(R)へお越しの皆様へ,https://www.city.sumida.lg.jp/matizukuri/douro/annai/konzatsuyosou.html,道路,https://www.city.sumida.lg.jp/matizukuri/douro/index.html,
墨田区,road,2,東京スカイツリータウン(R)へお越しの皆様へ,https://www.city.sumida.lg.jp/matizukuri/douro/annai/kotsujutai.html,道路,https://www.city.sumida.lg.jp/matizukuri/douro/index.html,
墨田区,road,2,道路緑化ボランティア,https://www.city.sumida.lg.jp/matizukuri/douro/annai/ryokuka-volunteer.html,道路,https://www.city.sumida.lg.jp/matizukuri/douro/index.html,
墨田区,road,2,道路の不正使用はやめましょう！,https://www.city.sumida.lg.jp/matizukuri/douro/annai/senyou.html,道路,https://www.city.sumida.lg.jp/matizukuri/douro/index.html,
墨田区,road,2,指定道路図（建築基準法上の道路種別）及び道路位置指定申請図（5号道路の指定図）の閲覧について,https://www.city.sumida.lg.jp/matizukuri/douro/annai/siteidourozu-koukai.html,道路,https://www.city.sumida.lg.jp/matizukuri/douro/index.html,
墨田区,road,2,台風や大雨の被害を防ぐには？,https://www.city.sumida.lg.jp/matizukuri/douro/annai/suibou.html,道路,https://www.city.sumida.lg.jp/matizukuri/douro/index.html,
墨田区,road,2,本所・石原地区におけるゾーン30プラスの概要について,https://www.city.sumida.lg.jp/matizukuri/douro/annai/tac04000202401121.html,道路,https://www.city.sumida.lg.jp/matizukuri/douro/index.html,
墨田区,road,2,「墨田区道路台帳現況図」検索・閲覧システムは「すみだまちづくりマップ」に移行しました,https://www.city.sumida.lg.jp/matizukuri/douro/dourowoshiraberu/douro_daicho.html,道路,https://www.city.sumida.lg.jp/matizukuri/douro/index.html,
墨田区,road,2,道路関係資料の閲覧・取得（道路台帳現況図など）,https://www.city.sumida.lg.jp/matizukuri/douro/dourowoshiraberu/index.html,道路,https://www.city.sumida.lg.jp/matizukuri/douro/index.html,
墨田区,road,2,トップへ,https://www.city.sumida.lg.jp/matizukuri/douro/index.html#base,道路,https://www.city.sumida.lg.jp/matizukuri/douro/index.html,
墨田区,road,2,このページの本文へ移動,https://www.city.sumida.lg.jp/matizukuri/douro/index.html#contents,道路,https://www.city.sumida.lg.jp/matizukuri/douro/index.html,
墨田区,road,2,私道防犯灯の助成,https://www.city.sumida.lg.jp/matizukuri/douro/jyosei/bouhantou_zyosei.html,道路,https://www.city.sumida.lg.jp/matizukuri/douro/index.html,
墨田区,road,2,私道の下水管改修の助成,https://www.city.sumida.lg.jp/matizukuri/douro/jyosei/gesuidou_kaisyuu.html,道路,https://www.city.sumida.lg.jp/matizukuri/douro/index.html,
墨田区,road,2,私道の舗装工事費の助成,https://www.city.sumida.lg.jp/matizukuri/douro/jyosei/hosoukouzihi_zyosei.html,道路,https://www.city.sumida.lg.jp/matizukuri/douro/index.html,
墨田区,road,2,助成に関すること,https://www.city.sumida.lg.jp/matizukuri/douro/jyosei/index.html,道路,https://www.city.sumida.lg.jp/matizukuri/douro/index.html,
墨田区,road,2,特別区道墨120号路線（八広中央通り）道路バリアフリー整備事業についての説明会を実施しました,https://www.city.sumida.lg.jp/matizukuri/douro/keikaku/120gousetumeikai.html,道路,https://www.city.sumida.lg.jp/matizukuri/douro/index.html,
墨田区,road,2,特別区道墨63号路線道路バリアフリー整備事業についての説明会を実施しました,https://www.city.sumida.lg.jp/matizukuri/douro/keikaku/63gousetsumeikai.html,道路,https://www.city.sumida.lg.jp/matizukuri/douro/index.html,
墨田区,road,2,細街路拡幅整備事業,https://www.city.sumida.lg.jp/matizukuri/douro/keikaku/H25saigairo.html,道路,https://www.city.sumida.lg.jp/matizukuri/douro/index.html,
墨田区,road,2,【受注者の皆様へ】令和8年度以降の土木工事等で情報共有システムを導入します,https://www.city.sumida.lg.jp/matizukuri/douro/keikaku/Notice_ASP_Implement.html,道路,https://www.city.sumida.lg.jp/matizukuri/douro/index.html,
墨田区,road,2,地籍調査事業,https://www.city.sumida.lg.jp/matizukuri/douro/keikaku/chiseki.html,道路,https://www.city.sumida.lg.jp/matizukuri/douro/index.html,
墨田区,road,2,防護柵（ガードパイプ）の新設要望について,https://www.city.sumida.lg.jp/matizukuri/douro/keikaku/guardrail.html,道路,https://www.city.sumida.lg.jp/matizukuri/douro/index.html,
墨田区,road,2,計画、事業等に関すること,https://www.city.sumida.lg.jp/matizukuri/douro/keikaku/index.html,道路,https://www.city.sumida.lg.jp/matizukuri/douro/index.html,
墨田区,road,2,見番通り無電柱化整備事業について,https://www.city.sumida.lg.jp/matizukuri/douro/keikaku/kenbanst.html,道路,https://www.city.sumida.lg.jp/matizukuri/douro/index.html,
墨田区,road,2,基準点及び境界点の保全に関する提出フォームを更新しました。,https://www.city.sumida.lg.jp/matizukuri/douro/keikaku/kijunten-hozen.html,まちづくり,https://www.city.sumida.lg.jp/matizukuri/index.html,
墨田区,road,2,墨田区無電柱化基本方針・墨田区無電柱化整備計画について,https://www.city.sumida.lg.jp/matizukuri/douro/keikaku/mudencyukahoushin.html,道路,https://www.city.sumida.lg.jp/matizukuri/douro/index.html,
墨田区,road,2,主な道路工事等について,https://www.city.sumida.lg.jp/matizukuri/douro/keikaku/road.html,道路,https://www.city.sumida.lg.jp/matizukuri/douro/index.html,
墨田区,road,2,道路ストック総点検事業,https://www.city.sumida.lg.jp/matizukuri/douro/keikaku/tac04000dk20210401.html,道路,https://www.city.sumida.lg.jp/matizukuri/douro/index.html,
墨田区,road,2,道路自費工事施行承認申請関連,https://www.city.sumida.lg.jp/matizukuri/douro/sinsei/dourojihikouji.html,道路,https://www.city.sumida.lg.jp/matizukuri/douro/index.html,
墨田区,road,2,道路占用許可申請（足場板囲、落下物防護用施設（朝がお）等）,https://www.city.sumida.lg.jp/matizukuri/douro/sinsei/dourosenyouasiba.html,道路,https://www.city.sumida.lg.jp/matizukuri/douro/index.html,
墨田区,road,2,道路位置指定の申請について,https://www.city.sumida.lg.jp/matizukuri/douro/sinsei/ichisitei_sinsei.html,道路,https://www.city.sumida.lg.jp/matizukuri/douro/index.html,
墨田区,road,2,道路の維持管理・通報,https://www.city.sumida.lg.jp/matizukuri/douro/sinsei/iji.html,道路,https://www.city.sumida.lg.jp/matizukuri/douro/index.html,
墨田区,road,2,申請、届出等に関すること,https://www.city.sumida.lg.jp/matizukuri/douro/sinsei/index.html,道路,https://www.city.sumida.lg.jp/matizukuri/douro/index.html,
墨田区,road,2,沿道掘さく工事施工届関連,https://www.city.sumida.lg.jp/matizukuri/douro/sinsei/kussakukouji.html,道路,https://www.city.sumida.lg.jp/matizukuri/douro/index.html,
墨田区,road,2,屋外広告物を設置するとき,https://www.city.sumida.lg.jp/matizukuri/douro/sinsei/okugai_koukokubutu.html,道路,https://www.city.sumida.lg.jp/matizukuri/douro/index.html,
墨田区,road,2,路外駐車場の届出,https://www.city.sumida.lg.jp/matizukuri/douro/sinsei/rogaichushazyou.html,道路,https://www.city.sumida.lg.jp/matizukuri/douro/index.html,
墨田区,road,2,土地境界確定について,https://www.city.sumida.lg.jp/matizukuri/douro/sinsei/tochikyokai.html,道路,https://www.city.sumida.lg.jp/matizukuri/douro/index.html,
墨田区,road,2,特殊車両通行許可及び通行認定について,https://www.city.sumida.lg.jp/matizukuri/douro/sinsei/tokusyasinsei.html,道路,https://www.city.sumida.lg.jp/matizukuri/douro/index.html,
墨田区,road,2,特定路外駐車場の届出,https://www.city.sumida.lg.jp/matizukuri/douro/sinsei/tokuteirogai.html,道路,https://www.city.sumida.lg.jp/matizukuri/douro/index.html,
墨田区,road,2,突き出し看板や日よけ・雨よけの設置（道路占用許可申請）について,https://www.city.sumida.lg.jp/matizukuri/douro/sinsei/use.html,道路,https://www.city.sumida.lg.jp/matizukuri/douro/index.html,
墨田区,road,2,建築基準法上の道路について,https://www.city.sumida.lg.jp/matizukuri/kentiku/keikaku/douro/index.html,建築,https://www.city.sumida.lg.jp/matizukuri/kentiku/index.html,
墨田区,road,2,「東京における都市計画道路の在り方に関する基本方針」の策定について,https://www.city.sumida.lg.jp/matizukuri/tosi_keikaku/tosi_keikaku/arikatakihonhoushin.html,都市計画・土地利用,https://www.city.sumida.lg.jp/matizukuri/tosi_keikaku/index.html,
墨田区,road,2,都市計画道路事業認可関係図書の閲覧について,https://www.city.sumida.lg.jp/matizukuri/tosi_keikaku/tosi_keikaku/gairojigyou-ninka.html,都市計画・土地利用,https://www.city.sumida.lg.jp/matizukuri/tosi_keikaku/index.html,
墨田区,road,2,「東京における都市計画道路の整備方針」の公表について,https://www.city.sumida.lg.jp/matizukuri/tosi_keikaku/tosi_keikaku/seibihousinan.html,まちづくり,https://www.city.sumida.lg.jp/matizukuri/index.html,
大田区,building_guidance,2,建築物・建築計画,https://www.city.ota.tokyo.jp/seikatsu/sumaimachinami/kenchiku/index.html,住まい・まちなみ 環境,https://www.city.ota.tokyo.jp/seikatsu/sumaimachinami/index.html,
大田区,building_guidance,3,建築調整課,https://www.city.ota.tokyo.jp/kuseijoho/soshiki/gyoumu/kenchikuchousei.html,環境政策課,https://www.city.ota.tokyo.jp/kuseijoho/soshiki/gyoumu/kan-kei.html,
大田区,building_guidance,3,建築審査課,https://www.city.ota.tokyo.jp/kuseijoho/soshiki/gyoumu/kenchikushinsa.html,環境政策課,https://www.city.ota.tokyo.jp/kuseijoho/soshiki/gyoumu/kan-kei.html,
大田区,building_guidance,3,指導課,https://www.city.ota.tokyo.jp/kuseijoho/soshiki/gyoumu/kyouiku_shidou.html,環境政策課,https://www.city.ota.tokyo.jp/kuseijoho/soshiki/gyoumu/kan-kei.html,
大田区,district_plan,1,国際都市 おおた（外国人の方へ）,https://www.city.ota.tokyo.jp/kokusaitoshi/index.html,公式トップ,https://www.city.ota.tokyo.jp/,
大田区,district_plan,1,まちづくり・都市計画新空港線「蒲蒲線」,https://www.city.ota.tokyo.jp/kusei/index.html,公式トップ,https://www.city.ota.tokyo.jp/,
大田区,district_plan,1,,https://www.city.ota.tokyo.jp/seikatsu/sumaimachinami/machizukuri/ekishuuhen/kamata/kamata_VR.html,公式トップ,https://www.city.ota.tokyo.jp/,
大田区,district_plan,2,,https://www.city.ota.tokyo.jp/kokusaitoshi/book/index.html,国際都市 おおた（外国人の方へ）,https://www.city.ota.tokyo.jp/kokusaitoshi/index.html,
大田区,district_plan,2,,https://www.city.ota.tokyo.jp/kokusaitoshi/connection/index.html,国際都市 おおた（外国人の方へ）,https://www.city.ota.tokyo.jp/kokusaitoshi/index.html,
大田区,district_plan,2,特定技能制度における地域の共生施策に関する連携について,https://www.city.ota.tokyo.jp/kokusaitoshi/connection/kokusai_link/tokuteiginou.html,国際都市 おおた（外国人の方へ）,https://www.city.ota.tokyo.jp/kokusaitoshi/index.html,
大田区,district_plan,2,,https://www.city.ota.tokyo.jp/kokusaitoshi/consultation/index.html,国際都市 おおた（外国人の方へ）,https://www.city.ota.tokyo.jp/kokusaitoshi/index.html,
大田区,district_plan,2,大田区多言語相談窓口,https://www.city.ota.tokyo.jp/kokusaitoshi/consultation/multilingual.html,国際都市 おおた（外国人の方へ）,https://www.city.ota.tokyo.jp/kokusaitoshi/index.html,
大田区,district_plan,2,このページの本文へ移動,https://www.city.ota.tokyo.jp/kokusaitoshi/index.html#CONT,国際都市 おおた（外国人の方へ）,https://www.city.ota.tokyo.jp/kokusaitoshi/index.html,
大田区,district_plan,2,,https://www.city.ota.tokyo.jp/kokusaitoshi/index.html#PTOP,国際都市 おおた（外国人の方へ）,https://www.city.ota.tokyo.jp/kokusaitoshi/index.html,
大田区,district_plan,2,,https://www.city.ota.tokyo.jp/kokusaitoshi/japanese_class/index.html,国際都市 おおた（外国人の方へ）,https://www.city.ota.tokyo.jp/kokusaitoshi/index.html,
大田区,district_plan,2,,https://www.city.ota.tokyo.jp/kokusaitoshi/koremadenotorikumi.html,国際都市 おおた（外国人の方へ）,https://www.city.ota.tokyo.jp/kokusaitoshi/index.html,
大田区,district_plan,2,国際交流員（CIR）,https://www.city.ota.tokyo.jp/kokusaitoshi/kouryu/cir.html,国際都市 おおた（外国人の方へ）,https://www.city.ota.tokyo.jp/kokusaitoshi/index.html,
大田区,district_plan,2,,https://www.city.ota.tokyo.jp/kokusaitoshi/kouryu/index.html,国際都市 おおた（外国人の方へ）,https://www.city.ota.tokyo.jp/kokusaitoshi/index.html,
大田区,district_plan,2,多文化共生,https://www.city.ota.tokyo.jp/kokusaitoshi/kyousei/index.html,地域社会 防災・防犯,https://www.city.ota.tokyo.jp/seikatsu/chiiki/index.html,
大田区,district_plan,2,,https://www.city.ota.tokyo.jp/kokusaitoshi/minto_friends.html,国際都市 おおた（外国人の方へ）,https://www.city.ota.tokyo.jp/kokusaitoshi/index.html,
大田区,district_plan,2,,https://www.city.ota.tokyo.jp/kokusaitoshi/ota_ambassador/index.html,国際都市 おおた（外国人の方へ）,https://www.city.ota.tokyo.jp/kokusaitoshi/index.html,
大田区,district_plan,2,2025年度の国際都市おおた大使活動レポート（2025年4月～）,https://www.city.ota.tokyo.jp/kokusaitoshi/ota_ambassador/katsudoureport/2025_report.html,国際都市 おおた（外国人の方へ）,https://www.city.ota.tokyo.jp/kokusaitoshi/index.html,
大田区,district_plan,2,,https://www.city.ota.tokyo.jp/kokusaitoshi/other_life/index.html,国際都市 おおた（外国人の方へ）,https://www.city.ota.tokyo.jp/kokusaitoshi/index.html,
大田区,district_plan,2,,https://www.city.ota.tokyo.jp/kokusaitoshi/sightseeing_industry/index.html,国際都市 おおた（外国人の方へ）,https://www.city.ota.tokyo.jp/kokusaitoshi/index.html,
大田区,district_plan,2,,https://www.city.ota.tokyo.jp/kokusaitoshi/sports_culture/index.html,国際都市 おおた（外国人の方へ）,https://www.city.ota.tokyo.jp/kokusaitoshi/index.html,
大田区,district_plan,2,トピックスの一覧へ,https://www.city.ota.tokyo.jp/kokusaitoshi/topics/index.html,国際都市 おおた（外国人の方へ）,https://www.city.ota.tokyo.jp/kokusaitoshi/index.html,
大田区,district_plan,2,,https://www.city.ota.tokyo.jp/kusei/machizukuri_plan.html,まちづくり・都市計画新空港線「蒲蒲線」,https://www.city.ota.tokyo.jp/kusei/index.html,
大田区,district_plan,2,鉄道・都市づくり課,https://www.city.ota.tokyo.jp/kuseijoho/soshiki/gyoumu/toshikaihatsu.html,,https://www.city.ota.tokyo.jp/seikatsu/sumaimachinami/machizukuri/ekishuuhen/kamata/kamata_VR.html,
大田区,district_plan,2,個別避難計画（本人・地域記入）の作成について,https://www.city.ota.tokyo.jp/seikatsu/fukushi/keikaku.html,防災アプリ,https://www.city.ota.tokyo.jp/seikatsu/chiiki/bousai/topics/bosaiapp.html,
大田区,district_plan,2,災害に強いまちづくり,https://www.city.ota.tokyo.jp/seikatsu/sumaimachinami/bousai_machidukuri/index.html,住まい・まちなみ 環境,https://www.city.ota.tokyo.jp/seikatsu/sumaimachinami/index.html,
大田区,district_plan,2,みどりのまちづくり,https://www.city.ota.tokyo.jp/seikatsu/sumaimachinami/green/index.html,住まい・まちなみ 環境,https://www.city.ota.tokyo.jp/seikatsu/sumaimachinami/index.html,
大田区,district_plan,2,駅周辺のまちづくり,https://www.city.ota.tokyo.jp/seikatsu/sumaimachinami/machizukuri/ekishuuhen/index.html,,https://www.city.ota.tokyo.jp/seikatsu/sumaimachinami/machizukuri/ekishuuhen/kamata/kamata_VR.html,
大田区,district_plan,2,蒲田駅周辺地区,https://www.city.ota.tokyo.jp/seikatsu/sumaimachinami/machizukuri/ekishuuhen/kamata/index.html,,https://www.city.ota.tokyo.jp/seikatsu/sumaimachinami/machizukuri/ekishuuhen/kamata/kamata_VR.html,
大田区,district_plan,2,蒲田駅周辺再編プロジェクト（蒲田駅周辺交通戦略）を改定しました（令和8年1月改定）,https://www.city.ota.tokyo.jp/seikatsu/sumaimachinami/machizukuri/ekishuuhen/kamata/kaitei_kamata_saihenproject.html,,https://www.city.ota.tokyo.jp/seikatsu/sumaimachinami/machizukuri/ekishuuhen/kamata/kamata_VR.html,
大田区,district_plan,2,【終了しました】改定蒲田駅周辺再編プロジェクト（素案）の区民意見公募手続き（パブリックコメント）の募集を行います,https://www.city.ota.tokyo.jp/seikatsu/sumaimachinami/machizukuri/ekishuuhen/kamata/kaitei_kamatasaihenproject.html,,https://www.city.ota.tokyo.jp/seikatsu/sumaimachinami/machizukuri/ekishuuhen/kamata/kamata_VR.html,
大田区,district_plan,2,このページの本文へ移動,https://www.city.ota.tokyo.jp/seikatsu/sumaimachinami/machizukuri/ekishuuhen/kamata/kamata_VR.html#CONT,,https://www.city.ota.tokyo.jp/seikatsu/sumaimachinami/machizukuri/ekishuuhen/kamata/kamata_VR.html,
大田区,district_plan,2,,https://www.city.ota.tokyo.jp/seikatsu/sumaimachinami/machizukuri/ekishuuhen/kamata/kamata_VR.html#PTOP,,https://www.city.ota.tokyo.jp/seikatsu/sumaimachinami/machizukuri/ekishuuhen/kamata/kamata_VR.html,
大田区,district_plan,2,蒲田都市づくり推進会議,https://www.city.ota.tokyo.jp/seikatsu/sumaimachinami/machizukuri/ekishuuhen/kamata/kamata_toshi/index.html,,https://www.city.ota.tokyo.jp/seikatsu/sumaimachinami/machizukuri/ekishuuhen/kamata/kamata_VR.html,
大田区,district_plan,2,蒲田駅周辺地区グランドデザイン,https://www.city.ota.tokyo.jp/seikatsu/sumaimachinami/machizukuri/ekishuuhen/kamata/kamatagranddesignkaitei/index.html,,https://www.city.ota.tokyo.jp/seikatsu/sumaimachinami/machizukuri/ekishuuhen/kamata/kamata_VR.html,
大田区,district_plan,2,蒲田駅東口駅前広場初動期整備デザイン基本プランを策定しました（令和元年8月）,https://www.city.ota.tokyo.jp/seikatsu/sumaimachinami/machizukuri/ekishuuhen/kamata/kamatahigasiguti.html,,https://www.city.ota.tokyo.jp/seikatsu/sumaimachinami/machizukuri/ekishuuhen/kamata/kamata_VR.html,
大田区,district_plan,2,蒲田駅周辺再編プロジェクトを策定しました,https://www.city.ota.tokyo.jp/seikatsu/sumaimachinami/machizukuri/ekishuuhen/kamata/kamatasaihenproject/index.html,,https://www.city.ota.tokyo.jp/seikatsu/sumaimachinami/machizukuri/ekishuuhen/kamata/kamata_VR.html,
大田区,district_plan,2,蒲田駅周辺地区基盤整備方針を策定しました,https://www.city.ota.tokyo.jp/seikatsu/sumaimachinami/machizukuri/ekishuuhen/kamata/kibankenkyuukai.html,,https://www.city.ota.tokyo.jp/seikatsu/sumaimachinami/machizukuri/ekishuuhen/kamata/kamata_VR.html,
大田区,district_plan,2,大田区駐車場整備計画（蒲田地区）,https://www.city.ota.tokyo.jp/seikatsu/sumaimachinami/machizukuri/ekishuuhen/kamata/parking-seibikeikaku.html,,https://www.city.ota.tokyo.jp/seikatsu/sumaimachinami/machizukuri/ekishuuhen/kamata/kamata_VR.html,
大田区,district_plan,2,蒲田地区駐車場地域ルールの検討,https://www.city.ota.tokyo.jp/seikatsu/sumaimachinami/machizukuri/ekishuuhen/kamata/parking-tiikiru-ru.html,,https://www.city.ota.tokyo.jp/seikatsu/sumaimachinami/machizukuri/ekishuuhen/kamata/kamata_VR.html,
大田区,district_plan,2,まちづくり,https://www.city.ota.tokyo.jp/seikatsu/sumaimachinami/machizukuri/index.html,,https://www.city.ota.tokyo.jp/seikatsu/sumaimachinami/machizukuri/ekishuuhen/kamata/kamata_VR.html,
大田区,district_plan,2,,https://www.city.ota.tokyo.jp/seikatsu/sumaimachinami/machizukuri/keikan/index.html,まちづくり・都市計画新空港線「蒲蒲線」,https://www.city.ota.tokyo.jp/kusei/index.html,
大田区,district_plan,2,,https://www.city.ota.tokyo.jp/seikatsu/sumaimachinami/machizukuri/toshikeikaku/chiikichikuzu.html,まちづくり・都市計画新空港線「蒲蒲線」,https://www.city.ota.tokyo.jp/kusei/index.html,
大田区,district_plan,2,,https://www.city.ota.tokyo.jp/seikatsu/sumaimachinami/machizukuri/toshikeikaku/toshikeikakudoro/index.html,まちづくり・都市計画新空港線「蒲蒲線」,https://www.city.ota.tokyo.jp/kusei/index.html,
大田区,district_plan,2,・大田第9号蒲田駅東口地下自転車駐車場整備工事について,https://www.city.ota.tokyo.jp/seikatsu/sumaimachinami/machizukuri/toshikeikaku/toshikeikakudoro/koujisetsumei_kamatahigasiguti.html,,https://www.city.ota.tokyo.jp/seikatsu/sumaimachinami/machizukuri/ekishuuhen/kamata/kamata_VR.html,
大田区,district_plan,2,,https://www.city.ota.tokyo.jp/seikatsu/sumaimachinami/machizukuri/toshikeikaku/toshikeikakushisetsuzu.html,まちづくり・都市計画新空港線「蒲蒲線」,https://www.city.ota.tokyo.jp/kusei/index.html,
大田区,district_plan,3,防災まちづくり課,https://www.city.ota.tokyo.jp/kuseijoho/soshiki/gyoumu/bosai_m.html,環境政策課,https://www.city.ota.tokyo.jp/kuseijoho/soshiki/gyoumu/kan-kei.html,
大田区,district_plan,3,財政課,https://www.city.ota.tokyo.jp/kuseijoho/soshiki/gyoumu/keikakuzaisei.html,環境政策課,https://www.city.ota.tokyo.jp/kuseijoho/soshiki/gyoumu/kan-kei.html,
大田区,district_plan,3,空港まちづくり課,https://www.city.ota.tokyo.jp/kuseijoho/soshiki/gyoumu/kuko_machidukuri.html,環境政策課,https://www.city.ota.tokyo.jp/kuseijoho/soshiki/gyoumu/kan-kei.html,
大田区,district_plan,3,都市計画課,https://www.city.ota.tokyo.jp/kuseijoho/soshiki/gyoumu/machizukuri.html,環境政策課,https://www.city.ota.tokyo.jp/kuseijoho/soshiki/gyoumu/kan-kei.html,
大田区,district_plan,3,再生可能エネルギー設備導入計画書等の提出（地域力を生かした大田区まちづくり条例第63条）,https://www.city.ota.tokyo.jp/seikatsu/sumaimachinami/kankyou/jigyosha/saienedounyu-keikaku.html,CO₂排出量可視化サービス導入支援事業,https://www.city.ota.tokyo.jp/seikatsu/sumaimachinami/kankyou/jigyosha/e-dash.html,
大田区,hazard,1,防災・防犯,https://www.city.ota.tokyo.jp/seikatsu/chiiki/bousai/index.html,公式トップ,https://www.city.ota.tokyo.jp/,
大田区,hazard,1,大田区防災ハザードマップ,https://www.city.ota.tokyo.jp/seikatsu/chiiki/bousai/suigai/hazardmap.html,公式トップ,https://www.city.ota.tokyo.jp/,
大田区,hazard,1,防災アプリ,https://www.city.ota.tokyo.jp/seikatsu/chiiki/bousai/topics/bosaiapp.html,公式トップ,https://www.city.ota.tokyo.jp/,
大田区,hazard,1,地域社会 防災・防犯,https://www.city.ota.tokyo.jp/seikatsu/chiiki/index.html,公式トップ,https://www.city.ota.tokyo.jp/,
大田区,hazard,2,防災危機管理課,https://www.city.ota.tokyo.jp/kuseijoho/soshiki/gyoumu/bousai.html,防災アプリ,https://www.city.ota.tokyo.jp/seikatsu/chiiki/bousai/topics/bosaiapp.html,
大田区,hazard,2,開発事業に係る「防災備蓄倉庫」「エレベーター用防災キャビネット」の設置について,https://www.city.ota.tokyo.jp/seikatsu/chiiki/bousai/jishintaisaku/bichikusouko_kyoudou-jyuutaku.html,防災アプリ,https://www.city.ota.tokyo.jp/seikatsu/chiiki/bousai/topics/bosaiapp.html,
大田区,hazard,2,防災行政無線,https://www.city.ota.tokyo.jp/seikatsu/chiiki/bousai/jishintaisaku/musen.html,防災アプリ,https://www.city.ota.tokyo.jp/seikatsu/chiiki/bousai/topics/bosaiapp.html,
大田区,hazard,2,令和7年度大田区体感型防災アトラクションを開催します！,https://www.city.ota.tokyo.jp/seikatsu/chiiki/bousai/kunren/bousai_attraction2025.html,防災アプリ,https://www.city.ota.tokyo.jp/seikatsu/chiiki/bousai/topics/bosaiapp.html,
大田区,hazard,2,子ども向け「防災ハンドブック」,https://www.city.ota.tokyo.jp/seikatsu/chiiki/bousai/pamphlet/bousai-hand-book_for_kodomo.html,防災アプリ,https://www.city.ota.tokyo.jp/seikatsu/chiiki/bousai/topics/bosaiapp.html,
大田区,hazard,2,大田区防災ポータルサイトについて,https://www.city.ota.tokyo.jp/seikatsu/chiiki/bousai/pamphlet/potal.html,防災アプリ,https://www.city.ota.tokyo.jp/seikatsu/chiiki/bousai/topics/bosaiapp.html,
大田区,hazard,2,「大雨警報（土砂災害）」発表基準が変更になりました,https://www.city.ota.tokyo.jp/seikatsu/chiiki/bousai/suigai/dosya-saigai-kijyun_henkou.html,大田区防災ハザードマップ,https://www.city.ota.tokyo.jp/seikatsu/chiiki/bousai/suigai/hazardmap.html,
大田区,hazard,2,"大田区防災ハザードマップ（PDF：17,750KB）",https://www.city.ota.tokyo.jp/seikatsu/chiiki/bousai/suigai/hazardmap.files/20260226_ALL.pdf,大田区防災ハザードマップ,https://www.city.ota.tokyo.jp/seikatsu/chiiki/bousai/suigai/hazardmap.html,
大田区,hazard,2,"大田区防災ハザードマップ（英語・中国語併記版）（PDF：20,723KB）",https://www.city.ota.tokyo.jp/seikatsu/chiiki/bousai/suigai/hazardmap.files/20260226_EC_ALL.pdf,大田区防災ハザードマップ,https://www.city.ota.tokyo.jp/seikatsu/chiiki/bousai/suigai/hazardmap.html,
大田区,hazard,2,"大田区防災ハザードマップ（やさしい日本語版）（PDF：18,644KB）",https://www.city.ota.tokyo.jp/seikatsu/chiiki/bousai/suigai/hazardmap.files/20260226_Yasashi_ALL.pdf,大田区防災ハザードマップ,https://www.city.ota.tokyo.jp/seikatsu/chiiki/bousai/suigai/hazardmap.html,
大田区,hazard,2,このページの本文へ移動,https://www.city.ota.tokyo.jp/seikatsu/chiiki/bousai/suigai/hazardmap.html#CONT,大田区防災ハザードマップ,https://www.city.ota.tokyo.jp/seikatsu/chiiki/bousai/suigai/hazardmap.html,
大田区,hazard,2,,https://www.city.ota.tokyo.jp/seikatsu/chiiki/bousai/suigai/hazardmap.html#PTOP,大田区防災ハザードマップ,https://www.city.ota.tokyo.jp/seikatsu/chiiki/bousai/suigai/hazardmap.html,
大田区,hazard,2,ハザードマップや災害情報の収集方法の確認,https://www.city.ota.tokyo.jp/seikatsu/chiiki/bousai/suigai/joho-syuusyu.html,大田区防災ハザードマップ,https://www.city.ota.tokyo.jp/seikatsu/chiiki/bousai/suigai/hazardmap.html,
大田区,hazard,2,土砂災害（特別）警戒区域の指定について,https://www.city.ota.tokyo.jp/seikatsu/chiiki/bousai/suigai/keikai-kuiki_shitei.html,大田区防災ハザードマップ,https://www.city.ota.tokyo.jp/seikatsu/chiiki/bousai/suigai/hazardmap.html,
大田区,hazard,2,大田区「浸水実績図」,https://www.city.ota.tokyo.jp/seikatsu/chiiki/bousai/suigai/shinsui.html,大田区防災ハザードマップ,https://www.city.ota.tokyo.jp/seikatsu/chiiki/bousai/suigai/hazardmap.html,
大田区,hazard,2,"大田区防災アプリ（リーフレット）（PDF：3,677KB）",https://www.city.ota.tokyo.jp/seikatsu/chiiki/bousai/topics/bosaiapp.files/app_flyer_240415_01.pdf,防災アプリ,https://www.city.ota.tokyo.jp/seikatsu/chiiki/bousai/topics/bosaiapp.html,
大田区,hazard,2,大田区防災アプリ利用規約（PDF：115KB）,https://www.city.ota.tokyo.jp/seikatsu/chiiki/bousai/topics/bosaiapp.files/kiyaku_240601.pdf,防災アプリ,https://www.city.ota.tokyo.jp/seikatsu/chiiki/bousai/topics/bosaiapp.html,
大田区,hazard,2,"大田区防災アプリ操作マニュアル（PDF：2,779KB）",https://www.city.ota.tokyo.jp/seikatsu/chiiki/bousai/topics/bosaiapp.files/manual_240415.pdf,防災アプリ,https://www.city.ota.tokyo.jp/seikatsu/chiiki/bousai/topics/bosaiapp.html,
大田区,hazard,2,修正内容の詳細はこちら→（PDF：427KB）,https://www.city.ota.tokyo.jp/seikatsu/chiiki/bousai/topics/bosaiapp.files/osirasekousinn.pdf,防災アプリ,https://www.city.ota.tokyo.jp/seikatsu/chiiki/bousai/topics/bosaiapp.html,
大田区,hazard,2,アプリのアップデート方法について（PDF：388KB）,https://www.city.ota.tokyo.jp/seikatsu/chiiki/bousai/topics/bosaiapp.files/update.pdf,防災アプリ,https://www.city.ota.tokyo.jp/seikatsu/chiiki/bousai/topics/bosaiapp.html,
大田区,hazard,2,このページの本文へ移動,https://www.city.ota.tokyo.jp/seikatsu/chiiki/bousai/topics/bosaiapp.html#CONT,防災アプリ,https://www.city.ota.tokyo.jp/seikatsu/chiiki/bousai/topics/bosaiapp.html,
大田区,hazard,2,このページの上へ戻る,https://www.city.ota.tokyo.jp/seikatsu/chiiki/bousai/topics/bosaiapp.html#PTOP,防災アプリ,https://www.city.ota.tokyo.jp/seikatsu/chiiki/bousai/topics/bosaiapp.html,
大田区,hazard,2,修正内容の詳細はこちら,https://www.city.ota.tokyo.jp/seikatsu/chiiki/bousai/topics/bosaiapp.html#cms477AC,防災アプリ,https://www.city.ota.tokyo.jp/seikatsu/chiiki/bousai/topics/bosaiapp.html,
大田区,hazard,2,大田区防災会議,https://www.city.ota.tokyo.jp/seikatsu/chiiki/bousai/topics/bousai-kaigi.html,防災アプリ,https://www.city.ota.tokyo.jp/seikatsu/chiiki/bousai/topics/bosaiapp.html,
大田区,hazard,2,「防災週間フェア」を開催します！,https://www.city.ota.tokyo.jp/seikatsu/chiiki/bousai/topics/bousai-syuukann-fair.html,防災アプリ,https://www.city.ota.tokyo.jp/seikatsu/chiiki/bousai/topics/bosaiapp.html,
大田区,hazard,2,【公開中！】大田区防災講習会「くらしのなかの防災対策」,https://www.city.ota.tokyo.jp/seikatsu/chiiki/bousai/topics/bousai_kousyuukai2025.html,防災アプリ,https://www.city.ota.tokyo.jp/seikatsu/chiiki/bousai/topics/bosaiapp.html,
大田区,hazard,2,大田区地域防災計画改訂作業等業務委託公募型プロポーザルを実施します,https://www.city.ota.tokyo.jp/seikatsu/chiiki/bousai/topics/chiiki-bousai_kaitei_itaku.html,防災アプリ,https://www.city.ota.tokyo.jp/seikatsu/chiiki/bousai/topics/bosaiapp.html,
大田区,hazard,2,事業所の防災対策,https://www.city.ota.tokyo.jp/seikatsu/chiiki/bousai/topics/jigyousyo-bousai-taisaku.html,防災アプリ,https://www.city.ota.tokyo.jp/seikatsu/chiiki/bousai/topics/bosaiapp.html,
大田区,hazard,2,大田区防災会議,https://www.city.ota.tokyo.jp/seikatsu/chiiki/bousai/topics/reiwa6nenndodai1kaibousaikaigi.html,防災アプリ,https://www.city.ota.tokyo.jp/seikatsu/chiiki/bousai/topics/bosaiapp.html,
大田区,hazard,2,宅地建物取引業者の方へ（水防法に基づく大田区ハザードマップの作成状況）,https://www.city.ota.tokyo.jp/seikatsu/chiiki/bousai/topics/takken-jigyousha_hazardmap.html,防災アプリ,https://www.city.ota.tokyo.jp/seikatsu/chiiki/bousai/topics/bosaiapp.html,
大田区,hazard,2,防災行政無線電話応答サービスの電話番号が変更となりました！,https://www.city.ota.tokyo.jp/seikatsu/chiiki/bousai/topics/telephone-service-koushin.html,防災アプリ,https://www.city.ota.tokyo.jp/seikatsu/chiiki/bousai/topics/bosaiapp.html,
大田区,hazard,3,防災まちづくり課,https://www.city.ota.tokyo.jp/kuseijoho/soshiki/gyoumu/bosai_m.html,環境政策課,https://www.city.ota.tokyo.jp/kuseijoho/soshiki/gyoumu/kan-kei.html,
大田区,road,2,土砂災害（特別）警戒区域の指定について,https://www.city.ota.tokyo.jp/seikatsu/chiiki/bousai/suigai/keikai-kuiki_shitei.html,大田区防災ハザードマップ,https://www.city.ota.tokyo.jp/seikatsu/chiiki/bousai/suigai/hazardmap.html,
大田区,road,2,道路・公園・河川,https://www.city.ota.tokyo.jp/seikatsu/sumaimachinami/douro_kouen_kasen/index.html,住まい・まちなみ 環境,https://www.city.ota.tokyo.jp/seikatsu/sumaimachinami/index.html,
大田区,road,2,,https://www.city.ota.tokyo.jp/seikatsu/sumaimachinami/machizukuri/toshikeikaku/toshikeikakudoro/index.html,まちづくり・都市計画新空港線「蒲蒲線」,https://www.city.ota.tokyo.jp/kusei/index.html,
大田区,road,2,・大田第9号蒲田駅東口地下自転車駐車場整備工事について,https://www.city.ota.tokyo.jp/seikatsu/sumaimachinami/machizukuri/toshikeikaku/toshikeikakudoro/koujisetsumei_kamatahigasiguti.html,,https://www.city.ota.tokyo.jp/seikatsu/sumaimachinami/machizukuri/ekishuuhen/kamata/kamata_VR.html,
大田区,road,3,道路課,https://www.city.ota.tokyo.jp/kuseijoho/soshiki/gyoumu/doro.html,環境政策課,https://www.city.ota.tokyo.jp/kuseijoho/soshiki/gyoumu/kan-kei.html,
大田区,road,3,都市基盤管理課,https://www.city.ota.tokyo.jp/kuseijoho/soshiki/gyoumu/dourokouen.html,環境政策課,https://www.city.ota.tokyo.jp/kuseijoho/soshiki/gyoumu/kan-kei.html,
文京区,building_guidance,2,建築の専門家が組織する建築関係3団体との協定について,https://www.city.bunkyo.lg.jp/b030/p004643.html,まちづくり・環境,https://www.city.bunkyo.lg.jp/machizukuri/index.html,
文京区,building_guidance,2,大型建築物等の建築を予定されている方へ,https://www.city.bunkyo.lg.jp/b030/p004746.html,まちづくり・環境,https://www.city.bunkyo.lg.jp/machizukuri/index.html,
文京区,building_guidance,2,文京区ワンルームマンション等の建築及び管理に関する条例,https://www.city.bunkyo.lg.jp/b032/p004747/index.html,まちづくり・環境,https://www.city.bunkyo.lg.jp/machizukuri/index.html,
文京区,building_guidance,2,中高層建築物の建築に係る紛争の予防と調整及び開発事業の周知に関する条例,https://www.city.bunkyo.lg.jp/b032/p004750.html,まちづくり・環境,https://www.city.bunkyo.lg.jp/machizukuri/index.html,
文京区,building_guidance,2,建築計画に関する相談体制（2020.4.～）,https://www.city.bunkyo.lg.jp/b032/p004751.html,まちづくり・環境,https://www.city.bunkyo.lg.jp/machizukuri/index.html,
文京区,building_guidance,2,近隣に新しい建物が建築される前に,https://www.city.bunkyo.lg.jp/b032/p004752.html,まちづくり・環境,https://www.city.bunkyo.lg.jp/machizukuri/index.html,
文京区,building_guidance,2,宅地開発並びに中高層建築物等の建設に関する指導要綱,https://www.city.bunkyo.lg.jp/b032/p004753.html,まちづくり・環境,https://www.city.bunkyo.lg.jp/machizukuri/index.html,
文京区,building_guidance,2,建築審査会,https://www.city.bunkyo.lg.jp/b032/p004759.html,まちづくり・環境,https://www.city.bunkyo.lg.jp/machizukuri/index.html,
文京区,building_guidance,2,文京区建築安全マネジメント計画の策定（延伸）について,https://www.city.bunkyo.lg.jp/b033/p004760.html,まちづくり・環境,https://www.city.bunkyo.lg.jp/machizukuri/index.html,
文京区,building_guidance,2,低炭素建築物の認定に関すること,https://www.city.bunkyo.lg.jp/b033/p004761.html,まちづくり・環境,https://www.city.bunkyo.lg.jp/machizukuri/index.html,
文京区,building_guidance,2,建築物の液状化対策に関すること,https://www.city.bunkyo.lg.jp/b033/p004762.html,まちづくり・環境,https://www.city.bunkyo.lg.jp/machizukuri/index.html,
文京区,building_guidance,2,建築計画概要書等の閲覧及び写しの交付について,https://www.city.bunkyo.lg.jp/b033/p004766.html,まちづくり・環境,https://www.city.bunkyo.lg.jp/machizukuri/index.html,
文京区,building_guidance,2,東京都建築安全条例に基づく新たな防火規制,https://www.city.bunkyo.lg.jp/b033/p004768.html,まちづくり・環境,https://www.city.bunkyo.lg.jp/machizukuri/index.html,
文京区,building_guidance,2,建築確認等の手続きの改正について,https://www.city.bunkyo.lg.jp/b033/p007602.html,まちづくり・環境,https://www.city.bunkyo.lg.jp/machizukuri/index.html,
文京区,building_guidance,2,文京区建築物再生可能エネルギー利用促進計画について,https://www.city.bunkyo.lg.jp/b033/p007607.html,まちづくり・環境,https://www.city.bunkyo.lg.jp/machizukuri/index.html,
文京区,building_guidance,2,文京区宅地開発並びに中高層建築物等の建設に関する指導要綱-に関する土木部管理課の手引き,https://www.city.bunkyo.lg.jp/b034/p004755.html,まちづくり・環境,https://www.city.bunkyo.lg.jp/machizukuri/index.html,
文京区,building_guidance,2,建築確認・許可に関すること,https://www.city.bunkyo.lg.jp/machizukuri/tochi/kenchikukakunin/index.html,まちづくり・環境,https://www.city.bunkyo.lg.jp/machizukuri/index.html,
文京区,building_guidance,2,宅地開発並びに中高層建築物等の建設に関する指導要綱を改正し、令和7年9月1日から施行しました,https://www.city.bunkyo.lg.jp/p000004.html,まちづくり・環境,https://www.city.bunkyo.lg.jp/machizukuri/index.html,
文京区,building_guidance,3,建築工事施工計画報告書等の提出について,https://www.city.bunkyo.lg.jp/b033/p004707.html,建築確認等の手続きの改正について,https://www.city.bunkyo.lg.jp/b033/p007602.html,
文京区,building_guidance,3,建築確認申請・許可・認定関連(書類等),https://www.city.bunkyo.lg.jp/b033/p004709.html,建築確認等の手続きの改正について,https://www.city.bunkyo.lg.jp/b033/p007602.html,
文京区,building_guidance,3,建築確認申請等手数料一覧,https://www.city.bunkyo.lg.jp/b033/p004710.html,建築確認等の手続きの改正について,https://www.city.bunkyo.lg.jp/b033/p007602.html,
文京区,building_guidance,3,文京区斜面地における建築物の容積率緩和の制限に関する条例を改正しました,https://www.city.bunkyo.lg.jp/b033/p004713.html,建築確認等の手続きの改正について,https://www.city.bunkyo.lg.jp/b033/p007602.html,
文京区,district_plan,1,まちづくり・環境,https://www.city.bunkyo.lg.jp/machizukuri/index.html,公式トップ,https://www.city.bunkyo.lg.jp/,
文京区,district_plan,2,「文の京」安全・安心まちづくり事業リーフレット,https://www.city.bunkyo.lg.jp/b009/p000171.html,防災・安全,https://www.city.bunkyo.lg.jp/bousaianzen/index.html,
文京区,district_plan,2,都市計画図検索システム,https://www.city.bunkyo.lg.jp/b030/p004499.html,まちづくり・環境,https://www.city.bunkyo.lg.jp/machizukuri/index.html,
文京区,district_plan,2,文京区の都市計画,https://www.city.bunkyo.lg.jp/b030/p004500/index.html,まちづくり・環境,https://www.city.bunkyo.lg.jp/machizukuri/index.html,
文京区,district_plan,2,都市計画審議会,https://www.city.bunkyo.lg.jp/b030/p004620/index.html,まちづくり・環境,https://www.city.bunkyo.lg.jp/machizukuri/index.html,
文京区,district_plan,2,都市計画部概況,https://www.city.bunkyo.lg.jp/b030/p004668.html,まちづくり・環境,https://www.city.bunkyo.lg.jp/machizukuri/index.html,
文京区,district_plan,2,よくある質問（都市計画関連）,https://www.city.bunkyo.lg.jp/b030/p004669/index.html,まちづくり・環境,https://www.city.bunkyo.lg.jp/machizukuri/index.html,
文京区,district_plan,2,都市計画法に基づく開発許可,https://www.city.bunkyo.lg.jp/b030/p004763/index.html,まちづくり・環境,https://www.city.bunkyo.lg.jp/machizukuri/index.html,
文京区,district_plan,2,都市計画課についてのAIチャットボットについて,https://www.city.bunkyo.lg.jp/b030/p007602.html,まちづくり・環境,https://www.city.bunkyo.lg.jp/machizukuri/index.html,
文京区,district_plan,2,都市計画課についてのAIチャットボットについて,https://www.city.bunkyo.lg.jp/b030/p007603.html,まちづくり・環境,https://www.city.bunkyo.lg.jp/machizukuri/index.html,
文京区,district_plan,2,文京区福祉のまちづくりに係る共同住宅等整備要綱,https://www.city.bunkyo.lg.jp/b032/p004757.html,まちづくり・環境,https://www.city.bunkyo.lg.jp/machizukuri/index.html,
文京区,district_plan,2,東京都福祉のまちづくり条例について,https://www.city.bunkyo.lg.jp/b032/p004758.html,まちづくり・環境,https://www.city.bunkyo.lg.jp/machizukuri/index.html,
文京区,district_plan,2,安全・安心まちづくり,https://www.city.bunkyo.lg.jp/bousaianzen/bouhan/anzenanshin/index.html,防災・安全,https://www.city.bunkyo.lg.jp/bousaianzen/index.html,
文京区,district_plan,2,計画・条例・協定,https://www.city.bunkyo.lg.jp/bousaianzen/bousai/keikaku/index.html,防災・安全,https://www.city.bunkyo.lg.jp/bousaianzen/index.html,
文京区,district_plan,2,道路,https://www.city.bunkyo.lg.jp/machizukuri/douro/index.html,まちづくり・環境,https://www.city.bunkyo.lg.jp/machizukuri/index.html,
文京区,district_plan,2,道路に関する事業,https://www.city.bunkyo.lg.jp/machizukuri/douro/jigyou/index.html,まちづくり・環境,https://www.city.bunkyo.lg.jp/machizukuri/index.html,
文京区,district_plan,2,道路に関する手続き・届出,https://www.city.bunkyo.lg.jp/machizukuri/douro/tetsuzuki/index.html,まちづくり・環境,https://www.city.bunkyo.lg.jp/machizukuri/index.html,
文京区,district_plan,2,まちづくり・都市計画,https://www.city.bunkyo.lg.jp/machizukuri/index.html#a7588,まちづくり・環境,https://www.city.bunkyo.lg.jp/machizukuri/index.html,
文京区,district_plan,2,土地・建物,https://www.city.bunkyo.lg.jp/machizukuri/index.html#a7589,まちづくり・環境,https://www.city.bunkyo.lg.jp/machizukuri/index.html,
文京区,district_plan,2,道路,https://www.city.bunkyo.lg.jp/machizukuri/index.html#a7590,まちづくり・環境,https://www.city.bunkyo.lg.jp/machizukuri/index.html,
文京区,district_plan,2,みどり・公園,https://www.city.bunkyo.lg.jp/machizukuri/index.html#a7591,まちづくり・環境,https://www.city.bunkyo.lg.jp/machizukuri/index.html,
文京区,district_plan,2,環境・公害,https://www.city.bunkyo.lg.jp/machizukuri/index.html#a7592,まちづくり・環境,https://www.city.bunkyo.lg.jp/machizukuri/index.html,
文京区,district_plan,2,ページの 先頭へ,https://www.city.bunkyo.lg.jp/machizukuri/index.html#tmp_header,まちづくり・環境,https://www.city.bunkyo.lg.jp/machizukuri/index.html,
文京区,district_plan,2,本文へスキップします。,https://www.city.bunkyo.lg.jp/machizukuri/index.html#tmp_honbun,まちづくり・環境,https://www.city.bunkyo.lg.jp/machizukuri/index.html,
文京区,district_plan,2,放射線関連情報,https://www.city.bunkyo.lg.jp/machizukuri/kankyoukougai/houshasen/index.html,まちづくり・環境,https://www.city.bunkyo.lg.jp/machizukuri/index.html,
文京区,district_plan,2,環境・公害,https://www.city.bunkyo.lg.jp/machizukuri/kankyoukougai/index.html,まちづくり・環境,https://www.city.bunkyo.lg.jp/machizukuri/index.html,
文京区,district_plan,2,環境保全・地球温暖化対策に関すること,https://www.city.bunkyo.lg.jp/machizukuri/kankyoukougai/kankyouhozen/index.html,まちづくり・環境,https://www.city.bunkyo.lg.jp/machizukuri/index.html,
文京区,district_plan,2,環境情報,https://www.city.bunkyo.lg.jp/machizukuri/kankyoukougai/kankyoujouhou/index.html,まちづくり・環境,https://www.city.bunkyo.lg.jp/machizukuri/index.html,
文京区,district_plan,2,環境に関する計画,https://www.city.bunkyo.lg.jp/machizukuri/kankyoukougai/keikaku/index.html,まちづくり・環境,https://www.city.bunkyo.lg.jp/machizukuri/index.html,
文京区,district_plan,2,公害に関すること,https://www.city.bunkyo.lg.jp/machizukuri/kankyoukougai/kougai/index.html,まちづくり・環境,https://www.city.bunkyo.lg.jp/machizukuri/index.html,
文京区,district_plan,2,公害等の届出に関すること,https://www.city.bunkyo.lg.jp/machizukuri/kankyoukougai/todokede/index.html,まちづくり・環境,https://www.city.bunkyo.lg.jp/machizukuri/index.html,
文京区,district_plan,2,文京区内の公園,https://www.city.bunkyo.lg.jp/machizukuri/midori/annai/index.html,まちづくり・環境,https://www.city.bunkyo.lg.jp/machizukuri/index.html,
文京区,district_plan,2,みどりの普及・啓発の催し,https://www.city.bunkyo.lg.jp/machizukuri/midori/fukyuu/index.html,まちづくり・環境,https://www.city.bunkyo.lg.jp/machizukuri/index.html,
文京区,district_plan,2,みどり・公園,https://www.city.bunkyo.lg.jp/machizukuri/midori/index.html,まちづくり・環境,https://www.city.bunkyo.lg.jp/machizukuri/index.html,
文京区,district_plan,2,公園に関するお知らせ,https://www.city.bunkyo.lg.jp/machizukuri/midori/kouen/index.html,まちづくり・環境,https://www.city.bunkyo.lg.jp/machizukuri/index.html,
文京区,district_plan,2,緑化,https://www.city.bunkyo.lg.jp/machizukuri/midori/ryokka/index.html,まちづくり・環境,https://www.city.bunkyo.lg.jp/machizukuri/index.html,
文京区,district_plan,2,公園の整備,https://www.city.bunkyo.lg.jp/machizukuri/midori/seibi/index.html,まちづくり・環境,https://www.city.bunkyo.lg.jp/machizukuri/index.html,
文京区,district_plan,2,公園の占用・使用,https://www.city.bunkyo.lg.jp/machizukuri/midori/senyoushiyou/index.html,まちづくり・環境,https://www.city.bunkyo.lg.jp/machizukuri/index.html,
文京区,district_plan,2,新着情報一覧を見る,https://www.city.bunkyo.lg.jp/machizukuri/shinchaku/index.html,まちづくり・環境,https://www.city.bunkyo.lg.jp/machizukuri/index.html,
文京区,district_plan,2,土地・建物,https://www.city.bunkyo.lg.jp/machizukuri/tochi/index.html,まちづくり・環境,https://www.city.bunkyo.lg.jp/machizukuri/index.html,
文京区,district_plan,2,建築確認・許可に関すること,https://www.city.bunkyo.lg.jp/machizukuri/tochi/kenchikukakunin/index.html,まちづくり・環境,https://www.city.bunkyo.lg.jp/machizukuri/index.html,
文京区,district_plan,2,マンションの管理,https://www.city.bunkyo.lg.jp/machizukuri/tochi/manshon/index.html,まちづくり・環境,https://www.city.bunkyo.lg.jp/machizukuri/index.html,
文京区,district_plan,2,耐震に関すること,https://www.city.bunkyo.lg.jp/machizukuri/tochi/taishin/index.html,まちづくり・環境,https://www.city.bunkyo.lg.jp/machizukuri/index.html,
文京区,district_plan,2,建物に関する手続き・届出,https://www.city.bunkyo.lg.jp/machizukuri/tochi/tatemono/index.html,まちづくり・環境,https://www.city.bunkyo.lg.jp/machizukuri/index.html,
文京区,district_plan,2,まちづくり・都市計画,https://www.city.bunkyo.lg.jp/machizukuri/toshikeikaku/index.html,まちづくり・環境,https://www.city.bunkyo.lg.jp/machizukuri/index.html,
文京区,district_plan,2,住宅・住環境の計画に関すること,https://www.city.bunkyo.lg.jp/machizukuri/toshikeikaku/juutaku/index.html,まちづくり・環境,https://www.city.bunkyo.lg.jp/machizukuri/index.html,
文京区,district_plan,2,景観,https://www.city.bunkyo.lg.jp/machizukuri/toshikeikaku/keikan/index.html,まちづくり・環境,https://www.city.bunkyo.lg.jp/machizukuri/index.html,
文京区,district_plan,2,まちづくり,https://www.city.bunkyo.lg.jp/machizukuri/toshikeikaku/machizukuri/index.html,まちづくり・環境,https://www.city.bunkyo.lg.jp/machizukuri/index.html,
文京区,district_plan,3,「文の京」安全・安心まちづくり協議会,https://www.city.bunkyo.lg.jp/b009/p000172.html,「文の京」安全・安心まちづくり事業リーフレット,https://www.city.bunkyo.lg.jp/b009/p000171.html,
文京区,district_plan,3,安全・安心まちづくり推進地区,https://www.city.bunkyo.lg.jp/b009/p000176.html,「文の京」安全・安心まちづくり事業リーフレット,https://www.city.bunkyo.lg.jp/b009/p000171.html,
文京区,district_plan,3,安全・安心まちづくり活動助成,https://www.city.bunkyo.lg.jp/b009/p000179.html,「文の京」安全・安心まちづくり事業リーフレット,https://www.city.bunkyo.lg.jp/b009/p000171.html,
文京区,district_plan,3,安全・安心まちづくり協議会公募委員募集について,https://www.city.bunkyo.lg.jp/b009/p000220.html,「文の京」安全・安心まちづくり事業リーフレット,https://www.city.bunkyo.lg.jp/b009/p000171.html,
文京区,district_plan,3,ページの 先頭へ,https://www.city.bunkyo.lg.jp/bousaianzen/bousai/keikaku/index.html#tmp_header,計画・条例・協定,https://www.city.bunkyo.lg.jp/bousaianzen/bousai/keikaku/index.html,
文京区,district_plan,3,本文へスキップします。,https://www.city.bunkyo.lg.jp/bousaianzen/bousai/keikaku/index.html#tmp_honbun,計画・条例・協定,https://www.city.bunkyo.lg.jp/bousaianzen/bousai/keikaku/index.html,
文京区,district_plan,3,"「文の京」安全・安心まちづくり事業リーフレット（PDF：5,236KB）",https://www.city.bunkyo.lg.jp/documents/192/leaflet.pdf,「文の京」安全・安心まちづくり事業リーフレット,https://www.city.bunkyo.lg.jp/b009/p000171.html,
文京区,district_plan,3,ページの 先頭へ,https://www.city.bunkyo.lg.jp/machizukuri/midori/annai/index.html#tmp_header,文京区内の公園,https://www.city.bunkyo.lg.jp/machizukuri/midori/annai/index.html,
文京区,district_plan,3,本文へスキップします。,https://www.city.bunkyo.lg.jp/machizukuri/midori/annai/index.html#tmp_honbun,文京区内の公園,https://www.city.bunkyo.lg.jp/machizukuri/midori/annai/index.html,
文京区,district_plan,3,区立公園・児童遊園を探す（五十音別・地域別）,https://www.city.bunkyo.lg.jp/machizukuri/midori/annai/sagasu/index.html,文京区内の公園,https://www.city.bunkyo.lg.jp/machizukuri/midori/annai/index.html,
文京区,district_plan,3,ページの 先頭へ,https://www.city.bunkyo.lg.jp/machizukuri/shinchaku/index.html#tmp_header,新着情報一覧を見る,https://www.city.bunkyo.lg.jp/machizukuri/shinchaku/index.html,
文京区,district_plan,3,本文へスキップします。,https://www.city.bunkyo.lg.jp/machizukuri/shinchaku/index.html#tmp_honbun,新着情報一覧を見る,https://www.city.bunkyo.lg.jp/machizukuri/shinchaku/index.html,
文京区,hazard,1,ハザードマップ,https://www.city.bunkyo.lg.jp/bousaianzen/bousai/kinkyuusaigai/map/index.html,公式トップ,https://www.city.bunkyo.lg.jp/,
文京区,hazard,1,防災・安全,https://www.city.bunkyo.lg.jp/bousaianzen/index.html,公式トップ,https://www.city.bunkyo.lg.jp/,
文京区,hazard,2,文京区防災ポータル,https://www.city.bunkyo.lg.jp/_18927/_18930.html,防災・安全,https://www.city.bunkyo.lg.jp/bousaianzen/index.html,
文京区,hazard,2,「文の京」安心・防災メール,https://www.city.bunkyo.lg.jp/b010/p000008.html,防災・安全,https://www.city.bunkyo.lg.jp/bousaianzen/index.html,
文京区,hazard,2,日頃の防災,https://www.city.bunkyo.lg.jp/bousaianzen/bousai/higoronobousai/index.html,防災・安全,https://www.city.bunkyo.lg.jp/bousaianzen/index.html,
文京区,hazard,2,防災,https://www.city.bunkyo.lg.jp/bousaianzen/bousai/index.html,防災・安全,https://www.city.bunkyo.lg.jp/bousaianzen/index.html,
文京区,hazard,2,防災,https://www.city.bunkyo.lg.jp/bousaianzen/index.html#a7544,防災・安全,https://www.city.bunkyo.lg.jp/bousaianzen/index.html,
文京区,hazard,3,文京区浸水履歴,https://www.city.bunkyo.lg.jp/b009/p000031.html,防災,https://www.city.bunkyo.lg.jp/bousaianzen/bousai/index.html,
文京区,hazard,3,防災教室・防災クイズラリーキット,https://www.city.bunkyo.lg.jp/b009/p000095.html,防災,https://www.city.bunkyo.lg.jp/bousaianzen/bousai/index.html,
文京区,hazard,3,意見の募集を終了しました【文京区地域防災計画（令和6年度修正）素案】,https://www.city.bunkyo.lg.jp/b009/p000097.html,防災,https://www.city.bunkyo.lg.jp/bousaianzen/bousai/index.html,
文京区,hazard,3,文京区水害・土砂災害対策実施要領（Ver.4.1),https://www.city.bunkyo.lg.jp/b009/p000109.html,防災,https://www.city.bunkyo.lg.jp/bousaianzen/bousai/index.html,
文京区,hazard,3,文京区地域防災計画（令和６年度修正）,https://www.city.bunkyo.lg.jp/b009/p000155.html,防災,https://www.city.bunkyo.lg.jp/bousaianzen/bousai/index.html,
文京区,hazard,3,地域の防災,https://www.city.bunkyo.lg.jp/bousaianzen/bousai/higoronobousai/chiiki.html,防災,https://www.city.bunkyo.lg.jp/bousaianzen/bousai/index.html,
文京区,hazard,3,事業者の防災,https://www.city.bunkyo.lg.jp/bousaianzen/bousai/higoronobousai/jigyousha.html,防災,https://www.city.bunkyo.lg.jp/bousaianzen/bousai/index.html,
文京区,hazard,3,家庭の防災,https://www.city.bunkyo.lg.jp/bousaianzen/bousai/higoronobousai/katei/index.html,防災,https://www.city.bunkyo.lg.jp/bousaianzen/bousai/index.html,
文京区,hazard,3,区の防災の取り組み,https://www.city.bunkyo.lg.jp/bousaianzen/bousai/higoronobousai/kunotorikumi/index.html,防災,https://www.city.bunkyo.lg.jp/bousaianzen/bousai/index.html,
文京区,road,2,道路台帳平面図の閲覧について,https://www.city.bunkyo.lg.jp/b034/p004775/index.html,まちづくり・環境,https://www.city.bunkyo.lg.jp/machizukuri/index.html,
文京区,road,2,文京区道路工事情報,https://www.city.bunkyo.lg.jp/b035/p004779/index.html,まちづくり・環境,https://www.city.bunkyo.lg.jp/machizukuri/index.html,
文京区,road,2,道路,https://www.city.bunkyo.lg.jp/machizukuri/douro/index.html,まちづくり・環境,https://www.city.bunkyo.lg.jp/machizukuri/index.html,
文京区,road,2,道路に関する事業,https://www.city.bunkyo.lg.jp/machizukuri/douro/jigyou/index.html,まちづくり・環境,https://www.city.bunkyo.lg.jp/machizukuri/index.html,
文京区,road,2,道路に関する手続き・届出,https://www.city.bunkyo.lg.jp/machizukuri/douro/tetsuzuki/index.html,まちづくり・環境,https://www.city.bunkyo.lg.jp/machizukuri/index.html,
文京区,road,2,道路,https://www.city.bunkyo.lg.jp/machizukuri/index.html#a7590,まちづくり・環境,https://www.city.bunkyo.lg.jp/machizukuri/index.html,
文京区,road,3,令和8年度文京区年間道路工事等予定一覧表,https://www.city.bunkyo.lg.jp/b035/p004780.html,新着情報一覧を見る,https://www.city.bunkyo.lg.jp/machizukuri/shinchaku/index.html,
新宿区,building_guidance,1,新宿区教育委員会会計年度任用講師（幼児教育推進員乙）を募集します,https://www.city.shinjuku.lg.jp/kodomo/kyoshido01_002049_00104.html,公式トップ,https://www.city.shinjuku.lg.jp/,
新宿区,building_guidance,2,こちらのページ,http://www.city.shinjuku.lg.jp/seikatsu/kenchikuc01_001009.html,まちづくり・都市計画,https://www.city.shinjuku.lg.jp/kusei/index13.html,
新宿区,building_guidance,2,,https://www.city.shinjuku.lg.jp/kusei/index13.html#section1-3-1建築物への助成・融資制度を知りたい方,まちづくり・都市計画,https://www.city.shinjuku.lg.jp/kusei/index13.html,
新宿区,building_guidance,2,,https://www.city.shinjuku.lg.jp/kusei/index13.html#section2-3-5その他建築基準法令に関する基準等を調べたい方,まちづくり・都市計画,https://www.city.shinjuku.lg.jp/kusei/index13.html,
新宿区,building_guidance,2,,https://www.city.shinjuku.lg.jp/kusei/index13.html#section3-4建築計画概要書、台帳記載事項証明書を取得したい方,まちづくり・都市計画,https://www.city.shinjuku.lg.jp/kusei/index13.html,
新宿区,building_guidance,2,こちらのページを,https://www.city.shinjuku.lg.jp/kusei/kenchikuc01_000001_00016.html,まちづくり・都市計画,https://www.city.shinjuku.lg.jp/kusei/index13.html,
新宿区,building_guidance,2,土地・建築,https://www.city.shinjuku.lg.jp/kusei/kusei00_100012.html,まちづくり・都市計画,https://www.city.shinjuku.lg.jp/kusei/index13.html,
新宿区,building_guidance,2,こちらの様式集,https://www.city.shinjuku.lg.jp/seikatsu/kenchikuc01_000103.html,まちづくり・都市計画,https://www.city.shinjuku.lg.jp/kusei/index13.html,
新宿区,building_guidance,2,こちらのページ,https://www.city.shinjuku.lg.jp/seikatsu/kenchikuc01_001004_00002.html,まちづくり・都市計画,https://www.city.shinjuku.lg.jp/kusei/index13.html,
新宿区,building_guidance,2,こちらの案内,https://www.city.shinjuku.lg.jp/seikatsu/kenchikuc01_001009.html,まちづくり・都市計画,https://www.city.shinjuku.lg.jp/kusei/index13.html,
新宿区,building_guidance,2,こちらのページ,https://www.city.shinjuku.lg.jp/seikatsu/kenchikuc01_001010.html,まちづくり・都市計画,https://www.city.shinjuku.lg.jp/kusei/index13.html,
新宿区,building_guidance,2,こちらのページ,https://www.city.shinjuku.lg.jp/seikatsu/kenchikuc01_002012_00001.html,まちづくり・都市計画,https://www.city.shinjuku.lg.jp/kusei/index13.html,
新宿区,building_guidance,2,こちらのページ,https://www.city.shinjuku.lg.jp/seikatsu/kenchikuc01_002026.html,まちづくり・都市計画,https://www.city.shinjuku.lg.jp/kusei/index13.html,
新宿区,building_guidance,2,こちらのページ,https://www.city.shinjuku.lg.jp/seikatsu/kenchikus01_002006.html,まちづくり・都市計画,https://www.city.shinjuku.lg.jp/kusei/index13.html,
新宿区,building_guidance,2,こちらのページ,https://www.city.shinjuku.lg.jp/seikatsu/kenchikus01_002012.html,まちづくり・都市計画,https://www.city.shinjuku.lg.jp/kusei/index13.html,
新宿区,building_guidance,2,こちらのページ,https://www.city.shinjuku.lg.jp/seikatsu/kenchikus01_002013.html,まちづくり・都市計画,https://www.city.shinjuku.lg.jp/kusei/index13.html,
新宿区,building_guidance,2,こちらのページ,https://www.city.shinjuku.lg.jp/seikatsu/kenchikus02_001000.html,まちづくり・都市計画,https://www.city.shinjuku.lg.jp/kusei/index13.html,
新宿区,building_guidance,2,こちらのページ,https://www.city.shinjuku.lg.jp/seikatsu/kenchikusc01_000555_00001.html,まちづくり・都市計画,https://www.city.shinjuku.lg.jp/kusei/index13.html,
新宿区,building_guidance,2,こちらのページ,https://www.city.shinjuku.lg.jp/todokede/kenchikuc01_002028.html,まちづくり・都市計画,https://www.city.shinjuku.lg.jp/kusei/index13.html,
新宿区,building_guidance,3,地区計画・建築協定,https://www.city.shinjuku.lg.jp/kusei/index13_38.html,都市計画,https://www.city.shinjuku.lg.jp/kusei/index13_12.html,
新宿区,building_guidance,3,高度地区について,https://www.city.shinjuku.lg.jp/kusei/kenchikus01_000001_00006.html,都市計画,https://www.city.shinjuku.lg.jp/kusei/index13_12.html,
新宿区,district_plan,1,まちづくり・都市計画,https://www.city.shinjuku.lg.jp/kusei/index13.html,公式トップ,https://www.city.shinjuku.lg.jp/,
新宿区,district_plan,2,安全・安心まちづくり,https://www.city.shinjuku.lg.jp/anzen/index02_05_00001.html,防災・防犯,https://www.city.shinjuku.lg.jp/anzen/index.html,
新宿区,district_plan,2,,https://www.city.shinjuku.lg.jp/kusei/index13.html#section2-3-4都市計画法・景観法など確認申請時に関係する手続きを知りたい,まちづくり・都市計画,https://www.city.shinjuku.lg.jp/kusei/index13.html,
新宿区,district_plan,2,,https://www.city.shinjuku.lg.jp/kusei/index13.html#section3-1都市計画情報・地域ごとのルールを調べたい方,まちづくり・都市計画,https://www.city.shinjuku.lg.jp/kusei/index13.html,
新宿区,district_plan,2,都市計画情報提供（用途地域等）,https://www.city.shinjuku.lg.jp/kusei/index13_08.html,まちづくり・都市計画,https://www.city.shinjuku.lg.jp/kusei/index13.html,
新宿区,district_plan,2,都市計画,https://www.city.shinjuku.lg.jp/kusei/index13_12.html,まちづくり・都市計画,https://www.city.shinjuku.lg.jp/kusei/index13.html,
新宿区,district_plan,2,景観まちづくり,https://www.city.shinjuku.lg.jp/kusei/index13_14.html,まちづくり・都市計画,https://www.city.shinjuku.lg.jp/kusei/index13.html,
新宿区,district_plan,2,地域のまちづくり,https://www.city.shinjuku.lg.jp/kusei/index13_37.html,まちづくり・都市計画,https://www.city.shinjuku.lg.jp/kusei/index13.html,
新宿区,district_plan,2,ユニバーサルデザインまちづくり・バリアフリー,https://www.city.shinjuku.lg.jp/kusei/kusei00_100014.html,まちづくり・都市計画,https://www.city.shinjuku.lg.jp/kusei/index13.html,
新宿区,district_plan,2,こちらのページ,https://www.city.shinjuku.lg.jp/kusei/toshikei01_000001_00065.html,まちづくり・都市計画,https://www.city.shinjuku.lg.jp/kusei/index13.html,
新宿区,district_plan,3,新宿区景観まちづくり審議会,https://www.city.shinjuku.lg.jp/kusei/file13_00007.html,景観まちづくり,https://www.city.shinjuku.lg.jp/kusei/index13_14.html,
新宿区,district_plan,3,都市計画図（用途地域等、都市施設等）の閲覧（ＧＩＳ形式）,https://www.city.shinjuku.lg.jp/kusei/file13_08_00001.html,都市計画情報提供（用途地域等）,https://www.city.shinjuku.lg.jp/kusei/index13_08.html,
新宿区,district_plan,3,景観に関する届出,https://www.city.shinjuku.lg.jp/kusei/index13_17.html,景観まちづくり,https://www.city.shinjuku.lg.jp/kusei/index13_14.html,
新宿区,district_plan,3,景観まちづくり計画・景観形成ガイドライン,https://www.city.shinjuku.lg.jp/kusei/index13_18.html,景観まちづくり,https://www.city.shinjuku.lg.jp/kusei/index13_14.html,
新宿区,district_plan,3,新宿区ユニバーサルデザインまちづくり条例・届出,https://www.city.shinjuku.lg.jp/kusei/index13_22.html,ユニバーサルデザインまちづくり・バリアフリー,https://www.city.shinjuku.lg.jp/kusei/kusei00_100014.html,
新宿区,district_plan,3,新宿区ユニバーサルデザインまちづくり条例遵守基準適合証,https://www.city.shinjuku.lg.jp/kusei/index13_23.html,ユニバーサルデザインまちづくり・バリアフリー,https://www.city.shinjuku.lg.jp/kusei/kusei00_100014.html,
新宿区,district_plan,3,ユニバーサルデザインまちづくりガイドライン・ガイドブック,https://www.city.shinjuku.lg.jp/kusei/index13_25.html,ユニバーサルデザインまちづくり・バリアフリー,https://www.city.shinjuku.lg.jp/kusei/kusei00_100014.html,
新宿区,district_plan,3,地区計画・建築協定,https://www.city.shinjuku.lg.jp/kusei/index13_38.html,都市計画,https://www.city.shinjuku.lg.jp/kusei/index13_12.html,
新宿区,district_plan,3,まちづくり長期計画,https://www.city.shinjuku.lg.jp/kusei/index29.html,都市計画,https://www.city.shinjuku.lg.jp/kusei/index13_12.html,
新宿区,district_plan,3,都市計画道路・公園等,https://www.city.shinjuku.lg.jp/kusei/index35.html,都市計画,https://www.city.shinjuku.lg.jp/kusei/index13_12.html,
新宿区,district_plan,3,景観まちづくりGIS情報,https://www.city.shinjuku.lg.jp/kusei/index36.html,景観まちづくり,https://www.city.shinjuku.lg.jp/kusei/index13_14.html,
新宿区,district_plan,3,これまでの景観に関する取り組み,https://www.city.shinjuku.lg.jp/kusei/index37.html,景観まちづくり,https://www.city.shinjuku.lg.jp/kusei/index13_14.html,
新宿区,district_plan,3,新宿区景観まちづくり計画・新宿区景観形成ガイドラインの改定について（令和5年3月）,https://www.city.shinjuku.lg.jp/kusei/keikan01_000001_00057.html,景観まちづくり,https://www.city.shinjuku.lg.jp/kusei/index13_14.html,
新宿区,district_plan,3,特定区域景観形成指針（歌舞伎町シネシティ広場周辺地区）,https://www.city.shinjuku.lg.jp/kusei/keikan01_002186.html,景観まちづくり,https://www.city.shinjuku.lg.jp/kusei/index13_14.html,
新宿区,district_plan,3,航空法による高さの制限について,https://www.city.shinjuku.lg.jp/kusei/toshikei01_000001_00003.html,都市計画情報提供（用途地域等）,https://www.city.shinjuku.lg.jp/kusei/index13_08.html,
新宿区,district_plan,3,用途地域等の一括変更に係る都市計画変更の決定,https://www.city.shinjuku.lg.jp/kusei/toshikei01_000001_00022.html,都市計画情報提供（用途地域等）,https://www.city.shinjuku.lg.jp/kusei/index13_08.html,
新宿区,district_plan,3,都市計画道路・公園の区域図,https://www.city.shinjuku.lg.jp/kusei/toshikei01_000001_00074.html,都市計画情報提供（用途地域等）,https://www.city.shinjuku.lg.jp/kusei/index13_08.html,
新宿区,district_plan,3,地域冷暖房区域,https://www.city.shinjuku.lg.jp/kusei/toshikei01_000001_00079.html,都市計画情報提供（用途地域等）,https://www.city.shinjuku.lg.jp/kusei/index13_08.html,
新宿区,district_plan,3,都市計画道路・河川の整備状況等や計画線の調べ方,https://www.city.shinjuku.lg.jp/kusei/toshikei01_000001_00090.html,都市計画情報提供（用途地域等）,https://www.city.shinjuku.lg.jp/kusei/index13_08.html,
新宿区,district_plan,3,都市計画道路 補助220号線の計画線位置図,https://www.city.shinjuku.lg.jp/kusei/toshikei01_000001_00097.html,都市計画情報提供（用途地域等）,https://www.city.shinjuku.lg.jp/kusei/index13_08.html,
新宿区,district_plan,3,過去の用途地域等都市計画図の誤記について,https://www.city.shinjuku.lg.jp/kusei/toshikei01_000003_00001.html,都市計画情報提供（用途地域等）,https://www.city.shinjuku.lg.jp/kusei/index13_08.html,
新宿区,district_plan,3,都市計画図（用途地域等、都市施設等）の閲覧（PDF形式）,https://www.city.shinjuku.lg.jp/kusei/toshikei01_002180.html,都市計画情報提供（用途地域等）,https://www.city.shinjuku.lg.jp/kusei/index13_08.html,
新宿区,district_plan,3,新宿区ユニバーサルデザインまちづくり審議会,https://www.city.shinjuku.lg.jp/shingi/index57.html,ユニバーサルデザインまちづくり・バリアフリー,https://www.city.shinjuku.lg.jp/kusei/kusei00_100014.html,
新宿区,district_plan,3,都市計画部-都市計画課,https://www.city.shinjuku.lg.jp/soshiki/400100toshikeikaku.html,都市計画情報提供（用途地域等）,https://www.city.shinjuku.lg.jp/kusei/index13_08.html,
新宿区,district_plan,3,都市計画部-景観・まちづくり課,https://www.city.shinjuku.lg.jp/soshiki/400201chikukeikaku.html,景観まちづくり,https://www.city.shinjuku.lg.jp/kusei/index13_14.html,
新宿区,district_plan,3,ご意見・お問い合わせ,https://www.city.shinjuku.lg.jp/soshiki/400201chikukeikaku_00001.html,景観まちづくり,https://www.city.shinjuku.lg.jp/kusei/index13_14.html,
新宿区,hazard,1,防災・防犯,https://www.city.shinjuku.lg.jp/anzen/index.html,公式トップ,https://www.city.shinjuku.lg.jp/,
新宿区,hazard,1,防災,https://www.city.shinjuku.lg.jp/anzen/index03.html,公式トップ,https://www.city.shinjuku.lg.jp/,
新宿区,hazard,1,避難場所・ターミナル駅周辺の防災対策,https://www.city.shinjuku.lg.jp/anzen/index03_07.html,公式トップ,https://www.city.shinjuku.lg.jp/,
新宿区,hazard,1,防災・防犯,https://www.city.shinjuku.lg.jp/living_12.html,公式トップ,https://www.city.shinjuku.lg.jp/,
新宿区,hazard,2,ハザードマップ（災害危険個所図）,https://www.city.shinjuku.lg.jp/anzen/anshin00_100002.html,防災,https://www.city.shinjuku.lg.jp/anzen/index03.html,
新宿区,hazard,2,防災活動の支援・啓発,https://www.city.shinjuku.lg.jp/anzen/anshin00_100003.html,防災,https://www.city.shinjuku.lg.jp/anzen/index03.html,
新宿区,hazard,2,防災関連リンク,https://www.city.shinjuku.lg.jp/anzen/file03_00015.html,防災,https://www.city.shinjuku.lg.jp/anzen/index03.html,
新宿区,hazard,2,防災に関する各種計画,https://www.city.shinjuku.lg.jp/anzen/index03_04_01.html,防災,https://www.city.shinjuku.lg.jp/anzen/index03.html,
新宿区,hazard,2,消防団・防災ボランティア,https://www.city.shinjuku.lg.jp/anzen/index03_06.html,防災,https://www.city.shinjuku.lg.jp/anzen/index03.html,
新宿区,hazard,2,新宿駅周辺地域の防災対策,https://www.city.shinjuku.lg.jp/anzen/index03_07_02.html,避難場所・ターミナル駅周辺の防災対策,https://www.city.shinjuku.lg.jp/anzen/index03_07.html,
新宿区,hazard,2,新宿区立防災センター,https://www.city.shinjuku.lg.jp/anzen/index03_10.html,防災,https://www.city.shinjuku.lg.jp/anzen/index03.html,
新宿区,hazard,2,防災訓練,https://www.city.shinjuku.lg.jp/anzen/index03_201602.html,防災,https://www.city.shinjuku.lg.jp/anzen/index03.html,
新宿区,hazard,2,マンション防災,https://www.city.shinjuku.lg.jp/anzen/index190313.html,防災,https://www.city.shinjuku.lg.jp/anzen/index03.html,
新宿区,hazard,2,防災に関する動画を配信しています,https://www.city.shinjuku.lg.jp/anzen/kikikanri01_000001_00076.html,防災,https://www.city.shinjuku.lg.jp/anzen/index03.html,
新宿区,hazard,2,耳で聴くハザードマップ,https://www.city.shinjuku.lg.jp/anzen/kikikanri01_000001_00232.html,防災,https://www.city.shinjuku.lg.jp/anzen/index03.html,
新宿区,hazard,2,新宿区防災関連事業等一覧,https://www.city.shinjuku.lg.jp/anzen/kikikanri01_002100.html,防災,https://www.city.shinjuku.lg.jp/anzen/index03.html,
新宿区,hazard,2,災害に備えて～防災関連情報一覧ページ,https://www.city.shinjuku.lg.jp/kusei/bousai2.html,防災・防犯,https://www.city.shinjuku.lg.jp/living_12.html,
新宿区,hazard,2,,https://www.city.shinjuku.lg.jp/kusei/index13.html#section3-2ハザードマップ・開発許可の履歴を調べたい方,まちづくり・都市計画,https://www.city.shinjuku.lg.jp/kusei/index13.html,
新宿区,hazard,2,多言語による防災,https://www.city.shinjuku.lg.jp/tabunka/tabunka01_002072.html,防災,https://www.city.shinjuku.lg.jp/anzen/index03.html,
新宿区,road,1,道路・交通・自転車,https://www.city.shinjuku.lg.jp/seikatsu/kurashi00_100039.html,公式トップ,https://www.city.shinjuku.lg.jp/,
新宿区,road,2,,https://www.city.shinjuku.lg.jp/kusei/index13.html#section2-3-1斜線制限や容積算定上の幅員等ボリュームチェックを行いたい方,まちづくり・都市計画,https://www.city.shinjuku.lg.jp/kusei/index13.html,
新宿区,road,2,,https://www.city.shinjuku.lg.jp/kusei/index13.html#section2-3-2-2道路における規制を知りたい方,まちづくり・都市計画,https://www.city.shinjuku.lg.jp/kusei/index13.html,
新宿区,road,2,,https://www.city.shinjuku.lg.jp/kusei/index13.html#section2-3-2造成処理の規制や道路の取扱を調べたい方,まちづくり・都市計画,https://www.city.shinjuku.lg.jp/kusei/index13.html,
新宿区,road,2,,https://www.city.shinjuku.lg.jp/kusei/index13.html#section3-3容積算定幅員、最低敷地面積などを調べたい方,まちづくり・都市計画,https://www.city.shinjuku.lg.jp/kusei/index13.html,
新宿区,road,2,道路,https://www.city.shinjuku.lg.jp/seikatsu/index17.html,道路・交通・自転車,https://www.city.shinjuku.lg.jp/seikatsu/kurashi00_100039.html,
新宿区,road,3,都市計画道路・公園等,https://www.city.shinjuku.lg.jp/kusei/index35.html,都市計画,https://www.city.shinjuku.lg.jp/kusei/index13_12.html,
新宿区,road,3,都市計画道路・公園の区域図,https://www.city.shinjuku.lg.jp/kusei/toshikei01_000001_00074.html,都市計画情報提供（用途地域等）,https://www.city.shinjuku.lg.jp/kusei/index13_08.html,
新宿区,road,3,都市計画道路・河川の整備状況等や計画線の調べ方,https://www.city.shinjuku.lg.jp/kusei/toshikei01_000001_00090.html,都市計画情報提供（用途地域等）,https://www.city.shinjuku.lg.jp/kusei/index13_08.html,
新宿区,road,3,都市計画道路 補助220号線の計画線位置図,https://www.city.shinjuku.lg.jp/kusei/toshikei01_000001_00097.html,都市計画情報提供（用途地域等）,https://www.city.shinjuku.lg.jp/kusei/index13_08.html,
杉並区,building_guidance,2,建築,https://www.city.suginami.tokyo.jp/machizukuri/toshiseibi/kenchiku/index.html,まちづくり・環境,https://www.city.suginami.tokyo.jp/machizukuri/index.html,
杉並区,building_guidance,3,区内の都市計画道路計画決定区域内における建築制限,https://www.city.suginami.tokyo.jp/s092/1875.html,新着情報一覧,https://www.city.suginami.tokyo.jp/machizukuri/shinchaku/index.html,
杉並区,building_guidance,3,建築審査会,https://www.city.suginami.tokyo.jp/s092/1893.html,新着情報一覧,https://www.city.suginami.tokyo.jp/machizukuri/shinchaku/index.html,
杉並区,building_guidance,3,杉並区大規模建築物景観形成指針（平成22年4月）,https://www.city.suginami.tokyo.jp/s094/6164.html,景観まちづくり,https://www.city.suginami.tokyo.jp/machizukuri/keikan/keikanmachizukuri/index.html,
杉並区,building_guidance,3,被災建築物の応急危険度判定,https://www.city.suginami.tokyo.jp/s096/1529.html,防災関連の情報・行事のお知らせ,https://www.city.suginami.tokyo.jp/bousai/bousai/gyouji/index.html,
杉並区,building_guidance,3,建築物再生可能エネルギー利用促進区域制度,https://www.city.suginami.tokyo.jp/s096/18541.html,新着情報一覧,https://www.city.suginami.tokyo.jp/machizukuri/shinchaku/index.html,
杉並区,building_guidance,3,建築計画概要書等の閲覧,https://www.city.suginami.tokyo.jp/s096/1869.html,新着情報一覧,https://www.city.suginami.tokyo.jp/machizukuri/shinchaku/index.html,
杉並区,building_guidance,3,建築確認台帳記載事項証明書,https://www.city.suginami.tokyo.jp/s096/1870.html,新着情報一覧,https://www.city.suginami.tokyo.jp/machizukuri/shinchaku/index.html,
杉並区,building_guidance,3,建築確認申請,https://www.city.suginami.tokyo.jp/s096/1878.html,新着情報一覧,https://www.city.suginami.tokyo.jp/machizukuri/shinchaku/index.html,
杉並区,building_guidance,3,アスベスト含有建築物等解体等工事に係る届出,https://www.city.suginami.tokyo.jp/s102/683.html,新着情報一覧,https://www.city.suginami.tokyo.jp/machizukuri/shinchaku/index.html,
杉並区,district_plan,1,まちづくり・環境,https://www.city.suginami.tokyo.jp/machizukuri/index.html,公式トップ,https://www.city.suginami.tokyo.jp/,
杉並区,district_plan,2,防災計画,https://www.city.suginami.tokyo.jp/bousai/bousai/bousaikeikaku/index.html,防災・安全,https://www.city.suginami.tokyo.jp/bousai/index.html,
杉並区,district_plan,2,路外駐車場,https://www.city.suginami.tokyo.jp/machizukuri/douro/chuushajou/index.html,まちづくり・環境,https://www.city.suginami.tokyo.jp/machizukuri/index.html,
杉並区,district_plan,2,道路・街路灯,https://www.city.suginami.tokyo.jp/machizukuri/douro/dourogairotou/index.html,まちづくり・環境,https://www.city.suginami.tokyo.jp/machizukuri/index.html,
杉並区,district_plan,2,道路,https://www.city.suginami.tokyo.jp/machizukuri/douro/index.html,まちづくり・環境,https://www.city.suginami.tokyo.jp/machizukuri/index.html,
杉並区,district_plan,2,狭あい道路拡幅整備事業,https://www.city.suginami.tokyo.jp/machizukuri/douro/kyouai/index.html,まちづくり・環境,https://www.city.suginami.tokyo.jp/machizukuri/index.html,
杉並区,district_plan,2,景観,https://www.city.suginami.tokyo.jp/machizukuri/index.html#a10839,まちづくり・環境,https://www.city.suginami.tokyo.jp/machizukuri/index.html,
杉並区,district_plan,2,公園・緑化,https://www.city.suginami.tokyo.jp/machizukuri/index.html#a10840,まちづくり・環境,https://www.city.suginami.tokyo.jp/machizukuri/index.html,
杉並区,district_plan,2,都市整備,https://www.city.suginami.tokyo.jp/machizukuri/index.html#a10841,まちづくり・環境,https://www.city.suginami.tokyo.jp/machizukuri/index.html,
杉並区,district_plan,2,道路,https://www.city.suginami.tokyo.jp/machizukuri/index.html#a10842,まちづくり・環境,https://www.city.suginami.tokyo.jp/machizukuri/index.html,
杉並区,district_plan,2,環境,https://www.city.suginami.tokyo.jp/machizukuri/index.html#a10843,まちづくり・環境,https://www.city.suginami.tokyo.jp/machizukuri/index.html,
杉並区,district_plan,2,先頭に戻る,https://www.city.suginami.tokyo.jp/machizukuri/index.html#tmp_header,まちづくり・環境,https://www.city.suginami.tokyo.jp/machizukuri/index.html,
杉並区,district_plan,2,本文へスキップします。,https://www.city.suginami.tokyo.jp/machizukuri/index.html#tmp_honbun,まちづくり・環境,https://www.city.suginami.tokyo.jp/machizukuri/index.html,
杉並区,district_plan,2,環境美化の推進,https://www.city.suginami.tokyo.jp/machizukuri/kankyou/bika/index.html,まちづくり・環境,https://www.city.suginami.tokyo.jp/machizukuri/index.html,
杉並区,district_plan,2,電磁波,https://www.city.suginami.tokyo.jp/machizukuri/kankyou/denjiha/index.html,まちづくり・環境,https://www.city.suginami.tokyo.jp/machizukuri/index.html,
杉並区,district_plan,2,環境,https://www.city.suginami.tokyo.jp/machizukuri/kankyou/index.html,まちづくり・環境,https://www.city.suginami.tokyo.jp/machizukuri/index.html,
杉並区,district_plan,2,テレビの受信障害,https://www.city.suginami.tokyo.jp/machizukuri/kankyou/jushinshougai/index.html,まちづくり・環境,https://www.city.suginami.tokyo.jp/machizukuri/index.html,
杉並区,district_plan,2,環境調査,https://www.city.suginami.tokyo.jp/machizukuri/kankyou/kankyo/index.html,まちづくり・環境,https://www.city.suginami.tokyo.jp/machizukuri/index.html,
杉並区,district_plan,2,環境配慮優良事業者認定制度,https://www.city.suginami.tokyo.jp/machizukuri/kankyou/kankyohairyo/index.html,まちづくり・環境,https://www.city.suginami.tokyo.jp/machizukuri/index.html,
杉並区,district_plan,2,気候区民会議,https://www.city.suginami.tokyo.jp/machizukuri/kankyou/kikoukumin/index.html,まちづくり・環境,https://www.city.suginami.tokyo.jp/machizukuri/index.html,
杉並区,district_plan,2,ワンウェイプラスチックの削減（給水機の設置・リユース容器）,https://www.city.suginami.tokyo.jp/machizukuri/kankyou/mybag/index.html,まちづくり・環境,https://www.city.suginami.tokyo.jp/machizukuri/index.html,
杉並区,district_plan,2,環境汚染・公害,https://www.city.suginami.tokyo.jp/machizukuri/kankyou/osen/index.html,まちづくり・環境,https://www.city.suginami.tokyo.jp/machizukuri/index.html,
杉並区,district_plan,2,震災・放射能対応,https://www.city.suginami.tokyo.jp/machizukuri/kankyou/shinsai/index.html,まちづくり・環境,https://www.city.suginami.tokyo.jp/machizukuri/index.html,
杉並区,district_plan,2,区施設のエネルギー・省エネの取組,https://www.city.suginami.tokyo.jp/machizukuri/kankyou/shisetuene/index.html,まちづくり・環境,https://www.city.suginami.tokyo.jp/machizukuri/index.html,
杉並区,district_plan,2,杉並の自然・環境,https://www.city.suginami.tokyo.jp/machizukuri/kankyou/shizen/index.html,まちづくり・環境,https://www.city.suginami.tokyo.jp/machizukuri/index.html,
杉並区,district_plan,2,ゼロカーボンシティ機運醸成事業,https://www.city.suginami.tokyo.jp/machizukuri/kankyou/zerocabon/index.html,まちづくり・環境,https://www.city.suginami.tokyo.jp/machizukuri/index.html,
杉並区,district_plan,2,景観,https://www.city.suginami.tokyo.jp/machizukuri/keikan/index.html,まちづくり・環境,https://www.city.suginami.tokyo.jp/machizukuri/index.html,
杉並区,district_plan,2,景観まちづくり,https://www.city.suginami.tokyo.jp/machizukuri/keikan/keikanmachizukuri/index.html,まちづくり・環境,https://www.city.suginami.tokyo.jp/machizukuri/index.html,
杉並区,district_plan,2,公園・緑化,https://www.city.suginami.tokyo.jp/machizukuri/kouen/index.html,まちづくり・環境,https://www.city.suginami.tokyo.jp/machizukuri/index.html,
杉並区,district_plan,2,公園の基本計画,https://www.city.suginami.tokyo.jp/machizukuri/kouen/kihonkeikaku/index.html,まちづくり・環境,https://www.city.suginami.tokyo.jp/machizukuri/index.html,
杉並区,district_plan,2,公園一覧,https://www.city.suginami.tokyo.jp/machizukuri/kouen/kouenichiran/index.html,まちづくり・環境,https://www.city.suginami.tokyo.jp/machizukuri/index.html,
杉並区,district_plan,2,緑化,https://www.city.suginami.tokyo.jp/machizukuri/kouen/ryokka/index.html,まちづくり・環境,https://www.city.suginami.tokyo.jp/machizukuri/index.html,
杉並区,district_plan,2,公園で楽しむ,https://www.city.suginami.tokyo.jp/machizukuri/kouen/tanoshimu/index.html,まちづくり・環境,https://www.city.suginami.tokyo.jp/machizukuri/index.html,
杉並区,district_plan,2,杉並区多世代が利用できる公園づくり基本方針,https://www.city.suginami.tokyo.jp/machizukuri/kouen/tasedaikouen/index.html,まちづくり・環境,https://www.city.suginami.tokyo.jp/machizukuri/index.html,
杉並区,district_plan,2,ボランティア,https://www.city.suginami.tokyo.jp/machizukuri/kouen/volunteer/index.html,まちづくり・環境,https://www.city.suginami.tokyo.jp/machizukuri/index.html,
杉並区,district_plan,2,（仮称）みんなの夢水路,https://www.city.suginami.tokyo.jp/machizukuri/kouen/yumesuiro/index.html,まちづくり・環境,https://www.city.suginami.tokyo.jp/machizukuri/index.html,
杉並区,district_plan,2,新着情報一覧,https://www.city.suginami.tokyo.jp/machizukuri/shinchaku/index.html,まちづくり・環境,https://www.city.suginami.tokyo.jp/machizukuri/index.html,
杉並区,district_plan,2,総合治水対策,https://www.city.suginami.tokyo.jp/machizukuri/toshiseibi/chisui/index.html,まちづくり・環境,https://www.city.suginami.tokyo.jp/machizukuri/index.html,
杉並区,district_plan,2,都市整備,https://www.city.suginami.tokyo.jp/machizukuri/toshiseibi/index.html,まちづくり・環境,https://www.city.suginami.tokyo.jp/machizukuri/index.html,
杉並区,district_plan,2,開発,https://www.city.suginami.tokyo.jp/machizukuri/toshiseibi/kaihatsu/index.html,まちづくり・環境,https://www.city.suginami.tokyo.jp/machizukuri/index.html,
杉並区,district_plan,2,建築,https://www.city.suginami.tokyo.jp/machizukuri/toshiseibi/kenchiku/index.html,まちづくり・環境,https://www.city.suginami.tokyo.jp/machizukuri/index.html,
杉並区,district_plan,2,まちづくり,https://www.city.suginami.tokyo.jp/machizukuri/toshiseibi/machizukuri/index.html,まちづくり・環境,https://www.city.suginami.tokyo.jp/machizukuri/index.html,
杉並区,district_plan,2,土地,https://www.city.suginami.tokyo.jp/machizukuri/toshiseibi/tochi/index.html,まちづくり・環境,https://www.city.suginami.tokyo.jp/machizukuri/index.html,
杉並区,district_plan,2,都市計画,https://www.city.suginami.tokyo.jp/machizukuri/toshiseibi/toshikeikaku/index.html,まちづくり・環境,https://www.city.suginami.tokyo.jp/machizukuri/index.html,
杉並区,district_plan,2,都市計画公園・緑地の整備方針,https://www.city.suginami.tokyo.jp/s100/1705.html,まちづくり・環境,https://www.city.suginami.tokyo.jp/machizukuri/index.html,
杉並区,district_plan,3,先頭に戻る,https://www.city.suginami.tokyo.jp/bousai/bousai/bousaikeikaku/index.html#tmp_header,防災計画,https://www.city.suginami.tokyo.jp/bousai/bousai/bousaikeikaku/index.html,
杉並区,district_plan,3,本文へスキップします。,https://www.city.suginami.tokyo.jp/bousai/bousai/bousaikeikaku/index.html#tmp_honbun,防災計画,https://www.city.suginami.tokyo.jp/bousai/bousai/bousaikeikaku/index.html,
杉並区,district_plan,3,先頭に戻る,https://www.city.suginami.tokyo.jp/machizukuri/keikan/index.html#tmp_header,景観,https://www.city.suginami.tokyo.jp/machizukuri/keikan/index.html,
杉並区,district_plan,3,本文へスキップします。,https://www.city.suginami.tokyo.jp/machizukuri/keikan/index.html#tmp_honbun,景観,https://www.city.suginami.tokyo.jp/machizukuri/keikan/index.html,
杉並区,district_plan,3,先頭に戻る,https://www.city.suginami.tokyo.jp/machizukuri/keikan/keikanmachizukuri/index.html#tmp_header,景観まちづくり,https://www.city.suginami.tokyo.jp/machizukuri/keikan/keikanmachizukuri/index.html,
杉並区,district_plan,3,本文へスキップします。,https://www.city.suginami.tokyo.jp/machizukuri/keikan/keikanmachizukuri/index.html#tmp_honbun,景観まちづくり,https://www.city.suginami.tokyo.jp/machizukuri/keikan/keikanmachizukuri/index.html,
杉並区,district_plan,3,杉並景観録,https://www.city.suginami.tokyo.jp/machizukuri/keikan/keikanmachizukuri/keikan/index.html,景観まちづくり,https://www.city.suginami.tokyo.jp/machizukuri/keikan/keikanmachizukuri/index.html,
杉並区,district_plan,3,杉並「まち」デザイン賞リーフレット,https://www.city.suginami.tokyo.jp/machizukuri/keikan/keikanmachizukuri/leaflet/index.html,景観まちづくり,https://www.city.suginami.tokyo.jp/machizukuri/keikan/keikanmachizukuri/index.html,
杉並区,district_plan,3,先頭に戻る,https://www.city.suginami.tokyo.jp/machizukuri/kouen/index.html#tmp_header,公園・緑化,https://www.city.suginami.tokyo.jp/machizukuri/kouen/index.html,
杉並区,district_plan,3,本文へスキップします。,https://www.city.suginami.tokyo.jp/machizukuri/kouen/index.html#tmp_honbun,公園・緑化,https://www.city.suginami.tokyo.jp/machizukuri/kouen/index.html,
杉並区,district_plan,3,先頭に戻る,https://www.city.suginami.tokyo.jp/machizukuri/shinchaku/index.html#tmp_header,新着情報一覧,https://www.city.suginami.tokyo.jp/machizukuri/shinchaku/index.html,
杉並区,district_plan,3,本文へスキップします。,https://www.city.suginami.tokyo.jp/machizukuri/shinchaku/index.html#tmp_honbun,新着情報一覧,https://www.city.suginami.tokyo.jp/machizukuri/shinchaku/index.html,
杉並区,district_plan,3,都市計画審議会,https://www.city.suginami.tokyo.jp/s092/1698.html,新着情報一覧,https://www.city.suginami.tokyo.jp/machizukuri/shinchaku/index.html,
杉並区,district_plan,3,都市計画の確認,https://www.city.suginami.tokyo.jp/s092/1858.html,新着情報一覧,https://www.city.suginami.tokyo.jp/machizukuri/shinchaku/index.html,
杉並区,district_plan,3,区内の都市計画道路計画決定区域内における建築制限,https://www.city.suginami.tokyo.jp/s092/1875.html,新着情報一覧,https://www.city.suginami.tokyo.jp/machizukuri/shinchaku/index.html,
杉並区,district_plan,3,都市計画法第65条許可申請について,https://www.city.suginami.tokyo.jp/s092/1876.html,新着情報一覧,https://www.city.suginami.tokyo.jp/machizukuri/shinchaku/index.html,
杉並区,district_plan,3,都市計画道路の計画線について,https://www.city.suginami.tokyo.jp/s092/19043.html,新着情報一覧,https://www.city.suginami.tokyo.jp/machizukuri/shinchaku/index.html,
杉並区,district_plan,3,事前復興まちづくり,https://www.city.suginami.tokyo.jp/s092/23014.html,新着情報一覧,https://www.city.suginami.tokyo.jp/machizukuri/shinchaku/index.html,
杉並区,district_plan,3,下高井戸駅周辺まちづくり,https://www.city.suginami.tokyo.jp/s094/1634.html,新着情報一覧,https://www.city.suginami.tokyo.jp/machizukuri/shinchaku/index.html,
杉並区,district_plan,3,荻窪駅周辺まちづくり,https://www.city.suginami.tokyo.jp/s094/1635.html,新着情報一覧,https://www.city.suginami.tokyo.jp/machizukuri/shinchaku/index.html,
杉並区,district_plan,3,下井草駅周辺まちづくり,https://www.city.suginami.tokyo.jp/s094/1646.html,新着情報一覧,https://www.city.suginami.tokyo.jp/machizukuri/shinchaku/index.html,
杉並区,district_plan,3,公民連携まちづくり,https://www.city.suginami.tokyo.jp/s094/1653.html,新着情報一覧,https://www.city.suginami.tokyo.jp/machizukuri/shinchaku/index.html,
杉並区,district_plan,3,「対話」を大切にしたまちづくり,https://www.city.suginami.tokyo.jp/s094/1675.html,新着情報一覧,https://www.city.suginami.tokyo.jp/machizukuri/shinchaku/index.html,
杉並区,district_plan,3,京王井の頭線沿線のまちづくり,https://www.city.suginami.tokyo.jp/s094/17245.html,新着情報一覧,https://www.city.suginami.tokyo.jp/machizukuri/shinchaku/index.html,
杉並区,district_plan,3,杉並区景観計画について,https://www.city.suginami.tokyo.jp/s094/22306.html,景観まちづくり,https://www.city.suginami.tokyo.jp/machizukuri/keikan/keikanmachizukuri/index.html,
杉並区,district_plan,3,杉並区景観色彩ガイドライン（平成22年4月）,https://www.city.suginami.tokyo.jp/s094/6163.html,景観まちづくり,https://www.city.suginami.tokyo.jp/machizukuri/keikan/keikanmachizukuri/index.html,
杉並区,district_plan,3,杉並区大規模建築物景観形成指針（平成22年4月）,https://www.city.suginami.tokyo.jp/s094/6164.html,景観まちづくり,https://www.city.suginami.tokyo.jp/machizukuri/keikan/keikanmachizukuri/index.html,
杉並区,district_plan,3,杉並区公共施設景観形成指針（平成22年4月）,https://www.city.suginami.tokyo.jp/s094/6165.html,景観まちづくり,https://www.city.suginami.tokyo.jp/machizukuri/keikan/keikanmachizukuri/index.html,
杉並区,district_plan,3,事前協議・届出による杉並区の景観形成,https://www.city.suginami.tokyo.jp/s094/6166.html,景観まちづくり,https://www.city.suginami.tokyo.jp/machizukuri/keikan/keikanmachizukuri/index.html,
杉並区,district_plan,3,優良な景観事例集,https://www.city.suginami.tokyo.jp/s094/6167.html,景観まちづくり,https://www.city.suginami.tokyo.jp/machizukuri/keikan/keikanmachizukuri/index.html,
杉並区,district_plan,3,荻窪駅周辺まちづくり（資料集）,https://www.city.suginami.tokyo.jp/s094/6497.html,新着情報一覧,https://www.city.suginami.tokyo.jp/machizukuri/shinchaku/index.html,
杉並区,district_plan,3,都市計画道路,https://www.city.suginami.tokyo.jp/s098/1700.html,新着情報一覧,https://www.city.suginami.tokyo.jp/machizukuri/shinchaku/index.html,
杉並区,district_plan,3,都市計画道路区施行優先整備路線の取組み状況,https://www.city.suginami.tokyo.jp/s098/1701.html,新着情報一覧,https://www.city.suginami.tokyo.jp/machizukuri/shinchaku/index.html,
杉並区,district_plan,3,区内の都市計画道路の効果検証について,https://www.city.suginami.tokyo.jp/s098/20972.html,新着情報一覧,https://www.city.suginami.tokyo.jp/machizukuri/shinchaku/index.html,
杉並区,hazard,1,救急医療・防災・防犯,https://www.city.suginami.tokyo.jp/anzen/index.html,公式トップ,https://www.city.suginami.tokyo.jp/,
杉並区,hazard,1,ハザードマップほか,https://www.city.suginami.tokyo.jp/bousai/bousai/index.html,公式トップ,https://www.city.suginami.tokyo.jp/,
杉並区,hazard,1,防災・安全,https://www.city.suginami.tokyo.jp/bousai/index.html,公式トップ,https://www.city.suginami.tokyo.jp/,
杉並区,hazard,2,防災計画,https://www.city.suginami.tokyo.jp/bousai/bousai/bousaikeikaku/index.html,防災・安全,https://www.city.suginami.tokyo.jp/bousai/index.html,
杉並区,hazard,2,防災関連の情報・行事のお知らせ,https://www.city.suginami.tokyo.jp/bousai/bousai/gyouji/index.html,防災・安全,https://www.city.suginami.tokyo.jp/bousai/index.html,
杉並区,hazard,2,ハザードマップ・地震被害シミュレーション,https://www.city.suginami.tokyo.jp/bousai/bousai/hazardmap/index.html,防災・安全,https://www.city.suginami.tokyo.jp/bousai/index.html,
杉並区,hazard,2,災害・防災情報の周知,https://www.city.suginami.tokyo.jp/bousai/bousai/shuuchi/index.html,防災・安全,https://www.city.suginami.tokyo.jp/bousai/index.html,
杉並区,hazard,2,防災,https://www.city.suginami.tokyo.jp/bousai/index.html#a10802,防災・安全,https://www.city.suginami.tokyo.jp/bousai/index.html,
杉並区,hazard,2,救急医療・防災・防犯（杉並区の安全・安心情報）,https://www.city.suginami.tokyo.jp/bousai/index.html#a17249,防災・安全,https://www.city.suginami.tokyo.jp/bousai/index.html,
杉並区,hazard,2,土砂災害ハザードマップ,https://www.city.suginami.tokyo.jp/s015/1526.html,救急医療・防災・防犯,https://www.city.suginami.tokyo.jp/anzen/index.html,
杉並区,hazard,2,防災・防犯情報メール配信サービス,https://www.city.suginami.tokyo.jp/s015/1535.html,救急医療・防災・防犯,https://www.city.suginami.tokyo.jp/anzen/index.html,
杉並区,hazard,2,わが家の水害ハザードマップ,https://www.city.suginami.tokyo.jp/s098/462.html,救急医療・防災・防犯,https://www.city.suginami.tokyo.jp/anzen/index.html,
杉並区,hazard,3,防災・安全の新着情報一覧,https://www.city.suginami.tokyo.jp/bousai/shinchaku/index.html,防災,https://www.city.suginami.tokyo.jp/bousai/bousai/index.html,
杉並区,hazard,3,マンション防災,https://www.city.suginami.tokyo.jp/s015/1473.html,防災関連の情報・行事のお知らせ,https://www.city.suginami.tokyo.jp/bousai/bousai/gyouji/index.html,
杉並区,hazard,3,地域防災計画,https://www.city.suginami.tokyo.jp/s015/1491.html,防災計画,https://www.city.suginami.tokyo.jp/bousai/bousai/bousaikeikaku/index.html,
杉並区,hazard,3,土砂災害警戒情報,https://www.city.suginami.tokyo.jp/s015/1492.html,防災関連の情報・行事のお知らせ,https://www.city.suginami.tokyo.jp/bousai/bousai/gyouji/index.html,
杉並区,hazard,3,防災の関連情報のご案内,https://www.city.suginami.tokyo.jp/s015/1494.html,防災関連の情報・行事のお知らせ,https://www.city.suginami.tokyo.jp/bousai/bousai/gyouji/index.html,
杉並区,hazard,3,各種防災ビデオ等の一覧,https://www.city.suginami.tokyo.jp/s015/1495.html,防災関連の情報・行事のお知らせ,https://www.city.suginami.tokyo.jp/bousai/bousai/gyouji/index.html,
杉並区,hazard,3,防災行政無線電話応答サービス,https://www.city.suginami.tokyo.jp/s015/1537.html,災害・防災情報の周知,https://www.city.suginami.tokyo.jp/bousai/bousai/shuuchi/index.html,
杉並区,hazard,3,防災行政無線からの放送内容について,https://www.city.suginami.tokyo.jp/s015/1539.html,災害・防災情報の周知,https://www.city.suginami.tokyo.jp/bousai/bousai/shuuchi/index.html,
杉並区,hazard,3,半地下家屋、地下室では浸水被害に十分なご注意をお願いします,https://www.city.suginami.tokyo.jp/s098/1575.html,新着情報一覧,https://www.city.suginami.tokyo.jp/machizukuri/shinchaku/index.html,
杉並区,road,2,杉並区河川ライブカメラ,https://www.city.suginami.tokyo.jp/kasenlive/index.html,防災・安全,https://www.city.suginami.tokyo.jp/bousai/index.html,
杉並区,road,2,路外駐車場,https://www.city.suginami.tokyo.jp/machizukuri/douro/chuushajou/index.html,まちづくり・環境,https://www.city.suginami.tokyo.jp/machizukuri/index.html,
杉並区,road,2,道路・街路灯,https://www.city.suginami.tokyo.jp/machizukuri/douro/dourogairotou/index.html,まちづくり・環境,https://www.city.suginami.tokyo.jp/machizukuri/index.html,
杉並区,road,2,道路,https://www.city.suginami.tokyo.jp/machizukuri/douro/index.html,まちづくり・環境,https://www.city.suginami.tokyo.jp/machizukuri/index.html,
杉並区,road,2,狭あい道路拡幅整備事業,https://www.city.suginami.tokyo.jp/machizukuri/douro/kyouai/index.html,まちづくり・環境,https://www.city.suginami.tokyo.jp/machizukuri/index.html,
杉並区,road,2,道路,https://www.city.suginami.tokyo.jp/machizukuri/index.html#a10842,まちづくり・環境,https://www.city.suginami.tokyo.jp/machizukuri/index.html,
杉並区,road,2,道路通報システム「My City Report（MCR）」,https://www.city.suginami.tokyo.jp/s101/22456.html,まちづくり・環境,https://www.city.suginami.tokyo.jp/machizukuri/index.html,
杉並区,road,3,東京外かく環状道路（外環本線）,https://www.city.suginami.tokyo.jp/s092/1702.html,新着情報一覧,https://www.city.suginami.tokyo.jp/machizukuri/shinchaku/index.html,
杉並区,road,3,区内の都市計画道路計画決定区域内における建築制限,https://www.city.suginami.tokyo.jp/s092/1875.html,新着情報一覧,https://www.city.suginami.tokyo.jp/machizukuri/shinchaku/index.html,
杉並区,road,3,都市計画道路の計画線について,https://www.city.suginami.tokyo.jp/s092/19043.html,新着情報一覧,https://www.city.suginami.tokyo.jp/machizukuri/shinchaku/index.html,
杉並区,road,3,道路台帳の閲覧,https://www.city.suginami.tokyo.jp/s097/1586.html,新着情報一覧,https://www.city.suginami.tokyo.jp/machizukuri/shinchaku/index.html,
杉並区,road,3,道路境界の確定,https://www.city.suginami.tokyo.jp/s097/1589.html,新着情報一覧,https://www.city.suginami.tokyo.jp/machizukuri/shinchaku/index.html,
杉並区,road,3,区道の幅員証明,https://www.city.suginami.tokyo.jp/s097/1597.html,新着情報一覧,https://www.city.suginami.tokyo.jp/machizukuri/shinchaku/index.html,
杉並区,road,3,都市計画道路,https://www.city.suginami.tokyo.jp/s098/1700.html,新着情報一覧,https://www.city.suginami.tokyo.jp/machizukuri/shinchaku/index.html,
杉並区,road,3,都市計画道路区施行優先整備路線の取組み状況,https://www.city.suginami.tokyo.jp/s098/1701.html,新着情報一覧,https://www.city.suginami.tokyo.jp/machizukuri/shinchaku/index.html,
杉並区,road,3,区内の都市計画道路の効果検証について,https://www.city.suginami.tokyo.jp/s098/20972.html,新着情報一覧,https://www.city.suginami.tokyo.jp/machizukuri/shinchaku/index.html,
杉並区,road,3,狭あい道路拡幅整備事業,https://www.city.suginami.tokyo.jp/s099/1885.html,新着情報一覧,https://www.city.suginami.tokyo.jp/machizukuri/shinchaku/index.html,
杉並区,road,3,施策の実施状況（狭あい道路拡幅整備事業）,https://www.city.suginami.tokyo.jp/s099/6417.html,新着情報一覧,https://www.city.suginami.tokyo.jp/machizukuri/shinchaku/index.html,
杉並区,road,3,私道の整備,https://www.city.suginami.tokyo.jp/s101/1591.html,新着情報一覧,https://www.city.suginami.tokyo.jp/machizukuri/shinchaku/index.html,
板橋区,building_guidance,1,土地・建築,https://www.city.itabashi.tokyo.jp/bousai/tochi/index.html,公式トップ,https://www.city.itabashi.tokyo.jp/,
板橋区,building_guidance,2,大規模建築物等指導要綱に基づく防災施設設置基準,https://www.city.itabashi.tokyo.jp/bousai/bousai/1055037.html,防災・環境・まちづくり トップ,https://www.city.itabashi.tokyo.jp/bousai/index.html,
板橋区,building_guidance,2,私道助成について,https://www.city.itabashi.tokyo.jp/bousai/douro/shidou/index.html,防災・環境・まちづくり トップ,https://www.city.itabashi.tokyo.jp/bousai/index.html,
板橋区,building_guidance,2,建築物等の省エネルギー及び環境配慮について,https://www.city.itabashi.tokyo.jp/bousai/kankyo/ondanka/1005861.html,ゼロカーボンシティ表明,https://www.city.itabashi.tokyo.jp/bousai/kankyo/ondanka/1037278.html,
板橋区,building_guidance,2,建築情報案内システム,https://www.city.itabashi.tokyo.jp/bousai/tochi/1047743.html,防災・環境・まちづくり トップ,https://www.city.itabashi.tokyo.jp/bousai/index.html,
板橋区,building_guidance,2,被災建築物の応急危険度判定,https://www.city.itabashi.tokyo.jp/bousai/tochi/1051275.html,防災・環境・まちづくり トップ,https://www.city.itabashi.tokyo.jp/bousai/index.html,
板橋区,building_guidance,2,区の公共建築物,https://www.city.itabashi.tokyo.jp/bousai/tochi/koukyo/index.html,防災・環境・まちづくり トップ,https://www.city.itabashi.tokyo.jp/bousai/index.html,
板橋区,building_guidance,2,建築審査会・地域住宅計画,https://www.city.itabashi.tokyo.jp/bousai/tochi/sonota/index.html,防災・環境・まちづくり トップ,https://www.city.itabashi.tokyo.jp/bousai/index.html,
板橋区,building_guidance,3,板橋区大規模建築物等指導要綱等の一部改正について （PDF 387.7KB）,https://www.city.itabashi.tokyo.jp/_res/projects/default_project/_page_/001/055/037/daikiboyoukoukaisei.pdf,大規模建築物等指導要綱に基づく防災施設設置基準,https://www.city.itabashi.tokyo.jp/bousai/bousai/1055037.html,
板橋区,district_plan,1,かわまちづくり,https://www.city.itabashi.tokyo.jp/bousai/1052744/index.html,公式トップ,https://www.city.itabashi.tokyo.jp/,
板橋区,district_plan,1,まちづくり（かわまちづくり以外）,https://www.city.itabashi.tokyo.jp/bousai/1059698/index.html,公式トップ,https://www.city.itabashi.tokyo.jp/,
板橋区,district_plan,1,防災・環境・まちづくり トップ,https://www.city.itabashi.tokyo.jp/bousai/index.html,公式トップ,https://www.city.itabashi.tokyo.jp/,
板橋区,district_plan,1,都市計画・景観計画・交通政策,https://www.city.itabashi.tokyo.jp/bousai/toshikeiakku/index.html,公式トップ,https://www.city.itabashi.tokyo.jp/,
板橋区,district_plan,2,「板橋区かわまちづくり基本構想」発表,https://www.city.itabashi.tokyo.jp/bousai/1052744/1050324.html,防災・環境・まちづくり トップ,https://www.city.itabashi.tokyo.jp/bousai/index.html,
板橋区,district_plan,2,板橋区かわまちづくり協議会資料・会議録,https://www.city.itabashi.tokyo.jp/bousai/1052744/1052659.html,防災・環境・まちづくり トップ,https://www.city.itabashi.tokyo.jp/bousai/index.html,
板橋区,district_plan,2,令和6年1月30日発表　水辺の魅力あふれる「自然体験型アーバンリバーパーク」が荒川河川敷に誕生します～板橋区かわまちづくり基本構想「ITTA KAWAMACHI PROJECT」を発表～,https://www.city.itabashi.tokyo.jp/bousai/1052744/1052761.html,防災・環境・まちづくり トップ,https://www.city.itabashi.tokyo.jp/bousai/index.html,
板橋区,district_plan,2,【結果公表】板橋区かわまちづくりにおける公民連携に関するサウンディング型市場調査の実施について,https://www.city.itabashi.tokyo.jp/bousai/1052744/1055721.html,防災・環境・まちづくり トップ,https://www.city.itabashi.tokyo.jp/bousai/index.html,
板橋区,district_plan,2,【終了】板橋区親子たこあげ大会に「かわまちづくりPRコーナー」を出展します,https://www.city.itabashi.tokyo.jp/bousai/1052744/1057496.html,防災・環境・まちづくり トップ,https://www.city.itabashi.tokyo.jp/bousai/index.html,
板橋区,district_plan,2,板橋区の「かわまちづくり」,https://www.city.itabashi.tokyo.jp/bousai/1052744/1059085.html,防災・環境・まちづくり トップ,https://www.city.itabashi.tokyo.jp/bousai/index.html,
板橋区,district_plan,2,板橋区かわまちづくり「トライアル・サウンディング」参加事業者募集,https://www.city.itabashi.tokyo.jp/bousai/1052744/1060890.html,防災・環境・まちづくり トップ,https://www.city.itabashi.tokyo.jp/bousai/index.html,
板橋区,district_plan,2,板橋区かわまちづくり　荒川河川敷に「シェアサイクルポート」を設置しました。,https://www.city.itabashi.tokyo.jp/bousai/1052744/1062070.html,防災・環境・まちづくり トップ,https://www.city.itabashi.tokyo.jp/bousai/index.html,
板橋区,district_plan,2,板橋区かわまちづくり基本計画を策定しました,https://www.city.itabashi.tokyo.jp/bousai/1052744/1062133.html,防災・環境・まちづくり トップ,https://www.city.itabashi.tokyo.jp/bousai/index.html,
板橋区,district_plan,2,板橋区かわまちづくりトライアル・サウンディング第1弾「あらかわJMフェスティバル」を開催します。,https://www.city.itabashi.tokyo.jp/bousai/1052744/1062932.html,防災・環境・まちづくり トップ,https://www.city.itabashi.tokyo.jp/bousai/index.html,
板橋区,district_plan,2,板橋区かわまちづくり基本計画パネル展を開催中！,https://www.city.itabashi.tokyo.jp/bousai/1052744/1063938.html,防災・環境・まちづくり トップ,https://www.city.itabashi.tokyo.jp/bousai/index.html,
板橋区,district_plan,2,防災まちづくり,https://www.city.itabashi.tokyo.jp/bousai/1059698/1059700/index.html,防災・環境・まちづくり トップ,https://www.city.itabashi.tokyo.jp/bousai/index.html,
板橋区,district_plan,2,東武東上線沿線まちづくり,https://www.city.itabashi.tokyo.jp/bousai/1059698/1059958/index.html,防災・環境・まちづくり トップ,https://www.city.itabashi.tokyo.jp/bousai/index.html,
板橋区,district_plan,2,緑に関する取り組み,https://www.city.itabashi.tokyo.jp/bousai/ryokuka/keikaku/index.html,防災・環境・まちづくり トップ,https://www.city.itabashi.tokyo.jp/bousai/index.html,
板橋区,district_plan,2,エンターキーを押すと、ナビゲーション部分をスキップし本文へ移動します。,https://www.city.itabashi.tokyo.jp/bousai/toshikeiakku/index.html#HONBUN,都市計画・景観計画・交通政策,https://www.city.itabashi.tokyo.jp/bousai/toshikeiakku/index.html,
板橋区,district_plan,2,,https://www.city.itabashi.tokyo.jp/bousai/toshikeiakku/index.html#wrap,都市計画・景観計画・交通政策,https://www.city.itabashi.tokyo.jp/bousai/toshikeiakku/index.html,
板橋区,district_plan,2,都市計画,https://www.city.itabashi.tokyo.jp/bousai/toshikeiakku/keikaku/index.html,防災・環境・まちづくり トップ,https://www.city.itabashi.tokyo.jp/bousai/index.html,
板橋区,district_plan,2,景観計画,https://www.city.itabashi.tokyo.jp/bousai/toshikeiakku/keikan/index.html,防災・環境・まちづくり トップ,https://www.city.itabashi.tokyo.jp/bousai/index.html,
板橋区,district_plan,2,交通政策,https://www.city.itabashi.tokyo.jp/bousai/toshikeiakku/kotsu/index.html,防災・環境・まちづくり トップ,https://www.city.itabashi.tokyo.jp/bousai/index.html,
板橋区,hazard,1,いざというときに （救急・防犯・防災）,https://www.city.itabashi.tokyo.jp/1014978/index.html,公式トップ,https://www.city.itabashi.tokyo.jp/,
板橋区,hazard,1,防災,https://www.city.itabashi.tokyo.jp/bousai/bousai/index.html,公式トップ,https://www.city.itabashi.tokyo.jp/,
板橋区,hazard,1,防災・環境・まちづくり トップ,https://www.city.itabashi.tokyo.jp/bousai/index.html,公式トップ,https://www.city.itabashi.tokyo.jp/,
板橋区,hazard,2,防災まちづくり,https://www.city.itabashi.tokyo.jp/bousai/1059698/1059700/index.html,防災・環境・まちづくり トップ,https://www.city.itabashi.tokyo.jp/bousai/index.html,
板橋区,hazard,2,防災ガイドブック,https://www.city.itabashi.tokyo.jp/bousai/bousai/1005660.html,防災・環境・まちづくり トップ,https://www.city.itabashi.tokyo.jp/bousai/index.html,
板橋区,hazard,2,総合防災訓練,https://www.city.itabashi.tokyo.jp/bousai/bousai/1020085/index.html,防災・環境・まちづくり トップ,https://www.city.itabashi.tokyo.jp/bousai/index.html,
板橋区,hazard,2,いたばし防災＋プロジェクト,https://www.city.itabashi.tokyo.jp/bousai/bousai/1029032/index.html,防災・環境・まちづくり トップ,https://www.city.itabashi.tokyo.jp/bousai/index.html,
板橋区,hazard,2,板橋区の防災施策に関する懇談会記録,https://www.city.itabashi.tokyo.jp/bousai/bousai/1040217.html,防災・環境・まちづくり トップ,https://www.city.itabashi.tokyo.jp/bousai/index.html,
板橋区,hazard,2,大規模建築物等指導要綱に基づく防災施設設置基準,https://www.city.itabashi.tokyo.jp/bousai/bousai/1055037.html,防災・環境・まちづくり トップ,https://www.city.itabashi.tokyo.jp/bousai/index.html,
板橋区,hazard,2,いたばし防災＋カタログは、令和7年8月31日をもって事業を終了しました。,https://www.city.itabashi.tokyo.jp/bousai/bousai/1055040.html,防災・環境・まちづくり トップ,https://www.city.itabashi.tokyo.jp/bousai/index.html,
板橋区,hazard,2,避難所看板・浸水深表示板,https://www.city.itabashi.tokyo.jp/bousai/bousai/1055759/index.html,防災・環境・まちづくり トップ,https://www.city.itabashi.tokyo.jp/bousai/index.html,
板橋区,hazard,2,「いたばし防災＋アプリ」第2回災害時被害報告機能体験ウィークを実施いたしました,https://www.city.itabashi.tokyo.jp/bousai/bousai/1062759.html,防災・環境・まちづくり トップ,https://www.city.itabashi.tokyo.jp/bousai/index.html,
板橋区,hazard,2,起震車・防災セミナー講師派遣・防災学習など,https://www.city.itabashi.tokyo.jp/bousai/bousai/ceminor/index.html,防災・環境・まちづくり トップ,https://www.city.itabashi.tokyo.jp/bousai/index.html,
板橋区,hazard,2,地域防災計画,https://www.city.itabashi.tokyo.jp/bousai/bousai/chiikibousai/index.html,防災・環境・まちづくり トップ,https://www.city.itabashi.tokyo.jp/bousai/index.html,
板橋区,hazard,2,地区別防災対策マニュアル・防災マップ,https://www.city.itabashi.tokyo.jp/bousai/bousai/manual/index.html,防災・環境・まちづくり トップ,https://www.city.itabashi.tokyo.jp/bousai/index.html,
板橋区,hazard,2,防災マップ・各種ハザードマップ,https://www.city.itabashi.tokyo.jp/bousai/bousai/map/index.html,防災・環境・まちづくり トップ,https://www.city.itabashi.tokyo.jp/bousai/index.html,
板橋区,hazard,2,浸水・土砂災害対策,https://www.city.itabashi.tokyo.jp/bousai/bousai/shinsu/index.html,防災・環境・まちづくり トップ,https://www.city.itabashi.tokyo.jp/bousai/index.html,
板橋区,hazard,2,住民防災組織,https://www.city.itabashi.tokyo.jp/bousai/bousai/soshiki/index.html,防災・環境・まちづくり トップ,https://www.city.itabashi.tokyo.jp/bousai/index.html,
板橋区,hazard,2,防災・耐震改修,https://www.city.itabashi.tokyo.jp/bousai/tochi/taishin/index.html,防災・環境・まちづくり トップ,https://www.city.itabashi.tokyo.jp/bousai/index.html,
板橋区,hazard,3,防災ガイドブック（31年3月改訂） （PDF 2.6MB）,https://www.city.itabashi.tokyo.jp/_res/projects/default_project/_page_/001/005/660/attach_75290_1.pdf,防災ガイドブック,https://www.city.itabashi.tokyo.jp/bousai/bousai/1005660.html,
板橋区,hazard,3,01 防災施設設置基準 （PDF 280.5KB）,https://www.city.itabashi.tokyo.jp/_res/projects/default_project/_page_/001/055/037/01.pdf,大規模建築物等指導要綱に基づく防災施設設置基準,https://www.city.itabashi.tokyo.jp/bousai/bousai/1055037.html,
板橋区,hazard,3,いたばし防災＋ガイドブック （PDF 18.5MB）,https://www.city.itabashi.tokyo.jp/_res/projects/default_project/_page_/001/055/040/guaidbook.pdf,いたばし防災＋カタログは、令和7年8月31日をもって事業を終了しました。,https://www.city.itabashi.tokyo.jp/bousai/bousai/1055040.html,
板橋区,hazard,3,いたばし防災＋カタログ （PDF 5.5MB）,https://www.city.itabashi.tokyo.jp/_res/projects/default_project/_page_/001/055/040/katarogu.pdf,いたばし防災＋カタログは、令和7年8月31日をもって事業を終了しました。,https://www.city.itabashi.tokyo.jp/bousai/bousai/1055040.html,
板橋区,hazard,3,「いたばし防災＋アプリ」第2回災害時被害報告機能体験ウィーク実施報告 （PDF 305.7KB）,https://www.city.itabashi.tokyo.jp/_res/projects/default_project/_page_/001/062/759/houkokusyo.pdf,「いたばし防災＋アプリ」第2回災害時被害報告機能体験ウィークを実施いたしました,https://www.city.itabashi.tokyo.jp/bousai/bousai/1062759.html,
板橋区,hazard,3,いたばし防災＋プロジェクトとは 板橋区は、新しい価値を防災にプラスします！,https://www.city.itabashi.tokyo.jp/bousai/bousai/1029032/1029033/index.html,いたばし防災＋プロジェクト,https://www.city.itabashi.tokyo.jp/bousai/bousai/1029032/index.html,
板橋区,hazard,3,いたばしシェイクアウト訓練(1分間防災訓練) ぐらっときたら、身の安全！,https://www.city.itabashi.tokyo.jp/bousai/bousai/1029032/1029255/index.html,いたばし防災＋プロジェクト,https://www.city.itabashi.tokyo.jp/bousai/bousai/1029032/index.html,
板橋区,hazard,3,いたばし防災＋チャンネル いつでも、どこでも「防災動画」,https://www.city.itabashi.tokyo.jp/bousai/bousai/1029032/1029259/index.html,いたばし防災＋プロジェクト,https://www.city.itabashi.tokyo.jp/bousai/bousai/1029032/index.html,
板橋区,hazard,3,防災スマホ教室 スマホをお持ちでない方、初心者の方向けに開催しました！,https://www.city.itabashi.tokyo.jp/bousai/bousai/1029032/1029260/index.html,いたばし防災＋プロジェクト,https://www.city.itabashi.tokyo.jp/bousai/bousai/1029032/index.html,
板橋区,hazard,3,防災お役立ち情報 防災・緊急情報メール、防災ガイドはこちらから,https://www.city.itabashi.tokyo.jp/bousai/bousai/1029032/1029263/index.html,いたばし防災＋プロジェクト,https://www.city.itabashi.tokyo.jp/bousai/bousai/1029032/index.html,
板橋区,hazard,3,防災レシピブック 備蓄食品を使ったレシピを公開しています！,https://www.city.itabashi.tokyo.jp/bousai/bousai/1029032/1031493.html,いたばし防災＋プロジェクト,https://www.city.itabashi.tokyo.jp/bousai/bousai/1029032/index.html,
板橋区,hazard,3,実感！ハザードマップ 実感！ハザードマップを作成しました. ぜひご活用ください！,https://www.city.itabashi.tokyo.jp/bousai/bousai/1029032/1038225.html,いたばし防災＋プロジェクト,https://www.city.itabashi.tokyo.jp/bousai/bousai/1029032/index.html,
板橋区,hazard,3,いたばし防災＋フェア2025 2025年11月2日（日曜日）いたばし防災＋フェア2025開催！,https://www.city.itabashi.tokyo.jp/bousai/bousai/1029032/1058616/index.html,いたばし防災＋プロジェクト,https://www.city.itabashi.tokyo.jp/bousai/bousai/1029032/index.html,
板橋区,hazard,3,「板橋区地域防災計画（令和5年度改定）素案」に対する意見と区の考え方,https://www.city.itabashi.tokyo.jp/bousai/bousai/chiikibousai/1049856.html,地域防災計画,https://www.city.itabashi.tokyo.jp/bousai/bousai/chiikibousai/index.html,
板橋区,hazard,3,板橋区地域防災計画,https://www.city.itabashi.tokyo.jp/bousai/bousai/chiikibousai/1052402.html,地域防災計画,https://www.city.itabashi.tokyo.jp/bousai/bousai/chiikibousai/index.html,
板橋区,hazard,3,板橋区防災会議,https://www.city.itabashi.tokyo.jp/bousai/bousai/chiikibousai/1063666/index.html,地域防災計画,https://www.city.itabashi.tokyo.jp/bousai/bousai/chiikibousai/index.html,
板橋区,hazard,3,いたばし防災＋アプリ,https://www.city.itabashi.tokyo.jp/bousai/bousai/joho/1056493.html,「いたばし防災＋アプリ」第2回災害時被害報告機能体験ウィークを実施いたしました,https://www.city.itabashi.tokyo.jp/bousai/bousai/1062759.html,
板橋区,hazard,3,【大谷口地区】防災対策マニュアル・防災マップ,https://www.city.itabashi.tokyo.jp/bousai/bousai/manual/1005640.html,地区別防災対策マニュアル・防災マップ,https://www.city.itabashi.tokyo.jp/bousai/bousai/manual/index.html,
板橋区,hazard,3,【高島平地区】防災マニュアル・防災マップ,https://www.city.itabashi.tokyo.jp/bousai/bousai/manual/1005641.html,地区別防災対策マニュアル・防災マップ,https://www.city.itabashi.tokyo.jp/bousai/bousai/manual/index.html,
板橋区,hazard,3,【熊野地区】防災対策マニュアル・防災ガイドブック・防災マップ,https://www.city.itabashi.tokyo.jp/bousai/bousai/manual/1005642.html,地区別防災対策マニュアル・防災マップ,https://www.city.itabashi.tokyo.jp/bousai/bousai/manual/index.html,
板橋区,hazard,3,【舟渡地区】防災マニュアル・防災マップ,https://www.city.itabashi.tokyo.jp/bousai/bousai/manual/1005643.html,地区別防災対策マニュアル・防災マップ,https://www.city.itabashi.tokyo.jp/bousai/bousai/manual/index.html,
板橋区,hazard,3,【前野地区】防災マニュアル・防災マップ,https://www.city.itabashi.tokyo.jp/bousai/bousai/manual/1005644.html,地区別防災対策マニュアル・防災マップ,https://www.city.itabashi.tokyo.jp/bousai/bousai/manual/index.html,
板橋区,hazard,3,【中台地区】防災マニュアル・防災マップ,https://www.city.itabashi.tokyo.jp/bousai/bousai/manual/1005645.html,地区別防災対策マニュアル・防災マップ,https://www.city.itabashi.tokyo.jp/bousai/bousai/manual/index.html,
板橋区,hazard,3,【仲宿地区】防災対策マニュアル・防災ガイドブック・防災マップ,https://www.city.itabashi.tokyo.jp/bousai/bousai/manual/1005646.html,地区別防災対策マニュアル・防災マップ,https://www.city.itabashi.tokyo.jp/bousai/bousai/manual/index.html,
板橋区,hazard,3,【徳丸地区】防災マニュアル・防災マップ,https://www.city.itabashi.tokyo.jp/bousai/bousai/manual/1005647.html,地区別防災対策マニュアル・防災マップ,https://www.city.itabashi.tokyo.jp/bousai/bousai/manual/index.html,
板橋区,hazard,3,【富士見地区】防災対策マニュアル防災ガイドブック防災マップ,https://www.city.itabashi.tokyo.jp/bousai/bousai/manual/1005648.html,地区別防災対策マニュアル・防災マップ,https://www.city.itabashi.tokyo.jp/bousai/bousai/manual/index.html,
板橋区,hazard,3,【蓮根地区】防災マニュアル・防災マップ,https://www.city.itabashi.tokyo.jp/bousai/bousai/manual/1005649.html,地区別防災対策マニュアル・防災マップ,https://www.city.itabashi.tokyo.jp/bousai/bousai/manual/index.html,
板橋区,hazard,3,【板橋地区】防災マニュアル・防災マップ,https://www.city.itabashi.tokyo.jp/bousai/bousai/manual/1005650.html,地区別防災対策マニュアル・防災マップ,https://www.city.itabashi.tokyo.jp/bousai/bousai/manual/index.html,
板橋区,hazard,3,【下赤塚地区】防災マニュアル・防災マップ,https://www.city.itabashi.tokyo.jp/bousai/bousai/manual/1005651.html,地区別防災対策マニュアル・防災マップ,https://www.city.itabashi.tokyo.jp/bousai/bousai/manual/index.html,
板橋区,hazard,3,【成増地区】防災マニュアル・防災マップ,https://www.city.itabashi.tokyo.jp/bousai/bousai/manual/1005652.html,地区別防災対策マニュアル・防災マップ,https://www.city.itabashi.tokyo.jp/bousai/bousai/manual/index.html,
板橋区,hazard,3,【桜川地区】防災マニュアル・防災マップ,https://www.city.itabashi.tokyo.jp/bousai/bousai/manual/1005653.html,地区別防災対策マニュアル・防災マップ,https://www.city.itabashi.tokyo.jp/bousai/bousai/manual/index.html,
板橋区,hazard,3,【仲町地区】防災マニュアル・防災マップ,https://www.city.itabashi.tokyo.jp/bousai/bousai/manual/1005654.html,地区別防災対策マニュアル・防災マップ,https://www.city.itabashi.tokyo.jp/bousai/bousai/manual/index.html,
板橋区,hazard,3,【志村坂上地区】防災マニュアル・防災マップ,https://www.city.itabashi.tokyo.jp/bousai/bousai/manual/1005655.html,地区別防災対策マニュアル・防災マップ,https://www.city.itabashi.tokyo.jp/bousai/bousai/manual/index.html,
板橋区,hazard,3,【清水地区】防災マニュアル・防災マップ,https://www.city.itabashi.tokyo.jp/bousai/bousai/manual/1005656.html,地区別防災対策マニュアル・防災マップ,https://www.city.itabashi.tokyo.jp/bousai/bousai/manual/index.html,
板橋区,hazard,3,【常盤台地区】防災マニュアル・防災マップ,https://www.city.itabashi.tokyo.jp/bousai/bousai/manual/1005657.html,地区別防災対策マニュアル・防災マップ,https://www.city.itabashi.tokyo.jp/bousai/bousai/manual/index.html,
板橋区,hazard,3,地区別防災対策マニュアル・防災マップ【平成25年度～平成27年度策定】,https://www.city.itabashi.tokyo.jp/bousai/bousai/manual/1054545/index.html,地区別防災対策マニュアル・防災マップ,https://www.city.itabashi.tokyo.jp/bousai/bousai/manual/index.html,
板橋区,hazard,3,地区別防災マニュアル、概要版・マップ【令和6年度～令和8年度改定】,https://www.city.itabashi.tokyo.jp/bousai/bousai/manual/1054572/index.html,地区別防災対策マニュアル・防災マップ,https://www.city.itabashi.tokyo.jp/bousai/bousai/manual/index.html,
板橋区,hazard,3,板橋区防災マップ（地震・大規模火災）,https://www.city.itabashi.tokyo.jp/bousai/bousai/map/1005632.html,防災マップ・各種ハザードマップ,https://www.city.itabashi.tokyo.jp/bousai/bousai/map/index.html,
板橋区,hazard,3,板橋区洪水ハザードマップ,https://www.city.itabashi.tokyo.jp/bousai/bousai/map/1005633.html,防災マップ・各種ハザードマップ,https://www.city.itabashi.tokyo.jp/bousai/bousai/map/index.html,
板橋区,hazard,3,板橋区土砂災害ハザードマップ,https://www.city.itabashi.tokyo.jp/bousai/bousai/map/1005634.html,防災マップ・各種ハザードマップ,https://www.city.itabashi.tokyo.jp/bousai/bousai/map/index.html,
板橋区,hazard,3,板橋区高潮ハザードマップ,https://www.city.itabashi.tokyo.jp/bousai/bousai/map/1026389.html,防災マップ・各種ハザードマップ,https://www.city.itabashi.tokyo.jp/bousai/bousai/map/index.html,
板橋区,hazard,3,宅地建物取引業者の方へ（板橋区ハザードマップ作成状況）,https://www.city.itabashi.tokyo.jp/bousai/bousai/map/1027812.html,防災マップ・各種ハザードマップ,https://www.city.itabashi.tokyo.jp/bousai/bousai/map/index.html,
板橋区,hazard,3,板橋区防災マップ・ハザードマップ（外国語版）,https://www.city.itabashi.tokyo.jp/bousai/bousai/map/1050391.html,防災マップ・各種ハザードマップ,https://www.city.itabashi.tokyo.jp/bousai/bousai/map/index.html,
板橋区,hazard,3,耳で聴くハザードマップ,https://www.city.itabashi.tokyo.jp/bousai/bousai/map/1057105.html,防災マップ・各種ハザードマップ,https://www.city.itabashi.tokyo.jp/bousai/bousai/map/index.html,
板橋区,hazard,3,危機管理部 防災危機管理課へのお問い合わせや相談は専用フォームをご利用ください。,https://www.city.itabashi.tokyo.jp/cgi-crm/CRM030/CRM030_004/G2003000000/1062759,「いたばし防災＋アプリ」第2回災害時被害報告機能体験ウィークを実施いたしました,https://www.city.itabashi.tokyo.jp/bousai/bousai/1062759.html,
板橋区,hazard,3,危機管理部 地域防災支援課へのお問い合わせや相談は専用フォームをご利用ください。,https://www.city.itabashi.tokyo.jp/cgi-crm/CRM030/CRM030_004/G2008000000/1005660,防災ガイドブック,https://www.city.itabashi.tokyo.jp/bousai/bousai/1005660.html,
板橋区,hazard,3,危機管理部 地域防災支援課へのお問い合わせや相談は専用フォームをご利用ください。,https://www.city.itabashi.tokyo.jp/cgi-crm/CRM030/CRM030_004/G2008000000/1055037,大規模建築物等指導要綱に基づく防災施設設置基準,https://www.city.itabashi.tokyo.jp/bousai/bousai/1055037.html,
板橋区,hazard,3,危機管理部 地域防災支援課へのお問い合わせや相談は専用フォームをご利用ください。,https://www.city.itabashi.tokyo.jp/cgi-crm/CRM030/CRM030_004/G2008000000/1055040,いたばし防災＋カタログは、令和7年8月31日をもって事業を終了しました。,https://www.city.itabashi.tokyo.jp/bousai/bousai/1055040.html,
板橋区,road,1,道路,https://www.city.itabashi.tokyo.jp/bousai/douro/index.html,公式トップ,https://www.city.itabashi.tokyo.jp/,
板橋区,road,1,指定管理者,https://www.city.itabashi.tokyo.jp/kusei/shiteikanri/index.html,公式トップ,https://www.city.itabashi.tokyo.jp/,
板橋区,road,2,地籍調査,https://www.city.itabashi.tokyo.jp/bousai/douro/1006472.html,防災・環境・まちづくり トップ,https://www.city.itabashi.tokyo.jp/bousai/index.html,
板橋区,road,2,道路台帳平面図の閲覧,https://www.city.itabashi.tokyo.jp/bousai/douro/1038299/index.html,防災・環境・まちづくり トップ,https://www.city.itabashi.tokyo.jp/bousai/index.html,
板橋区,road,2,公共基準点,https://www.city.itabashi.tokyo.jp/bousai/douro/1043710/index.html,防災・環境・まちづくり トップ,https://www.city.itabashi.tokyo.jp/bousai/index.html,
板橋区,road,2,街灯,https://www.city.itabashi.tokyo.jp/bousai/douro/gairotou/index.html,防災・環境・まちづくり トップ,https://www.city.itabashi.tokyo.jp/bousai/index.html,
板橋区,road,2,舗装構造ほか,https://www.city.itabashi.tokyo.jp/bousai/douro/hsou/index.html,防災・環境・まちづくり トップ,https://www.city.itabashi.tokyo.jp/bousai/index.html,
板橋区,road,2,道路の維持,https://www.city.itabashi.tokyo.jp/bousai/douro/iji/index.html,防災・環境・まちづくり トップ,https://www.city.itabashi.tokyo.jp/bousai/index.html,
板橋区,road,2,エンターキーを押すと、ナビゲーション部分をスキップし本文へ移動します。,https://www.city.itabashi.tokyo.jp/bousai/douro/index.html#HONBUN,道路,https://www.city.itabashi.tokyo.jp/bousai/douro/index.html,
板橋区,road,2,,https://www.city.itabashi.tokyo.jp/bousai/douro/index.html#wrap,道路,https://www.city.itabashi.tokyo.jp/bousai/douro/index.html,
板橋区,road,2,自費工事・沿道掘削施行協議,https://www.city.itabashi.tokyo.jp/bousai/douro/jihi/index.html,防災・環境・まちづくり トップ,https://www.city.itabashi.tokyo.jp/bousai/index.html,
板橋区,road,2,道路などに関する計画・事業,https://www.city.itabashi.tokyo.jp/bousai/douro/keiakku/index.html,防災・環境・まちづくり トップ,https://www.city.itabashi.tokyo.jp/bousai/index.html,
板橋区,road,2,区道の番号・区域・幅員証明,https://www.city.itabashi.tokyo.jp/bousai/douro/kudou/index.html,防災・環境・まちづくり トップ,https://www.city.itabashi.tokyo.jp/bousai/index.html,
板橋区,road,2,土地境界図等証明・道路台帳平面図等写し交付,https://www.city.itabashi.tokyo.jp/bousai/douro/kyoukai/index.html,防災・環境・まちづくり トップ,https://www.city.itabashi.tokyo.jp/bousai/index.html,
板橋区,road,2,道路占用許可申請・屋外広告物許可申請,https://www.city.itabashi.tokyo.jp/bousai/douro/senyou/index.html,防災・環境・まちづくり トップ,https://www.city.itabashi.tokyo.jp/bousai/index.html,
板橋区,road,2,私道助成について,https://www.city.itabashi.tokyo.jp/bousai/douro/shidou/index.html,防災・環境・まちづくり トップ,https://www.city.itabashi.tokyo.jp/bousai/index.html,
板橋区,road,2,相談ほか（道路）,https://www.city.itabashi.tokyo.jp/bousai/douro/soudan/index.html,防災・環境・まちづくり トップ,https://www.city.itabashi.tokyo.jp/bousai/index.html,
江戸川区,building_guidance,2,用途地域等都市計画情報・建築基準法による指定道路情報提供サービス,https://www.city.edogawa.tokyo.jp/e016/toshikeikaku/kenchiku/toshikeikakuteikyo.html,まちづくり・ 環境,https://www.city.edogawa.tokyo.jp/toshikeikaku/index.html,
江戸川区,building_guidance,2,建築等に伴う道路後退(セットバック)敷地の寄附及び無償使用契約,https://www.city.edogawa.tokyo.jp/e058/toshikeikaku/doro/kihumusyousiyou.html,まちづくり・ 環境,https://www.city.edogawa.tokyo.jp/toshikeikaku/index.html,
江戸川区,building_guidance,2,バリアフリー法・福祉のまちづくり条例に関する手続き,https://www.city.edogawa.tokyo.jp/toshikeikaku/kenchiku/barrier_free/index.html,まちづくり・ 環境,https://www.city.edogawa.tokyo.jp/toshikeikaku/index.html,
江戸川区,building_guidance,2,定期報告・維持管理・液状化・事故報告,https://www.city.edogawa.tokyo.jp/toshikeikaku/kenchiku/hokoku/index.html,まちづくり・ 環境,https://www.city.edogawa.tokyo.jp/toshikeikaku/index.html,
江戸川区,building_guidance,2,建築に関すること,https://www.city.edogawa.tokyo.jp/toshikeikaku/kenchiku/index.html,まちづくり・ 環境,https://www.city.edogawa.tokyo.jp/toshikeikaku/index.html,
江戸川区,building_guidance,2,長期優良住宅・低炭素建築物,https://www.city.edogawa.tokyo.jp/toshikeikaku/kenchiku/jutaku/index.html,まちづくり・ 環境,https://www.city.edogawa.tokyo.jp/toshikeikaku/index.html,
江戸川区,building_guidance,2,住宅用家屋証明書・建築計画概要書,https://www.city.edogawa.tokyo.jp/toshikeikaku/kenchiku/kaokushomei/index.html,まちづくり・ 環境,https://www.city.edogawa.tokyo.jp/toshikeikaku/index.html,
江戸川区,building_guidance,2,建築確認・検査・施工計画,https://www.city.edogawa.tokyo.jp/toshikeikaku/kenchiku/kensa_keikau/index.html,まちづくり・ 環境,https://www.city.edogawa.tokyo.jp/toshikeikaku/index.html,
江戸川区,building_guidance,2,建築に関する規制・事前調査,https://www.city.edogawa.tokyo.jp/toshikeikaku/kenchiku/kisei_chosa/index.html,まちづくり・ 環境,https://www.city.edogawa.tokyo.jp/toshikeikaku/index.html,
江戸川区,building_guidance,2,許可・認定・届出（建築基準法・都市計画法第53条）,https://www.city.edogawa.tokyo.jp/toshikeikaku/kenchiku/nintei_todoke/index.html,まちづくり・ 環境,https://www.city.edogawa.tokyo.jp/toshikeikaku/index.html,
江戸川区,building_guidance,2,建設リサイクル法に基づく届出等・建築物除却届,https://www.city.edogawa.tokyo.jp/toshikeikaku/kenchiku/recycle/index.html,まちづくり・ 環境,https://www.city.edogawa.tokyo.jp/toshikeikaku/index.html,
江戸川区,building_guidance,2,まちづくりのルールと協議,https://www.city.edogawa.tokyo.jp/toshikeikaku/kenchiku/ruletokyogi/index.html,まちづくり・ 環境,https://www.city.edogawa.tokyo.jp/toshikeikaku/index.html,
江戸川区,building_guidance,2,取り扱い基準・オンライン申請・窓口時間,https://www.city.edogawa.tokyo.jp/toshikeikaku/kenchiku/shinsei/index.html,まちづくり・ 環境,https://www.city.edogawa.tokyo.jp/toshikeikaku/index.html,
江戸川区,building_guidance,2,建築物の省エネ・エネルギー消費性能の向上,https://www.city.edogawa.tokyo.jp/toshikeikaku/kenchiku/shoene/index.html,まちづくり・ 環境,https://www.city.edogawa.tokyo.jp/toshikeikaku/index.html,
江戸川区,district_plan,1,まちづくり・ 環境,https://www.city.edogawa.tokyo.jp/toshikeikaku/index.html,公式トップ,https://www.city.edogawa.tokyo.jp/,
江戸川区,district_plan,2,公有地の拡大の推進に関する法律,https://www.city.edogawa.tokyo.jp/e012/toshikeikaku/sonota/kouyuuchikakudai.html,まちづくり・ 環境,https://www.city.edogawa.tokyo.jp/toshikeikaku/index.html,
江戸川区,district_plan,2,葛西沖周辺のまちづくり,https://www.city.edogawa.tokyo.jp/e016/toshikeikaku/chiki/kasaiokinorekishi.html,まちづくり・ 環境,https://www.city.edogawa.tokyo.jp/toshikeikaku/index.html,
江戸川区,district_plan,2,都市再生推進法人,https://www.city.edogawa.tokyo.jp/e016/toshikeikaku/chiki/toshisaisei/index.html,まちづくり・ 環境,https://www.city.edogawa.tokyo.jp/toshikeikaku/index.html,
江戸川区,district_plan,2,低未利用土地利用促進協定,https://www.city.edogawa.tokyo.jp/e016/toshikeikaku/chiki/toshisaisei/teimiriyou.html,まちづくり・ 環境,https://www.city.edogawa.tokyo.jp/toshikeikaku/index.html,
江戸川区,district_plan,2,都市利便増進協定,https://www.city.edogawa.tokyo.jp/e016/toshikeikaku/chiki/toshisaisei/toshiribenzoshin.html,まちづくり・ 環境,https://www.city.edogawa.tokyo.jp/toshikeikaku/index.html,
江戸川区,district_plan,2,景観まちづくり賞,https://www.city.edogawa.tokyo.jp/e016/toshikeikaku/keikan/keikanmatidukurisyo/index.html,まちづくり・ 環境,https://www.city.edogawa.tokyo.jp/toshikeikaku/index.html,
江戸川区,district_plan,2,景観法及び江戸川区景観条例に基づく届出,https://www.city.edogawa.tokyo.jp/e016/toshikeikaku/keikan/kekanjore.html,まちづくり・ 環境,https://www.city.edogawa.tokyo.jp/toshikeikaku/index.html,
江戸川区,district_plan,2,農の風景育成地区,https://www.city.edogawa.tokyo.jp/e016/toshikeikaku/keikan/nou_fukei.html,まちづくり・ 環境,https://www.city.edogawa.tokyo.jp/toshikeikaku/index.html,
江戸川区,district_plan,2,用途地域等都市計画情報・建築基準法による指定道路情報提供サービス,https://www.city.edogawa.tokyo.jp/e016/toshikeikaku/kenchiku/toshikeikakuteikyo.html,まちづくり・ 環境,https://www.city.edogawa.tokyo.jp/toshikeikaku/index.html,
江戸川区,district_plan,2,都市計画事業データ,https://www.city.edogawa.tokyo.jp/e016/toshikeikaku/sonota/keikakujigyo/index.html,まちづくり・ 環境,https://www.city.edogawa.tokyo.jp/toshikeikaku/index.html,
江戸川区,district_plan,2,京成小岩駅周辺のまちづくり,https://www.city.edogawa.tokyo.jp/e018/toshikeikaku/chiki/keiseikoiwa/index.html,まちづくり・ 環境,https://www.city.edogawa.tokyo.jp/toshikeikaku/index.html,
江戸川区,district_plan,2,京成本線立体化と周辺まちづくり,https://www.city.edogawa.tokyo.jp/e018/toshikeikaku/toshikotsu/keiseihonsen/index.html,まちづくり・ 環境,https://www.city.edogawa.tokyo.jp/toshikeikaku/index.html,
江戸川区,district_plan,2,メトロセブン構想（メトロセブン促進協議会）,https://www.city.edogawa.tokyo.jp/e018/toshikeikaku/toshikotsu/metroseven.html,まちづくり・ 環境,https://www.city.edogawa.tokyo.jp/toshikeikaku/index.html,
江戸川区,district_plan,2,不燃化推進特定整備事業（不燃化特区制度）,https://www.city.edogawa.tokyo.jp/e019/toshikeikaku/saigainitsuyoi/funenka/index.html,まちづくり・ 環境,https://www.city.edogawa.tokyo.jp/toshikeikaku/index.html,
江戸川区,district_plan,2,密集住宅市街地整備促進事業（密集事業）,https://www.city.edogawa.tokyo.jp/e019/toshikeikaku/saigainitsuyoi/missyuu/index.html,まちづくり・ 環境,https://www.city.edogawa.tokyo.jp/toshikeikaku/index.html,
江戸川区,district_plan,2,都市防災不燃化促進事業,https://www.city.edogawa.tokyo.jp/e019/toshikeikaku/saigainitsuyoi/tosibousai.html,まちづくり・ 環境,https://www.city.edogawa.tokyo.jp/toshikeikaku/index.html,
江戸川区,district_plan,2,環境をよくする絵画コンクール,https://www.city.edogawa.tokyo.jp/e024/toshikeikaku/kankyo/kaiga/index.html,まちづくり・ 環境,https://www.city.edogawa.tokyo.jp/toshikeikaku/index.html,
江戸川区,district_plan,2,えどがわ環境財団,https://www.city.edogawa.tokyo.jp/e024/toshikeikaku/kankyo/kankyozaidan.html,まちづくり・ 環境,https://www.city.edogawa.tokyo.jp/toshikeikaku/index.html,
江戸川区,district_plan,2,江戸川区環境みらい基金,https://www.city.edogawa.tokyo.jp/e024/toshikeikaku/kankyo/miraikikin.html,まちづくり・ 環境,https://www.city.edogawa.tokyo.jp/toshikeikaku/index.html,
江戸川区,district_plan,2,江戸川区舗装種別図・掘削規制図（6管内）,https://www.city.edogawa.tokyo.jp/e058/toshikeikaku/doro/20210518hosoushubetu.html,まちづくり・ 環境,https://www.city.edogawa.tokyo.jp/toshikeikaku/index.html,
江戸川区,district_plan,2,乗り入れ（段差解消）ブロックについて,https://www.city.edogawa.tokyo.jp/e058/toshikeikaku/doro/dansakaisyo.html,まちづくり・ 環境,https://www.city.edogawa.tokyo.jp/toshikeikaku/index.html,
江戸川区,district_plan,2,江戸川区道路愛称名,https://www.city.edogawa.tokyo.jp/e058/toshikeikaku/doro/doroaishou.html,まちづくり・ 環境,https://www.city.edogawa.tokyo.jp/toshikeikaku/index.html,
江戸川区,district_plan,2,道路法による道路情報提供サービス,https://www.city.edogawa.tokyo.jp/e058/toshikeikaku/doro/dorodaicho.html,まちづくり・ 環境,https://www.city.edogawa.tokyo.jp/toshikeikaku/index.html,
江戸川区,district_plan,2,「道路ふれあい月間」推進標語を募集します,https://www.city.edogawa.tokyo.jp/e058/toshikeikaku/doro/hyogoboshu.html,まちづくり・ 環境,https://www.city.edogawa.tokyo.jp/toshikeikaku/index.html,
江戸川区,district_plan,2,8月は「道路ふれあい月間」・8月10日は「道の日」道路ふれあい月間推進標語受賞作品のご紹介,https://www.city.edogawa.tokyo.jp/e058/toshikeikaku/doro/hyougo.html,まちづくり・ 環境,https://www.city.edogawa.tokyo.jp/toshikeikaku/index.html,
江戸川区,district_plan,2,建築等に伴う道路後退(セットバック)敷地の寄附及び無償使用契約,https://www.city.edogawa.tokyo.jp/e058/toshikeikaku/doro/kihumusyousiyou.html,まちづくり・ 環境,https://www.city.edogawa.tokyo.jp/toshikeikaku/index.html,
江戸川区,district_plan,2,道路工事の抑制,https://www.city.edogawa.tokyo.jp/e058/toshikeikaku/doro/koujiyokuse.html,まちづくり・ 環境,https://www.city.edogawa.tokyo.jp/toshikeikaku/index.html,
江戸川区,district_plan,2,特殊車両通行許可及び通行認定について,https://www.city.edogawa.tokyo.jp/e058/toshikeikaku/doro/tuukou01.html,まちづくり・ 環境,https://www.city.edogawa.tokyo.jp/toshikeikaku/index.html,
江戸川区,district_plan,2,「高台まちづくり整備の基本的な考え方」が公表されました,https://www.city.edogawa.tokyo.jp/e059/toshikeikaku/saigainitsuyoi/takadai.html,まちづくり・ 環境,https://www.city.edogawa.tokyo.jp/toshikeikaku/index.html,
江戸川区,district_plan,2,「東京における都市計画道路の整備方針」の改定,https://www.city.edogawa.tokyo.jp/e059/toshikeikaku/sonota/houshin-ann.html,まちづくり・ 環境,https://www.city.edogawa.tokyo.jp/toshikeikaku/index.html,
江戸川区,district_plan,2,年間の工事予定箇所図の公表（土木部・環境部）,https://www.city.edogawa.tokyo.jp/e059/toshikeikaku/sonota/kouziyoteikashozu.html,まちづくり・ 環境,https://www.city.edogawa.tokyo.jp/toshikeikaku/index.html,
江戸川区,district_plan,2,中川・綾瀬川流域水害対策計画（素案）の縦覧及び意見募集の実施、公聴会の開催に伴う公述人募集,https://www.city.edogawa.tokyo.jp/e059/toshikeikaku/sonota/nakaaya.html,まちづくり・ 環境,https://www.city.edogawa.tokyo.jp/toshikeikaku/index.html,
江戸川区,district_plan,2,中川・綾瀬川等が特定都市河川に指定されました,https://www.city.edogawa.tokyo.jp/e059/toshikeikaku/sonota/tokuteitoshikasen.html,まちづくり・ 環境,https://www.city.edogawa.tokyo.jp/toshikeikaku/index.html,
江戸川区,district_plan,2,道路照明設備工事登録者の皆様へ,https://www.city.edogawa.tokyo.jp/e065/toshikeikaku/sonota/denkikouji.html,まちづくり・ 環境,https://www.city.edogawa.tokyo.jp/toshikeikaku/index.html,
江戸川区,district_plan,2,【保全課】土木維持工事等登録者の皆様へ,https://www.city.edogawa.tokyo.jp/e065/toshikeikaku/sonota/dobokuiji.html,まちづくり・ 環境,https://www.city.edogawa.tokyo.jp/toshikeikaku/index.html,
江戸川区,district_plan,2,【土木部からのお知らせ】樹木等維持工事の発注方法の変更,https://www.city.edogawa.tokyo.jp/e065/toshikeikaku/sonota/jumokuiji.html,まちづくり・ 環境,https://www.city.edogawa.tokyo.jp/toshikeikaku/index.html,
江戸川区,district_plan,2,【土木部からのお知らせ】土木維持工事（一般土木）の発注方法の変更,https://www.city.edogawa.tokyo.jp/e065/toshikeikaku/sonota/oshirase.html,まちづくり・ 環境,https://www.city.edogawa.tokyo.jp/toshikeikaku/index.html,
江戸川区,district_plan,2,【水とみどりの課】年間単価契約の発注方法,https://www.city.edogawa.tokyo.jp/e066/toshikeikaku/sonota/nenkantankakeiyaku.html,まちづくり・ 環境,https://www.city.edogawa.tokyo.jp/toshikeikaku/index.html,
江戸川区,district_plan,2,えどがわエコセンター,https://www.city.edogawa.tokyo.jp/e086/toshikeikaku/kankyo/ecocenter.html,まちづくり・ 環境,https://www.city.edogawa.tokyo.jp/toshikeikaku/index.html,
江戸川区,district_plan,2,環境フェア2026　サイエンスショー＆セミナー参加者募集　6月7日開催,https://www.city.edogawa.tokyo.jp/e086/toshikeikaku/kankyo/inochi/kankyoufair/kankyoufair2026.html,まちづくり・ 環境,https://www.city.edogawa.tokyo.jp/toshikeikaku/index.html,
江戸川区,district_plan,2,アキラのズバッとお天気解説,https://www.city.edogawa.tokyo.jp/e086/toshikeikaku/kankyo/otenki/index.html,まちづくり・ 環境,https://www.city.edogawa.tokyo.jp/toshikeikaku/index.html,
江戸川区,district_plan,2,船堀駅周辺のまちづくり,https://www.city.edogawa.tokyo.jp/toshikeikaku/chiki/funabori/index.html,まちづくり・ 環境,https://www.city.edogawa.tokyo.jp/toshikeikaku/index.html,
江戸川区,district_plan,2,平井駅周辺のまちづくり,https://www.city.edogawa.tokyo.jp/toshikeikaku/chiki/hirai/index.html,まちづくり・ 環境,https://www.city.edogawa.tokyo.jp/toshikeikaku/index.html,
江戸川区,district_plan,2,地域のまちづくり,https://www.city.edogawa.tokyo.jp/toshikeikaku/chiki/index.html,まちづくり・ 環境,https://www.city.edogawa.tokyo.jp/toshikeikaku/index.html,
江戸川区,district_plan,2,JR小岩駅周辺地区のまちづくり,https://www.city.edogawa.tokyo.jp/toshikeikaku/chiki/koiwaekishuhen/index.html,まちづくり・ 環境,https://www.city.edogawa.tokyo.jp/toshikeikaku/index.html,
江戸川区,district_plan,2,地域まちづくり活動,https://www.city.edogawa.tokyo.jp/toshikeikaku/chiki/machidukurikeikaku/index.html,まちづくり・ 環境,https://www.city.edogawa.tokyo.jp/toshikeikaku/index.html,
江戸川区,district_plan,2,まちづくり活動の紹介,https://www.city.edogawa.tokyo.jp/toshikeikaku/chiki/machidukurishokai/index.html,まちづくり・ 環境,https://www.city.edogawa.tokyo.jp/toshikeikaku/index.html,
江戸川区,district_plan,2,橋梁架替,https://www.city.edogawa.tokyo.jp/toshikeikaku/doro/hashi/index.html,まちづくり・ 環境,https://www.city.edogawa.tokyo.jp/toshikeikaku/index.html,
江戸川区,district_plan,2,道路に関すること,https://www.city.edogawa.tokyo.jp/toshikeikaku/doro/index.html,まちづくり・ 環境,https://www.city.edogawa.tokyo.jp/toshikeikaku/index.html,
江戸川区,district_plan,2,お知らせ,https://www.city.edogawa.tokyo.jp/toshikeikaku/doro/info/index.html,まちづくり・ 環境,https://www.city.edogawa.tokyo.jp/toshikeikaku/index.html,
江戸川区,district_plan,2,都市計画道路事業について,https://www.city.edogawa.tokyo.jp/toshikeikaku/doro/toshikeikaku/index.html,まちづくり・ 環境,https://www.city.edogawa.tokyo.jp/toshikeikaku/index.html,
江戸川区,district_plan,2,本文へスキップします。,https://www.city.edogawa.tokyo.jp/toshikeikaku/index.html#tmp_honbun,まちづくり・ 環境,https://www.city.edogawa.tokyo.jp/toshikeikaku/index.html,
江戸川区,district_plan,2,安全で快適な環境に向けて,https://www.city.edogawa.tokyo.jp/toshikeikaku/kankyo/anzen_kaiteki/index.html,まちづくり・ 環境,https://www.city.edogawa.tokyo.jp/toshikeikaku/index.html,
江戸川区,district_plan,2,歩きたばこ・ポイ捨て,https://www.city.edogawa.tokyo.jp/toshikeikaku/kankyo/arukitabako/index.html,まちづくり・ 環境,https://www.city.edogawa.tokyo.jp/toshikeikaku/index.html,
江戸川区,district_plan,2,まちの美化,https://www.city.edogawa.tokyo.jp/toshikeikaku/kankyo/bika/index.html,まちづくり・ 環境,https://www.city.edogawa.tokyo.jp/toshikeikaku/index.html,
江戸川区,district_plan,2,環境,https://www.city.edogawa.tokyo.jp/toshikeikaku/kankyo/index.html,まちづくり・ 環境,https://www.city.edogawa.tokyo.jp/toshikeikaku/index.html,
江戸川区,district_plan,2,いまのいのち と みらいの地球（気候変動対策）,https://www.city.edogawa.tokyo.jp/toshikeikaku/kankyo/inochi/index.html,まちづくり・ 環境,https://www.city.edogawa.tokyo.jp/toshikeikaku/index.html,
江戸川区,district_plan,2,環境情報・調査,https://www.city.edogawa.tokyo.jp/toshikeikaku/kankyo/johochosa/index.html,まちづくり・ 環境,https://www.city.edogawa.tokyo.jp/toshikeikaku/index.html,
江戸川区,district_plan,2,公害規制等,https://www.city.edogawa.tokyo.jp/toshikeikaku/kankyo/kogai/index.html,まちづくり・ 環境,https://www.city.edogawa.tokyo.jp/toshikeikaku/index.html,
江戸川区,district_plan,2,公害相談,https://www.city.edogawa.tokyo.jp/toshikeikaku/kankyo/kogaisoudan/index.html,まちづくり・ 環境,https://www.city.edogawa.tokyo.jp/toshikeikaku/index.html,
江戸川区,district_plan,2,航空機による区内への影響について,https://www.city.edogawa.tokyo.jp/toshikeikaku/kankyo/koukuuki/index.html,まちづくり・ 環境,https://www.city.edogawa.tokyo.jp/toshikeikaku/index.html,
江戸川区,district_plan,2,江戸川区のみどり,https://www.city.edogawa.tokyo.jp/toshikeikaku/kankyo/midori/index.html,まちづくり・ 環境,https://www.city.edogawa.tokyo.jp/toshikeikaku/index.html,
江戸川区,district_plan,2,その他,https://www.city.edogawa.tokyo.jp/toshikeikaku/kankyo/sonota/index.html,まちづくり・ 環境,https://www.city.edogawa.tokyo.jp/toshikeikaku/index.html,
江戸川区,district_plan,2,環境をよくする運動,https://www.city.edogawa.tokyo.jp/toshikeikaku/kankyo/undou/index.html,まちづくり・ 環境,https://www.city.edogawa.tokyo.jp/toshikeikaku/index.html,
江戸川区,district_plan,2,景観まちづくり,https://www.city.edogawa.tokyo.jp/toshikeikaku/keikan/index.html,まちづくり・ 環境,https://www.city.edogawa.tokyo.jp/toshikeikaku/index.html,
江戸川区,district_plan,2,景観計画,https://www.city.edogawa.tokyo.jp/toshikeikaku/keikan/keikan_keikaku/index.html,まちづくり・ 環境,https://www.city.edogawa.tokyo.jp/toshikeikaku/index.html,
江戸川区,district_plan,2,景観シンポジウム,https://www.city.edogawa.tokyo.jp/toshikeikaku/keikan/keikan_symposium/index.html,まちづくり・ 環境,https://www.city.edogawa.tokyo.jp/toshikeikaku/index.html,
江戸川区,district_plan,2,景観まちづくりワークショップ,https://www.city.edogawa.tokyo.jp/toshikeikaku/keikan/keikan_workshop/index.html,まちづくり・ 環境,https://www.city.edogawa.tokyo.jp/toshikeikaku/index.html,
江戸川区,district_plan,2,景観地区,https://www.city.edogawa.tokyo.jp/toshikeikaku/keikan/keikanchiku/index.html,まちづくり・ 環境,https://www.city.edogawa.tokyo.jp/toshikeikaku/index.html,
江戸川区,district_plan,2,江戸川区景観条例及び施行規則,https://www.city.edogawa.tokyo.jp/toshikeikaku/keikan/keikanjorei_kisoku/index.html,まちづくり・ 環境,https://www.city.edogawa.tokyo.jp/toshikeikaku/index.html,
江戸川区,district_plan,2,景観審議会,https://www.city.edogawa.tokyo.jp/toshikeikaku/keikan/shingikai/index.html,まちづくり・ 環境,https://www.city.edogawa.tokyo.jp/toshikeikaku/index.html,
江戸川区,district_plan,2,江戸川区全体のまちづくり計画,https://www.city.edogawa.tokyo.jp/toshikeikaku/kekakunitsuite/index.html,まちづくり・ 環境,https://www.city.edogawa.tokyo.jp/toshikeikaku/index.html,
江戸川区,district_plan,2,江戸川区住宅マスタープラン,https://www.city.edogawa.tokyo.jp/toshikeikaku/kekakunitsuite/kihonkeikaku/index.html,まちづくり・ 環境,https://www.city.edogawa.tokyo.jp/toshikeikaku/index.html,
江戸川区,district_plan,2,江戸川区都市計画マスタープラン,https://www.city.edogawa.tokyo.jp/toshikeikaku/kekakunitsuite/kihonplan/index.html,まちづくり・ 環境,https://www.city.edogawa.tokyo.jp/toshikeikaku/index.html,
江戸川区,district_plan,2,バリアフリー法・福祉のまちづくり条例に関する手続き,https://www.city.edogawa.tokyo.jp/toshikeikaku/kenchiku/barrier_free/index.html,まちづくり・ 環境,https://www.city.edogawa.tokyo.jp/toshikeikaku/index.html,
江戸川区,district_plan,2,定期報告・維持管理・液状化・事故報告,https://www.city.edogawa.tokyo.jp/toshikeikaku/kenchiku/hokoku/index.html,まちづくり・ 環境,https://www.city.edogawa.tokyo.jp/toshikeikaku/index.html,
江戸川区,district_plan,2,建築に関すること,https://www.city.edogawa.tokyo.jp/toshikeikaku/kenchiku/index.html,まちづくり・ 環境,https://www.city.edogawa.tokyo.jp/toshikeikaku/index.html,
江戸川区,district_plan,2,長期優良住宅・低炭素建築物,https://www.city.edogawa.tokyo.jp/toshikeikaku/kenchiku/jutaku/index.html,まちづくり・ 環境,https://www.city.edogawa.tokyo.jp/toshikeikaku/index.html,
江戸川区,district_plan,2,住宅用家屋証明書・建築計画概要書,https://www.city.edogawa.tokyo.jp/toshikeikaku/kenchiku/kaokushomei/index.html,まちづくり・ 環境,https://www.city.edogawa.tokyo.jp/toshikeikaku/index.html,
江戸川区,district_plan,2,建築確認・検査・施工計画,https://www.city.edogawa.tokyo.jp/toshikeikaku/kenchiku/kensa_keikau/index.html,まちづくり・ 環境,https://www.city.edogawa.tokyo.jp/toshikeikaku/index.html,
江戸川区,district_plan,2,建築に関する規制・事前調査,https://www.city.edogawa.tokyo.jp/toshikeikaku/kenchiku/kisei_chosa/index.html,まちづくり・ 環境,https://www.city.edogawa.tokyo.jp/toshikeikaku/index.html,
江戸川区,district_plan,2,許可・認定・届出（建築基準法・都市計画法第53条）,https://www.city.edogawa.tokyo.jp/toshikeikaku/kenchiku/nintei_todoke/index.html,まちづくり・ 環境,https://www.city.edogawa.tokyo.jp/toshikeikaku/index.html,
江戸川区,district_plan,2,建設リサイクル法に基づく届出等・建築物除却届,https://www.city.edogawa.tokyo.jp/toshikeikaku/kenchiku/recycle/index.html,まちづくり・ 環境,https://www.city.edogawa.tokyo.jp/toshikeikaku/index.html,
江戸川区,district_plan,2,まちづくりのルールと協議,https://www.city.edogawa.tokyo.jp/toshikeikaku/kenchiku/ruletokyogi/index.html,まちづくり・ 環境,https://www.city.edogawa.tokyo.jp/toshikeikaku/index.html,
江戸川区,district_plan,2,取り扱い基準・オンライン申請・窓口時間,https://www.city.edogawa.tokyo.jp/toshikeikaku/kenchiku/shinsei/index.html,まちづくり・ 環境,https://www.city.edogawa.tokyo.jp/toshikeikaku/index.html,
江戸川区,district_plan,2,建築物の省エネ・エネルギー消費性能の向上,https://www.city.edogawa.tokyo.jp/toshikeikaku/kenchiku/shoene/index.html,まちづくり・ 環境,https://www.city.edogawa.tokyo.jp/toshikeikaku/index.html,
江戸川区,district_plan,2,江戸川区の公共交通,https://www.city.edogawa.tokyo.jp/toshikeikaku/kokyokotsu/index.html,まちづくり・ 環境,https://www.city.edogawa.tokyo.jp/toshikeikaku/index.html,
江戸川区,district_plan,2,安全・安心まちづくり,https://www.city.edogawa.tokyo.jp/toshikeikaku/saigainitsuyoi/anshinmachidukuri/index.html,まちづくり・ 環境,https://www.city.edogawa.tokyo.jp/toshikeikaku/index.html,
江戸川区,district_plan,2,災害に強いまちづくり,https://www.city.edogawa.tokyo.jp/toshikeikaku/saigainitsuyoi/index.html,まちづくり・ 環境,https://www.city.edogawa.tokyo.jp/toshikeikaku/index.html,
江戸川区,district_plan,2,スーパー堤防とまちづくり情報,https://www.city.edogawa.tokyo.jp/toshikeikaku/saigainitsuyoi/machidukurijoho/index.html,まちづくり・ 環境,https://www.city.edogawa.tokyo.jp/toshikeikaku/index.html,
江戸川区,district_plan,2,篠崎地区まちづくり,https://www.city.edogawa.tokyo.jp/toshikeikaku/saigainitsuyoi/shinozakitiku/index.html,まちづくり・ 環境,https://www.city.edogawa.tokyo.jp/toshikeikaku/index.html,
江戸川区,district_plan,2,その他,https://www.city.edogawa.tokyo.jp/toshikeikaku/sonota/index.html,まちづくり・ 環境,https://www.city.edogawa.tokyo.jp/toshikeikaku/index.html,
江戸川区,district_plan,2,まちづくり窓口,https://www.city.edogawa.tokyo.jp/toshikeikaku/sonota/madoguchi/index.html,まちづくり・ 環境,https://www.city.edogawa.tokyo.jp/toshikeikaku/index.html,
江戸川区,district_plan,2,まちづくり用語集,https://www.city.edogawa.tokyo.jp/toshikeikaku/sonota/matidukuriyogoshu/index.html,まちづくり・ 環境,https://www.city.edogawa.tokyo.jp/toshikeikaku/index.html,
江戸川区,district_plan,2,その他,https://www.city.edogawa.tokyo.jp/toshikeikaku/sonota/sonota/index.html,まちづくり・ 環境,https://www.city.edogawa.tokyo.jp/toshikeikaku/index.html,
江戸川区,district_plan,2,都市交通計画・交通事業,https://www.city.edogawa.tokyo.jp/toshikeikaku/toshikotsu/index.html,まちづくり・ 環境,https://www.city.edogawa.tokyo.jp/toshikeikaku/index.html,
江戸川区,district_plan,2,江戸川区地域公共交通活性化協議会,https://www.city.edogawa.tokyo.jp/toshikeikaku/toshikotsu/kokyokotsu/index.html,まちづくり・ 環境,https://www.city.edogawa.tokyo.jp/toshikeikaku/index.html,
江戸川区,district_plan,3,助け合いのまちづくり＜共助＞,https://www.city.edogawa.tokyo.jp/bosaianzen/bosai/kyojo/index.html,防災行政無線,https://www.city.edogawa.tokyo.jp/bosaianzen/bosai/musen/index.html,
江戸川区,district_plan,3,要配慮者利用施設の「避難確保計画」作成,https://www.city.edogawa.tokyo.jp/e007/bosaianzen/bosai/jijo/hinankakuhokeikaku2019.html,避難所・避難場所検索,https://www.city.edogawa.tokyo.jp/e007/bosaianzen/bosai/jijo/search-1/index.html,
江戸川区,hazard,1,防災・安全,https://www.city.edogawa.tokyo.jp/bosaianzen/index.html,公式トップ,https://www.city.edogawa.tokyo.jp/,
江戸川区,hazard,2,救急,https://www.city.edogawa.tokyo.jp/bosaianzen/anzen/index.html,防災・安全,https://www.city.edogawa.tokyo.jp/bosaianzen/index.html,
江戸川区,hazard,2,休日夜間診療・医療機関,https://www.city.edogawa.tokyo.jp/bosaianzen/anzen/iryo/index.html,防災・安全,https://www.city.edogawa.tokyo.jp/bosaianzen/index.html,
江戸川区,hazard,2,防災行政無線,https://www.city.edogawa.tokyo.jp/bosaianzen/bosai/musen/index.html,防災・安全,https://www.city.edogawa.tokyo.jp/bosaianzen/index.html,
江戸川区,hazard,2,本文へスキップします。,https://www.city.edogawa.tokyo.jp/bosaianzen/index.html#tmp_honbun,防災・安全,https://www.city.edogawa.tokyo.jp/bosaianzen/index.html,
江戸川区,hazard,2,災害支援,https://www.city.edogawa.tokyo.jp/bosaianzen/saigaishien/index.html,防災・安全,https://www.city.edogawa.tokyo.jp/bosaianzen/index.html,
江戸川区,hazard,2,災害義援金・救援物資の受け付け,https://www.city.edogawa.tokyo.jp/bosaianzen/saigaishien/saigaigienkin/index.html,防災・安全,https://www.city.edogawa.tokyo.jp/bosaianzen/index.html,
江戸川区,hazard,2,2019年台風19号,https://www.city.edogawa.tokyo.jp/bosaianzen/saigaitaio/2019_tyhoon19/index.html,防災・安全,https://www.city.edogawa.tokyo.jp/bosaianzen/index.html,
江戸川区,hazard,2,2024年台風7号,https://www.city.edogawa.tokyo.jp/bosaianzen/saigaitaio/2024_typhoon7/index.html,防災・安全,https://www.city.edogawa.tokyo.jp/bosaianzen/index.html,
江戸川区,hazard,2,災害への対応等,https://www.city.edogawa.tokyo.jp/bosaianzen/saigaitaio/index.html,防災・安全,https://www.city.edogawa.tokyo.jp/bosaianzen/index.html,
江戸川区,hazard,2,南海トラフ地震の臨時情報,https://www.city.edogawa.tokyo.jp/bosaianzen/saigaitaio/nankaitrough/index.html,防災・安全,https://www.city.edogawa.tokyo.jp/bosaianzen/index.html,
江戸川区,hazard,2,義援金・救援物資,https://www.city.edogawa.tokyo.jp/bosaianzen/shinsai/gienkin/index.html,防災・安全,https://www.city.edogawa.tokyo.jp/bosaianzen/index.html,
江戸川区,hazard,2,避難されている皆様へ,https://www.city.edogawa.tokyo.jp/bosaianzen/shinsai/hisai2/index.html,防災・安全,https://www.city.edogawa.tokyo.jp/bosaianzen/index.html,
江戸川区,hazard,2,放射線関連情報,https://www.city.edogawa.tokyo.jp/bosaianzen/shinsai/housyasen/index.html,防災・安全,https://www.city.edogawa.tokyo.jp/bosaianzen/index.html,
江戸川区,hazard,2,東日本大震災関連情報,https://www.city.edogawa.tokyo.jp/bosaianzen/shinsai/index.html,防災・安全,https://www.city.edogawa.tokyo.jp/bosaianzen/index.html,
江戸川区,hazard,2,区の事務取扱等,https://www.city.edogawa.tokyo.jp/bosaianzen/shinsai/jimu/index.html,防災・安全,https://www.city.edogawa.tokyo.jp/bosaianzen/index.html,
江戸川区,hazard,2,お知らせ,https://www.city.edogawa.tokyo.jp/bosaianzen/shinsai/oshirase/index.html,防災・安全,https://www.city.edogawa.tokyo.jp/bosaianzen/index.html,
江戸川区,hazard,2,江戸川区の対応,https://www.city.edogawa.tokyo.jp/bosaianzen/shinsai/taio/index.html,防災・安全,https://www.city.edogawa.tokyo.jp/bosaianzen/index.html,
江戸川区,hazard,2,2019年(令和元年)台風15号による災害への支援,https://www.city.edogawa.tokyo.jp/e004/bosaianzen/saigaishien/2019_taifu15saigai.html,防災・安全,https://www.city.edogawa.tokyo.jp/bosaianzen/index.html,
江戸川区,hazard,2,2019年(令和元年)台風19号による災害への支援,https://www.city.edogawa.tokyo.jp/e004/bosaianzen/saigaishien/2019_taifu19saigai.html,防災・安全,https://www.city.edogawa.tokyo.jp/bosaianzen/index.html,
江戸川区,hazard,2,2018年(平成30年)7月豪雨災害への支援,https://www.city.edogawa.tokyo.jp/e004/bosaianzen/saigaishien/h3007gouusaigai.html,防災・安全,https://www.city.edogawa.tokyo.jp/bosaianzen/index.html,
江戸川区,hazard,2,関連リンク集,https://www.city.edogawa.tokyo.jp/e004/bosaianzen/shinsai/link.html,防災・安全,https://www.city.edogawa.tokyo.jp/bosaianzen/index.html,
江戸川区,hazard,2,防災,https://www.city.edogawa.tokyo.jp/e007/bosaianzen/bosai/index.html,防災・安全,https://www.city.edogawa.tokyo.jp/bosaianzen/index.html,
江戸川区,hazard,2,避難所・避難場所検索,https://www.city.edogawa.tokyo.jp/e007/bosaianzen/bosai/jijo/search-1/index.html,防災・安全,https://www.city.edogawa.tokyo.jp/bosaianzen/index.html,
江戸川区,hazard,2,新中川を基点とした避難表現について,https://www.city.edogawa.tokyo.jp/e007/bosaianzen/saigaitaio/sinnakagawakiten.html,防災・安全,https://www.city.edogawa.tokyo.jp/bosaianzen/index.html,
江戸川区,hazard,2,防犯,https://www.city.edogawa.tokyo.jp/e008/bosaianzen/bouhan/index.html,防災・安全,https://www.city.edogawa.tokyo.jp/bosaianzen/index.html,
江戸川区,hazard,2,災害ボランティア車両の有料道路料金の無料措置について,https://www.city.edogawa.tokyo.jp/e008/bosaianzen/saigaishien/saigaivolunteersyaryou.html,防災・安全,https://www.city.edogawa.tokyo.jp/bosaianzen/index.html,
江戸川区,hazard,2,都市防災不燃化促進事業,https://www.city.edogawa.tokyo.jp/e019/toshikeikaku/saigainitsuyoi/tosibousai.html,まちづくり・ 環境,https://www.city.edogawa.tokyo.jp/toshikeikaku/index.html,
江戸川区,hazard,2,り災証明書、被災届出受理証の申請,https://www.city.edogawa.tokyo.jp/e030/bosaianzen/saigaitaio/risai.html,防災・安全,https://www.city.edogawa.tokyo.jp/bosaianzen/index.html,
江戸川区,hazard,2,AED（自動体外式除細動器）,https://www.city.edogawa.tokyo.jp/e051/bosaianzen/anzen/aed.html,防災・安全,https://www.city.edogawa.tokyo.jp/bosaianzen/index.html,
江戸川区,hazard,3,本文へスキップします。,https://www.city.edogawa.tokyo.jp/bosaianzen/anzen/index.html#tmp_honbun,救急,https://www.city.edogawa.tokyo.jp/bosaianzen/anzen/index.html,
江戸川区,hazard,3,本文へスキップします。,https://www.city.edogawa.tokyo.jp/bosaianzen/anzen/iryo/index.html#tmp_honbun,休日夜間診療・医療機関,https://www.city.edogawa.tokyo.jp/bosaianzen/anzen/iryo/index.html,
江戸川区,hazard,3,接骨院・整骨院（地域別）,https://www.city.edogawa.tokyo.jp/bosaianzen/anzen/iryo/sekkotsu/index.html,救急,https://www.city.edogawa.tokyo.jp/bosaianzen/anzen/index.html,
江戸川区,hazard,3,歯科診療所（地域別）,https://www.city.edogawa.tokyo.jp/bosaianzen/anzen/iryo/shika/index.html,救急,https://www.city.edogawa.tokyo.jp/bosaianzen/anzen/index.html,
江戸川区,hazard,3,いざというときのために＜自助＞,https://www.city.edogawa.tokyo.jp/bosaianzen/bosai/jijo/index.html,防災行政無線,https://www.city.edogawa.tokyo.jp/bosaianzen/bosai/musen/index.html,
江戸川区,hazard,3,詳しく見る,https://www.city.edogawa.tokyo.jp/bosaianzen/bosai/jijo/index.html#jishin,防災,https://www.city.edogawa.tokyo.jp/e007/bosaianzen/bosai/index.html,
江戸川区,hazard,3,詳しく見る,https://www.city.edogawa.tokyo.jp/bosaianzen/bosai/jijo/index.html#suigai,防災,https://www.city.edogawa.tokyo.jp/e007/bosaianzen/bosai/index.html,
江戸川区,hazard,3,防災関連リンク,https://www.city.edogawa.tokyo.jp/bosaianzen/bosai/kanrenlink/index.html,防災行政無線,https://www.city.edogawa.tokyo.jp/bosaianzen/bosai/musen/index.html,
江戸川区,hazard,3,防災関連マップ,https://www.city.edogawa.tokyo.jp/bosaianzen/bosai/kanrenmap/index.html,防災行政無線,https://www.city.edogawa.tokyo.jp/bosaianzen/bosai/musen/index.html,
江戸川区,hazard,3,江戸川区の災害対策＜公助＞,https://www.city.edogawa.tokyo.jp/bosaianzen/bosai/kojo/index.html,防災行政無線,https://www.city.edogawa.tokyo.jp/bosaianzen/bosai/musen/index.html,
江戸川区,hazard,3,計画・対策,https://www.city.edogawa.tokyo.jp/bosaianzen/bosai/kojo/kekaku/index.html,防災,https://www.city.edogawa.tokyo.jp/e007/bosaianzen/bosai/index.html,
江戸川区,hazard,3,国民保護法制,https://www.city.edogawa.tokyo.jp/bosaianzen/bosai/kokuminhogo/index.html,防災行政無線,https://www.city.edogawa.tokyo.jp/bosaianzen/bosai/musen/index.html,
江戸川区,hazard,3,助け合いのまちづくり＜共助＞,https://www.city.edogawa.tokyo.jp/bosaianzen/bosai/kyojo/index.html,防災行政無線,https://www.city.edogawa.tokyo.jp/bosaianzen/bosai/musen/index.html,
江戸川区,hazard,3,本文へスキップします。,https://www.city.edogawa.tokyo.jp/bosaianzen/bosai/musen/index.html#tmp_honbun,防災行政無線,https://www.city.edogawa.tokyo.jp/bosaianzen/bosai/musen/index.html,
江戸川区,hazard,3,お知らせ,https://www.city.edogawa.tokyo.jp/bosaianzen/bosai/oshirase/index.html,防災行政無線,https://www.city.edogawa.tokyo.jp/bosaianzen/bosai/musen/index.html,
江戸川区,hazard,3,活動の紹介,https://www.city.edogawa.tokyo.jp/bosaianzen/bouhan/chiikibohan/hibinokatsudo/index.html,防犯,https://www.city.edogawa.tokyo.jp/e008/bosaianzen/bouhan/index.html,
江戸川区,hazard,3,詳しく見る,https://www.city.edogawa.tokyo.jp/bosaianzen/bouhan/chiikibohan/index.html,防犯,https://www.city.edogawa.tokyo.jp/e008/bosaianzen/bouhan/index.html,
江戸川区,hazard,3,詳しく見る,https://www.city.edogawa.tokyo.jp/bosaianzen/bouhan/kunaihanzai/index.html,防犯,https://www.city.edogawa.tokyo.jp/e008/bosaianzen/bouhan/index.html,
江戸川区,hazard,3,特殊詐欺,https://www.city.edogawa.tokyo.jp/bosaianzen/bouhan/kunaihanzai/sagi_akutoku/index.html,防犯,https://www.city.edogawa.tokyo.jp/e008/bosaianzen/bouhan/index.html,
江戸川区,hazard,3,お知らせ一覧»,https://www.city.edogawa.tokyo.jp/bosaianzen/bouhan/oshirase/index.html,防犯,https://www.city.edogawa.tokyo.jp/e008/bosaianzen/bouhan/index.html,
江戸川区,hazard,3,詳しく見る,https://www.city.edogawa.tokyo.jp/bosaianzen/bouhan/oyakudachijoho/index.html,防犯,https://www.city.edogawa.tokyo.jp/e008/bosaianzen/bouhan/index.html,
江戸川区,hazard,3,区の取り組み一覧 »,https://www.city.edogawa.tokyo.jp/bosaianzen/bouhan/torikumi/index.html,防犯,https://www.city.edogawa.tokyo.jp/e008/bosaianzen/bouhan/index.html,
江戸川区,hazard,3,本文へスキップします。,https://www.city.edogawa.tokyo.jp/bosaianzen/saigaishien/index.html#tmp_honbun,災害支援,https://www.city.edogawa.tokyo.jp/bosaianzen/saigaishien/index.html,
江戸川区,hazard,3,本文へスキップします。,https://www.city.edogawa.tokyo.jp/bosaianzen/saigaitaio/2019_tyhoon19/index.html#tmp_honbun,2019年台風19号,https://www.city.edogawa.tokyo.jp/bosaianzen/saigaitaio/2019_tyhoon19/index.html,
江戸川区,hazard,3,本文へスキップします。,https://www.city.edogawa.tokyo.jp/bosaianzen/saigaitaio/2024_typhoon7/index.html#tmp_honbun,2024年台風7号,https://www.city.edogawa.tokyo.jp/bosaianzen/saigaitaio/2024_typhoon7/index.html,
江戸川区,hazard,3,台風7号に関する対応等,https://www.city.edogawa.tokyo.jp/bosaianzen/saigaitaio/2024_typhoon7/taio.html,災害への対応等,https://www.city.edogawa.tokyo.jp/bosaianzen/saigaitaio/index.html,
江戸川区,hazard,3,本文へスキップします。,https://www.city.edogawa.tokyo.jp/bosaianzen/saigaitaio/index.html#tmp_honbun,災害への対応等,https://www.city.edogawa.tokyo.jp/bosaianzen/saigaitaio/index.html,
江戸川区,hazard,3,本文へスキップします。,https://www.city.edogawa.tokyo.jp/bosaianzen/saigaitaio/nankaitrough/index.html#tmp_honbun,南海トラフ地震の臨時情報,https://www.city.edogawa.tokyo.jp/bosaianzen/saigaitaio/nankaitrough/index.html,
江戸川区,hazard,3,南海トラフ地震の臨時情報発表に伴う第1回情報連絡会議,https://www.city.edogawa.tokyo.jp/bosaianzen/saigaitaio/nankaitrough/kaigi_20240809.html,災害への対応等,https://www.city.edogawa.tokyo.jp/bosaianzen/saigaitaio/index.html,
江戸川区,hazard,3,病院・診療所（地域別）,https://www.city.edogawa.tokyo.jp/e004/bosaianzen/anzen/iryo/byoin/index.html,救急,https://www.city.edogawa.tokyo.jp/bosaianzen/anzen/index.html,
江戸川区,hazard,3,本文へスキップします。,https://www.city.edogawa.tokyo.jp/e004/bosaianzen/saigaishien/2019_taifu19saigai.html#tmp_honbun,2019年(令和元年)台風19号による災害への支援,https://www.city.edogawa.tokyo.jp/e004/bosaianzen/saigaishien/2019_taifu19saigai.html,
江戸川区,hazard,3,防災講演会,https://www.city.edogawa.tokyo.jp/e007/bosaianzen/bosai/bousaikouenkai.html,防災行政無線,https://www.city.edogawa.tokyo.jp/bosaianzen/bosai/musen/index.html,
江戸川区,hazard,3,本文へスキップします。,https://www.city.edogawa.tokyo.jp/e007/bosaianzen/bosai/index.html#tmp_honbun,防災,https://www.city.edogawa.tokyo.jp/e007/bosaianzen/bosai/index.html,
江戸川区,hazard,3,東京都防災アプリで浸水の深さを確認しましょう,https://www.city.edogawa.tokyo.jp/e007/bosaianzen/bosai/jijo/bousaiappli.html,避難所・避難場所検索,https://www.city.edogawa.tokyo.jp/e007/bosaianzen/bosai/jijo/search-1/index.html,
江戸川区,hazard,3,動画で防災を学ぶ,https://www.city.edogawa.tokyo.jp/e007/bosaianzen/bosai/jijo/dougadebousai.html,避難所・避難場所検索,https://www.city.edogawa.tokyo.jp/e007/bosaianzen/bosai/jijo/search-1/index.html,
江戸川区,hazard,3,災害時のガス利用ガイド,https://www.city.edogawa.tokyo.jp/e007/bosaianzen/bosai/jijo/gas.html,避難所・避難場所検索,https://www.city.edogawa.tokyo.jp/e007/bosaianzen/bosai/jijo/search-1/index.html,
江戸川区,hazard,3,水害時の避難情報があたらしくなりました,https://www.city.edogawa.tokyo.jp/e007/bosaianzen/bosai/jijo/hinanjoho.html,避難所・避難場所検索,https://www.city.edogawa.tokyo.jp/e007/bosaianzen/bosai/jijo/search-1/index.html,
江戸川区,hazard,3,要配慮者利用施設の「避難確保計画」作成,https://www.city.edogawa.tokyo.jp/e007/bosaianzen/bosai/jijo/hinankakuhokeikaku2019.html,避難所・避難場所検索,https://www.city.edogawa.tokyo.jp/e007/bosaianzen/bosai/jijo/search-1/index.html,
江戸川区,hazard,3,水害リスクはコロナ禍中も変わらず「躊躇なく早めの避難を」,https://www.city.edogawa.tokyo.jp/e007/bosaianzen/bosai/jijo/koronakatyuunohinannhouhou.html,避難所・避難場所検索,https://www.city.edogawa.tokyo.jp/e007/bosaianzen/bosai/jijo/search-1/index.html,
江戸川区,hazard,3,大規模水害時の自主的広域避難(分散避難),https://www.city.edogawa.tokyo.jp/e007/bosaianzen/bosai/jijo/kouikihinan/index.html,避難所・避難場所検索,https://www.city.edogawa.tokyo.jp/e007/bosaianzen/bosai/jijo/search-1/index.html,
江戸川区,hazard,3,大規模水害時自主的広域避難補助金,https://www.city.edogawa.tokyo.jp/e007/bosaianzen/bosai/jijo/kouikihinanhojokin.html,避難所・避難場所検索,https://www.city.edogawa.tokyo.jp/e007/bosaianzen/bosai/jijo/search-1/index.html,
江戸川区,hazard,3,防災マンガ『防サイのイロハ』,https://www.city.edogawa.tokyo.jp/e007/bosaianzen/bosai/jijo/manga/index.html,避難所・避難場所検索,https://www.city.edogawa.tokyo.jp/e007/bosaianzen/bosai/jijo/search-1/index.html,
江戸川区,hazard,3,災害時支援ボランティア募集中,https://www.city.edogawa.tokyo.jp/e007/bosaianzen/bosai/jijo/n_boshu.html,避難所・避難場所検索,https://www.city.edogawa.tokyo.jp/e007/bosaianzen/bosai/jijo/search-1/index.html,
江戸川区,hazard,3,大地震が起こったら…,https://www.city.edogawa.tokyo.jp/e007/bosaianzen/bosai/jijo/n_daijishin.html,避難所・避難場所検索,https://www.city.edogawa.tokyo.jp/e007/bosaianzen/bosai/jijo/search-1/index.html,
江戸川区,hazard,3,災害用伝言サービス,https://www.city.edogawa.tokyo.jp/e007/bosaianzen/bosai/jijo/n_dial.html,避難所・避難場所検索,https://www.city.edogawa.tokyo.jp/e007/bosaianzen/bosai/jijo/search-1/index.html,
江戸川区,hazard,3,避難の心得,https://www.city.edogawa.tokyo.jp/e007/bosaianzen/bosai/jijo/n_hinanbasho.html,避難所・避難場所検索,https://www.city.edogawa.tokyo.jp/e007/bosaianzen/bosai/jijo/search-1/index.html,
江戸川区,hazard,3,食料備蓄はローリングストック法で！,https://www.city.edogawa.tokyo.jp/e007/bosaianzen/bosai/jijo/n_mamechishiki.html,避難所・避難場所検索,https://www.city.edogawa.tokyo.jp/e007/bosaianzen/bosai/jijo/search-1/index.html,
江戸川区,hazard,3,自分の身は自分で守る（自助）,https://www.city.edogawa.tokyo.jp/e007/bosaianzen/bosai/jijo/n_mamoru.html,避難所・避難場所検索,https://www.city.edogawa.tokyo.jp/e007/bosaianzen/bosai/jijo/search-1/index.html,
江戸川区,hazard,3,災害時に備えて、覚えておきましょう！,https://www.city.edogawa.tokyo.jp/e007/bosaianzen/bosai/jijo/n_oboeru.html,避難所・避難場所検索,https://www.city.edogawa.tokyo.jp/e007/bosaianzen/bosai/jijo/search-1/index.html,
江戸川区,hazard,3,地震-そのとき10のポイント,https://www.city.edogawa.tokyo.jp/e007/bosaianzen/bosai/jijo/n_point.html,避難所・避難場所検索,https://www.city.edogawa.tokyo.jp/e007/bosaianzen/bosai/jijo/search-1/index.html,
江戸川区,hazard,3,日ごろから備えを万全に！,https://www.city.edogawa.tokyo.jp/e007/bosaianzen/bosai/jijo/n_sonae.html,避難所・避難場所検索,https://www.city.edogawa.tokyo.jp/e007/bosaianzen/bosai/jijo/search-1/index.html,
江戸川区,hazard,3,風水害に備えて,https://www.city.edogawa.tokyo.jp/e007/bosaianzen/bosai/jijo/ookina_suigai_sonae.html,避難所・避難場所検索,https://www.city.edogawa.tokyo.jp/e007/bosaianzen/bosai/jijo/search-1/index.html,
江戸川区,hazard,3,3D都市モデルで高潮浸水リスクが確認できます,https://www.city.edogawa.tokyo.jp/e007/bosaianzen/bosai/jijo/saigairisuku3d.html,避難所・避難場所検索,https://www.city.edogawa.tokyo.jp/e007/bosaianzen/bosai/jijo/search-1/index.html,
江戸川区,hazard,3,中央1～4,https://www.city.edogawa.tokyo.jp/e007/bosaianzen/bosai/jijo/search-1/chuo1-4.html,避難所・避難場所検索,https://www.city.edogawa.tokyo.jp/e007/bosaianzen/bosai/jijo/search-1/index.html,
江戸川区,hazard,3,東葛西1～9,https://www.city.edogawa.tokyo.jp/e007/bosaianzen/bosai/jijo/search-1/e-kasai1-9.html,避難所・避難場所検索,https://www.city.edogawa.tokyo.jp/e007/bosaianzen/bosai/jijo/search-1/index.html,
江戸川区,hazard,3,東小岩1～6,https://www.city.edogawa.tokyo.jp/e007/bosaianzen/bosai/jijo/search-1/e-koiwa1-6.html,避難所・避難場所検索,https://www.city.edogawa.tokyo.jp/e007/bosaianzen/bosai/jijo/search-1/index.html,
江戸川区,hazard,3,東小松川1～4,https://www.city.edogawa.tokyo.jp/e007/bosaianzen/bosai/jijo/search-1/e-komatsugawa1-4.html,避難所・避難場所検索,https://www.city.edogawa.tokyo.jp/e007/bosaianzen/bosai/jijo/search-1/index.html,
江戸川区,hazard,3,東松本1～2,https://www.city.edogawa.tokyo.jp/e007/bosaianzen/bosai/jijo/search-1/e-matsumoto1-2.html,避難所・避難場所検索,https://www.city.edogawa.tokyo.jp/e007/bosaianzen/bosai/jijo/search-1/index.html,
江戸川区,hazard,3,東瑞江1～3,https://www.city.edogawa.tokyo.jp/e007/bosaianzen/bosai/jijo/search-1/e-mizue1-3.html,避難所・避難場所検索,https://www.city.edogawa.tokyo.jp/e007/bosaianzen/bosai/jijo/search-1/index.html,
江戸川区,hazard,3,東篠崎1～2,https://www.city.edogawa.tokyo.jp/e007/bosaianzen/bosai/jijo/search-1/e-shinozaki1-2.html,避難所・避難場所検索,https://www.city.edogawa.tokyo.jp/e007/bosaianzen/bosai/jijo/search-1/index.html,
江戸川区,hazard,3,東篠崎町,https://www.city.edogawa.tokyo.jp/e007/bosaianzen/bosai/jijo/search-1/e-shinozakicho.html,避難所・避難場所検索,https://www.city.edogawa.tokyo.jp/e007/bosaianzen/bosai/jijo/search-1/index.html,
江戸川区,hazard,3,江戸川1～6,https://www.city.edogawa.tokyo.jp/e007/bosaianzen/bosai/jijo/search-1/edogawa1-6.html,避難所・避難場所検索,https://www.city.edogawa.tokyo.jp/e007/bosaianzen/bosai/jijo/search-1/index.html,
江戸川区,hazard,3,船堀1～7,https://www.city.edogawa.tokyo.jp/e007/bosaianzen/bosai/jijo/search-1/funabori1-7.html,避難所・避難場所検索,https://www.city.edogawa.tokyo.jp/e007/bosaianzen/bosai/jijo/search-1/index.html,
江戸川区,hazard,3,春江町1～5,https://www.city.edogawa.tokyo.jp/e007/bosaianzen/bosai/jijo/search-1/haruecho1-5.html,避難所・避難場所検索,https://www.city.edogawa.tokyo.jp/e007/bosaianzen/bosai/jijo/search-1/index.html,
江戸川区,hazard,3,平井1～7,https://www.city.edogawa.tokyo.jp/e007/bosaianzen/bosai/jijo/search-1/hirai1-7.html,避難所・避難場所検索,https://www.city.edogawa.tokyo.jp/e007/bosaianzen/bosai/jijo/search-1/index.html,
江戸川区,hazard,3,本一色1～3,https://www.city.edogawa.tokyo.jp/e007/bosaianzen/bosai/jijo/search-1/honisshiki1-3.html,避難所・避難場所検索,https://www.city.edogawa.tokyo.jp/e007/bosaianzen/bosai/jijo/search-1/index.html,
江戸川区,hazard,3,堀江町,https://www.city.edogawa.tokyo.jp/e007/bosaianzen/bosai/jijo/search-1/horiecho.html,避難所・避難場所検索,https://www.city.edogawa.tokyo.jp/e007/bosaianzen/bosai/jijo/search-1/index.html,
江戸川区,hazard,3,一之江1～8,https://www.city.edogawa.tokyo.jp/e007/bosaianzen/bosai/jijo/search-1/ichinoe1-8.html,避難所・避難場所検索,https://www.city.edogawa.tokyo.jp/e007/bosaianzen/bosai/jijo/search-1/index.html,
江戸川区,hazard,3,一之江町,https://www.city.edogawa.tokyo.jp/e007/bosaianzen/bosai/jijo/search-1/ichinoecho.html,避難所・避難場所検索,https://www.city.edogawa.tokyo.jp/e007/bosaianzen/bosai/jijo/search-1/index.html,
江戸川区,hazard,3,本文へスキップします。,https://www.city.edogawa.tokyo.jp/e007/bosaianzen/bosai/jijo/search-1/index.html#tmp_honbun,避難所・避難場所検索,https://www.city.edogawa.tokyo.jp/e007/bosaianzen/bosai/jijo/search-1/index.html,
江戸川区,hazard,3,上一色1～3,https://www.city.edogawa.tokyo.jp/e007/bosaianzen/bosai/jijo/search-1/kamiisshiki1-3.html,避難所・避難場所検索,https://www.city.edogawa.tokyo.jp/e007/bosaianzen/bosai/jijo/search-1/index.html,
江戸川区,hazard,3,上篠崎1～4,https://www.city.edogawa.tokyo.jp/e007/bosaianzen/bosai/jijo/search-1/kamishinozaki1-4.html,避難所・避難場所検索,https://www.city.edogawa.tokyo.jp/e007/bosaianzen/bosai/jijo/search-1/index.html,
江戸川区,hazard,3,小松川1～4,https://www.city.edogawa.tokyo.jp/e007/bosaianzen/bosai/jijo/search-1/komatsugawa1-4.html,避難所・避難場所検索,https://www.city.edogawa.tokyo.jp/e007/bosaianzen/bosai/jijo/search-1/index.html,
江戸川区,hazard,3,松江1～7,https://www.city.edogawa.tokyo.jp/e007/bosaianzen/bosai/jijo/search-1/matsue1-7.html,避難所・避難場所検索,https://www.city.edogawa.tokyo.jp/e007/bosaianzen/bosai/jijo/search-1/index.html,
江戸川区,hazard,3,松本1～2,https://www.city.edogawa.tokyo.jp/e007/bosaianzen/bosai/jijo/search-1/matsumoto1-2.html,避難所・避難場所検索,https://www.city.edogawa.tokyo.jp/e007/bosaianzen/bosai/jijo/search-1/index.html,
江戸川区,hazard,3,松島1～4,https://www.city.edogawa.tokyo.jp/e007/bosaianzen/bosai/jijo/search-1/matsushima1-4.html,避難所・避難場所検索,https://www.city.edogawa.tokyo.jp/e007/bosaianzen/bosai/jijo/search-1/index.html,
江戸川区,hazard,3,瑞江1～4,https://www.city.edogawa.tokyo.jp/e007/bosaianzen/bosai/jijo/search-1/mizue1-4.html,避難所・避難場所検索,https://www.city.edogawa.tokyo.jp/e007/bosaianzen/bosai/jijo/search-1/index.html,
江戸川区,hazard,3,北葛西1～5,https://www.city.edogawa.tokyo.jp/e007/bosaianzen/bosai/jijo/search-1/n-kasai1-5.html,避難所・避難場所検索,https://www.city.edogawa.tokyo.jp/e007/bosaianzen/bosai/jijo/search-1/index.html,
江戸川区,hazard,3,北小岩1～8,https://www.city.edogawa.tokyo.jp/e007/bosaianzen/bosai/jijo/search-1/n-koiwa1-8.html,避難所・避難場所検索,https://www.city.edogawa.tokyo.jp/e007/bosaianzen/bosai/jijo/search-1/index.html,
江戸川区,hazard,3,西瑞江3～5,https://www.city.edogawa.tokyo.jp/e007/bosaianzen/bosai/jijo/search-1/n-mizue.html,避難所・避難場所検索,https://www.city.edogawa.tokyo.jp/e007/bosaianzen/bosai/jijo/search-1/index.html,
江戸川区,hazard,3,北篠崎1～2,https://www.city.edogawa.tokyo.jp/e007/bosaianzen/bosai/jijo/search-1/n-shinozaki1-2.html,避難所・避難場所検索,https://www.city.edogawa.tokyo.jp/e007/bosaianzen/bosai/jijo/search-1/index.html,
江戸川区,hazard,3,中葛西1～8,https://www.city.edogawa.tokyo.jp/e007/bosaianzen/bosai/jijo/search-1/nakakasai1-8.html,避難所・避難場所検索,https://www.city.edogawa.tokyo.jp/e007/bosaianzen/bosai/jijo/search-1/index.html,
江戸川区,hazard,3,新堀1～2,https://www.city.edogawa.tokyo.jp/e007/bosaianzen/bosai/jijo/search-1/nibori1-2.html,避難所・避難場所検索,https://www.city.edogawa.tokyo.jp/e007/bosaianzen/bosai/jijo/search-1/index.html,
江戸川区,hazard,3,二之江町,https://www.city.edogawa.tokyo.jp/e007/bosaianzen/bosai/jijo/search-1/ninoe.html,避難所・避難場所検索,https://www.city.edogawa.tokyo.jp/e007/bosaianzen/bosai/jijo/search-1/index.html,
江戸川区,hazard,3,興宮町,https://www.city.edogawa.tokyo.jp/e007/bosaianzen/bosai/jijo/search-1/okinomiya.html,避難所・避難場所検索,https://www.city.edogawa.tokyo.jp/e007/bosaianzen/bosai/jijo/search-1/index.html,
江戸川区,hazard,3,大杉1～5,https://www.city.edogawa.tokyo.jp/e007/bosaianzen/bosai/jijo/search-1/osugi1-5.html,避難所・避難場所検索,https://www.city.edogawa.tokyo.jp/e007/bosaianzen/bosai/jijo/search-1/index.html,
江戸川区,hazard,3,臨海町1～6,https://www.city.edogawa.tokyo.jp/e007/bosaianzen/bosai/jijo/search-1/rinkaicho1-6.html,避難所・避難場所検索,https://www.city.edogawa.tokyo.jp/e007/bosaianzen/bosai/jijo/search-1/index.html,
江戸川区,hazard,3,南葛西1～7,https://www.city.edogawa.tokyo.jp/e007/bosaianzen/bosai/jijo/search-1/s-kasai1-7.html,避難所・避難場所検索,https://www.city.edogawa.tokyo.jp/e007/bosaianzen/bosai/jijo/search-1/index.html,
江戸川区,hazard,3,南小岩1～8,https://www.city.edogawa.tokyo.jp/e007/bosaianzen/bosai/jijo/search-1/s-koiwa1-8.html,避難所・避難場所検索,https://www.city.edogawa.tokyo.jp/e007/bosaianzen/bosai/jijo/search-1/index.html,
江戸川区,hazard,3,南篠崎町1～5,https://www.city.edogawa.tokyo.jp/e007/bosaianzen/bosai/jijo/search-1/s-shinozaki1-5.html,避難所・避難場所検索,https://www.city.edogawa.tokyo.jp/e007/bosaianzen/bosai/jijo/search-1/index.html,
江戸川区,hazard,3,清新町1～2,https://www.city.edogawa.tokyo.jp/e007/bosaianzen/bosai/jijo/search-1/seshincho1-2.html,避難所・避難場所検索,https://www.city.edogawa.tokyo.jp/e007/bosaianzen/bosai/jijo/search-1/index.html,
江戸川区,hazard,3,下篠崎町,https://www.city.edogawa.tokyo.jp/e007/bosaianzen/bosai/jijo/search-1/shimoshinozaki.html,避難所・避難場所検索,https://www.city.edogawa.tokyo.jp/e007/bosaianzen/bosai/jijo/search-1/index.html,
江戸川区,hazard,3,篠崎町1～8,https://www.city.edogawa.tokyo.jp/e007/bosaianzen/bosai/jijo/search-1/shinozakicho.html,避難所・避難場所検索,https://www.city.edogawa.tokyo.jp/e007/bosaianzen/bosai/jijo/search-1/index.html,
江戸川区,hazard,3,鹿骨1～6,https://www.city.edogawa.tokyo.jp/e007/bosaianzen/bosai/jijo/search-1/shishibone1-6.html,避難所・避難場所検索,https://www.city.edogawa.tokyo.jp/e007/bosaianzen/bosai/jijo/search-1/index.html,
江戸川区,hazard,3,鹿骨町,https://www.city.edogawa.tokyo.jp/e007/bosaianzen/bosai/jijo/search-1/shishibonecho.html,避難所・避難場所検索,https://www.city.edogawa.tokyo.jp/e007/bosaianzen/bosai/jijo/search-1/index.html,
江戸川区,hazard,3,宇喜田町,https://www.city.edogawa.tokyo.jp/e007/bosaianzen/bosai/jijo/search-1/ukita.html,避難所・避難場所検索,https://www.city.edogawa.tokyo.jp/e007/bosaianzen/bosai/jijo/search-1/index.html,
江戸川区,hazard,3,西一之江1～4,https://www.city.edogawa.tokyo.jp/e007/bosaianzen/bosai/jijo/search-1/w-ichinoe1-4.html,避難所・避難場所検索,https://www.city.edogawa.tokyo.jp/e007/bosaianzen/bosai/jijo/search-1/index.html,
江戸川区,hazard,3,西葛西1～8,https://www.city.edogawa.tokyo.jp/e007/bosaianzen/bosai/jijo/search-1/w-kasai1-8.html,避難所・避難場所検索,https://www.city.edogawa.tokyo.jp/e007/bosaianzen/bosai/jijo/search-1/index.html,
江戸川区,hazard,3,西小岩1～5,https://www.city.edogawa.tokyo.jp/e007/bosaianzen/bosai/jijo/search-1/w-koiwa1-5.html,避難所・避難場所検索,https://www.city.edogawa.tokyo.jp/e007/bosaianzen/bosai/jijo/search-1/index.html,
江戸川区,hazard,3,西小松川町,https://www.city.edogawa.tokyo.jp/e007/bosaianzen/bosai/jijo/search-1/w-komatsugawa.html,避難所・避難場所検索,https://www.city.edogawa.tokyo.jp/e007/bosaianzen/bosai/jijo/search-1/index.html,
江戸川区,hazard,3,西篠崎1～2,https://www.city.edogawa.tokyo.jp/e007/bosaianzen/bosai/jijo/search-1/w-shinozaki1-2.html,避難所・避難場所検索,https://www.city.edogawa.tokyo.jp/e007/bosaianzen/bosai/jijo/search-1/index.html,
江戸川区,hazard,3,谷河内1～2,https://www.city.edogawa.tokyo.jp/e007/bosaianzen/bosai/jijo/search-1/yagochi.html,避難所・避難場所検索,https://www.city.edogawa.tokyo.jp/e007/bosaianzen/bosai/jijo/search-1/index.html,
江戸川区,hazard,3,自宅の浸水状況を確認,https://www.city.edogawa.tokyo.jp/e007/bosaianzen/bosai/jijo/shinsuijokyo.html,避難所・避難場所検索,https://www.city.edogawa.tokyo.jp/e007/bosaianzen/bosai/jijo/search-1/index.html,
江戸川区,hazard,3,風水害時の避難の考え方,https://www.city.edogawa.tokyo.jp/e007/bosaianzen/bosai/jijo/suigaihinan.html,避難所・避難場所検索,https://www.city.edogawa.tokyo.jp/e007/bosaianzen/bosai/jijo/search-1/index.html,
江戸川区,hazard,3,宅地建物取引業者の方へ（よくある質問）,https://www.city.edogawa.tokyo.jp/e007/bosaianzen/bosai/jijo/takuchisitumon.html,避難所・避難場所検索,https://www.city.edogawa.tokyo.jp/e007/bosaianzen/bosai/jijo/search-1/index.html,
江戸川区,hazard,3,東京とどまるマンション普及促進事業,https://www.city.edogawa.tokyo.jp/e007/bosaianzen/bosai/jijo/todomaru.html,避難所・避難場所検索,https://www.city.edogawa.tokyo.jp/e007/bosaianzen/bosai/jijo/search-1/index.html,
江戸川区,hazard,3,アプリ「Uni-Voice Blind」で防災情報を音声読み上げします,https://www.city.edogawa.tokyo.jp/e007/bosaianzen/bosai/jijo/uni-voiceblind.html,避難所・避難場所検索,https://www.city.edogawa.tokyo.jp/e007/bosaianzen/bosai/jijo/search-1/index.html,
江戸川区,hazard,3,「我が家の水害リスク診断書」の配布（東京都事業）,https://www.city.edogawa.tokyo.jp/e007/bosaianzen/bosai/jijo/wagayanosuigairisksshindansho.html,避難所・避難場所検索,https://www.city.edogawa.tokyo.jp/e007/bosaianzen/bosai/jijo/search-1/index.html,
江戸川区,hazard,3,国土交通省ハザードマップポータル,https://www.city.edogawa.tokyo.jp/e007/bosaianzen/bosai/kanrenlink/haza-domap.html,防災,https://www.city.edogawa.tokyo.jp/e007/bosaianzen/bosai/index.html,
江戸川区,hazard,3,水害 洪水 高潮 ハザードマップ 詳しく見る,https://www.city.edogawa.tokyo.jp/e007/bosaianzen/bosai/kanrenmap/hazardmap/index.html,防災,https://www.city.edogawa.tokyo.jp/e007/bosaianzen/bosai/index.html,
江戸川区,hazard,3,防災マップ,https://www.city.edogawa.tokyo.jp/e007/bosaianzen/bosai/kanrenmap/n_bousai_map.html,防災,https://www.city.edogawa.tokyo.jp/e007/bosaianzen/bosai/index.html,
江戸川区,hazard,3,災害時協力協定,https://www.city.edogawa.tokyo.jp/e007/bosaianzen/bosai/kojo/kyoryokukyote/index.html,防災,https://www.city.edogawa.tokyo.jp/e007/bosaianzen/bosai/index.html,
江戸川区,hazard,3,災害時対応マニュアル,https://www.city.edogawa.tokyo.jp/e007/bosaianzen/bosai/kojo/manual.html,防災,https://www.city.edogawa.tokyo.jp/e007/bosaianzen/bosai/index.html,
江戸川区,hazard,3,,https://www.city.edogawa.tokyo.jp/e007/bosaianzen/bosai/kojo/river_live.html,防災,https://www.city.edogawa.tokyo.jp/e007/bosaianzen/bosai/index.html,
江戸川区,hazard,3,災害情報伝達手段～災害情報を得るには～,https://www.city.edogawa.tokyo.jp/e007/bosaianzen/bosai/kojo/saigai_jouhou.html,防災行政無線,https://www.city.edogawa.tokyo.jp/bosaianzen/bosai/musen/index.html,
江戸川区,hazard,3,江戸川区消防団運営委員会,https://www.city.edogawa.tokyo.jp/e007/bosaianzen/bosai/kojo/shobo.html,防災,https://www.city.edogawa.tokyo.jp/e007/bosaianzen/bosai/index.html,
江戸川区,hazard,3,地域の防災活動,https://www.city.edogawa.tokyo.jp/e007/bosaianzen/bosai/kyojo/katsudo/index.html,防災,https://www.city.edogawa.tokyo.jp/e007/bosaianzen/bosai/index.html,
江戸川区,hazard,3,避難所開設・運営訓練,https://www.city.edogawa.tokyo.jp/e007/bosaianzen/bosai/kyojo/kunren/index.html,防災,https://www.city.edogawa.tokyo.jp/e007/bosaianzen/bosai/index.html,
江戸川区,hazard,3,自分たちのまちは自分たちで守る,https://www.city.edogawa.tokyo.jp/e007/bosaianzen/bosai/kyojo/n_mamoru.html,防災,https://www.city.edogawa.tokyo.jp/e007/bosaianzen/bosai/index.html,
江戸川区,hazard,3,Jアラート（国民保護情報）試験放送の放送内容,https://www.city.edogawa.tokyo.jp/e007/bosaianzen/bosai/musen/20260206_jalert.html,防災行政無線,https://www.city.edogawa.tokyo.jp/bosaianzen/bosai/musen/index.html,
江戸川区,hazard,3,イノシシ目撃情報への区の対応(中断)第6報,https://www.city.edogawa.tokyo.jp/e007/bosaianzen/bosai/oshirase/20251105_inoshishi6.html,防災,https://www.city.edogawa.tokyo.jp/e007/bosaianzen/bosai/index.html,
江戸川区,hazard,3,停電復旧のお知らせ（12月26日午前11時36分）,https://www.city.edogawa.tokyo.jp/e007/bosaianzen/bosai/oshirase/20251226teiden1.html,防災,https://www.city.edogawa.tokyo.jp/e007/bosaianzen/bosai/index.html,
江戸川区,hazard,3,停電復旧のお知らせ（12月26日午後3時17分）,https://www.city.edogawa.tokyo.jp/e007/bosaianzen/bosai/oshirase/20251226teiden2.html,防災,https://www.city.edogawa.tokyo.jp/e007/bosaianzen/bosai/index.html,
江戸川区,hazard,3,イノシシの目撃情報,https://www.city.edogawa.tokyo.jp/e007/bosaianzen/bosai/oshirase/2026inosisi.html,防災,https://www.city.edogawa.tokyo.jp/e007/bosaianzen/bosai/index.html,
江戸川区,hazard,3,「江戸川区防災アプリ」「江戸川区防災ポータル」リリース!,https://www.city.edogawa.tokyo.jp/e007/bosaianzen/bosai/oshirase/bousaiapuri.html,防災,https://www.city.edogawa.tokyo.jp/e007/bosaianzen/bosai/index.html,
江戸川区,hazard,3,2月17日午前11時に発信されたLアラートの誤報,https://www.city.edogawa.tokyo.jp/e007/bosaianzen/bosai/oshirase/osirase.html,防災,https://www.city.edogawa.tokyo.jp/e007/bosaianzen/bosai/index.html,
江戸川区,hazard,3,台風19号に関する対応等について,https://www.city.edogawa.tokyo.jp/e007/bosaianzen/saigaitaio/2019_tyhoon19/2019_tyhoon19taiou.html,災害への対応等,https://www.city.edogawa.tokyo.jp/bosaianzen/saigaitaio/index.html,
江戸川区,hazard,3,南海トラフ地震臨時情報（巨大地震注意）,https://www.city.edogawa.tokyo.jp/e007/bosaianzen/saigaitaio/nankaitrough/20240809_info.html,災害への対応等,https://www.city.edogawa.tokyo.jp/bosaianzen/saigaitaio/index.html,
江戸川区,hazard,3,本文へスキップします。,https://www.city.edogawa.tokyo.jp/e007/bosaianzen/saigaitaio/sinnakagawakiten.html#tmp_honbun,新中川を基点とした避難表現について,https://www.city.edogawa.tokyo.jp/e007/bosaianzen/saigaitaio/sinnakagawakiten.html,
江戸川区,hazard,3,防災訓練の申請書（啓発物品申し込み）,https://www.city.edogawa.tokyo.jp/e007/kuseijoho/denshi/download/bosai/bousai/index.html,防災,https://www.city.edogawa.tokyo.jp/e007/bosaianzen/bosai/index.html,
江戸川区,hazard,3,危機管理部防災危機管理課,https://www.city.edogawa.tokyo.jp/e007/kuseijoho/gaiyo/soshiki/kikikanri/bousaikikikanri.html,防災,https://www.city.edogawa.tokyo.jp/e007/bosaianzen/bosai/index.html,
江戸川区,hazard,3,~いつもの授乳を災害時にも~赤ちゃんのための授乳ハンドブック,https://www.city.edogawa.tokyo.jp/e008/bosaianzen/bosai/jijo/akachanjunyu.html,避難所・避難場所検索,https://www.city.edogawa.tokyo.jp/e007/bosaianzen/bosai/jijo/search-1/index.html,
江戸川区,hazard,3,家庭の備蓄は十分ですか？,https://www.city.edogawa.tokyo.jp/e008/bosaianzen/bosai/jijo/bichiku.html,避難所・避難場所検索,https://www.city.edogawa.tokyo.jp/e007/bosaianzen/bosai/jijo/search-1/index.html,
江戸川区,hazard,3,大地震のときエレベーターは使用禁止,https://www.city.edogawa.tokyo.jp/e008/bosaianzen/bosai/jijo/elevatorisprohibited.html,避難所・避難場所検索,https://www.city.edogawa.tokyo.jp/e007/bosaianzen/bosai/jijo/search-1/index.html,
江戸川区,hazard,3,大規模災害時は緊急医療救護所へ,https://www.city.edogawa.tokyo.jp/e008/bosaianzen/bosai/jijo/firstaidstation.html,避難所・避難場所検索,https://www.city.edogawa.tokyo.jp/e007/bosaianzen/bosai/jijo/search-1/index.html,
江戸川区,hazard,3,似ているようで違う「避難場所」と「避難所」,https://www.city.edogawa.tokyo.jp/e008/bosaianzen/bosai/jijo/hinanjohinanbasho.html,避難所・避難場所検索,https://www.city.edogawa.tokyo.jp/e007/bosaianzen/bosai/jijo/search-1/index.html,
江戸川区,hazard,3,家具の転倒防止対策,https://www.city.edogawa.tokyo.jp/e008/bosaianzen/bosai/jijo/kaguten.html,避難所・避難場所検索,https://www.city.edogawa.tokyo.jp/e007/bosaianzen/bosai/jijo/search-1/index.html,
江戸川区,hazard,3,みんなで取り組む！マンション防災～災害に強いマンションにする5つのコツ～,https://www.city.edogawa.tokyo.jp/e008/bosaianzen/bosai/jijo/mansionbosai.html,避難所・避難場所検索,https://www.city.edogawa.tokyo.jp/e007/bosaianzen/bosai/jijo/search-1/index.html,
江戸川区,hazard,3,避難所に行くなら「非常持ち出し袋」をぜひ持ってきてください！,https://www.city.edogawa.tokyo.jp/e008/bosaianzen/bosai/jijo/mochidashi.html,避難所・避難場所検索,https://www.city.edogawa.tokyo.jp/e007/bosaianzen/bosai/jijo/search-1/index.html,
江戸川区,hazard,3,屋内消火栓は誰でも使えます！,https://www.city.edogawa.tokyo.jp/e008/bosaianzen/bosai/jijo/okunaishoukasen.html,避難所・避難場所検索,https://www.city.edogawa.tokyo.jp/e007/bosaianzen/bosai/jijo/search-1/index.html,
江戸川区,hazard,3,覚えておきたい！消火器の使い方,https://www.city.edogawa.tokyo.jp/e008/bosaianzen/bosai/jijo/shoukakishiyou.html,避難所・避難場所検索,https://www.city.edogawa.tokyo.jp/e007/bosaianzen/bosai/jijo/search-1/index.html,
江戸川区,hazard,3,リーフレット「わが家の防災」,https://www.city.edogawa.tokyo.jp/e008/bosaianzen/bosai/jijo/wagayanobosai.html,避難所・避難場所検索,https://www.city.edogawa.tokyo.jp/e007/bosaianzen/bosai/jijo/search-1/index.html,
江戸川区,hazard,3,地震体験車の利用申し込み,https://www.city.edogawa.tokyo.jp/e008/bosaianzen/bosai/jishintaiken.html,防災行政無線,https://www.city.edogawa.tokyo.jp/bosaianzen/bosai/musen/index.html,
江戸川区,hazard,3,令和8年3月9日 特殊詐欺情報（船堀6丁目）,https://www.city.edogawa.tokyo.jp/e008/bosaianzen/bosai/musen/250309_1430.html,防災行政無線,https://www.city.edogawa.tokyo.jp/bosaianzen/bosai/musen/index.html,
江戸川区,hazard,3,【特殊詐欺情報】防災行政無線（船堀3丁目）,https://www.city.edogawa.tokyo.jp/e008/bosaianzen/bosai/musen/260312_1030.html,救急,https://www.city.edogawa.tokyo.jp/bosaianzen/anzen/index.html,
江戸川区,hazard,3,令和8年4月13日特殊詐欺情報（中葛西5丁目）,https://www.city.edogawa.tokyo.jp/e008/bosaianzen/bosai/musen/260413-1345.html,防災行政無線,https://www.city.edogawa.tokyo.jp/bosaianzen/bosai/musen/index.html,
江戸川区,hazard,3,地域による「ながら見守り」活動,https://www.city.edogawa.tokyo.jp/e008/bosaianzen/bouhan/chiikibohan/nagara.html,防犯,https://www.city.edogawa.tokyo.jp/e008/bosaianzen/bouhan/index.html,
江戸川区,hazard,3,本文へスキップします。,https://www.city.edogawa.tokyo.jp/e008/bosaianzen/bouhan/index.html#tmp_honbun,防犯,https://www.city.edogawa.tokyo.jp/e008/bosaianzen/bouhan/index.html,
江戸川区,hazard,3,最新の区の犯罪発生状況を知り、防犯意識を高め、江戸川区を「犯罪を寄せ付けないまち」へ,https://www.city.edogawa.tokyo.jp/e008/bosaianzen/bouhan/kunaihanzai/bohan_2.html,防犯,https://www.city.edogawa.tokyo.jp/e008/bosaianzen/bouhan/index.html,
江戸川区,hazard,3,自転車盗,https://www.city.edogawa.tokyo.jp/e008/bosaianzen/bouhan/kunaihanzai/jitensya_tounan.html,防犯,https://www.city.edogawa.tokyo.jp/e008/bosaianzen/bouhan/index.html,
江戸川区,hazard,3,客引き行為,https://www.city.edogawa.tokyo.jp/e008/bosaianzen/bouhan/kunaihanzai/kyakuhiki.html,防犯,https://www.city.edogawa.tokyo.jp/e008/bosaianzen/bouhan/index.html,
江戸川区,hazard,3,「自動通話録音機」を無償配布 オレオレ詐欺や還付金詐欺などの特殊詐欺対策に！ 詳細を見る,https://www.city.edogawa.tokyo.jp/e008/bosaianzen/bouhan/kunaihanzai/sagi_akutoku/jidoutuuwarokuonki.html,防犯,https://www.city.edogawa.tokyo.jp/e008/bosaianzen/bouhan/index.html,
江戸川区,hazard,3,自動通話録音機の紹介,https://www.city.edogawa.tokyo.jp/e008/bosaianzen/bouhan/kunaihanzai/sagi_akutoku/jidoutuuwarokuonnki.html,防犯,https://www.city.edogawa.tokyo.jp/e008/bosaianzen/bouhan/index.html,
江戸川区,hazard,3,闇バイトに対する防犯対策,https://www.city.edogawa.tokyo.jp/e008/bosaianzen/bouhan/oshirase/20241113.html,防犯,https://www.city.edogawa.tokyo.jp/e008/bosaianzen/bouhan/index.html,
江戸川区,hazard,3,区内の全ATMに詐欺防止表示を設置しています,https://www.city.edogawa.tokyo.jp/e008/bosaianzen/bouhan/oshirase/atm.html,防犯,https://www.city.edogawa.tokyo.jp/e008/bosaianzen/bouhan/index.html,
江戸川区,hazard,3,12月１日　集合住宅駐輪場への防犯カメラ設置・検証事業の結果報告について,https://www.city.edogawa.tokyo.jp/e008/bosaianzen/bouhan/oshirase/kamerajikkenn.html,防犯,https://www.city.edogawa.tokyo.jp/e008/bosaianzen/bouhan/index.html,
江戸川区,hazard,3,防犯・防災だより（小学生・中学生向け）,https://www.city.edogawa.tokyo.jp/e008/bosaianzen/bouhan/oyakudachijoho/bouhanbousaidayori.html,防犯,https://www.city.edogawa.tokyo.jp/e008/bosaianzen/bouhan/index.html,
江戸川区,hazard,3,防犯だより一覧 »,https://www.city.edogawa.tokyo.jp/e008/bosaianzen/bouhan/oyakudachijoho/bouhandayori_2.html,防犯,https://www.city.edogawa.tokyo.jp/e008/bosaianzen/bouhan/index.html,
江戸川区,hazard,3,住まいの防犯対策補助,https://www.city.edogawa.tokyo.jp/e008/bosaianzen/bouhan/oyakudachijoho/sumai.html,防犯,https://www.city.edogawa.tokyo.jp/e008/bosaianzen/bouhan/index.html,
江戸川区,hazard,3,【動画で見る】詐欺の手口わかりやすく解説します,https://www.city.edogawa.tokyo.jp/e008/bosaianzen/bouhan/oyakudachijoho/teguchi.html,防犯,https://www.city.edogawa.tokyo.jp/e008/bosaianzen/bouhan/index.html,
江戸川区,hazard,3,防災行政無線で特殊詐欺発生をお知らせ,https://www.city.edogawa.tokyo.jp/e008/bosaianzen/bouhan/oyakudachijoho/tokushusagizyouhou.html,防犯,https://www.city.edogawa.tokyo.jp/e008/bosaianzen/bouhan/index.html,
江戸川区,hazard,3,街頭防犯カメラに関する補助,https://www.city.edogawa.tokyo.jp/e008/bosaianzen/bouhan/torikumi/anzen_anshin/bouhannkamerahojyo_2.html,防犯,https://www.city.edogawa.tokyo.jp/e008/bosaianzen/bouhan/index.html,
江戸川区,hazard,3,区民の安全・安心を守る！ 専用パトロールカー（青パト）が区内を巡回パトロール 詳細を見る,https://www.city.edogawa.tokyo.jp/e008/bosaianzen/bouhan/torikumi/anzen_anshin/patrol_2.html,防犯,https://www.city.edogawa.tokyo.jp/e008/bosaianzen/bouhan/index.html,
江戸川区,hazard,3,防犯パトロールマニュアル,https://www.city.edogawa.tokyo.jp/e008/bosaianzen/bouhan/torikumi/anzen_anshin/tebiki_2.html,防犯,https://www.city.edogawa.tokyo.jp/e008/bosaianzen/bouhan/index.html,
江戸川区,hazard,3,自転車盗ゼロ作戦 ご存知ですか!? 区内の犯罪認知件数の約4割が自転車盗！ 詳細を見る,https://www.city.edogawa.tokyo.jp/e008/bosaianzen/bouhan/torikumi/zerosakusen.html,防犯,https://www.city.edogawa.tokyo.jp/e008/bosaianzen/bouhan/index.html,
江戸川区,hazard,3,本文へスキップします。,https://www.city.edogawa.tokyo.jp/e008/bosaianzen/saigaishien/saigaivolunteersyaryou.html#tmp_honbun,災害ボランティア車両の有料道路料金の無料措置について,https://www.city.edogawa.tokyo.jp/e008/bosaianzen/saigaishien/saigaivolunteersyaryou.html,
江戸川区,hazard,3,令和元年台風19号に係る避難所開設職員からの意見聴取の結果,https://www.city.edogawa.tokyo.jp/e008/bosaianzen/saigaitaio/2019_tyhoon19/hinanjo.html,災害への対応等,https://www.city.edogawa.tokyo.jp/bosaianzen/saigaitaio/index.html,
江戸川区,hazard,3,危機管理部地域防犯防災課,https://www.city.edogawa.tokyo.jp/e008/kuseijoho/gaiyo/soshiki/kikikanri/chiikibousai.html,防災,https://www.city.edogawa.tokyo.jp/e007/bosaianzen/bosai/index.html,
江戸川区,hazard,3,災害義援金受付窓口一覧,https://www.city.edogawa.tokyo.jp/e009/bosaianzen/saigaishien/saigaigienkin/mado.html,災害支援,https://www.city.edogawa.tokyo.jp/bosaianzen/saigaishien/index.html,
江戸川区,hazard,3,「令和6年能登半島地震義援金」にご協力いただきありがとうございました,https://www.city.edogawa.tokyo.jp/e009/bosaianzen/saigaishien/saigaigienkin/noto.html,災害支援,https://www.city.edogawa.tokyo.jp/bosaianzen/saigaishien/index.html,
江戸川区,hazard,3,本文へスキップします。,https://www.city.edogawa.tokyo.jp/e030/bosaianzen/saigaitaio/risai.html#tmp_honbun,り災証明書、被災届出受理証の申請,https://www.city.edogawa.tokyo.jp/e030/bosaianzen/saigaitaio/risai.html,
江戸川区,hazard,3,防災用品のあっせん,https://www.city.edogawa.tokyo.jp/e041/bosaianzen/bosai/jijo/n_assen.html,避難所・避難場所検索,https://www.city.edogawa.tokyo.jp/e007/bosaianzen/bosai/jijo/search-1/index.html,
江戸川区,hazard,3,本文へスキップします。,https://www.city.edogawa.tokyo.jp/e051/bosaianzen/anzen/aed.html#tmp_honbun,AED（自動体外式除細動器）,https://www.city.edogawa.tokyo.jp/e051/bosaianzen/anzen/aed.html,
江戸川区,hazard,3,休日診療・夜間診療・救急医療体制,https://www.city.edogawa.tokyo.jp/e051/bosaianzen/anzen/iryo/taisei/index.html,救急,https://www.city.edogawa.tokyo.jp/bosaianzen/anzen/index.html,
江戸川区,hazard,3,大雨等による浸水被害発生時の消毒方法,https://www.city.edogawa.tokyo.jp/e055/kenko/eisei/kankyo/sumaieisei/shinnsui.html,2024年台風7号,https://www.city.edogawa.tokyo.jp/bosaianzen/saigaitaio/2024_typhoon7/index.html,
江戸川区,hazard,3,土のうステーション,https://www.city.edogawa.tokyo.jp/e065/bosaianzen/bosai/jijo/n_donoustation.html,避難所・避難場所検索,https://www.city.edogawa.tokyo.jp/e007/bosaianzen/bosai/jijo/search-1/index.html,
江戸川区,hazard,3,土のうステーション設置場所,https://www.city.edogawa.tokyo.jp/e065/bosaianzen/bosai/jijo/n_donoustationkasyo.html,避難所・避難場所検索,https://www.city.edogawa.tokyo.jp/e007/bosaianzen/bosai/jijo/search-1/index.html,
江戸川区,hazard,3,集中豪雨や台風接近による大雨にご注意ください,https://www.city.edogawa.tokyo.jp/e065/bosaianzen/bosai/jijo/n_oame.html,避難所・避難場所検索,https://www.city.edogawa.tokyo.jp/e007/bosaianzen/bosai/jijo/search-1/index.html,
江戸川区,hazard,3,衆議院議員選挙,https://www.city.edogawa.tokyo.jp/e075/bosaianzen/bosai/musen/260208.html,防災行政無線,https://www.city.edogawa.tokyo.jp/bosaianzen/bosai/musen/index.html,
江戸川区,road,2,災害ボランティア車両の有料道路料金の無料措置について,https://www.city.edogawa.tokyo.jp/e008/bosaianzen/saigaishien/saigaivolunteersyaryou.html,防災・安全,https://www.city.edogawa.tokyo.jp/bosaianzen/index.html,
江戸川区,road,2,用途地域等都市計画情報・建築基準法による指定道路情報提供サービス,https://www.city.edogawa.tokyo.jp/e016/toshikeikaku/kenchiku/toshikeikakuteikyo.html,まちづくり・ 環境,https://www.city.edogawa.tokyo.jp/toshikeikaku/index.html,
江戸川区,road,2,江戸川区舗装種別図・掘削規制図（6管内）,https://www.city.edogawa.tokyo.jp/e058/toshikeikaku/doro/20210518hosoushubetu.html,まちづくり・ 環境,https://www.city.edogawa.tokyo.jp/toshikeikaku/index.html,
江戸川区,road,2,乗り入れ（段差解消）ブロックについて,https://www.city.edogawa.tokyo.jp/e058/toshikeikaku/doro/dansakaisyo.html,まちづくり・ 環境,https://www.city.edogawa.tokyo.jp/toshikeikaku/index.html,
江戸川区,road,2,江戸川区道路愛称名,https://www.city.edogawa.tokyo.jp/e058/toshikeikaku/doro/doroaishou.html,まちづくり・ 環境,https://www.city.edogawa.tokyo.jp/toshikeikaku/index.html,
江戸川区,road,2,道路法による道路情報提供サービス,https://www.city.edogawa.tokyo.jp/e058/toshikeikaku/doro/dorodaicho.html,まちづくり・ 環境,https://www.city.edogawa.tokyo.jp/toshikeikaku/index.html,
江戸川区,road,2,「道路ふれあい月間」推進標語を募集します,https://www.city.edogawa.tokyo.jp/e058/toshikeikaku/doro/hyogoboshu.html,まちづくり・ 環境,https://www.city.edogawa.tokyo.jp/toshikeikaku/index.html,
江戸川区,road,2,8月は「道路ふれあい月間」・8月10日は「道の日」道路ふれあい月間推進標語受賞作品のご紹介,https://www.city.edogawa.tokyo.jp/e058/toshikeikaku/doro/hyougo.html,まちづくり・ 環境,https://www.city.edogawa.tokyo.jp/toshikeikaku/index.html,
江戸川区,road,2,建築等に伴う道路後退(セットバック)敷地の寄附及び無償使用契約,https://www.city.edogawa.tokyo.jp/e058/toshikeikaku/doro/kihumusyousiyou.html,まちづくり・ 環境,https://www.city.edogawa.tokyo.jp/toshikeikaku/index.html,
江戸川区,road,2,道路工事の抑制,https://www.city.edogawa.tokyo.jp/e058/toshikeikaku/doro/koujiyokuse.html,まちづくり・ 環境,https://www.city.edogawa.tokyo.jp/toshikeikaku/index.html,
江戸川区,road,2,特殊車両通行許可及び通行認定について,https://www.city.edogawa.tokyo.jp/e058/toshikeikaku/doro/tuukou01.html,まちづくり・ 環境,https://www.city.edogawa.tokyo.jp/toshikeikaku/index.html,
江戸川区,road,2,「東京における都市計画道路の整備方針」の改定,https://www.city.edogawa.tokyo.jp/e059/toshikeikaku/sonota/houshin-ann.html,まちづくり・ 環境,https://www.city.edogawa.tokyo.jp/toshikeikaku/index.html,
江戸川区,road,2,中川・綾瀬川等が特定都市河川に指定されました,https://www.city.edogawa.tokyo.jp/e059/toshikeikaku/sonota/tokuteitoshikasen.html,まちづくり・ 環境,https://www.city.edogawa.tokyo.jp/toshikeikaku/index.html,
江戸川区,road,2,道路照明設備工事登録者の皆様へ,https://www.city.edogawa.tokyo.jp/e065/toshikeikaku/sonota/denkikouji.html,まちづくり・ 環境,https://www.city.edogawa.tokyo.jp/toshikeikaku/index.html,
江戸川区,road,2,「道路ふれあい月間」推進標語募集【メールフォーム】,https://www.city.edogawa.tokyo.jp/form/dorofureai.html,まちづくり・ 環境,https://www.city.edogawa.tokyo.jp/toshikeikaku/index.html,
江戸川区,road,2,橋梁架替,https://www.city.edogawa.tokyo.jp/toshikeikaku/doro/hashi/index.html,まちづくり・ 環境,https://www.city.edogawa.tokyo.jp/toshikeikaku/index.html,
江戸川区,road,2,道路に関すること,https://www.city.edogawa.tokyo.jp/toshikeikaku/doro/index.html,まちづくり・ 環境,https://www.city.edogawa.tokyo.jp/toshikeikaku/index.html,
江戸川区,road,2,お知らせ,https://www.city.edogawa.tokyo.jp/toshikeikaku/doro/info/index.html,まちづくり・ 環境,https://www.city.edogawa.tokyo.jp/toshikeikaku/index.html,
江戸川区,road,2,都市計画道路事業について,https://www.city.edogawa.tokyo.jp/toshikeikaku/doro/toshikeikaku/index.html,まちづくり・ 環境,https://www.city.edogawa.tokyo.jp/toshikeikaku/index.html,
江戸川区,road,3,屋内消火栓は誰でも使えます！,https://www.city.edogawa.tokyo.jp/e008/bosaianzen/bosai/jijo/okunaishoukasen.html,避難所・避難場所検索,https://www.city.edogawa.tokyo.jp/e007/bosaianzen/bosai/jijo/search-1/index.html,
江戸川区,road,3,道路冠水履歴マップ,https://www.city.edogawa.tokyo.jp/e059/map/kansui_map.html,防災,https://www.city.edogawa.tokyo.jp/e007/bosaianzen/bosai/index.html,
江東区,building_guidance,2,江東区建築審査会,https://www.city.koto.lg.jp/395107/machizukuri/kenchiku/7190.html,環境・まちづくり,https://www.city.koto.lg.jp/machizukuri/index.html,
江東区,building_guidance,2,建築,https://www.city.koto.lg.jp/machizukuri/index.html#a6300,環境・まちづくり,https://www.city.koto.lg.jp/machizukuri/index.html,
江東区,building_guidance,2,建物の維持管理,https://www.city.koto.lg.jp/machizukuri/kenchiku/iji/index.html,環境・まちづくり,https://www.city.koto.lg.jp/machizukuri/index.html,
江東区,building_guidance,2,建築,https://www.city.koto.lg.jp/machizukuri/kenchiku/index.html,環境・まちづくり,https://www.city.koto.lg.jp/machizukuri/index.html,
江東区,building_guidance,2,建物を壊すとき,https://www.city.koto.lg.jp/machizukuri/kenchiku/kowasu/index.html,環境・まちづくり,https://www.city.koto.lg.jp/machizukuri/index.html,
江東区,building_guidance,2,各種証明書,https://www.city.koto.lg.jp/machizukuri/kenchiku/shomesho/index.html,環境・まちづくり,https://www.city.koto.lg.jp/machizukuri/index.html,
江東区,building_guidance,2,建物の耐震化,https://www.city.koto.lg.jp/machizukuri/kenchiku/taishinka/index.html,環境・まちづくり,https://www.city.koto.lg.jp/machizukuri/index.html,
江東区,building_guidance,2,建物を建てるとき,https://www.city.koto.lg.jp/machizukuri/kenchiku/tatemono/index.html,環境・まちづくり,https://www.city.koto.lg.jp/machizukuri/index.html,
江東区,building_guidance,2,マンション対策・建設指導,https://www.city.koto.lg.jp/machizukuri/toshi/shido/index.html,環境・まちづくり,https://www.city.koto.lg.jp/machizukuri/index.html,
江東区,district_plan,1,環境・まちづくり,https://www.city.koto.lg.jp/machizukuri/index.html,公式トップ,https://www.city.koto.lg.jp/,
江東区,district_plan,2,江東区新型インフルエンザ等対策行動計画,https://www.city.koto.lg.jp/056101/bosai/bosai-top/taisakukeikaku/86683.html,防災・安全,https://www.city.koto.lg.jp/bosai/index.html,
江東区,district_plan,2,江東区国民保護計画,https://www.city.koto.lg.jp/056101/bosai/bosai-top/taisakukeikaku/info_kokuminhogo01.html,防災・安全,https://www.city.koto.lg.jp/bosai/index.html,
江東区,district_plan,2,江東エコライフ協議会,https://www.city.koto.lg.jp/380201/machizukuri/kankyo/kaigi/54800.html,環境審議会専門委員会傍聴できます,https://www.city.koto.lg.jp/381100/senmoniinnkai.html,
江東区,district_plan,2,環境審議会,https://www.city.koto.lg.jp/380201/machizukuri/kankyo/kaigi/7272.html,環境審議会専門委員会傍聴できます,https://www.city.koto.lg.jp/381100/senmoniinnkai.html,
江東区,district_plan,2,環境審議会専門委員会（江東区一般廃棄物処理基本計画改定に係る当該基本計画に盛り込むべき考え方について）,https://www.city.koto.lg.jp/381104/machizukuri/kankyo/kaigi/27414.html,環境審議会専門委員会傍聴できます,https://www.city.koto.lg.jp/381100/senmoniinnkai.html,
江東区,district_plan,2,江東区建築審査会,https://www.city.koto.lg.jp/395107/machizukuri/kenchiku/7190.html,環境・まちづくり,https://www.city.koto.lg.jp/machizukuri/index.html,
江東区,district_plan,2,道路の損傷連絡・要望システム,https://www.city.koto.lg.jp/470708/machizukuri/dorohashi/hozen/dorohozen-logoform.html,環境・まちづくり,https://www.city.koto.lg.jp/machizukuri/index.html,
江東区,district_plan,2,道路台帳・資料,https://www.city.koto.lg.jp/machizukuri/dorokyoryo/dorodaicho/index.html,環境・まちづくり,https://www.city.koto.lg.jp/machizukuri/index.html,
江東区,district_plan,2,道路の手続き,https://www.city.koto.lg.jp/machizukuri/dorokyoryo/dorotetsuduki/index.html,環境・まちづくり,https://www.city.koto.lg.jp/machizukuri/index.html,
江東区,district_plan,2,維持管理・補修,https://www.city.koto.lg.jp/machizukuri/dorokyoryo/ijikanri/index.html,環境・まちづくり,https://www.city.koto.lg.jp/machizukuri/index.html,
江東区,district_plan,2,道路・橋,https://www.city.koto.lg.jp/machizukuri/dorokyoryo/index.html,環境・まちづくり,https://www.city.koto.lg.jp/machizukuri/index.html,
江東区,district_plan,2,計画・方針,https://www.city.koto.lg.jp/machizukuri/dorokyoryo/keikaku/index.html,環境・まちづくり,https://www.city.koto.lg.jp/machizukuri/index.html,
江東区,district_plan,2,工事現場,https://www.city.koto.lg.jp/machizukuri/dorokyoryo/kojigenba/index.html,環境・まちづくり,https://www.city.koto.lg.jp/machizukuri/index.html,
江東区,district_plan,2,橋一覧,https://www.city.koto.lg.jp/machizukuri/dorokyoryo/kyoryoitiran/index.html,環境・まちづくり,https://www.city.koto.lg.jp/machizukuri/index.html,
江東区,district_plan,2,環境保全,https://www.city.koto.lg.jp/machizukuri/hozen/index.html,環境・まちづくり,https://www.city.koto.lg.jp/machizukuri/index.html,
江東区,district_plan,2,境界・測量・用地,https://www.city.koto.lg.jp/machizukuri/index.html#a30349,環境・まちづくり,https://www.city.koto.lg.jp/machizukuri/index.html,
江東区,district_plan,2,道路・橋,https://www.city.koto.lg.jp/machizukuri/index.html#a30350,環境・まちづくり,https://www.city.koto.lg.jp/machizukuri/index.html,
江東区,district_plan,2,環境,https://www.city.koto.lg.jp/machizukuri/index.html#a5562,環境・まちづくり,https://www.city.koto.lg.jp/machizukuri/index.html,
江東区,district_plan,2,環境保全,https://www.city.koto.lg.jp/machizukuri/index.html#a5577,環境・まちづくり,https://www.city.koto.lg.jp/machizukuri/index.html,
江東区,district_plan,2,都市整備,https://www.city.koto.lg.jp/machizukuri/index.html#a5584,環境・まちづくり,https://www.city.koto.lg.jp/machizukuri/index.html,
江東区,district_plan,2,河川・公園,https://www.city.koto.lg.jp/machizukuri/index.html#a5606,環境・まちづくり,https://www.city.koto.lg.jp/machizukuri/index.html,
江東区,district_plan,2,みどり・自然,https://www.city.koto.lg.jp/machizukuri/index.html#a5614,環境・まちづくり,https://www.city.koto.lg.jp/machizukuri/index.html,
江東区,district_plan,2,建築,https://www.city.koto.lg.jp/machizukuri/index.html#a6300,環境・まちづくり,https://www.city.koto.lg.jp/machizukuri/index.html,
江東区,district_plan,2,ページの先頭へ戻る,https://www.city.koto.lg.jp/machizukuri/index.html#tmp_header,環境・まちづくり,https://www.city.koto.lg.jp/machizukuri/index.html,
江東区,district_plan,2,本文へスキップします。,https://www.city.koto.lg.jp/machizukuri/index.html#tmp_honbun,環境・まちづくり,https://www.city.koto.lg.jp/machizukuri/index.html,
江東区,district_plan,2,気候変動の影響への適応,https://www.city.koto.lg.jp/machizukuri/kankyo/climatechange/index.html,環境・まちづくり,https://www.city.koto.lg.jp/machizukuri/index.html,
江東区,district_plan,2,環境学習情報館　えこっくる江東,https://www.city.koto.lg.jp/machizukuri/kankyo/ekokkuru/index.html,環境・まちづくり,https://www.city.koto.lg.jp/machizukuri/index.html,
江東区,district_plan,2,再生可能エネルギーの普及・促進,https://www.city.koto.lg.jp/machizukuri/kankyo/energy/index.html,環境・まちづくり,https://www.city.koto.lg.jp/machizukuri/index.html,
江東区,district_plan,2,省エネルギーの推進,https://www.city.koto.lg.jp/machizukuri/kankyo/energysaving/index.html,環境・まちづくり,https://www.city.koto.lg.jp/machizukuri/index.html,
江東区,district_plan,2,環境,https://www.city.koto.lg.jp/machizukuri/kankyo/index.html,環境・まちづくり,https://www.city.koto.lg.jp/machizukuri/index.html,
江東区,district_plan,2,環境に関する会議,https://www.city.koto.lg.jp/machizukuri/kankyo/kaigi/index.html,環境・まちづくり,https://www.city.koto.lg.jp/machizukuri/index.html,
江東区,district_plan,2,環境に関する計画,https://www.city.koto.lg.jp/machizukuri/kankyo/kekaku/index.html,環境・まちづくり,https://www.city.koto.lg.jp/machizukuri/index.html,
江東区,district_plan,2,地球温暖化対策,https://www.city.koto.lg.jp/machizukuri/kankyo/kotoku/index.html,環境・まちづくり,https://www.city.koto.lg.jp/machizukuri/index.html,
江東区,district_plan,2,木材利用の推進,https://www.city.koto.lg.jp/machizukuri/kankyo/mokuzai/index.html,環境・まちづくり,https://www.city.koto.lg.jp/machizukuri/index.html,
江東区,district_plan,2,環境に関する助成・支援等,https://www.city.koto.lg.jp/machizukuri/kankyo/sedo/joseikin/index.html,環境・まちづくり,https://www.city.koto.lg.jp/machizukuri/index.html,
江東区,district_plan,2,環境に関する制度等,https://www.city.koto.lg.jp/machizukuri/kankyo/sedo/sedotou/index.html,環境・まちづくり,https://www.city.koto.lg.jp/machizukuri/index.html,
江東区,district_plan,2,施設案内,https://www.city.koto.lg.jp/machizukuri/kasenkoen/annai/index.html,環境・まちづくり,https://www.city.koto.lg.jp/machizukuri/index.html,
江東区,district_plan,2,工事現場,https://www.city.koto.lg.jp/machizukuri/kasenkoen/genba/index.html,環境・まちづくり,https://www.city.koto.lg.jp/machizukuri/index.html,
江東区,district_plan,2,計画・方針,https://www.city.koto.lg.jp/machizukuri/kasenkoen/hoshin/index.html,環境・まちづくり,https://www.city.koto.lg.jp/machizukuri/index.html,
江東区,district_plan,2,河川・公園,https://www.city.koto.lg.jp/machizukuri/kasenkoen/index.html,環境・まちづくり,https://www.city.koto.lg.jp/machizukuri/index.html,
江東区,district_plan,2,河川・水防事業,https://www.city.koto.lg.jp/machizukuri/kasenkoen/kasen/index.html,環境・まちづくり,https://www.city.koto.lg.jp/machizukuri/index.html,
江東区,district_plan,2,公園・公衆便所などの利用（水辺と緑の事務所）,https://www.city.koto.lg.jp/machizukuri/kasenkoen/riyo/index.html,環境・まちづくり,https://www.city.koto.lg.jp/machizukuri/index.html,
江東区,district_plan,2,河川・公園一般,https://www.city.koto.lg.jp/machizukuri/kasenkoen/sebi/index.html,環境・まちづくり,https://www.city.koto.lg.jp/machizukuri/index.html,
江東区,district_plan,2,親水公園,https://www.city.koto.lg.jp/machizukuri/kasenkoen/shinsuikoen/index.html,環境・まちづくり,https://www.city.koto.lg.jp/machizukuri/index.html,
江東区,district_plan,2,舟運,https://www.city.koto.lg.jp/machizukuri/kasenkoen/shuun/index.html,環境・まちづくり,https://www.city.koto.lg.jp/machizukuri/index.html,
江東区,district_plan,2,建物の維持管理,https://www.city.koto.lg.jp/machizukuri/kenchiku/iji/index.html,環境・まちづくり,https://www.city.koto.lg.jp/machizukuri/index.html,
江東区,district_plan,2,建築,https://www.city.koto.lg.jp/machizukuri/kenchiku/index.html,環境・まちづくり,https://www.city.koto.lg.jp/machizukuri/index.html,
江東区,district_plan,2,建物を壊すとき,https://www.city.koto.lg.jp/machizukuri/kenchiku/kowasu/index.html,環境・まちづくり,https://www.city.koto.lg.jp/machizukuri/index.html,
江東区,district_plan,2,各種証明書,https://www.city.koto.lg.jp/machizukuri/kenchiku/shomesho/index.html,環境・まちづくり,https://www.city.koto.lg.jp/machizukuri/index.html,
江東区,district_plan,2,建物の耐震化,https://www.city.koto.lg.jp/machizukuri/kenchiku/taishinka/index.html,環境・まちづくり,https://www.city.koto.lg.jp/machizukuri/index.html,
江東区,district_plan,2,建物を建てるとき,https://www.city.koto.lg.jp/machizukuri/kenchiku/tatemono/index.html,環境・まちづくり,https://www.city.koto.lg.jp/machizukuri/index.html,
江東区,district_plan,2,境界・測量・用地,https://www.city.koto.lg.jp/machizukuri/kyokai/index.html,環境・まちづくり,https://www.city.koto.lg.jp/machizukuri/index.html,
江東区,district_plan,2,公共基準点,https://www.city.koto.lg.jp/machizukuri/kyokai/kokyokijunten.html,環境・まちづくり,https://www.city.koto.lg.jp/machizukuri/index.html,
江東区,district_plan,2,路線測量鋲等の撤去・復旧,https://www.city.koto.lg.jp/machizukuri/kyokai/rosensokuryobyo/index.html,環境・まちづくり,https://www.city.koto.lg.jp/machizukuri/index.html,
江東区,district_plan,2,証明・閲覧・交付,https://www.city.koto.lg.jp/machizukuri/kyokai/shomei/index.html,環境・まちづくり,https://www.city.koto.lg.jp/machizukuri/index.html,
江東区,district_plan,2,地籍調査,https://www.city.koto.lg.jp/machizukuri/kyokai/tisekichosa/index.html,環境・まちづくり,https://www.city.koto.lg.jp/machizukuri/index.html,
江東区,district_plan,2,道路・公園用地,https://www.city.koto.lg.jp/machizukuri/kyokai/yoti/index.html,環境・まちづくり,https://www.city.koto.lg.jp/machizukuri/index.html,
江東区,district_plan,2,CITY IN THE GREEN,https://www.city.koto.lg.jp/machizukuri/midori/green/index.html,環境・まちづくり,https://www.city.koto.lg.jp/machizukuri/index.html,
江東区,district_plan,2,みどり・自然,https://www.city.koto.lg.jp/machizukuri/midori/index.html,環境・まちづくり,https://www.city.koto.lg.jp/machizukuri/index.html,
江東区,district_plan,2,みどり・自然,https://www.city.koto.lg.jp/machizukuri/midori/shizen/index.html,環境・まちづくり,https://www.city.koto.lg.jp/machizukuri/index.html,
江東区,district_plan,2,土壌汚染・地盤沈下,https://www.city.koto.lg.jp/machizukuri/sekatsu/dojoosen/index.html,環境・まちづくり,https://www.city.koto.lg.jp/machizukuri/index.html,
江東区,district_plan,2,ハクビシン・アライグマについて,https://www.city.koto.lg.jp/machizukuri/sekatsu/hakubishin/index.html,環境・まちづくり,https://www.city.koto.lg.jp/machizukuri/index.html,
江東区,district_plan,2,環境保全に関する会議・相談等,https://www.city.koto.lg.jp/machizukuri/sekatsu/kaigisodannado/index.html,環境・まちづくり,https://www.city.koto.lg.jp/machizukuri/index.html,
江東区,district_plan,2,工場・指定作業場等,https://www.city.koto.lg.jp/machizukuri/sekatsu/kojo/index.html,環境・まちづくり,https://www.city.koto.lg.jp/machizukuri/index.html,
江東区,district_plan,2,騒音・振動,https://www.city.koto.lg.jp/machizukuri/sekatsu/soon/index.html,環境・まちづくり,https://www.city.koto.lg.jp/machizukuri/index.html,
江東区,district_plan,2,水環境,https://www.city.koto.lg.jp/machizukuri/sekatsu/suishitsuosen/index.html,環境・まちづくり,https://www.city.koto.lg.jp/machizukuri/index.html,
江東区,district_plan,2,大気汚染・悪臭,https://www.city.koto.lg.jp/machizukuri/sekatsu/taikiosen/index.html,環境・まちづくり,https://www.city.koto.lg.jp/machizukuri/index.html,
江東区,district_plan,2,安全できれいなまちにする運動,https://www.city.koto.lg.jp/machizukuri/sekatsu/undo/index.html,環境・まちづくり,https://www.city.koto.lg.jp/machizukuri/index.html,
江東区,district_plan,2,新着情報一覧を見る,https://www.city.koto.lg.jp/machizukuri/shinchaku.html,環境・まちづくり,https://www.city.koto.lg.jp/machizukuri/index.html,
江東区,district_plan,2,地区のまちづくり,https://www.city.koto.lg.jp/machizukuri/toshi/chiku/index.html,環境・まちづくり,https://www.city.koto.lg.jp/machizukuri/index.html,
江東区,district_plan,2,都市整備,https://www.city.koto.lg.jp/machizukuri/toshi/index.html,環境・まちづくり,https://www.city.koto.lg.jp/machizukuri/index.html,
江東区,district_plan,2,まちづくりの事業,https://www.city.koto.lg.jp/machizukuri/toshi/jigyo/index.html,環境・まちづくり,https://www.city.koto.lg.jp/machizukuri/index.html,
江東区,district_plan,2,まちづくりの方針・計画・会議,https://www.city.koto.lg.jp/machizukuri/toshi/kaigi/index.html,環境・まちづくり,https://www.city.koto.lg.jp/machizukuri/index.html,
江東区,district_plan,2,都市景観,https://www.city.koto.lg.jp/machizukuri/toshi/kekan/index.html,環境・まちづくり,https://www.city.koto.lg.jp/machizukuri/index.html,
江東区,district_plan,2,都市計画に関するお知らせ,https://www.city.koto.lg.jp/machizukuri/toshi/oshirase/index.html,環境・まちづくり,https://www.city.koto.lg.jp/machizukuri/index.html,
江東区,district_plan,2,マンション対策・建設指導,https://www.city.koto.lg.jp/machizukuri/toshi/shido/index.html,環境・まちづくり,https://www.city.koto.lg.jp/machizukuri/index.html,
江東区,district_plan,2,土地の取引の際には,https://www.city.koto.lg.jp/machizukuri/toshi/torihiki/index.html,環境・まちづくり,https://www.city.koto.lg.jp/machizukuri/index.html,
江東区,district_plan,2,都市計画・用途地域等について,https://www.city.koto.lg.jp/machizukuri/toshi/toshikekaku/index.html,環境・まちづくり,https://www.city.koto.lg.jp/machizukuri/index.html,
江東区,district_plan,2,ユニバーサルデザイン,https://www.city.koto.lg.jp/machizukuri/toshi/yasashii/index.html,環境・まちづくり,https://www.city.koto.lg.jp/machizukuri/index.html,
江東区,district_plan,3,江東区防災対策の現況について,https://www.city.koto.lg.jp/057101/bosai/bosai-top/taisakukeikaku/info_7055_7059.html,防災,https://www.city.koto.lg.jp/bosai-top/index.html,
江東区,district_plan,3,備蓄倉庫と備蓄物資,https://www.city.koto.lg.jp/057102/bosai/bosai-top/taisakukeikaku/info_7055_7063.html,防災,https://www.city.koto.lg.jp/bosai-top/index.html,
江東区,district_plan,3,災害時の応急給水,https://www.city.koto.lg.jp/057102/bosai/bosai-top/taisakukeikaku/info_7068_7069.html,防災,https://www.city.koto.lg.jp/bosai-top/index.html,
江東区,district_plan,3,街頭消火器,https://www.city.koto.lg.jp/057102/bosai/bosai-top/taisakukeikaku/map_7055_7061.html,防災,https://www.city.koto.lg.jp/bosai-top/index.html,
江東区,district_plan,3,被災者への支援,https://www.city.koto.lg.jp/057102/bosai/bosai-top/taisakukeikaku/map_7077_5001.html,防災,https://www.city.koto.lg.jp/bosai-top/index.html,
江東区,district_plan,3,総合防災訓練,https://www.city.koto.lg.jp/057131/bosai/bosai-top/taisakukeikaku/info_7068_7071.html,防災,https://www.city.koto.lg.jp/bosai-top/index.html,
江東区,hazard,1,ハザードマップ,https://www.city.koto.lg.jp/470601/20200701.html,公式トップ,https://www.city.koto.lg.jp/,
江東区,hazard,1,防災・安全,https://www.city.koto.lg.jp/bosai/index.html,公式トップ,https://www.city.koto.lg.jp/,
江東区,hazard,2,江東区防災ポータルと江東区防災アプリについて,https://www.city.koto.lg.jp/056100/bosai/2025bosai-portalapplication.html,防災・安全,https://www.city.koto.lg.jp/bosai/index.html,
江東区,hazard,2,江東区新型インフルエンザ等対策行動計画,https://www.city.koto.lg.jp/056101/bosai/bosai-top/taisakukeikaku/86683.html,防災・安全,https://www.city.koto.lg.jp/bosai/index.html,
江東区,hazard,2,江東区国民保護計画,https://www.city.koto.lg.jp/056101/bosai/bosai-top/taisakukeikaku/info_kokuminhogo01.html,防災・安全,https://www.city.koto.lg.jp/bosai/index.html,
江東区,hazard,2,子ども安全情報,https://www.city.koto.lg.jp/056153/bosai/bohan/15199.html,防災・安全,https://www.city.koto.lg.jp/bosai/index.html,
江東区,hazard,2,江東区の生活安全対策,https://www.city.koto.lg.jp/056153/bosai/bohan/7048.html,防災・安全,https://www.city.koto.lg.jp/bosai/index.html,
江東区,hazard,2,江東区内の犯罪・火災発生状況,https://www.city.koto.lg.jp/056153/bosai/bohan/7049.html,防災・安全,https://www.city.koto.lg.jp/bosai/index.html,
江東区,hazard,2,防犯パトロール活動を実施する団体への支援,https://www.city.koto.lg.jp/056153/bosai/bohan/7050.html,防災・安全,https://www.city.koto.lg.jp/bosai/index.html,
江東区,hazard,2,犯罪被害にあわないために,https://www.city.koto.lg.jp/056153/bosai/bohan/7051.html,防災・安全,https://www.city.koto.lg.jp/bosai/index.html,
江東区,hazard,2,防犯ボランティア団体の登録・紹介,https://www.city.koto.lg.jp/056153/bosai/bohan/7052.html,防災・安全,https://www.city.koto.lg.jp/bosai/index.html,
江東区,hazard,2,【令和9年3月12日まで】個人宅向け防犯機器等購入緊急補助事業,https://www.city.koto.lg.jp/056153/bosai/bohan/7053.html,防災・安全,https://www.city.koto.lg.jp/bosai/index.html,
江東区,hazard,2,リンク集,https://www.city.koto.lg.jp/057101/bosai/bosai-top/links.html,防災・安全,https://www.city.koto.lg.jp/bosai/index.html,
江東区,hazard,2,東日本大震災から10年「3.11を忘れない」,https://www.city.koto.lg.jp/057101/bosai/daishinsai/202102260101.html,防災・安全,https://www.city.koto.lg.jp/bosai/index.html,
江東区,hazard,2,こども110番の家,https://www.city.koto.lg.jp/105020/bosai/bohan/15866.html,防災・安全,https://www.city.koto.lg.jp/bosai/index.html,
江東区,hazard,2,江東区避難行動支援プラン（全体計画）,https://www.city.koto.lg.jp/210105/bosai/shien/84274.html,防災・安全,https://www.city.koto.lg.jp/bosai/index.html,
江東区,hazard,2,避難行動要支援者名簿,https://www.city.koto.lg.jp/210105/bosai/shien/84275.html,防災・安全,https://www.city.koto.lg.jp/bosai/index.html,
江東区,hazard,2,江東区避難行動要支援者名簿作成要領,https://www.city.koto.lg.jp/210105/bosai/shien/87569.html,防災・安全,https://www.city.koto.lg.jp/bosai/index.html,
江東区,hazard,2,水害時等の避難支援としてのタクシー利用について,https://www.city.koto.lg.jp/210105/bosai/shien/87570.html,防災・安全,https://www.city.koto.lg.jp/bosai/index.html,
江東区,hazard,2,防災マップ・ハザードマップ,https://www.city.koto.lg.jp/bosai-top/bosaimap/index.html,防災・安全,https://www.city.koto.lg.jp/bosai/index.html,
江東区,hazard,2,防災,https://www.city.koto.lg.jp/bosai-top/index.html,防災・安全,https://www.city.koto.lg.jp/bosai/index.html,
江東区,hazard,2,防犯・安全,https://www.city.koto.lg.jp/bosai/bohan/index.html,防災・安全,https://www.city.koto.lg.jp/bosai/index.html,
江東区,hazard,2,地域の防災対策（共助）,https://www.city.koto.lg.jp/bosai/bosai-top/chiki/index.html,防災・安全,https://www.city.koto.lg.jp/bosai/index.html,
江東区,hazard,2,家族の防災対策（自助）,https://www.city.koto.lg.jp/bosai/bosai-top/kazoku/index.html,防災・安全,https://www.city.koto.lg.jp/bosai/index.html,
江東区,hazard,2,江東区の防災対策（公助）,https://www.city.koto.lg.jp/bosai/bosai-top/kotoku/index.html,防災・安全,https://www.city.koto.lg.jp/bosai/index.html,
江東区,hazard,2,国民保護計画,https://www.city.koto.lg.jp/bosai/index.html#a36326,防災・安全,https://www.city.koto.lg.jp/bosai/index.html,
江東区,hazard,2,新型インフルエンザ計画,https://www.city.koto.lg.jp/bosai/index.html#a36327,防災・安全,https://www.city.koto.lg.jp/bosai/index.html,
江東区,hazard,2,防災,https://www.city.koto.lg.jp/bosai/index.html#a5333,防災・安全,https://www.city.koto.lg.jp/bosai/index.html,
江東区,hazard,2,避難行動支援,https://www.city.koto.lg.jp/bosai/index.html#a5352,防災・安全,https://www.city.koto.lg.jp/bosai/index.html,
江東区,hazard,2,防犯・安全,https://www.city.koto.lg.jp/bosai/index.html#a5360,防災・安全,https://www.city.koto.lg.jp/bosai/index.html,
江東区,hazard,2,ページの先頭へ戻る,https://www.city.koto.lg.jp/bosai/index.html#tmp_header,防災・安全,https://www.city.koto.lg.jp/bosai/index.html,
江東区,hazard,2,本文へスキップします。,https://www.city.koto.lg.jp/bosai/index.html#tmp_honbun,防災・安全,https://www.city.koto.lg.jp/bosai/index.html,
江東区,hazard,2,新型インフルエンザ計画,https://www.city.koto.lg.jp/bosai/influenza/index.html,防災・安全,https://www.city.koto.lg.jp/bosai/index.html,
江東区,hazard,2,国民保護計画,https://www.city.koto.lg.jp/bosai/kokuminhogo/index.html,防災・安全,https://www.city.koto.lg.jp/bosai/index.html,
江東区,hazard,2,避難行動支援,https://www.city.koto.lg.jp/bosai/shien/index.html,防災・安全,https://www.city.koto.lg.jp/bosai/index.html,
江東区,hazard,2,新着情報一覧を見る,https://www.city.koto.lg.jp/bosai/shinchaku.html,防災・安全,https://www.city.koto.lg.jp/bosai/index.html,
江東区,hazard,3,ページの先頭へ戻る,https://www.city.koto.lg.jp/056100/bosai/2025bosai-portalapplication.html#tmp_header,江東区防災ポータルと江東区防災アプリについて,https://www.city.koto.lg.jp/056100/bosai/2025bosai-portalapplication.html,
江東区,hazard,3,本文へスキップします。,https://www.city.koto.lg.jp/056100/bosai/2025bosai-portalapplication.html#tmp_honbun,江東区防災ポータルと江東区防災アプリについて,https://www.city.koto.lg.jp/056100/bosai/2025bosai-portalapplication.html,
江東区,hazard,3,江東区防災アプリ（チラシ）（PDF：522KB）（別ウィンドウで開きます）,https://www.city.koto.lg.jp/056100/bosai/documents/20251117171336.pdf,江東区防災ポータルと江東区防災アプリについて,https://www.city.koto.lg.jp/056100/bosai/2025bosai-portalapplication.html,
江東区,hazard,3,"江東区防災アプリ操作マニュアル（PDF：1,997KB）（別ウィンドウで開きます）",https://www.city.koto.lg.jp/056100/bosai/documents/20251117171427.pdf,江東区防災ポータルと江東区防災アプリについて,https://www.city.koto.lg.jp/056100/bosai/2025bosai-portalapplication.html,
江東区,hazard,3,防災無線の放送内容,https://www.city.koto.lg.jp/056101/bosai/bosai-top/_radio.html,江東区防災ポータルと江東区防災アプリについて,https://www.city.koto.lg.jp/056100/bosai/2025bosai-portalapplication.html,
江東区,hazard,3,こうとう安全安心メール,https://www.city.koto.lg.jp/056101/bosai/bosai-top/shudan/guide_annzen_annshin.html,【令和9年3月12日まで】個人宅向け防犯機器等購入緊急補助事業,https://www.city.koto.lg.jp/056153/bosai/bohan/7053.html,
江東区,hazard,3,ページの先頭へ戻る,https://www.city.koto.lg.jp/056153/bosai/bohan/7053.html#tmp_header,【令和9年3月12日まで】個人宅向け防犯機器等購入緊急補助事業,https://www.city.koto.lg.jp/056153/bosai/bohan/7053.html,
江東区,hazard,3,本文へスキップします。,https://www.city.koto.lg.jp/056153/bosai/bohan/7053.html#tmp_honbun,【令和9年3月12日まで】個人宅向け防犯機器等購入緊急補助事業,https://www.city.koto.lg.jp/056153/bosai/bohan/7053.html,
江東区,hazard,3,断熱防犯窓について（ワード：18KB）（別ウィンドウで開きます）,https://www.city.koto.lg.jp/056153/bosai/bohan/documents/20250716112309.docx,【令和9年3月12日まで】個人宅向け防犯機器等購入緊急補助事業,https://www.city.koto.lg.jp/056153/bosai/bohan/7053.html,
江東区,hazard,3,江東区防犯機器等購入緊急補助金交付申請書兼口座振替依頼書（RTF：146KB）（別ウィンドウで開きます）,https://www.city.koto.lg.jp/056153/bosai/bohan/documents/20250729155415.rtf,【令和9年3月12日まで】個人宅向け防犯機器等購入緊急補助事業,https://www.city.koto.lg.jp/056153/bosai/bohan/7053.html,
江東区,hazard,3,補助対象品目詳細（PDF：262KB）（別ウィンドウで開きます）,https://www.city.koto.lg.jp/056153/bosai/bohan/documents/20250804135625.pdf,【令和9年3月12日まで】個人宅向け防犯機器等購入緊急補助事業,https://www.city.koto.lg.jp/056153/bosai/bohan/7053.html,
江東区,hazard,3,令和8年度個人宅向け防犯機器等購入緊急補助事業チラシ（PDF：394KB）（別ウィンドウで開きます）,https://www.city.koto.lg.jp/056153/bosai/bohan/documents/20260325165254.pdf,【令和9年3月12日まで】個人宅向け防犯機器等購入緊急補助事業,https://www.city.koto.lg.jp/056153/bosai/bohan/7053.html,
江東区,hazard,3,補助対象に関するQ＆A（PDF：505KB）（別ウィンドウで開きます）,https://www.city.koto.lg.jp/056153/bosai/bohan/documents/20260331113715.pdf,【令和9年3月12日まで】個人宅向け防犯機器等購入緊急補助事業,https://www.city.koto.lg.jp/056153/bosai/bohan/7053.html,
江東区,hazard,3,提出書類に関するQ＆A（PDF：418KB）（別ウィンドウで開きます）,https://www.city.koto.lg.jp/056153/bosai/bohan/documents/20260331113813.pdf,【令和9年3月12日まで】個人宅向け防犯機器等購入緊急補助事業,https://www.city.koto.lg.jp/056153/bosai/bohan/7053.html,
江東区,hazard,3,申請方法に関するQ＆A（PDF：463KB）（別ウィンドウで開きます）,https://www.city.koto.lg.jp/056153/bosai/bohan/documents/20260331113902.pdf,【令和9年3月12日まで】個人宅向け防犯機器等購入緊急補助事業,https://www.city.koto.lg.jp/056153/bosai/bohan/7053.html,
江東区,hazard,3,その他Q＆A（PDF：411KB）（別ウィンドウで開きます）,https://www.city.koto.lg.jp/056153/bosai/bohan/documents/20260331114239.pdf,【令和9年3月12日まで】個人宅向け防犯機器等購入緊急補助事業,https://www.city.koto.lg.jp/056153/bosai/bohan/7053.html,
江東区,hazard,3,誓約書兼同意書及び申請書類確認書（PDF：94KB）（別ウィンドウで開きます）,https://www.city.koto.lg.jp/056153/bosai/bohan/documents/20260417100846.pdf,【令和9年3月12日まで】個人宅向け防犯機器等購入緊急補助事業,https://www.city.koto.lg.jp/056153/bosai/bohan/7053.html,
江東区,hazard,3,防災資機材の使い方,https://www.city.koto.lg.jp/057101/bosai/bosai-sikizai.html,防災,https://www.city.koto.lg.jp/bosai-top/index.html,
江東区,hazard,3,江東区防災マップ,https://www.city.koto.lg.jp/057101/bosai/bosai-top/higoro/topics_0001.html,防災,https://www.city.koto.lg.jp/bosai-top/index.html,
江東区,hazard,3,防災パンフレット,https://www.city.koto.lg.jp/057101/bosai/bosai-top/higoro/topics_0036-3.html,防災,https://www.city.koto.lg.jp/bosai-top/index.html,
江東区,hazard,3,事業者の帰宅困難者対策,https://www.city.koto.lg.jp/057101/bosai/bosai-top/higoro/topics_kitakukonnansya.html,防災,https://www.city.koto.lg.jp/bosai-top/index.html,
江東区,hazard,3,ページの先頭へ戻る,https://www.city.koto.lg.jp/057101/bosai/bosai-top/links.html#tmp_header,リンク集,https://www.city.koto.lg.jp/057101/bosai/bosai-top/links.html,
江東区,hazard,3,本文へスキップします。,https://www.city.koto.lg.jp/057101/bosai/bosai-top/links.html#tmp_honbun,リンク集,https://www.city.koto.lg.jp/057101/bosai/bosai-top/links.html,
江東区,hazard,3,国や東京都の防災関連サイト,https://www.city.koto.lg.jp/057101/bosai/bosai-top/saigai/bosai-links.html,防災,https://www.city.koto.lg.jp/bosai-top/index.html,
江東区,hazard,3,交通機関（鉄道・バス）,https://www.city.koto.lg.jp/057101/bosai/bosai-top/saigai/kotsu-links.html,防災,https://www.city.koto.lg.jp/bosai-top/index.html,
江東区,hazard,3,降雨・河川水位情報【東京都】,https://www.city.koto.lg.jp/057101/bosai/bosai-top/saigai/rainfall-links.html,防災,https://www.city.koto.lg.jp/bosai-top/index.html,
江東区,hazard,3,地震・気象情報【気象庁】,https://www.city.koto.lg.jp/057101/bosai/bosai-top/saigai/weather-links.html,防災,https://www.city.koto.lg.jp/bosai-top/index.html,
江東区,hazard,3,竜巻等の突風災害,https://www.city.koto.lg.jp/057101/bosai/bosai-top/taiou/guide_7068_7086.html,防災,https://www.city.koto.lg.jp/bosai-top/index.html,
江東区,hazard,3,避難場所,https://www.city.koto.lg.jp/057101/bosai/bosai-top/taiou/map_7077_7080/index.html,防災,https://www.city.koto.lg.jp/bosai-top/index.html,
江東区,hazard,3,江東区防災対策の現況について,https://www.city.koto.lg.jp/057101/bosai/bosai-top/taisakukeikaku/info_7055_7059.html,防災,https://www.city.koto.lg.jp/bosai-top/index.html,
江東区,hazard,3,防災備蓄用ラジオ「こうとう安心ラジオ885」を活用しましょう,https://www.city.koto.lg.jp/057101/bosai/bosai-top/topics/koto-radio885.html,防災,https://www.city.koto.lg.jp/bosai-top/index.html,
江東区,hazard,3,「避難所ですぐに使える食中毒予防ブック（第2版）」ができました！,https://www.city.koto.lg.jp/057101/bosai/bosai-top/topics/topics171108.html,防災,https://www.city.koto.lg.jp/bosai-top/index.html,
江東区,hazard,3,江東区の災害と防災対策について,https://www.city.koto.lg.jp/057101/bosai/bosaitaisaku.html,防災,https://www.city.koto.lg.jp/bosai-top/index.html,
江東区,hazard,3,ページの先頭へ戻る,https://www.city.koto.lg.jp/057101/bosai/daishinsai/202102260101.html#tmp_header,東日本大震災から10年「3.11を忘れない」,https://www.city.koto.lg.jp/057101/bosai/daishinsai/202102260101.html,
江東区,hazard,3,本文へスキップします。,https://www.city.koto.lg.jp/057101/bosai/daishinsai/202102260101.html#tmp_honbun,東日本大震災から10年「3.11を忘れない」,https://www.city.koto.lg.jp/057101/bosai/daishinsai/202102260101.html,
江東区,hazard,3,江東区内の被害状況と対応（平成23年3月11日から3月13日まで）,https://www.city.koto.lg.jp/057101/bosai/daishinsai/58570.html,東日本大震災から10年「3.11を忘れない」,https://www.city.koto.lg.jp/057101/bosai/daishinsai/202102260101.html,
江東区,hazard,3,防災関連動画（避難所運営訓練、水害対策など）の掲載について,https://www.city.koto.lg.jp/057101/bosai/douga.html,防災,https://www.city.koto.lg.jp/bosai-top/index.html,
江東区,hazard,3,雪害に備えましょう,https://www.city.koto.lg.jp/057101/bosai/setugaitaisaku.html,防災,https://www.city.koto.lg.jp/bosai-top/index.html,
江東区,hazard,3,家庭用消火器のあっせん,https://www.city.koto.lg.jp/057102/bosai/bosai-top/higoro/bosai_7068.html,防災,https://www.city.koto.lg.jp/bosai-top/index.html,
江東区,hazard,3,自主防災組織（災害協力隊）について,https://www.city.koto.lg.jp/057102/bosai/bosai-top/higoro/info_7055_7058.html,防災,https://www.city.koto.lg.jp/bosai-top/index.html,
江東区,hazard,3,防災用品をあっせんします,https://www.city.koto.lg.jp/057102/bosai/bosai-top/higoro/info_7055_7059.html,防災,https://www.city.koto.lg.jp/bosai-top/index.html,
江東区,hazard,3,自主防災訓練への物資支給・貸出,https://www.city.koto.lg.jp/057102/bosai/bosai-top/higoro/info_7068_7073.html,防災,https://www.city.koto.lg.jp/bosai-top/index.html,
江東区,hazard,3,備蓄倉庫と備蓄物資,https://www.city.koto.lg.jp/057102/bosai/bosai-top/taisakukeikaku/info_7055_7063.html,防災,https://www.city.koto.lg.jp/bosai-top/index.html,
江東区,hazard,3,災害時の応急給水,https://www.city.koto.lg.jp/057102/bosai/bosai-top/taisakukeikaku/info_7068_7069.html,防災,https://www.city.koto.lg.jp/bosai-top/index.html,
江東区,hazard,3,街頭消火器,https://www.city.koto.lg.jp/057102/bosai/bosai-top/taisakukeikaku/map_7055_7061.html,防災,https://www.city.koto.lg.jp/bosai-top/index.html,
江東区,hazard,3,被災者への支援,https://www.city.koto.lg.jp/057102/bosai/bosai-top/taisakukeikaku/map_7077_5001.html,防災,https://www.city.koto.lg.jp/bosai-top/index.html,
江東区,hazard,3,【選定結果】防災備蓄用ラジオ全戸配布等業務委託プロポーザルの実施について,https://www.city.koto.lg.jp/057102/bosai/bosai-top/topics/20200204.html,防災,https://www.city.koto.lg.jp/bosai-top/index.html,
江東区,hazard,3,防災ブック「東京くらし防災」・「東京防災」について,https://www.city.koto.lg.jp/057102/bosai/bosai-top/topics/bosaibook.html,防災,https://www.city.koto.lg.jp/bosai-top/index.html,
江東区,hazard,3,防災・安全一口メモ,https://www.city.koto.lg.jp/057102/bosai/bosai-top/topics/radio-hitokuchimemo.html,防災,https://www.city.koto.lg.jp/bosai-top/index.html,
江東区,hazard,3,令和5年度災害協力隊リーダー講習会の様子について（動画掲載）,https://www.city.koto.lg.jp/057102/bosai/bosai-top/topics/topics_20230106.html,防災,https://www.city.koto.lg.jp/bosai-top/index.html,
江東区,hazard,3,外国人に関する防災情報,https://www.city.koto.lg.jp/057102/gaikokujinbosai.html,防災,https://www.city.koto.lg.jp/bosai-top/index.html,
江東区,hazard,3,総合防災訓練,https://www.city.koto.lg.jp/057131/bosai/bosai-top/taisakukeikaku/info_7068_7071.html,防災,https://www.city.koto.lg.jp/bosai-top/index.html,
江東区,hazard,3,消防団,https://www.city.koto.lg.jp/057131/bosai/bosai-top/topics/gijiroku-keisai.html,防災,https://www.city.koto.lg.jp/bosai-top/index.html,
江東区,hazard,3,江東区音声版・点字版水害ハザードマップ,https://www.city.koto.lg.jp/470601/hazard-map/audio-version.html,防災,https://www.city.koto.lg.jp/bosai-top/index.html,
江東区,hazard,3,防災カタログギフト「防災都市こうとう　そなエールギフト」について,https://www.city.koto.lg.jp/bosai-top/bosaigift.html,防災,https://www.city.koto.lg.jp/bosai-top/index.html,
江東区,hazard,3,ページの先頭へ戻る,https://www.city.koto.lg.jp/bosai-top/bosaimap/index.html#tmp_header,防災マップ・ハザードマップ,https://www.city.koto.lg.jp/bosai-top/bosaimap/index.html,
江東区,hazard,3,本文へスキップします。,https://www.city.koto.lg.jp/bosai-top/bosaimap/index.html#tmp_honbun,防災マップ・ハザードマップ,https://www.city.koto.lg.jp/bosai-top/bosaimap/index.html,
江東区,hazard,3,避難所・避難場所,https://www.city.koto.lg.jp/bosai-top/hinanjo/index.html,防災,https://www.city.koto.lg.jp/bosai-top/index.html,
江東区,hazard,3,ページの先頭へ戻る,https://www.city.koto.lg.jp/bosai-top/index.html#tmp_header,防災,https://www.city.koto.lg.jp/bosai-top/index.html,
江東区,hazard,3,本文へスキップします。,https://www.city.koto.lg.jp/bosai-top/index.html#tmp_honbun,防災,https://www.city.koto.lg.jp/bosai-top/index.html,
江東区,hazard,3,各種パンフレット,https://www.city.koto.lg.jp/bosai-top/panfu/index.html,防災,https://www.city.koto.lg.jp/bosai-top/index.html,
江東区,hazard,3,ページの先頭へ戻る,https://www.city.koto.lg.jp/bosai/bosai-top/chiki/index.html#tmp_header,地域の防災対策（共助）,https://www.city.koto.lg.jp/bosai/bosai-top/chiki/index.html,
江東区,hazard,3,本文へスキップします。,https://www.city.koto.lg.jp/bosai/bosai-top/chiki/index.html#tmp_honbun,地域の防災対策（共助）,https://www.city.koto.lg.jp/bosai/bosai-top/chiki/index.html,
江東区,hazard,3,ページの先頭へ戻る,https://www.city.koto.lg.jp/bosai/bosai-top/kazoku/index.html#tmp_header,家族の防災対策（自助）,https://www.city.koto.lg.jp/bosai/bosai-top/kazoku/index.html,
江東区,hazard,3,本文へスキップします。,https://www.city.koto.lg.jp/bosai/bosai-top/kazoku/index.html#tmp_honbun,家族の防災対策（自助）,https://www.city.koto.lg.jp/bosai/bosai-top/kazoku/index.html,
江東区,hazard,3,地震への備え,https://www.city.koto.lg.jp/bosai/bosai-top/kazoku/jishin/index.html,防災,https://www.city.koto.lg.jp/bosai-top/index.html,
江東区,hazard,3,水害への備え,https://www.city.koto.lg.jp/bosai/bosai-top/kazoku/suigai/index.html,防災,https://www.city.koto.lg.jp/bosai-top/index.html,
江東区,hazard,3,ページの先頭へ戻る,https://www.city.koto.lg.jp/bosai/bosai-top/kotoku/index.html#tmp_header,江東区の防災対策（公助）,https://www.city.koto.lg.jp/bosai/bosai-top/kotoku/index.html,
江東区,hazard,3,本文へスキップします。,https://www.city.koto.lg.jp/bosai/bosai-top/kotoku/index.html#tmp_honbun,江東区の防災対策（公助）,https://www.city.koto.lg.jp/bosai/bosai-top/kotoku/index.html,
江東区,hazard,3,計画,https://www.city.koto.lg.jp/bosai/bosai-top/kotoku/kekaku/index.html,防災,https://www.city.koto.lg.jp/bosai-top/index.html,
江東区,hazard,3,災害時協定,https://www.city.koto.lg.jp/bosai/bosai-top/kotoku/kyote/index.html,防災,https://www.city.koto.lg.jp/bosai-top/index.html,
江東区,hazard,3,災害情報伝達手段,https://www.city.koto.lg.jp/bosai/bosai-top/shudan/index.html,防災,https://www.city.koto.lg.jp/bosai-top/index.html,
江東区,hazard,3,災害発生時の対応,https://www.city.koto.lg.jp/bosai/bosai-top/taiou/index.html,東日本大震災から10年「3.11を忘れない」,https://www.city.koto.lg.jp/057101/bosai/daishinsai/202102260101.html,
江東区,hazard,3,放射能関連情報,https://www.city.koto.lg.jp/bosai/daishinsai/hoshano/index.html,東日本大震災から10年「3.11を忘れない」,https://www.city.koto.lg.jp/057101/bosai/daishinsai/202102260101.html,
江東区,hazard,3,東日本大震災関連情報,https://www.city.koto.lg.jp/bosai/daishinsai/index.html,東日本大震災から10年「3.11を忘れない」,https://www.city.koto.lg.jp/057101/bosai/daishinsai/202102260101.html,
江東区,hazard,3,地震に関する支援情報,https://www.city.koto.lg.jp/bosai/daishinsai/jishinshien/index.html,東日本大震災から10年「3.11を忘れない」,https://www.city.koto.lg.jp/057101/bosai/daishinsai/202102260101.html,
江東区,hazard,3,ページの先頭へ戻る,https://www.city.koto.lg.jp/bosai/shinchaku.html#tmp_header,新着情報一覧を見る,https://www.city.koto.lg.jp/bosai/shinchaku.html,
江東区,hazard,3,本文へスキップします。,https://www.city.koto.lg.jp/bosai/shinchaku.html#tmp_honbun,新着情報一覧を見る,https://www.city.koto.lg.jp/bosai/shinchaku.html,
江東区,road,2,道路の損傷連絡・要望システム,https://www.city.koto.lg.jp/470708/machizukuri/dorohashi/hozen/dorohozen-logoform.html,環境・まちづくり,https://www.city.koto.lg.jp/machizukuri/index.html,
江東区,road,2,道路台帳・資料,https://www.city.koto.lg.jp/machizukuri/dorokyoryo/dorodaicho/index.html,環境・まちづくり,https://www.city.koto.lg.jp/machizukuri/index.html,
江東区,road,2,道路の手続き,https://www.city.koto.lg.jp/machizukuri/dorokyoryo/dorotetsuduki/index.html,環境・まちづくり,https://www.city.koto.lg.jp/machizukuri/index.html,
江東区,road,2,維持管理・補修,https://www.city.koto.lg.jp/machizukuri/dorokyoryo/ijikanri/index.html,環境・まちづくり,https://www.city.koto.lg.jp/machizukuri/index.html,
江東区,road,2,道路・橋,https://www.city.koto.lg.jp/machizukuri/dorokyoryo/index.html,環境・まちづくり,https://www.city.koto.lg.jp/machizukuri/index.html,
江東区,road,2,計画・方針,https://www.city.koto.lg.jp/machizukuri/dorokyoryo/keikaku/index.html,環境・まちづくり,https://www.city.koto.lg.jp/machizukuri/index.html,
江東区,road,2,工事現場,https://www.city.koto.lg.jp/machizukuri/dorokyoryo/kojigenba/index.html,環境・まちづくり,https://www.city.koto.lg.jp/machizukuri/index.html,
江東区,road,2,橋一覧,https://www.city.koto.lg.jp/machizukuri/dorokyoryo/kyoryoitiran/index.html,環境・まちづくり,https://www.city.koto.lg.jp/machizukuri/index.html,
江東区,road,2,道路・橋,https://www.city.koto.lg.jp/machizukuri/index.html#a30350,環境・まちづくり,https://www.city.koto.lg.jp/machizukuri/index.html,
江東区,road,2,施設案内,https://www.city.koto.lg.jp/machizukuri/kasenkoen/annai/index.html,環境・まちづくり,https://www.city.koto.lg.jp/machizukuri/index.html,
江東区,road,2,工事現場,https://www.city.koto.lg.jp/machizukuri/kasenkoen/genba/index.html,環境・まちづくり,https://www.city.koto.lg.jp/machizukuri/index.html,
江東区,road,2,計画・方針,https://www.city.koto.lg.jp/machizukuri/kasenkoen/hoshin/index.html,環境・まちづくり,https://www.city.koto.lg.jp/machizukuri/index.html,
江東区,road,2,河川・公園,https://www.city.koto.lg.jp/machizukuri/kasenkoen/index.html,環境・まちづくり,https://www.city.koto.lg.jp/machizukuri/index.html,
江東区,road,2,河川・水防事業,https://www.city.koto.lg.jp/machizukuri/kasenkoen/kasen/index.html,環境・まちづくり,https://www.city.koto.lg.jp/machizukuri/index.html,
江東区,road,2,公園・公衆便所などの利用（水辺と緑の事務所）,https://www.city.koto.lg.jp/machizukuri/kasenkoen/riyo/index.html,環境・まちづくり,https://www.city.koto.lg.jp/machizukuri/index.html,
江東区,road,2,河川・公園一般,https://www.city.koto.lg.jp/machizukuri/kasenkoen/sebi/index.html,環境・まちづくり,https://www.city.koto.lg.jp/machizukuri/index.html,
江東区,road,2,親水公園,https://www.city.koto.lg.jp/machizukuri/kasenkoen/shinsuikoen/index.html,環境・まちづくり,https://www.city.koto.lg.jp/machizukuri/index.html,
江東区,road,2,舟運,https://www.city.koto.lg.jp/machizukuri/kasenkoen/shuun/index.html,環境・まちづくり,https://www.city.koto.lg.jp/machizukuri/index.html,
江東区,road,2,道路・公園用地,https://www.city.koto.lg.jp/machizukuri/kyokai/yoti/index.html,環境・まちづくり,https://www.city.koto.lg.jp/machizukuri/index.html,
渋谷区,building_guidance,1,2026年5月11日 「渋谷区小中一貫教育校（猿楽小学校・鉢山中学校）（仮称）」および「渋谷区小中一貫教育校（千駄谷小学校・原宿外苑中学校）（仮称）」の建て替え事業に関する施工者アンケートを実施します 事業者向け情報,https://www.city.shibuya.tokyo.jp/jigyosha/jigyo-kenchiku/keikaku-kenchiku/hachiyamaharagai_tatekae_sounding.html,公式トップ,https://www.city.shibuya.tokyo.jp/,
渋谷区,building_guidance,2,建築・工事（事業者向け）,https://www.city.shibuya.tokyo.jp/jigyosha/#jigyo-kenchiku,2026年5月11日 「渋谷区小中一貫教育校（猿楽小学校・鉢山中学校）（仮称）」および「渋谷区小中一貫教育校（千駄谷小学校・原宿外苑中学校）（仮称）」の建て替え事業に関する施工者アンケートを実施します 事業者向け情報,https://www.city.shibuya.tokyo.jp/jigyosha/jigyo-kenchiku/keikaku-kenchiku/hachiyamaharagai_tatekae_sounding.html,
渋谷区,building_guidance,2,都市計画・建築・工事,https://www.city.shibuya.tokyo.jp/jigyosha/jigyo-kenchiku/keikaku-kenchiku/,2026年5月11日 「渋谷区小中一貫教育校（猿楽小学校・鉢山中学校）（仮称）」および「渋谷区小中一貫教育校（千駄谷小学校・原宿外苑中学校）（仮称）」の建て替え事業に関する施工者アンケートを実施します 事業者向け情報,https://www.city.shibuya.tokyo.jp/jigyosha/jigyo-kenchiku/keikaku-kenchiku/hachiyamaharagai_tatekae_sounding.html,
渋谷区,building_guidance,2,エントリー期間,https://www.city.shibuya.tokyo.jp/jigyosha/jigyo-kenchiku/keikaku-kenchiku/hachiyamaharagai_tatekae_sounding.html#h2-h31eebe1f9d,2026年5月11日 「渋谷区小中一貫教育校（猿楽小学校・鉢山中学校）（仮称）」および「渋谷区小中一貫教育校（千駄谷小学校・原宿外苑中学校）（仮称）」の建て替え事業に関する施工者アンケートを実施します 事業者向け情報,https://www.city.shibuya.tokyo.jp/jigyosha/jigyo-kenchiku/keikaku-kenchiku/hachiyamaharagai_tatekae_sounding.html,
渋谷区,building_guidance,2,ページトップ,https://www.city.shibuya.tokyo.jp/jigyosha/jigyo-kenchiku/keikaku-kenchiku/hachiyamaharagai_tatekae_sounding.html#pageTop,2026年5月11日 「渋谷区小中一貫教育校（猿楽小学校・鉢山中学校）（仮称）」および「渋谷区小中一貫教育校（千駄谷小学校・原宿外苑中学校）（仮称）」の建て替え事業に関する施工者アンケートを実施します 事業者向け情報,https://www.city.shibuya.tokyo.jp/jigyosha/jigyo-kenchiku/keikaku-kenchiku/hachiyamaharagai_tatekae_sounding.html,
渋谷区,building_guidance,2,建築,https://www.city.shibuya.tokyo.jp/kankyo/#kenchiku,環境・まちづくり,https://www.city.shibuya.tokyo.jp/kankyo/,
渋谷区,building_guidance,2,条例・要綱,https://www.city.shibuya.tokyo.jp/kankyo/kenchiku/kenchiku-jorei/,環境・まちづくり,https://www.city.shibuya.tokyo.jp/kankyo/,
渋谷区,building_guidance,2,建築の制限,https://www.city.shibuya.tokyo.jp/kankyo/kenchiku/kenchiku-seigen/,環境・まちづくり,https://www.city.shibuya.tokyo.jp/kankyo/,
渋谷区,building_guidance,2,建築審査会,https://www.city.shibuya.tokyo.jp/kankyo/kenchiku/kenchiku-shinsakai/,環境・まちづくり,https://www.city.shibuya.tokyo.jp/kankyo/,
渋谷区,building_guidance,2,手続き・届け出・相談,https://www.city.shibuya.tokyo.jp/kankyo/kenchiku/kenchiku-tetsuzuki/,環境・まちづくり,https://www.city.shibuya.tokyo.jp/kankyo/,
渋谷区,building_guidance,2,融資・助成,https://www.city.shibuya.tokyo.jp/kankyo/kenchiku/kenchiku-yushi/,環境・まちづくり,https://www.city.shibuya.tokyo.jp/kankyo/,
渋谷区,district_plan,1,2026年5月11日 「渋谷区小中一貫教育校（猿楽小学校・鉢山中学校）（仮称）」および「渋谷区小中一貫教育校（千駄谷小学校・原宿外苑中学校）（仮称）」の建て替え事業に関する施工者アンケートを実施します 事業者向け情報,https://www.city.shibuya.tokyo.jp/jigyosha/jigyo-kenchiku/keikaku-kenchiku/hachiyamaharagai_tatekae_sounding.html,公式トップ,https://www.city.shibuya.tokyo.jp/,
渋谷区,district_plan,1,環境・まちづくり,https://www.city.shibuya.tokyo.jp/kankyo/,公式トップ,https://www.city.shibuya.tokyo.jp/,
渋谷区,district_plan,1,2026年5月12日 玉川上水旧水路大山緑道・西原緑道（六條橋～常盤橋、西代々木橋～新代々幡橋）の工事に関する説明会を開催します 環境・まちづくり,https://www.city.shibuya.tokyo.jp/kankyo/sasazuka/tamagawa/ryokudo_kouzi.html,公式トップ,https://www.city.shibuya.tokyo.jp/,
渋谷区,district_plan,1,2026年5月11日 都市計画審議会を開催します（令和8年5月22日） 環境・まちづくり,https://www.city.shibuya.tokyo.jp/kankyo/toshikeikaku/keikaku-info/shingikai.html,公式トップ,https://www.city.shibuya.tokyo.jp/,
渋谷区,district_plan,1,きれいなまち渋谷をみんなでつくる条例,https://www.city.shibuya.tokyo.jp/kusei/shisaku/jorei-toshin/1001_jourei_kirei.html,公式トップ,https://www.city.shibuya.tokyo.jp/,
渋谷区,district_plan,2,都市計画・建築・工事,https://www.city.shibuya.tokyo.jp/jigyosha/jigyo-kenchiku/keikaku-kenchiku/,2026年5月11日 「渋谷区小中一貫教育校（猿楽小学校・鉢山中学校）（仮称）」および「渋谷区小中一貫教育校（千駄谷小学校・原宿外苑中学校）（仮称）」の建て替え事業に関する施工者アンケートを実施します 事業者向け情報,https://www.city.shibuya.tokyo.jp/jigyosha/jigyo-kenchiku/keikaku-kenchiku/hachiyamaharagai_tatekae_sounding.html,
渋谷区,district_plan,2,エントリー期間,https://www.city.shibuya.tokyo.jp/jigyosha/jigyo-kenchiku/keikaku-kenchiku/hachiyamaharagai_tatekae_sounding.html#h2-h31eebe1f9d,2026年5月11日 「渋谷区小中一貫教育校（猿楽小学校・鉢山中学校）（仮称）」および「渋谷区小中一貫教育校（千駄谷小学校・原宿外苑中学校）（仮称）」の建て替え事業に関する施工者アンケートを実施します 事業者向け情報,https://www.city.shibuya.tokyo.jp/jigyosha/jigyo-kenchiku/keikaku-kenchiku/hachiyamaharagai_tatekae_sounding.html,
渋谷区,district_plan,2,ページトップ,https://www.city.shibuya.tokyo.jp/jigyosha/jigyo-kenchiku/keikaku-kenchiku/hachiyamaharagai_tatekae_sounding.html#pageTop,2026年5月11日 「渋谷区小中一貫教育校（猿楽小学校・鉢山中学校）（仮称）」および「渋谷区小中一貫教育校（千駄谷小学校・原宿外苑中学校）（仮称）」の建て替え事業に関する施工者アンケートを実施します 事業者向け情報,https://www.city.shibuya.tokyo.jp/jigyosha/jigyo-kenchiku/keikaku-kenchiku/hachiyamaharagai_tatekae_sounding.html,
渋谷区,district_plan,2,代官山・恵比寿・広尾地域のまちづくり,https://www.city.shibuya.tokyo.jp/kankyo/#daikanyama,環境・まちづくり,https://www.city.shibuya.tokyo.jp/kankyo/,
渋谷区,district_plan,2,景観,https://www.city.shibuya.tokyo.jp/kankyo/#keikan,環境・まちづくり,https://www.city.shibuya.tokyo.jp/kankyo/,
渋谷区,district_plan,2,笹塚・幡ヶ谷・初台・本町地域のまちづくり,https://www.city.shibuya.tokyo.jp/kankyo/#sasazuka,環境・まちづくり,https://www.city.shibuya.tokyo.jp/kankyo/,
渋谷区,district_plan,2,渋谷駅周辺地域のまちづくり,https://www.city.shibuya.tokyo.jp/kankyo/#shuhen-machizukuri,環境・まちづくり,https://www.city.shibuya.tokyo.jp/kankyo/,
渋谷区,district_plan,2,都市計画概要,https://www.city.shibuya.tokyo.jp/kankyo/#toshikeikaku,環境・まちづくり,https://www.city.shibuya.tokyo.jp/kankyo/,
渋谷区,district_plan,2,代々木・千駄ヶ谷・原宿・神宮前地域のまちづくり,https://www.city.shibuya.tokyo.jp/kankyo/#yoyogi,環境・まちづくり,https://www.city.shibuya.tokyo.jp/kankyo/,
渋谷区,district_plan,2,代々木上原・代々木八幡・参宮橋地域のまちづくり,https://www.city.shibuya.tokyo.jp/kankyo/#yoyogiuehara,環境・まちづくり,https://www.city.shibuya.tokyo.jp/kankyo/,
渋谷区,district_plan,2,地域主体のまちづくり活動（代官山・恵比寿・広尾）,https://www.city.shibuya.tokyo.jp/kankyo/daikanyama/chiiki-daikanyama/,環境・まちづくり,https://www.city.shibuya.tokyo.jp/kankyo/,
渋谷区,district_plan,2,景観計画,https://www.city.shibuya.tokyo.jp/kankyo/keikan/keikan-plan/,環境・まちづくり,https://www.city.shibuya.tokyo.jp/kankyo/,
渋谷区,district_plan,2,地域主体のまちづくり活動,https://www.city.shibuya.tokyo.jp/kankyo/sasazuka/chiiki_syutai_machidukuri/,環境・まちづくり,https://www.city.shibuya.tokyo.jp/kankyo/,
渋谷区,district_plan,2,まちづくり関連計画（笹塚・幡ヶ谷・初台・本町）,https://www.city.shibuya.tokyo.jp/kankyo/sasazuka/keikaku-sasazuka/,環境・まちづくり,https://www.city.shibuya.tokyo.jp/kankyo/,
渋谷区,district_plan,2,検討中のまちづくり（笹塚・幡ヶ谷・初台・本町）,https://www.city.shibuya.tokyo.jp/kankyo/sasazuka/kento-sasazuka/,環境・まちづくり,https://www.city.shibuya.tokyo.jp/kankyo/,
渋谷区,district_plan,2,防災まちづくり,https://www.city.shibuya.tokyo.jp/kankyo/sasazuka/machizukuri-bosai/,環境・まちづくり,https://www.city.shibuya.tokyo.jp/kankyo/,
渋谷区,district_plan,2,ササハタハツまちづくり,https://www.city.shibuya.tokyo.jp/kankyo/sasazuka/sasahatahatsu/,環境・まちづくり,https://www.city.shibuya.tokyo.jp/kankyo/,
渋谷区,district_plan,2,地域主体のまちづくり活動（渋谷駅周辺）,https://www.city.shibuya.tokyo.jp/kankyo/shuhen-machizukuri/chiiki-shuhen/,環境・まちづくり,https://www.city.shibuya.tokyo.jp/kankyo/,
渋谷区,district_plan,2,渋谷駅周辺整備の関連計画・都市計画／都市基盤整備,https://www.city.shibuya.tokyo.jp/kankyo/shuhen-machizukuri/eki-kanremplan/,環境・まちづくり,https://www.city.shibuya.tokyo.jp/kankyo/,
渋谷区,district_plan,2,渋谷駅周辺地域の整備に関する調整協議会,https://www.city.shibuya.tokyo.jp/kankyo/shuhen-machizukuri/eki-kyogikai/,環境・まちづくり,https://www.city.shibuya.tokyo.jp/kankyo/,
渋谷区,district_plan,2,渋谷駅周辺整備の関連計画・まちづくり,https://www.city.shibuya.tokyo.jp/kankyo/shuhen-machizukuri/eki-machizukuri/,環境・まちづくり,https://www.city.shibuya.tokyo.jp/kankyo/,
渋谷区,district_plan,2,検討中のまちづくり（渋谷駅周辺）,https://www.city.shibuya.tokyo.jp/kankyo/shuhen-machizukuri/kento/,環境・まちづくり,https://www.city.shibuya.tokyo.jp/kankyo/,
渋谷区,district_plan,2,これまでの取り組み,https://www.city.shibuya.tokyo.jp/kankyo/shuhen-machizukuri/koremade-torikumi/,環境・まちづくり,https://www.city.shibuya.tokyo.jp/kankyo/,
渋谷区,district_plan,2,大山街道の街並みづくり,https://www.city.shibuya.tokyo.jp/kankyo/shuhen-machizukuri/oyamakaido/,環境・まちづくり,https://www.city.shibuya.tokyo.jp/kankyo/,
渋谷区,district_plan,2,都市再生ステップアップ・プロジェクト,https://www.city.shibuya.tokyo.jp/kankyo/shuhen-machizukuri/toshisaisei-pj/,環境・まちづくり,https://www.city.shibuya.tokyo.jp/kankyo/,
渋谷区,district_plan,2,都市計画道路,https://www.city.shibuya.tokyo.jp/kankyo/toshikeikaku/keikaku-doro/,環境・まちづくり,https://www.city.shibuya.tokyo.jp/kankyo/,
渋谷区,district_plan,2,都市計画情報,https://www.city.shibuya.tokyo.jp/kankyo/toshikeikaku/keikaku-info/,環境・まちづくり,https://www.city.shibuya.tokyo.jp/kankyo/,
渋谷区,district_plan,2,渋谷区都市計画審議会速記録（過年度開催分）,https://www.city.shibuya.tokyo.jp/kankyo/toshikeikaku/keikaku-info/kanendo.html,2026年5月11日 都市計画審議会を開催します（令和8年5月22日） 環境・まちづくり,https://www.city.shibuya.tokyo.jp/kankyo/toshikeikaku/keikaku-info/shingikai.html,
渋谷区,district_plan,2,都市計画審議会専門部会,https://www.city.shibuya.tokyo.jp/kankyo/toshikeikaku/keikaku-info/shingikai.html#h2-h358da8f5c8,2026年5月11日 都市計画審議会を開催します（令和8年5月22日） 環境・まちづくり,https://www.city.shibuya.tokyo.jp/kankyo/toshikeikaku/keikaku-info/shingikai.html,
渋谷区,district_plan,2,都市計画審議会,https://www.city.shibuya.tokyo.jp/kankyo/toshikeikaku/keikaku-info/shingikai.html#h2-h9bdeba1e5b,2026年5月11日 都市計画審議会を開催します（令和8年5月22日） 環境・まちづくり,https://www.city.shibuya.tokyo.jp/kankyo/toshikeikaku/keikaku-info/shingikai.html,
渋谷区,district_plan,2,ページトップ,https://www.city.shibuya.tokyo.jp/kankyo/toshikeikaku/keikaku-info/shingikai.html#pageTop,2026年5月11日 都市計画審議会を開催します（令和8年5月22日） 環境・まちづくり,https://www.city.shibuya.tokyo.jp/kankyo/toshikeikaku/keikaku-info/shingikai.html,
渋谷区,district_plan,2,地区計画制度・開発および盛土などの許可,https://www.city.shibuya.tokyo.jp/kankyo/toshikeikaku/seido/,環境・まちづくり,https://www.city.shibuya.tokyo.jp/kankyo/,
渋谷区,district_plan,2,都市計画（地域・地区・都市施設）,https://www.city.shibuya.tokyo.jp/kankyo/toshikeikaku/toshikeikaku-chiiki/,環境・まちづくり,https://www.city.shibuya.tokyo.jp/kankyo/,
渋谷区,district_plan,2,都市計画（市街地開発事業）,https://www.city.shibuya.tokyo.jp/kankyo/toshikeikaku/toshikeikaku-jigyo/,環境・まちづくり,https://www.city.shibuya.tokyo.jp/kankyo/,
渋谷区,district_plan,2,地域主体のまちづくり活動（代々木・千駄ヶ谷・原宿・神宮前）,https://www.city.shibuya.tokyo.jp/kankyo/yoyogi/chiiki-yoyogi/,環境・まちづくり,https://www.city.shibuya.tokyo.jp/kankyo/,
渋谷区,district_plan,2,まちづくり関連計画（代々木・千駄ヶ谷・原宿・神宮前）,https://www.city.shibuya.tokyo.jp/kankyo/yoyogi/keikaku-yoyogi/,環境・まちづくり,https://www.city.shibuya.tokyo.jp/kankyo/,
渋谷区,district_plan,2,検討中のまちづくり（代々木・千駄ヶ谷・原宿・神宮前）,https://www.city.shibuya.tokyo.jp/kankyo/yoyogi/kento-yoyogi/,環境・まちづくり,https://www.city.shibuya.tokyo.jp/kankyo/,
渋谷区,district_plan,2,まちづくり関連計画（代々木上原・代々木八幡・参宮橋）,https://www.city.shibuya.tokyo.jp/kankyo/yoyogiuehara/keikaku-yoyogiuehara/,環境・まちづくり,https://www.city.shibuya.tokyo.jp/kankyo/,
渋谷区,district_plan,2,条例・答申,https://www.city.shibuya.tokyo.jp/kusei/shisaku/jorei-toshin/,きれいなまち渋谷をみんなでつくる条例,https://www.city.shibuya.tokyo.jp/kusei/shisaku/jorei-toshin/1001_jourei_kirei.html,
渋谷区,district_plan,2,特設サイト,https://www.city.shibuya.tokyo.jp/kusei/shisaku/jorei-toshin/1001_jourei_kirei.html#h2-h3f1f1a8aa5,きれいなまち渋谷をみんなでつくる条例,https://www.city.shibuya.tokyo.jp/kusei/shisaku/jorei-toshin/1001_jourei_kirei.html,
渋谷区,district_plan,2,ポイ捨てに関する条例改正について,https://www.city.shibuya.tokyo.jp/kusei/shisaku/jorei-toshin/1001_jourei_kirei.html#h2-h93e31a946a,きれいなまち渋谷をみんなでつくる条例,https://www.city.shibuya.tokyo.jp/kusei/shisaku/jorei-toshin/1001_jourei_kirei.html,
渋谷区,district_plan,2,各取り組みについて,https://www.city.shibuya.tokyo.jp/kusei/shisaku/jorei-toshin/1001_jourei_kirei.html#h2-ha7579a9eeb,きれいなまち渋谷をみんなでつくる条例,https://www.city.shibuya.tokyo.jp/kusei/shisaku/jorei-toshin/1001_jourei_kirei.html,
渋谷区,district_plan,2,一部写真の無断転載に関するお詫び,https://www.city.shibuya.tokyo.jp/kusei/shisaku/jorei-toshin/1001_jourei_kirei.html#h2-hd860cacfb7,きれいなまち渋谷をみんなでつくる条例,https://www.city.shibuya.tokyo.jp/kusei/shisaku/jorei-toshin/1001_jourei_kirei.html,
渋谷区,district_plan,2,目的,https://www.city.shibuya.tokyo.jp/kusei/shisaku/jorei-toshin/1001_jourei_kirei.html#h2-he2485005d0,きれいなまち渋谷をみんなでつくる条例,https://www.city.shibuya.tokyo.jp/kusei/shisaku/jorei-toshin/1001_jourei_kirei.html,
渋谷区,district_plan,2,条文,https://www.city.shibuya.tokyo.jp/kusei/shisaku/jorei-toshin/1001_jourei_kirei.html#h2-he46453627b,きれいなまち渋谷をみんなでつくる条例,https://www.city.shibuya.tokyo.jp/kusei/shisaku/jorei-toshin/1001_jourei_kirei.html,
渋谷区,district_plan,2,ページトップ,https://www.city.shibuya.tokyo.jp/kusei/shisaku/jorei-toshin/1001_jourei_kirei.html#pageTop,きれいなまち渋谷をみんなでつくる条例,https://www.city.shibuya.tokyo.jp/kusei/shisaku/jorei-toshin/1001_jourei_kirei.html,
渋谷区,hazard,1,防災・安全,https://www.city.shibuya.tokyo.jp/bosai/,公式トップ,https://www.city.shibuya.tokyo.jp/,
渋谷区,hazard,2,防犯,https://www.city.shibuya.tokyo.jp/bosai/#bohan,防災・安全,https://www.city.shibuya.tokyo.jp/bosai/,
渋谷区,hazard,2,防災,https://www.city.shibuya.tokyo.jp/bosai/#bosai,防災・安全,https://www.city.shibuya.tokyo.jp/bosai/,
渋谷区,hazard,2,助成・あっせん,https://www.city.shibuya.tokyo.jp/bosai/#josei,防災・安全,https://www.city.shibuya.tokyo.jp/bosai/,
渋谷区,hazard,2,火災・交通事故・救急,https://www.city.shibuya.tokyo.jp/bosai/#kasai,防災・安全,https://www.city.shibuya.tokyo.jp/bosai/,
渋谷区,hazard,2,ページトップ,https://www.city.shibuya.tokyo.jp/bosai/#pageTop,防災・安全,https://www.city.shibuya.tokyo.jp/bosai/,
渋谷区,hazard,2,防犯対策の取り組み,https://www.city.shibuya.tokyo.jp/bosai/bohan/bohan-torikumi/,防災・安全,https://www.city.shibuya.tokyo.jp/bosai/,
渋谷区,hazard,2,2023年9月1日 迷惑路上飲酒ゼロ宣言について 防災・安全,https://www.city.shibuya.tokyo.jp/bosai/bohan/bohan-torikumi/meiwakurojyoinsyu_zero.html,防災・安全,https://www.city.shibuya.tokyo.jp/bosai/,
渋谷区,hazard,2,注意啓発（お知らせなど）,https://www.city.shibuya.tokyo.jp/bosai/bohan/chui/,防災・安全,https://www.city.shibuya.tokyo.jp/bosai/,
渋谷区,hazard,2,2024年11月28日 SNSなどを利用した闇バイトの募集に注意してください 防災・安全,https://www.city.shibuya.tokyo.jp/bosai/bohan/chui/hanzaishaboshu.html,防災・安全,https://www.city.shibuya.tokyo.jp/bosai/,
渋谷区,hazard,2,2024年7月22日 悪質な訪問販売（点検商法）が急増しています 防災・安全,https://www.city.shibuya.tokyo.jp/bosai/bohan/chui/hurikome_sagi.html,防災・安全,https://www.city.shibuya.tokyo.jp/bosai/,
渋谷区,hazard,2,渋谷区内の犯罪発生状況,https://www.city.shibuya.tokyo.jp/bosai/bohan/hanzai/,防災・安全,https://www.city.shibuya.tokyo.jp/bosai/,
渋谷区,hazard,2,渋谷区環境浄化推進店舗,https://www.city.shibuya.tokyo.jp/bosai/bohan/kankyojokaten/,防災・安全,https://www.city.shibuya.tokyo.jp/bosai/,
渋谷区,hazard,2,自動通話録音機,https://www.city.shibuya.tokyo.jp/bosai/bohan/rokuonki/,防災・安全,https://www.city.shibuya.tokyo.jp/bosai/,
渋谷区,hazard,2,防災マニュアル・防災マップ,https://www.city.shibuya.tokyo.jp/bosai/bosai/bosai-manual-map/,防災・安全,https://www.city.shibuya.tokyo.jp/bosai/,
渋谷区,hazard,2,防災に関する計画,https://www.city.shibuya.tokyo.jp/bosai/bosai/bosai-plan/,防災・安全,https://www.city.shibuya.tokyo.jp/bosai/,
渋谷区,hazard,2,防災ポータル,https://www.city.shibuya.tokyo.jp/bosai/bosai/bosai-potal/,防災・安全,https://www.city.shibuya.tokyo.jp/bosai/,
渋谷区,hazard,2,防災施策の紹介,https://www.city.shibuya.tokyo.jp/bosai/bosai/bosai-shisetsu/,防災・安全,https://www.city.shibuya.tokyo.jp/bosai/,
渋谷区,hazard,2,地域防災・訓練,https://www.city.shibuya.tokyo.jp/bosai/bosai/chiiki-bosai/,防災・安全,https://www.city.shibuya.tokyo.jp/bosai/,
渋谷区,hazard,2,避難場所・施設,https://www.city.shibuya.tokyo.jp/bosai/bosai/hinan/,防災・安全,https://www.city.shibuya.tokyo.jp/bosai/,
渋谷区,hazard,2,地震発生時の対応,https://www.city.shibuya.tokyo.jp/bosai/bosai/jishin-taio/,防災・安全,https://www.city.shibuya.tokyo.jp/bosai/,
渋谷区,hazard,2,家庭や職場の防災対策,https://www.city.shibuya.tokyo.jp/bosai/bosai/katei-bosai/,防災・安全,https://www.city.shibuya.tokyo.jp/bosai/,
渋谷区,hazard,2,災害への備え・訓練,https://www.city.shibuya.tokyo.jp/bosai/bosai/saigai-sonae/,防災・安全,https://www.city.shibuya.tokyo.jp/bosai/,
渋谷区,hazard,2,耐震助成,https://www.city.shibuya.tokyo.jp/bosai/josei/taishinjosei/,防災・安全,https://www.city.shibuya.tokyo.jp/bosai/,
渋谷区,hazard,2,家具の転倒防止に関する助成,https://www.city.shibuya.tokyo.jp/bosai/josei/tentoboshi-josei/,防災・安全,https://www.city.shibuya.tokyo.jp/bosai/,
渋谷区,hazard,2,防災用品などのあっせん,https://www.city.shibuya.tokyo.jp/bosai/josei/yohin-assen/,防災・安全,https://www.city.shibuya.tokyo.jp/bosai/,
渋谷区,hazard,2,交通事故,https://www.city.shibuya.tokyo.jp/bosai/kasai/kotsujiko/,防災・安全,https://www.city.shibuya.tokyo.jp/bosai/,
渋谷区,hazard,2,火災・救助,https://www.city.shibuya.tokyo.jp/bosai/kasai/kyukyu/,防災・安全,https://www.city.shibuya.tokyo.jp/bosai/,
渋谷区,hazard,2,新たな防火規制,https://www.city.shibuya.tokyo.jp/kankyo/sasazuka/bosai-kisei/,環境・まちづくり,https://www.city.shibuya.tokyo.jp/kankyo/,
渋谷区,hazard,2,防災まちづくり,https://www.city.shibuya.tokyo.jp/kankyo/sasazuka/machizukuri-bosai/,環境・まちづくり,https://www.city.shibuya.tokyo.jp/kankyo/,
渋谷区,road,2,道路・河川・橋りょう,https://www.city.shibuya.tokyo.jp/kankyo/#doro-kasen,環境・まちづくり,https://www.city.shibuya.tokyo.jp/kankyo/,
渋谷区,road,2,道路　条例・取り組み,https://www.city.shibuya.tokyo.jp/kankyo/doro-kasen/doro-jorei/,環境・まちづくり,https://www.city.shibuya.tokyo.jp/kankyo/,
渋谷区,road,2,道路　各種申請・閲覧,https://www.city.shibuya.tokyo.jp/kankyo/doro-kasen/doro-shinsei/,環境・まちづくり,https://www.city.shibuya.tokyo.jp/kankyo/,
渋谷区,road,2,河川,https://www.city.shibuya.tokyo.jp/kankyo/doro-kasen/kasen/,環境・まちづくり,https://www.city.shibuya.tokyo.jp/kankyo/,
渋谷区,road,2,橋りょうに関すること,https://www.city.shibuya.tokyo.jp/kankyo/doro-kasen/kyoryo/,環境・まちづくり,https://www.city.shibuya.tokyo.jp/kankyo/,
渋谷区,road,2,工場・指定作業場,https://www.city.shibuya.tokyo.jp/kankyo/kogai/shiteisagyo/,環境・まちづくり,https://www.city.shibuya.tokyo.jp/kankyo/,
渋谷区,road,2,都市計画道路,https://www.city.shibuya.tokyo.jp/kankyo/toshikeikaku/keikaku-doro/,環境・まちづくり,https://www.city.shibuya.tokyo.jp/kankyo/,
港区,building_guidance,2,盛土規制法について,https://www.city.minato.tokyo.jp/kaihatsushidou/kankyo-machi/moridokiseihou.html,環境・まちづくり,https://www.city.minato.tokyo.jp/kankyo-machi/index.html,
港区,building_guidance,2,建築・開発,https://www.city.minato.tokyo.jp/kankyo-machi/index.html#a109,環境・まちづくり,https://www.city.minato.tokyo.jp/kankyo-machi/index.html,
港区,building_guidance,2,建築・開発,https://www.city.minato.tokyo.jp/kankyo-machi/kenchiku/index.html,環境・まちづくり,https://www.city.minato.tokyo.jp/kankyo-machi/index.html,
港区,building_guidance,2,地球温暖化対策,https://www.city.minato.tokyo.jp/kankyoushidou/kankyo-machi/kankyo/index-chikyu.html,環境・まちづくり,https://www.city.minato.tokyo.jp/kankyo-machi/index.html,
港区,building_guidance,2,環境保全活動,https://www.city.minato.tokyo.jp/kankyoushidou/kankyo-machi/kankyo/index-hozen.html,環境・まちづくり,https://www.city.minato.tokyo.jp/kankyo-machi/index.html,
港区,building_guidance,2,助成制度・計画・調査・統計・報告,https://www.city.minato.tokyo.jp/kankyoushidou/kankyo-machi/kankyo/index-josei.html,環境・まちづくり,https://www.city.minato.tokyo.jp/kankyo-machi/index.html,
港区,building_guidance,2,熱中症,https://www.city.minato.tokyo.jp/kankyoushidou/kankyo-machi/kankyo/index-netsu.html,環境・まちづくり,https://www.city.minato.tokyo.jp/kankyo-machi/index.html,
港区,building_guidance,2,都市緑化・自然環境,https://www.city.minato.tokyo.jp/kankyoushidou/kankyo-machi/kankyo/index-ryokka.html,環境・まちづくり,https://www.city.minato.tokyo.jp/kankyo-machi/index.html,
港区,building_guidance,2,生活環境,https://www.city.minato.tokyo.jp/kankyoushidou/kankyo-machi/kankyo/index-seikatsu.html,環境・まちづくり,https://www.city.minato.tokyo.jp/kankyo-machi/index.html,
港区,building_guidance,2,都市環境,https://www.city.minato.tokyo.jp/kankyoushidou/kankyo-machi/kankyo/index-toshi.html,環境・まちづくり,https://www.city.minato.tokyo.jp/kankyo-machi/index.html,
港区,building_guidance,2,羽田空港の機能強化に関する区の対応について,https://www.city.minato.tokyo.jp/kankyoushidouasesutan/hanedakuukou.html,環境・まちづくり,https://www.city.minato.tokyo.jp/kankyo-machi/index.html,
港区,building_guidance,2,区立公園内での商業撮影の許可について,https://www.city.minato.tokyo.jp/kansashidou/kouen2.html,環境・まちづくり,https://www.city.minato.tokyo.jp/kankyo-machi/index.html,
港区,building_guidance,2,建築物の計画等をする際の問い合わせ先一覧,https://www.city.minato.tokyo.jp/kenchikufunsou/kankyo-machi/kenchiku/toiawase.html,環境・まちづくり,https://www.city.minato.tokyo.jp/kankyo-machi/index.html,
港区,building_guidance,2,建築相談の事前予約について,https://www.city.minato.tokyo.jp/kenchikushinsa/jizenyoyaku/jizenyoyaku.html,環境・まちづくり,https://www.city.minato.tokyo.jp/kankyo-machi/index.html,
港区,building_guidance,2,建築物の用途・高さ等の規制についてのご案内,https://www.city.minato.tokyo.jp/kenchikushinsa/kenchikunoseigen.html,環境・まちづくり,https://www.city.minato.tokyo.jp/kankyo-machi/index.html,
港区,building_guidance,2,調査等,https://www.city.minato.tokyo.jp/seikatsuanzen/kankyo-machi/kenchiku/index-chosa.html,環境・まちづくり,https://www.city.minato.tokyo.jp/kankyo-machi/index.html,
港区,building_guidance,2,既存建築物に関する手続等,https://www.city.minato.tokyo.jp/seikatsuanzen/kankyo-machi/kenchiku/index-kison.html,環境・まちづくり,https://www.city.minato.tokyo.jp/kankyo-machi/index.html,
港区,building_guidance,2,港区発注工事,https://www.city.minato.tokyo.jp/seikatsuanzen/kankyo-machi/kenchiku/kakunin/index-hachu.html,環境・まちづくり,https://www.city.minato.tokyo.jp/kankyo-machi/index.html,
港区,building_guidance,2,許可・認定等,https://www.city.minato.tokyo.jp/seikatsuanzen/kankyo-machi/kenchiku/kakunin/index-kyoka.html,環境・まちづくり,https://www.city.minato.tokyo.jp/kankyo-machi/index.html,
港区,building_guidance,2,届出・手続等,https://www.city.minato.tokyo.jp/seikatsuanzen/kankyo-machi/kenchiku/kakunin/index-todokede.html,環境・まちづくり,https://www.city.minato.tokyo.jp/kankyo-machi/index.html,
港区,building_guidance,2,建築確認,https://www.city.minato.tokyo.jp/seikatsuanzen/kankyo-machi/kenchiku/kakunin/index.html,環境・まちづくり,https://www.city.minato.tokyo.jp/kankyo-machi/index.html,
港区,district_plan,1,ごみ・リサイクル,https://www.city.minato.tokyo.jp/jigyoukeikaku/kurashi/gomi/kate/index.html,公式トップ,https://www.city.minato.tokyo.jp/,
港区,district_plan,1,環境・まちづくり,https://www.city.minato.tokyo.jp/kankyo-machi/index.html,公式トップ,https://www.city.minato.tokyo.jp/,
港区,district_plan,2,一の橋公園の利用再開について,https://www.city.minato.tokyo.jp/azabumachizukuri/ichinohashipark-open.html,環境・まちづくり,https://www.city.minato.tokyo.jp/kankyo-machi/index.html,
港区,district_plan,2,元麻布三丁目第二緑地を開設します,https://www.city.minato.tokyo.jp/azabumachizukuri/motoazabu3-2.html,環境・まちづくり,https://www.city.minato.tokyo.jp/kankyo-machi/index.html,
港区,district_plan,2,六本木三丁目児童遊園周辺地区環境整備について,https://www.city.minato.tokyo.jp/azabumachizukuri/ropponngisannchoume.html,環境・まちづくり,https://www.city.minato.tokyo.jp/kankyo-machi/index.html,
港区,district_plan,2,地域防災計画・施策,https://www.city.minato.tokyo.jp/bosai-anzen/bosai/index-keikaku.html,防災・安全,https://www.city.minato.tokyo.jp/bosai-anzen/index.html,
港区,district_plan,2,総合水防訓練,https://www.city.minato.tokyo.jp/dobokukeikaku/bosai-anzen/bosai/shinsui/suiboukunren.html,防災・安全,https://www.city.minato.tokyo.jp/bosai-anzen/index.html,
港区,district_plan,2,区立公園・児童遊園等での花火の利用について,https://www.city.minato.tokyo.jp/dobokukeikaku/hanabi.html,環境・まちづくり,https://www.city.minato.tokyo.jp/kankyo-machi/index.html,
港区,district_plan,2,復興小公園について,https://www.city.minato.tokyo.jp/dobokukeikaku/hukkousyoukouen.html,環境・まちづくり,https://www.city.minato.tokyo.jp/kankyo-machi/index.html,
港区,district_plan,2,雨水流出抑制施設設置のお願い,https://www.city.minato.tokyo.jp/dobokukeikaku/kankyo-machi/toshikekaku/shigaichi/amamizu/index.html,環境・まちづくり,https://www.city.minato.tokyo.jp/kankyo-machi/index.html,
港区,district_plan,2,港区立公園への公募設置管理制度（Park-PFI）導入検討に向けたマーケットサウンディング調査の実施ついて(調査結果の概要を公表します。),https://www.city.minato.tokyo.jp/dobokukeikaku/park-pfi.html,環境・まちづくり,https://www.city.minato.tokyo.jp/kankyo-machi/index.html,
港区,district_plan,2,止水板設置工事等の助成,https://www.city.minato.tokyo.jp/dobokukeikaku/shisuiban/shisuiban.html,防災・安全,https://www.city.minato.tokyo.jp/bosai-anzen/index.html,
港区,district_plan,2,区が取り組むエコ·3R(リデュース·リユース·リサイクル)活動一覧,https://www.city.minato.tokyo.jp/jigyoukeikaku/kurashi/gomi/3r/index.html,ごみ・リサイクル,https://www.city.minato.tokyo.jp/jigyoukeikaku/kurashi/gomi/kate/index.html,
港区,district_plan,2,あ,https://www.city.minato.tokyo.jp/jigyoukeikaku/kurashi/gomi/kate/a/index.html,ごみ・リサイクル,https://www.city.minato.tokyo.jp/jigyoukeikaku/kurashi/gomi/kate/index.html,
港区,district_plan,2,え,https://www.city.minato.tokyo.jp/jigyoukeikaku/kurashi/gomi/kate/e/index.html,ごみ・リサイクル,https://www.city.minato.tokyo.jp/jigyoukeikaku/kurashi/gomi/kate/index.html,
港区,district_plan,2,は,https://www.city.minato.tokyo.jp/jigyoukeikaku/kurashi/gomi/kate/ha/index.html,ごみ・リサイクル,https://www.city.minato.tokyo.jp/jigyoukeikaku/kurashi/gomi/kate/index.html,
港区,district_plan,2,へ,https://www.city.minato.tokyo.jp/jigyoukeikaku/kurashi/gomi/kate/he/index.html,ごみ・リサイクル,https://www.city.minato.tokyo.jp/jigyoukeikaku/kurashi/gomi/kate/index.html,
港区,district_plan,2,ひ,https://www.city.minato.tokyo.jp/jigyoukeikaku/kurashi/gomi/kate/hi/index.html,ごみ・リサイクル,https://www.city.minato.tokyo.jp/jigyoukeikaku/kurashi/gomi/kate/index.html,
港区,district_plan,2,ほ,https://www.city.minato.tokyo.jp/jigyoukeikaku/kurashi/gomi/kate/ho/index.html,ごみ・リサイクル,https://www.city.minato.tokyo.jp/jigyoukeikaku/kurashi/gomi/kate/index.html,
港区,district_plan,2,ふ,https://www.city.minato.tokyo.jp/jigyoukeikaku/kurashi/gomi/kate/hu/index.html,ごみ・リサイクル,https://www.city.minato.tokyo.jp/jigyoukeikaku/kurashi/gomi/kate/index.html,
港区,district_plan,2,い,https://www.city.minato.tokyo.jp/jigyoukeikaku/kurashi/gomi/kate/i/index.html,ごみ・リサイクル,https://www.city.minato.tokyo.jp/jigyoukeikaku/kurashi/gomi/kate/index.html,
港区,district_plan,2,ページの先頭へ戻る,https://www.city.minato.tokyo.jp/jigyoukeikaku/kurashi/gomi/kate/index.html#tmp_header,ごみ・リサイクル,https://www.city.minato.tokyo.jp/jigyoukeikaku/kurashi/gomi/kate/index.html,
港区,district_plan,2,本文へスキップします。,https://www.city.minato.tokyo.jp/jigyoukeikaku/kurashi/gomi/kate/index.html#tmp_honbun,ごみ・リサイクル,https://www.city.minato.tokyo.jp/jigyoukeikaku/kurashi/gomi/kate/index.html,
港区,district_plan,2,か,https://www.city.minato.tokyo.jp/jigyoukeikaku/kurashi/gomi/kate/ka/index.html,ごみ・リサイクル,https://www.city.minato.tokyo.jp/jigyoukeikaku/kurashi/gomi/kate/index.html,
港区,district_plan,2,け,https://www.city.minato.tokyo.jp/jigyoukeikaku/kurashi/gomi/kate/ke/index.html,ごみ・リサイクル,https://www.city.minato.tokyo.jp/jigyoukeikaku/kurashi/gomi/kate/index.html,
港区,district_plan,2,き,https://www.city.minato.tokyo.jp/jigyoukeikaku/kurashi/gomi/kate/ki/index.html,ごみ・リサイクル,https://www.city.minato.tokyo.jp/jigyoukeikaku/kurashi/gomi/kate/index.html,
港区,district_plan,2,こ,https://www.city.minato.tokyo.jp/jigyoukeikaku/kurashi/gomi/kate/ko/index.html,ごみ・リサイクル,https://www.city.minato.tokyo.jp/jigyoukeikaku/kurashi/gomi/kate/index.html,
港区,district_plan,2,く,https://www.city.minato.tokyo.jp/jigyoukeikaku/kurashi/gomi/kate/ku/index.html,ごみ・リサイクル,https://www.city.minato.tokyo.jp/jigyoukeikaku/kurashi/gomi/kate/index.html,
港区,district_plan,2,ま,https://www.city.minato.tokyo.jp/jigyoukeikaku/kurashi/gomi/kate/ma/index.html,ごみ・リサイクル,https://www.city.minato.tokyo.jp/jigyoukeikaku/kurashi/gomi/kate/index.html,
港区,district_plan,2,め,https://www.city.minato.tokyo.jp/jigyoukeikaku/kurashi/gomi/kate/me/index.html,ごみ・リサイクル,https://www.city.minato.tokyo.jp/jigyoukeikaku/kurashi/gomi/kate/index.html,
港区,district_plan,2,み,https://www.city.minato.tokyo.jp/jigyoukeikaku/kurashi/gomi/kate/mi/index.html,ごみ・リサイクル,https://www.city.minato.tokyo.jp/jigyoukeikaku/kurashi/gomi/kate/index.html,
港区,district_plan,2,も,https://www.city.minato.tokyo.jp/jigyoukeikaku/kurashi/gomi/kate/mo/index.html,ごみ・リサイクル,https://www.city.minato.tokyo.jp/jigyoukeikaku/kurashi/gomi/kate/index.html,
港区,district_plan,2,む,https://www.city.minato.tokyo.jp/jigyoukeikaku/kurashi/gomi/kate/mu/index.html,ごみ・リサイクル,https://www.city.minato.tokyo.jp/jigyoukeikaku/kurashi/gomi/kate/index.html,
港区,district_plan,2,な,https://www.city.minato.tokyo.jp/jigyoukeikaku/kurashi/gomi/kate/na/index.html,ごみ・リサイクル,https://www.city.minato.tokyo.jp/jigyoukeikaku/kurashi/gomi/kate/index.html,
港区,district_plan,2,ね,https://www.city.minato.tokyo.jp/jigyoukeikaku/kurashi/gomi/kate/ne/index.html,ごみ・リサイクル,https://www.city.minato.tokyo.jp/jigyoukeikaku/kurashi/gomi/kate/index.html,
港区,district_plan,2,に,https://www.city.minato.tokyo.jp/jigyoukeikaku/kurashi/gomi/kate/ni/index.html,ごみ・リサイクル,https://www.city.minato.tokyo.jp/jigyoukeikaku/kurashi/gomi/kate/index.html,
港区,district_plan,2,の,https://www.city.minato.tokyo.jp/jigyoukeikaku/kurashi/gomi/kate/no/index.html,ごみ・リサイクル,https://www.city.minato.tokyo.jp/jigyoukeikaku/kurashi/gomi/kate/index.html,
港区,district_plan,2,ぬ,https://www.city.minato.tokyo.jp/jigyoukeikaku/kurashi/gomi/kate/nu/index.html,ごみ・リサイクル,https://www.city.minato.tokyo.jp/jigyoukeikaku/kurashi/gomi/kate/index.html,
港区,district_plan,2,お,https://www.city.minato.tokyo.jp/jigyoukeikaku/kurashi/gomi/kate/o/index.html,ごみ・リサイクル,https://www.city.minato.tokyo.jp/jigyoukeikaku/kurashi/gomi/kate/index.html,
港区,district_plan,2,ら,https://www.city.minato.tokyo.jp/jigyoukeikaku/kurashi/gomi/kate/ra/index.html,ごみ・リサイクル,https://www.city.minato.tokyo.jp/jigyoukeikaku/kurashi/gomi/kate/index.html,
港区,district_plan,2,れ,https://www.city.minato.tokyo.jp/jigyoukeikaku/kurashi/gomi/kate/re/index.html,ごみ・リサイクル,https://www.city.minato.tokyo.jp/jigyoukeikaku/kurashi/gomi/kate/index.html,
港区,district_plan,2,り,https://www.city.minato.tokyo.jp/jigyoukeikaku/kurashi/gomi/kate/ri/index.html,ごみ・リサイクル,https://www.city.minato.tokyo.jp/jigyoukeikaku/kurashi/gomi/kate/index.html,
港区,district_plan,2,ろ,https://www.city.minato.tokyo.jp/jigyoukeikaku/kurashi/gomi/kate/ro/index.html,ごみ・リサイクル,https://www.city.minato.tokyo.jp/jigyoukeikaku/kurashi/gomi/kate/index.html,
港区,district_plan,2,る,https://www.city.minato.tokyo.jp/jigyoukeikaku/kurashi/gomi/kate/ru/index.html,ごみ・リサイクル,https://www.city.minato.tokyo.jp/jigyoukeikaku/kurashi/gomi/kate/index.html,
港区,district_plan,2,さ,https://www.city.minato.tokyo.jp/jigyoukeikaku/kurashi/gomi/kate/sa/index.html,ごみ・リサイクル,https://www.city.minato.tokyo.jp/jigyoukeikaku/kurashi/gomi/kate/index.html,
港区,district_plan,2,せ,https://www.city.minato.tokyo.jp/jigyoukeikaku/kurashi/gomi/kate/se/index.html,ごみ・リサイクル,https://www.city.minato.tokyo.jp/jigyoukeikaku/kurashi/gomi/kate/index.html,
港区,district_plan,2,し,https://www.city.minato.tokyo.jp/jigyoukeikaku/kurashi/gomi/kate/si/index.html,ごみ・リサイクル,https://www.city.minato.tokyo.jp/jigyoukeikaku/kurashi/gomi/kate/index.html,
港区,district_plan,2,そ,https://www.city.minato.tokyo.jp/jigyoukeikaku/kurashi/gomi/kate/so/index.html,ごみ・リサイクル,https://www.city.minato.tokyo.jp/jigyoukeikaku/kurashi/gomi/kate/index.html,
港区,district_plan,2,す,https://www.city.minato.tokyo.jp/jigyoukeikaku/kurashi/gomi/kate/su/index.html,ごみ・リサイクル,https://www.city.minato.tokyo.jp/jigyoukeikaku/kurashi/gomi/kate/index.html,
港区,district_plan,2,た,https://www.city.minato.tokyo.jp/jigyoukeikaku/kurashi/gomi/kate/ta/index.html,ごみ・リサイクル,https://www.city.minato.tokyo.jp/jigyoukeikaku/kurashi/gomi/kate/index.html,
港区,district_plan,2,て,https://www.city.minato.tokyo.jp/jigyoukeikaku/kurashi/gomi/kate/te/index.html,ごみ・リサイクル,https://www.city.minato.tokyo.jp/jigyoukeikaku/kurashi/gomi/kate/index.html,
港区,district_plan,2,ち,https://www.city.minato.tokyo.jp/jigyoukeikaku/kurashi/gomi/kate/ti/index.html,ごみ・リサイクル,https://www.city.minato.tokyo.jp/jigyoukeikaku/kurashi/gomi/kate/index.html,
港区,district_plan,2,と,https://www.city.minato.tokyo.jp/jigyoukeikaku/kurashi/gomi/kate/to/index.html,ごみ・リサイクル,https://www.city.minato.tokyo.jp/jigyoukeikaku/kurashi/gomi/kate/index.html,
港区,district_plan,2,つ,https://www.city.minato.tokyo.jp/jigyoukeikaku/kurashi/gomi/kate/tu/index.html,ごみ・リサイクル,https://www.city.minato.tokyo.jp/jigyoukeikaku/kurashi/gomi/kate/index.html,
港区,district_plan,2,う,https://www.city.minato.tokyo.jp/jigyoukeikaku/kurashi/gomi/kate/u/index.html,ごみ・リサイクル,https://www.city.minato.tokyo.jp/jigyoukeikaku/kurashi/gomi/kate/index.html,
港区,district_plan,2,わ,https://www.city.minato.tokyo.jp/jigyoukeikaku/kurashi/gomi/kate/wa/index.html,ごみ・リサイクル,https://www.city.minato.tokyo.jp/jigyoukeikaku/kurashi/gomi/kate/index.html,
港区,district_plan,2,や,https://www.city.minato.tokyo.jp/jigyoukeikaku/kurashi/gomi/kate/ya/index.html,ごみ・リサイクル,https://www.city.minato.tokyo.jp/jigyoukeikaku/kurashi/gomi/kate/index.html,
港区,district_plan,2,よ,https://www.city.minato.tokyo.jp/jigyoukeikaku/kurashi/gomi/kate/yo/index.html,ごみ・リサイクル,https://www.city.minato.tokyo.jp/jigyoukeikaku/kurashi/gomi/kate/index.html,
港区,district_plan,2,ゆ,https://www.city.minato.tokyo.jp/jigyoukeikaku/kurashi/gomi/kate/yu/index.html,ごみ・リサイクル,https://www.city.minato.tokyo.jp/jigyoukeikaku/kurashi/gomi/kate/index.html,
港区,district_plan,2,清掃事業情報館,https://www.city.minato.tokyo.jp/jigyoukeikaku/kurashi/gomi/seso/index.html,ごみ・リサイクル,https://www.city.minato.tokyo.jp/jigyoukeikaku/kurashi/gomi/kate/index.html,
港区,district_plan,2,事業者ごみ,https://www.city.minato.tokyo.jp/jigyoukeikaku/kurashi/gomi/zigyousha/index.html,ごみ・リサイクル,https://www.city.minato.tokyo.jp/jigyoukeikaku/kurashi/gomi/kate/index.html,
港区,district_plan,2,港区マンション管理計画認定制度,https://www.city.minato.tokyo.jp/jutakushien/kanrikeikakunintei/ninteiseido.html,環境・まちづくり,https://www.city.minato.tokyo.jp/kankyo-machi/index.html,
港区,district_plan,2,都市計画・まちづくり,https://www.city.minato.tokyo.jp/kankyo-machi/index.html#a108,環境・まちづくり,https://www.city.minato.tokyo.jp/kankyo-machi/index.html,
港区,district_plan,2,都市計画・まちづくり,https://www.city.minato.tokyo.jp/kankyo-machi/toshikekaku/index.html,環境・まちづくり,https://www.city.minato.tokyo.jp/kankyo-machi/index.html,
港区,district_plan,2,地域主体のまちづくり,https://www.city.minato.tokyo.jp/kankyo-machi/toshikekaku/kekaku/01-chiikisyutai-index.html,環境・まちづくり,https://www.city.minato.tokyo.jp/kankyo-machi/index.html,
港区,district_plan,2,まちづくり計画・方針等,https://www.city.minato.tokyo.jp/kankyo-machi/toshikekaku/kekaku/01-keikakuhoushin-index.html,環境・まちづくり,https://www.city.minato.tokyo.jp/kankyo-machi/index.html,
港区,district_plan,2,景観・風致,https://www.city.minato.tokyo.jp/kankyo-machi/toshikekaku/kekaku/01-keikan-index.html,環境・まちづくり,https://www.city.minato.tokyo.jp/kankyo-machi/index.html,
港区,district_plan,2,都市計画,https://www.city.minato.tokyo.jp/kankyo-machi/toshikekaku/kekaku/01-tosikeikaku-index.html,環境・まちづくり,https://www.city.minato.tokyo.jp/kankyo-machi/index.html,
港区,district_plan,2,都市計画Q&A,https://www.city.minato.tokyo.jp/kankyo-machi/toshikekaku/kekaku/01-tosikeikakuqa-index.html,環境・まちづくり,https://www.city.minato.tokyo.jp/kankyo-machi/index.html,
港区,district_plan,2,都市再生・市街地整備,https://www.city.minato.tokyo.jp/kankyo-machi/toshikekaku/kekaku/01-tosisaisei-index.html,環境・まちづくり,https://www.city.minato.tokyo.jp/kankyo-machi/index.html,
港区,district_plan,2,防災街づくり,https://www.city.minato.tokyo.jp/kankyo-machi/toshikekaku/kekaku/index-bousai.html,環境・まちづくり,https://www.city.minato.tokyo.jp/kankyo-machi/index.html,
港区,district_plan,2,都市環境,https://www.city.minato.tokyo.jp/kankyoushidou/kankyo-machi/kankyo/index-toshi.html,環境・まちづくり,https://www.city.minato.tokyo.jp/kankyo-machi/index.html,
港区,district_plan,2,港区の資源とごみ処理の流れ,https://www.city.minato.tokyo.jp/keikaku/documents/shigentogomisyorinonagare.html,ごみ・リサイクル,https://www.city.minato.tokyo.jp/jigyoukeikaku/kurashi/gomi/kate/index.html,
港区,district_plan,3,ページの先頭へ戻る,https://www.city.minato.tokyo.jp/bosai-anzen/bosai/index-keikaku.html#tmp_header,地域防災計画・施策,https://www.city.minato.tokyo.jp/bosai-anzen/bosai/index-keikaku.html,
港区,district_plan,3,本文へスキップします。,https://www.city.minato.tokyo.jp/bosai-anzen/bosai/index-keikaku.html#tmp_honbun,地域防災計画・施策,https://www.city.minato.tokyo.jp/bosai-anzen/bosai/index-keikaku.html,
港区,district_plan,3,港区地域防災計画を修正しました（令和6年3月修正）,https://www.city.minato.tokyo.jp/chiikikeikakutan/chibouh24.html,新着情報一覧,https://www.city.minato.tokyo.jp/bosai-anzen/shinchaku/index.html,
港区,district_plan,3,気象情報メールの配信終了について,https://www.city.minato.tokyo.jp/dobokukeikaku/bosai-anzen/bosai/saigai/kisho.html,防災・危機管理,https://www.city.minato.tokyo.jp/bosai-anzen/bosai/index.html,
港区,district_plan,3,浸水のあとしまつ,https://www.city.minato.tokyo.jp/dobokukeikaku/bosai-anzen/bosai/shinsui/atoshimatsu.html,止水板設置工事等の助成,https://www.city.minato.tokyo.jp/dobokukeikaku/shisuiban/shisuiban.html,
港区,district_plan,3,土のうを提供しています,https://www.city.minato.tokyo.jp/dobokukeikaku/bosai-anzen/bosai/shinsui/dono-02.html,止水板設置工事等の助成,https://www.city.minato.tokyo.jp/dobokukeikaku/shisuiban/shisuiban.html,
港区,district_plan,3,浸水ハザードマップ,https://www.city.minato.tokyo.jp/dobokukeikaku/bosai-anzen/bosai/shinsui/hazard-map/index.html,新着情報一覧,https://www.city.minato.tokyo.jp/bosai-anzen/shinchaku/index.html,
港区,district_plan,3,避難するときは,https://www.city.minato.tokyo.jp/dobokukeikaku/bosai-anzen/bosai/shinsui/hinan.html,止水板設置工事等の助成,https://www.city.minato.tokyo.jp/dobokukeikaku/shisuiban/shisuiban.html,
港区,district_plan,3,豪雨に備えて,https://www.city.minato.tokyo.jp/dobokukeikaku/bosai-anzen/bosai/shinsui/index.html,止水板設置工事等の助成,https://www.city.minato.tokyo.jp/dobokukeikaku/shisuiban/shisuiban.html,
港区,district_plan,3,関係機関の連絡先など,https://www.city.minato.tokyo.jp/dobokukeikaku/bosai-anzen/bosai/shinsui/renrakusaki.html,止水板設置工事等の助成,https://www.city.minato.tokyo.jp/dobokukeikaku/shisuiban/shisuiban.html,
港区,district_plan,3,日ごろから備えましょう,https://www.city.minato.tokyo.jp/dobokukeikaku/bosai-anzen/bosai/shinsui/sonae.html,止水板設置工事等の助成,https://www.city.minato.tokyo.jp/dobokukeikaku/shisuiban/shisuiban.html,
港区,district_plan,3,浸水を防ぐためには,https://www.city.minato.tokyo.jp/dobokukeikaku/bosai-anzen/bosai/shinsui/suigaihusegu.html,止水板設置工事等の助成,https://www.city.minato.tokyo.jp/dobokukeikaku/shisuiban/shisuiban.html,
港区,district_plan,3,水害実績図,https://www.city.minato.tokyo.jp/dobokukeikaku/bosai-anzen/bosai/shinsui/suigaizissekizu.html,止水板設置工事等の助成,https://www.city.minato.tokyo.jp/dobokukeikaku/shisuiban/shisuiban.html,
港区,district_plan,3,強い雨が降り始めたら,https://www.city.minato.tokyo.jp/dobokukeikaku/bosai-anzen/bosai/shinsui/tsuyoiame.html,止水板設置工事等の助成,https://www.city.minato.tokyo.jp/dobokukeikaku/shisuiban/shisuiban.html,
港区,district_plan,3,ページの先頭へ戻る,https://www.city.minato.tokyo.jp/dobokukeikaku/shisuiban/shisuiban.html#tmp_header,止水板設置工事等の助成,https://www.city.minato.tokyo.jp/dobokukeikaku/shisuiban/shisuiban.html,
港区,district_plan,3,本文へスキップします。,https://www.city.minato.tokyo.jp/dobokukeikaku/shisuiban/shisuiban.html#tmp_honbun,止水板設置工事等の助成,https://www.city.minato.tokyo.jp/dobokukeikaku/shisuiban/shisuiban.html,
港区,hazard,1,防災・安全,https://www.city.minato.tokyo.jp/bosai-anzen/index.html,公式トップ,https://www.city.minato.tokyo.jp/,
港区,hazard,2,緊急窓口の案内,https://www.city.minato.tokyo.jp/bosai-anzen/bosai/index-annai.html,防災・安全,https://www.city.minato.tokyo.jp/bosai-anzen/index.html,
港区,hazard,2,災害の被害に遭われた方へ,https://www.city.minato.tokyo.jp/bosai-anzen/bosai/index-higai.html,防災・安全,https://www.city.minato.tokyo.jp/bosai-anzen/index.html,
港区,hazard,2,地域防災計画・施策,https://www.city.minato.tokyo.jp/bosai-anzen/bosai/index-keikaku.html,防災・安全,https://www.city.minato.tokyo.jp/bosai-anzen/index.html,
港区,hazard,2,災害に備えて,https://www.city.minato.tokyo.jp/bosai-anzen/bosai/index-sonae.html,防災・安全,https://www.city.minato.tokyo.jp/bosai-anzen/index.html,
港区,hazard,2,防災・危機管理,https://www.city.minato.tokyo.jp/bosai-anzen/bosai/index.html,防災・安全,https://www.city.minato.tokyo.jp/bosai-anzen/index.html,
港区,hazard,2,災害時情報提供,https://www.city.minato.tokyo.jp/bosai-anzen/bosai/saigai/index.html,防災・安全,https://www.city.minato.tokyo.jp/bosai-anzen/index.html,
港区,hazard,2,「港区防災ポータルサイト」を公開しています,https://www.city.minato.tokyo.jp/bosai-anzen/index.html#a147574,防災・安全,https://www.city.minato.tokyo.jp/bosai-anzen/index.html,
港区,hazard,2,防災・危機管理,https://www.city.minato.tokyo.jp/bosai-anzen/index.html#a85,防災・安全,https://www.city.minato.tokyo.jp/bosai-anzen/index.html,
港区,hazard,2,生活安全,https://www.city.minato.tokyo.jp/bosai-anzen/index.html#a87,防災・安全,https://www.city.minato.tokyo.jp/bosai-anzen/index.html,
港区,hazard,2,ページの先頭へ戻る,https://www.city.minato.tokyo.jp/bosai-anzen/index.html#tmp_header,防災・安全,https://www.city.minato.tokyo.jp/bosai-anzen/index.html,
港区,hazard,2,本文へスキップします。,https://www.city.minato.tokyo.jp/bosai-anzen/index.html#tmp_honbun,防災・安全,https://www.city.minato.tokyo.jp/bosai-anzen/index.html,
港区,hazard,2,生活安全,https://www.city.minato.tokyo.jp/bosai-anzen/sekatsuanzen/index.html,防災・安全,https://www.city.minato.tokyo.jp/bosai-anzen/index.html,
港区,hazard,2,新着情報一覧,https://www.city.minato.tokyo.jp/bosai-anzen/shinchaku/index.html,防災・安全,https://www.city.minato.tokyo.jp/bosai-anzen/index.html,
港区,hazard,2,備蓄倉庫・備蓄物資について,https://www.city.minato.tokyo.jp/bousai/bosai-anzen/bosai/daishinsai/bichiku.html,防災・安全,https://www.city.minato.tokyo.jp/bosai-anzen/index.html,
港区,hazard,2,「港区防災ポータルサイト」を公開しています,https://www.city.minato.tokyo.jp/bousai/bosai-anzen/bosai/portalsite/portalsite.html,防災・安全,https://www.city.minato.tokyo.jp/bosai-anzen/index.html,
港区,hazard,2,エレベーター用防災チェアを配付します,https://www.city.minato.tokyo.jp/chiikibousai/erebe-ta-.html,防災・安全,https://www.city.minato.tokyo.jp/bosai-anzen/index.html,
港区,hazard,2,各種防災マップ,https://www.city.minato.tokyo.jp/chiikibousai/map.html,防災・安全,https://www.city.minato.tokyo.jp/bosai-anzen/index.html,
港区,hazard,2,総合水防訓練,https://www.city.minato.tokyo.jp/dobokukeikaku/bosai-anzen/bosai/shinsui/suiboukunren.html,防災・安全,https://www.city.minato.tokyo.jp/bosai-anzen/index.html,
港区,hazard,2,防災街づくり,https://www.city.minato.tokyo.jp/kankyo-machi/toshikekaku/kekaku/index-bousai.html,環境・まちづくり,https://www.city.minato.tokyo.jp/kankyo-machi/index.html,
港区,hazard,2,国民保護,https://www.city.minato.tokyo.jp/seikatsuanzen/bosai-anzen/hogo.html,防災・安全,https://www.city.minato.tokyo.jp/bosai-anzen/index.html,
港区,hazard,2,被害にあわないために,https://www.city.minato.tokyo.jp/seikatsuanzen/bosai-anzen/sekatsuanzen/oshirase/index-higai.html,防災・安全,https://www.city.minato.tokyo.jp/bosai-anzen/index.html,
港区,hazard,2,生活安全関連条例,https://www.city.minato.tokyo.jp/seikatsuanzen/bosai-anzen/sekatsuanzen/oshirase/index-jyourei.html,防災・安全,https://www.city.minato.tokyo.jp/bosai-anzen/index.html,
港区,hazard,2,施策・計画,https://www.city.minato.tokyo.jp/seikatsuanzen/bosai-anzen/sekatsuanzen/oshirase/index-sisaku.html,防災・安全,https://www.city.minato.tokyo.jp/bosai-anzen/index.html,
港区,hazard,2,相談窓口,https://www.city.minato.tokyo.jp/seikatsuanzen/bosai-anzen/sekatsuanzen/oshirase/index-soudan.html,防災・安全,https://www.city.minato.tokyo.jp/bosai-anzen/index.html,
港区,hazard,3,調査・報告,https://www.city.minato.tokyo.jp/bosai-anzen/bosai/chosa/index.html,防災・危機管理,https://www.city.minato.tokyo.jp/bosai-anzen/bosai/index.html,
港区,hazard,3,大震災に備えて,https://www.city.minato.tokyo.jp/bosai-anzen/bosai/daishinsai/index.html,エレベーター用防災チェアを配付します,https://www.city.minato.tokyo.jp/chiikibousai/erebe-ta-.html,
港区,hazard,3,ページの先頭へ戻る,https://www.city.minato.tokyo.jp/bosai-anzen/bosai/index-annai.html#tmp_header,緊急窓口の案内,https://www.city.minato.tokyo.jp/bosai-anzen/bosai/index-annai.html,
港区,hazard,3,本文へスキップします。,https://www.city.minato.tokyo.jp/bosai-anzen/bosai/index-annai.html#tmp_honbun,緊急窓口の案内,https://www.city.minato.tokyo.jp/bosai-anzen/bosai/index-annai.html,
港区,hazard,3,ページの先頭へ戻る,https://www.city.minato.tokyo.jp/bosai-anzen/bosai/index-higai.html#tmp_header,災害の被害に遭われた方へ,https://www.city.minato.tokyo.jp/bosai-anzen/bosai/index-higai.html,
港区,hazard,3,本文へスキップします。,https://www.city.minato.tokyo.jp/bosai-anzen/bosai/index-higai.html#tmp_honbun,災害の被害に遭われた方へ,https://www.city.minato.tokyo.jp/bosai-anzen/bosai/index-higai.html,
港区,hazard,3,ページの先頭へ戻る,https://www.city.minato.tokyo.jp/bosai-anzen/bosai/index-keikaku.html#tmp_header,地域防災計画・施策,https://www.city.minato.tokyo.jp/bosai-anzen/bosai/index-keikaku.html,
港区,hazard,3,本文へスキップします。,https://www.city.minato.tokyo.jp/bosai-anzen/bosai/index-keikaku.html#tmp_honbun,地域防災計画・施策,https://www.city.minato.tokyo.jp/bosai-anzen/bosai/index-keikaku.html,
港区,hazard,3,令和6年能登半島地震関連のお知らせ,https://www.city.minato.tokyo.jp/bosai-anzen/bosai/index.html#a146405,防災・危機管理,https://www.city.minato.tokyo.jp/bosai-anzen/bosai/index.html,
港区,hazard,3,災害時情報提供,https://www.city.minato.tokyo.jp/bosai-anzen/bosai/index.html#a4275,防災・危機管理,https://www.city.minato.tokyo.jp/bosai-anzen/bosai/index.html,
港区,hazard,3,各種防災マップ,https://www.city.minato.tokyo.jp/bosai-anzen/bosai/index.html#a56581,防災・危機管理,https://www.city.minato.tokyo.jp/bosai-anzen/bosai/index.html,
港区,hazard,3,備蓄倉庫・備蓄物資について,https://www.city.minato.tokyo.jp/bosai-anzen/bosai/index.html#a5835,防災・危機管理,https://www.city.minato.tokyo.jp/bosai-anzen/bosai/index.html,
港区,hazard,3,災害に備えて,https://www.city.minato.tokyo.jp/bosai-anzen/bosai/index.html#a80262,防災・危機管理,https://www.city.minato.tokyo.jp/bosai-anzen/bosai/index.html,
港区,hazard,3,災害の被害に遭われた方へ,https://www.city.minato.tokyo.jp/bosai-anzen/bosai/index.html#a80272,防災・危機管理,https://www.city.minato.tokyo.jp/bosai-anzen/bosai/index.html,
港区,hazard,3,緊急窓口の案内,https://www.city.minato.tokyo.jp/bosai-anzen/bosai/index.html#a80274,防災・危機管理,https://www.city.minato.tokyo.jp/bosai-anzen/bosai/index.html,
港区,hazard,3,地域防災計画・施策,https://www.city.minato.tokyo.jp/bosai-anzen/bosai/index.html#a80279,防災・危機管理,https://www.city.minato.tokyo.jp/bosai-anzen/bosai/index.html,
港区,hazard,3,国民保護,https://www.city.minato.tokyo.jp/bosai-anzen/bosai/index.html#a8461,防災・危機管理,https://www.city.minato.tokyo.jp/bosai-anzen/bosai/index.html,
港区,hazard,3,区民避難所・福祉避難所,https://www.city.minato.tokyo.jp/bosai-anzen/bosai/index.html#a92640,防災・危機管理,https://www.city.minato.tokyo.jp/bosai-anzen/bosai/index.html,
港区,hazard,3,被災地支援,https://www.city.minato.tokyo.jp/bosai-anzen/bosai/index.html#a98103,防災・危機管理,https://www.city.minato.tokyo.jp/bosai-anzen/bosai/index.html,
港区,hazard,3,ページの先頭へ戻る,https://www.city.minato.tokyo.jp/bosai-anzen/bosai/index.html#tmp_header,防災・危機管理,https://www.city.minato.tokyo.jp/bosai-anzen/bosai/index.html,
港区,hazard,3,本文へスキップします。,https://www.city.minato.tokyo.jp/bosai-anzen/bosai/index.html#tmp_honbun,防災・危機管理,https://www.city.minato.tokyo.jp/bosai-anzen/bosai/index.html,
港区,hazard,3,ページの先頭へ戻る,https://www.city.minato.tokyo.jp/bosai-anzen/bosai/saigai/index.html#tmp_header,災害時情報提供,https://www.city.minato.tokyo.jp/bosai-anzen/bosai/saigai/index.html,
港区,hazard,3,本文へスキップします。,https://www.city.minato.tokyo.jp/bosai-anzen/bosai/saigai/index.html#tmp_honbun,災害時情報提供,https://www.city.minato.tokyo.jp/bosai-anzen/bosai/saigai/index.html,
港区,hazard,3,ページの先頭へ戻る,https://www.city.minato.tokyo.jp/bosai-anzen/shinchaku/index.html#tmp_header,新着情報一覧,https://www.city.minato.tokyo.jp/bosai-anzen/shinchaku/index.html,
港区,hazard,3,本文へスキップします。,https://www.city.minato.tokyo.jp/bosai-anzen/shinchaku/index.html#tmp_honbun,新着情報一覧,https://www.city.minato.tokyo.jp/bosai-anzen/shinchaku/index.html,
港区,hazard,3,「港区防災アプリ」を配信しています,https://www.city.minato.tokyo.jp/bousai/bosai-anzen/bosai/bousaiapplication.html,防災・危機管理,https://www.city.minato.tokyo.jp/bosai-anzen/bosai/index.html,
港区,hazard,3,各地区防災マップ,https://www.city.minato.tokyo.jp/bousai/bosai-anzen/bosai/daishinsai/b-map/index.html,新着情報一覧,https://www.city.minato.tokyo.jp/bosai-anzen/shinchaku/index.html,
港区,hazard,3,港区防災地図,https://www.city.minato.tokyo.jp/bousai/bosai-anzen/bosai/daishinsai/b-map/r030301.html,防災・危機管理,https://www.city.minato.tokyo.jp/bosai-anzen/bosai/index.html,
港区,hazard,3,地域の防災訓練に参加しましょう,https://www.city.minato.tokyo.jp/bousai/bosai-anzen/bosai/daishinsai/kunren.html,新着情報一覧,https://www.city.minato.tokyo.jp/bosai-anzen/shinchaku/index.html,
港区,hazard,3,防災まめ知識,https://www.city.minato.tokyo.jp/bousai/bosai-anzen/bosai/daishinsai/mamechishiki.html,新着情報一覧,https://www.city.minato.tokyo.jp/bosai-anzen/shinchaku/index.html,
港区,hazard,3,防災行政無線を整備しています,https://www.city.minato.tokyo.jp/bousai/bosai-anzen/bosai/daishinsai/musen.html,防災・危機管理,https://www.city.minato.tokyo.jp/bosai-anzen/bosai/index.html,
港区,hazard,3,大震災発生時の対応,https://www.city.minato.tokyo.jp/bousai/bosai-anzen/bosai/daishinsai/taio.html,新着情報一覧,https://www.city.minato.tokyo.jp/bosai-anzen/shinchaku/index.html,
港区,hazard,3,「港区防災対策基本条例」を制定しました,https://www.city.minato.tokyo.jp/bousai/bosai-anzen/bosai/kihonjore.html,新着情報一覧,https://www.city.minato.tokyo.jp/bosai-anzen/shinchaku/index.html,
港区,hazard,3,港区防災ラジオを配付しています,https://www.city.minato.tokyo.jp/bousai/bosai-anzen/bosai/radio280.html,新着情報一覧,https://www.city.minato.tokyo.jp/bosai-anzen/shinchaku/index.html,
港区,hazard,3,古川の水位情報が流れるラジオの申請受付を開始しました,https://www.city.minato.tokyo.jp/bousai/bosai-anzen/bosai/saigai/documents/hurukawarajio.html,防災・危機管理,https://www.city.minato.tokyo.jp/bosai-anzen/bosai/index.html,
港区,hazard,3,防災行政無線放送による熱中症等への注意喚起,https://www.city.minato.tokyo.jp/bousai/bosai-anzen/bosai/saigai/documents/musennecchusho.html,防災・危機管理,https://www.city.minato.tokyo.jp/bosai-anzen/bosai/index.html,
港区,hazard,3,「南海トラフ巨大地震注意」について,https://www.city.minato.tokyo.jp/bousai/bosai-anzen/bosai/saigai/documents/nankai.html,エレベーター用防災チェアを配付します,https://www.city.minato.tokyo.jp/chiikibousai/erebe-ta-.html,
港区,hazard,3,土砂災害に備えて,https://www.city.minato.tokyo.jp/bousai/bosai-anzen/bosai/saigai/dosha.html,エレベーター用防災チェアを配付します,https://www.city.minato.tokyo.jp/chiikibousai/erebe-ta-.html,
港区,hazard,3,港区防災行政無線音声,https://www.city.minato.tokyo.jp/bousai/bosai-anzen/bosai/saigai/musen.html,防災・危機管理,https://www.city.minato.tokyo.jp/bosai-anzen/bosai/index.html,
港区,hazard,3,施策・計画,https://www.city.minato.tokyo.jp/bousai/bosai-anzen/bosai/shisaku/index.html,防災・危機管理,https://www.city.minato.tokyo.jp/bosai-anzen/bosai/index.html,
港区,hazard,3,地下街等の浸水避難について,https://www.city.minato.tokyo.jp/bousai/chikahenoshinsui.html,エレベーター用防災チェアを配付します,https://www.city.minato.tokyo.jp/chiikibousai/erebe-ta-.html,
港区,hazard,3,ハザードマップ,https://www.city.minato.tokyo.jp/bousai/hazard_map/hazard_map.html,防災・危機管理,https://www.city.minato.tokyo.jp/bosai-anzen/bosai/index.html,
港区,hazard,3,家庭でできる防災対策,https://www.city.minato.tokyo.jp/bousai/kateibousai.html,エレベーター用防災チェアを配付します,https://www.city.minato.tokyo.jp/chiikibousai/erebe-ta-.html,
港区,hazard,3,防災スピーカーの一時停止について（白金３丁目）,https://www.city.minato.tokyo.jp/bousai/musen/musen.html,新着情報一覧,https://www.city.minato.tokyo.jp/bosai-anzen/shinchaku/index.html,
港区,hazard,3,区民避難所（地域防災拠点）,https://www.city.minato.tokyo.jp/bousai/saigaitaisaku/kuminhinanjo.html,防災・危機管理,https://www.city.minato.tokyo.jp/bosai-anzen/bosai/index.html,
港区,hazard,3,職場でできる防災対策,https://www.city.minato.tokyo.jp/bousai/syokubabousai.html,エレベーター用防災チェアを配付します,https://www.city.minato.tokyo.jp/chiikibousai/erebe-ta-.html,
港区,hazard,3,皆さんのマンションの防災力向上を支援します！,https://www.city.minato.tokyo.jp/chiikibousai/bousaikarute.html,エレベーター用防災チェアを配付します,https://www.city.minato.tokyo.jp/chiikibousai/erebe-ta-.html,
港区,hazard,3,防災講座・研修会報告,https://www.city.minato.tokyo.jp/chiikibousai/kouzahoukoku.html,防災・危機管理,https://www.city.minato.tokyo.jp/bosai-anzen/bosai/index.html,
港区,hazard,3,耳で聴くハザードマップ,https://www.city.minato.tokyo.jp/chiikibousai/map2.html,新着情報一覧,https://www.city.minato.tokyo.jp/bosai-anzen/shinchaku/index.html,
港区,hazard,3,港区地域防災計画を修正しました（令和6年3月修正）,https://www.city.minato.tokyo.jp/chiikikeikakutan/chibouh24.html,新着情報一覧,https://www.city.minato.tokyo.jp/bosai-anzen/shinchaku/index.html,
港区,hazard,3,港区災害見舞金,https://www.city.minato.tokyo.jp/chiikishinkou/bosai-anzen/bosai/mimaikin.html,新着情報一覧,https://www.city.minato.tokyo.jp/bosai-anzen/shinchaku/index.html,
港区,hazard,3,気象情報メールの配信終了について,https://www.city.minato.tokyo.jp/dobokukeikaku/bosai-anzen/bosai/saigai/kisho.html,防災・危機管理,https://www.city.minato.tokyo.jp/bosai-anzen/bosai/index.html,
港区,hazard,3,浸水のあとしまつ,https://www.city.minato.tokyo.jp/dobokukeikaku/bosai-anzen/bosai/shinsui/atoshimatsu.html,止水板設置工事等の助成,https://www.city.minato.tokyo.jp/dobokukeikaku/shisuiban/shisuiban.html,
港区,hazard,3,土のうを提供しています,https://www.city.minato.tokyo.jp/dobokukeikaku/bosai-anzen/bosai/shinsui/dono-02.html,止水板設置工事等の助成,https://www.city.minato.tokyo.jp/dobokukeikaku/shisuiban/shisuiban.html,
港区,hazard,3,浸水ハザードマップ,https://www.city.minato.tokyo.jp/dobokukeikaku/bosai-anzen/bosai/shinsui/hazard-map/index.html,新着情報一覧,https://www.city.minato.tokyo.jp/bosai-anzen/shinchaku/index.html,
港区,hazard,3,避難するときは,https://www.city.minato.tokyo.jp/dobokukeikaku/bosai-anzen/bosai/shinsui/hinan.html,止水板設置工事等の助成,https://www.city.minato.tokyo.jp/dobokukeikaku/shisuiban/shisuiban.html,
港区,hazard,3,豪雨に備えて,https://www.city.minato.tokyo.jp/dobokukeikaku/bosai-anzen/bosai/shinsui/index.html,止水板設置工事等の助成,https://www.city.minato.tokyo.jp/dobokukeikaku/shisuiban/shisuiban.html,
港区,hazard,3,関係機関の連絡先など,https://www.city.minato.tokyo.jp/dobokukeikaku/bosai-anzen/bosai/shinsui/renrakusaki.html,止水板設置工事等の助成,https://www.city.minato.tokyo.jp/dobokukeikaku/shisuiban/shisuiban.html,
港区,hazard,3,日ごろから備えましょう,https://www.city.minato.tokyo.jp/dobokukeikaku/bosai-anzen/bosai/shinsui/sonae.html,止水板設置工事等の助成,https://www.city.minato.tokyo.jp/dobokukeikaku/shisuiban/shisuiban.html,
港区,hazard,3,浸水を防ぐためには,https://www.city.minato.tokyo.jp/dobokukeikaku/bosai-anzen/bosai/shinsui/suigaihusegu.html,止水板設置工事等の助成,https://www.city.minato.tokyo.jp/dobokukeikaku/shisuiban/shisuiban.html,
港区,hazard,3,水害実績図,https://www.city.minato.tokyo.jp/dobokukeikaku/bosai-anzen/bosai/shinsui/suigaizissekizu.html,止水板設置工事等の助成,https://www.city.minato.tokyo.jp/dobokukeikaku/shisuiban/shisuiban.html,
港区,hazard,3,強い雨が降り始めたら,https://www.city.minato.tokyo.jp/dobokukeikaku/bosai-anzen/bosai/shinsui/tsuyoiame.html,止水板設置工事等の助成,https://www.city.minato.tokyo.jp/dobokukeikaku/shisuiban/shisuiban.html,
港区,hazard,3,消防・救急に関する案内窓口,https://www.city.minato.tokyo.jp/seikatsuanzen/bosai-anzen/bosai/madoguchi.html,防災・危機管理,https://www.city.minato.tokyo.jp/bosai-anzen/bosai/index.html,
港区,hazard,3,女性のための犯罪被害防止講習会,https://www.city.minato.tokyo.jp/seikatsuanzen/bosai-anzen/sekatsuanzen/202510zyoseinotamenobouhan.html,新着情報一覧,https://www.city.minato.tokyo.jp/bosai-anzen/shinchaku/index.html,
港区,hazard,3,港区生活安全行動計画,https://www.city.minato.tokyo.jp/seikatsuanzen/bosai-anzen/sekatsuanzen/kekaku/sekatsu.html,新着情報一覧,https://www.city.minato.tokyo.jp/bosai-anzen/shinchaku/index.html,
港区,hazard,3,特殊詐欺被害防止講習会を開催しました！,https://www.city.minato.tokyo.jp/seikatsuanzen/bosai-anzen/sekatsuanzen/oshirase/koushukai2025.html,新着情報一覧,https://www.city.minato.tokyo.jp/bosai-anzen/shinchaku/index.html,
港区,hazard,3,講話と演劇から学ぶ！特殊詐欺被害防止講習会,https://www.city.minato.tokyo.jp/seikatsuanzen/bosai-anzen/sekatsuanzen/oshirase/koushukai20260305.html,新着情報一覧,https://www.city.minato.tokyo.jp/bosai-anzen/shinchaku/index.html,
港区,hazard,3,港区再犯防止推進計画,https://www.city.minato.tokyo.jp/seikatsuanzen/bosai-anzen/sekatsuanzen/saihanbousi.html,新着情報一覧,https://www.city.minato.tokyo.jp/bosai-anzen/shinchaku/index.html,
港区,hazard,3,女性のための犯罪被害防止講習会を実施しました！,https://www.city.minato.tokyo.jp/seikatsuanzen/bosai-anzen/sekatsuanzen/zyoseinotamenobouhan.html,新着情報一覧,https://www.city.minato.tokyo.jp/bosai-anzen/shinchaku/index.html,
港区,road,2,区が管理する道路橋の紹介,https://www.city.minato.tokyo.jp/dourokyouryou/kankyo-machi/doro/kyouryou/hashi-syoukai.html,環境・まちづくり,https://www.city.minato.tokyo.jp/kankyo-machi/index.html,
港区,road,2,橋りょう,https://www.city.minato.tokyo.jp/dourokyouryou/kankyo-machi/doro/kyouryou/index.html,環境・まちづくり,https://www.city.minato.tokyo.jp/kankyo-machi/index.html,
港区,road,2,道路・橋りょう・河川,https://www.city.minato.tokyo.jp/kankyo-machi/index.html#a105,環境・まちづくり,https://www.city.minato.tokyo.jp/kankyo-machi/index.html,
港区,road,2,道路,https://www.city.minato.tokyo.jp/shibadoboku/kankyo-machi/doro/doro-index.html,環境・まちづくり,https://www.city.minato.tokyo.jp/kankyo-machi/index.html,
港区,road,2,道路・橋りょう・河川,https://www.city.minato.tokyo.jp/shibadoboku/kankyo-machi/doro/index.html,環境・まちづくり,https://www.city.minato.tokyo.jp/kankyo-machi/index.html,
目黒区,building_guidance,1,めぐろ地図情報サービス,https://www.city.meguro.tokyo.jp/kenchiku/shigoto/machidukuri/megurotizujouhou.html,公式トップ,https://www.city.meguro.tokyo.jp/,
目黒区,building_guidance,2,建築課,https://www.city.meguro.tokyo.jp/kenchiku/kusei/gaiyou/kenchiku.html,めぐろ地図情報サービス,https://www.city.meguro.tokyo.jp/kenchiku/shigoto/machidukuri/megurotizujouhou.html,
目黒区,building_guidance,2,ページ先頭に戻る,https://www.city.meguro.tokyo.jp/kenchiku/shigoto/machidukuri/megurotizujouhou.html#tmp_header,めぐろ地図情報サービス,https://www.city.meguro.tokyo.jp/kenchiku/shigoto/machidukuri/megurotizujouhou.html,
目黒区,building_guidance,2,本文へスキップします。,https://www.city.meguro.tokyo.jp/kenchiku/shigoto/machidukuri/megurotizujouhou.html#tmp_honbun,めぐろ地図情報サービス,https://www.city.meguro.tokyo.jp/kenchiku/shigoto/machidukuri/megurotizujouhou.html,
目黒区,building_guidance,2,建築・建設,https://www.city.meguro.tokyo.jp/shigoto/index.html#a7969,しごと・まちづくり,https://www.city.meguro.tokyo.jp/shigoto/index.html,
目黒区,building_guidance,2,建築・建設,https://www.city.meguro.tokyo.jp/shigoto/kenchiku/index.html,しごと・まちづくり,https://www.city.meguro.tokyo.jp/shigoto/index.html,
目黒区,building_guidance,2,建築物に関する情報の調べ方,https://www.city.meguro.tokyo.jp/shigoto/kenchiku/jouhou/index.html,しごと・まちづくり,https://www.city.meguro.tokyo.jp/shigoto/index.html,
目黒区,building_guidance,2,建築物の災害対策,https://www.city.meguro.tokyo.jp/shigoto/kenchiku/saigaitaisaku/index.html,しごと・まちづくり,https://www.city.meguro.tokyo.jp/shigoto/index.html,
目黒区,building_guidance,2,建築のてびき,https://www.city.meguro.tokyo.jp/shigoto/kenchiku/tebiki/index.html,しごと・まちづくり,https://www.city.meguro.tokyo.jp/shigoto/index.html,
目黒区,building_guidance,2,地区計画と建築協定,https://www.city.meguro.tokyo.jp/shigoto/machidukuri/kenchikukyoutei/index.html,しごと・まちづくり,https://www.city.meguro.tokyo.jp/shigoto/index.html,
目黒区,building_guidance,2,雨水流出抑制施設設置の指導,https://www.city.meguro.tokyo.jp/toshiseibi/shigoto/machidukuri/chisuishido.html,しごと・まちづくり,https://www.city.meguro.tokyo.jp/shigoto/index.html,
目黒区,building_guidance,3,被災建築物応急危険度判定員,https://www.city.meguro.tokyo.jp/bousaianzen/bousai/bousaitaisaku/saigaitaisaku/hanteiin/index.html,防災士資格取得費用の助成,https://www.city.meguro.tokyo.jp/bousai/bousaianzen/bousai/bosaisi.html,
目黒区,district_plan,1,しごと・まちづくり,https://www.city.meguro.tokyo.jp/shigoto/index.html,公式トップ,https://www.city.meguro.tokyo.jp/,
目黒区,district_plan,1,＜事業範囲を変更しました＞新たな目黒区民センター等整備・運営事業（めぐろかがやきプロジェクト）,https://www.city.meguro.tokyo.jp/shisankeiei/kusei/keikaku/megurokumincenter_kouboshiryou.html,公式トップ,https://www.city.meguro.tokyo.jp/,
目黒区,district_plan,2,街並み景観重点地区,https://www.city.meguro.tokyo.jp/chikuseibi/shigoto/keikan/keikan.html,しごと・まちづくり,https://www.city.meguro.tokyo.jp/shigoto/index.html,
目黒区,district_plan,2,（資料48）令和5年度目黒区民センター児童館事業計画（PDF：113KB）,https://www.city.meguro.tokyo.jp/documents/15681/fuzokushiryo7-4_48_r5kumincenterjidokan-jigyokeikaku.pdf,＜事業範囲を変更しました＞新たな目黒区民センター等整備・運営事業（めぐろかがやきプロジェクト）,https://www.city.meguro.tokyo.jp/shisankeiei/kusei/keikaku/megurokumincenter_kouboshiryou.html,
目黒区,district_plan,2,行政情報,https://www.city.meguro.tokyo.jp/kusei/keikaku/gyousei/index.html,＜事業範囲を変更しました＞新たな目黒区民センター等整備・運営事業（めぐろかがやきプロジェクト）,https://www.city.meguro.tokyo.jp/shisankeiei/kusei/keikaku/megurokumincenter_kouboshiryou.html,
目黒区,district_plan,2,区有施設見直しの検討状況,https://www.city.meguro.tokyo.jp/kusei/keikaku/gyousei/kentoujoukyou/index.html,＜事業範囲を変更しました＞新たな目黒区民センター等整備・運営事業（めぐろかがやきプロジェクト）,https://www.city.meguro.tokyo.jp/shisankeiei/kusei/keikaku/megurokumincenter_kouboshiryou.html,
目黒区,district_plan,2,新たな目黒区民センター等整備・運営事業（めぐろかがやきプロジェクト）,https://www.city.meguro.tokyo.jp/kusei/keikaku/gyousei/kentoujoukyou/kumincenter/index.html,＜事業範囲を変更しました＞新たな目黒区民センター等整備・運営事業（めぐろかがやきプロジェクト）,https://www.city.meguro.tokyo.jp/shisankeiei/kusei/keikaku/megurokumincenter_kouboshiryou.html,
目黒区,district_plan,2,「新たな目黒区民センターの基本構想」策定に向けた基本的な考え方,https://www.city.meguro.tokyo.jp/kusei/keikaku/gyousei/kentoujoukyou/kumincenter/kangaekata/index.html,＜事業範囲を変更しました＞新たな目黒区民センター等整備・運営事業（めぐろかがやきプロジェクト）,https://www.city.meguro.tokyo.jp/shisankeiei/kusei/keikaku/megurokumincenter_kouboshiryou.html,
目黒区,district_plan,2,新たな目黒区民センターの基本計画,https://www.city.meguro.tokyo.jp/kusei/keikaku/gyousei/kentoujoukyou/kumincenter/kihonkeikaku/index.html,＜事業範囲を変更しました＞新たな目黒区民センター等整備・運営事業（めぐろかがやきプロジェクト）,https://www.city.meguro.tokyo.jp/shisankeiei/kusei/keikaku/megurokumincenter_kouboshiryou.html,
目黒区,district_plan,2,新たな目黒区民センターの基本構想,https://www.city.meguro.tokyo.jp/kusei/keikaku/gyousei/kentoujoukyou/kumincenter/kihonkousou/index.html,＜事業範囲を変更しました＞新たな目黒区民センター等整備・運営事業（めぐろかがやきプロジェクト）,https://www.city.meguro.tokyo.jp/shisankeiei/kusei/keikaku/megurokumincenter_kouboshiryou.html,
目黒区,district_plan,2,新たな目黒区民センター整備・運営事業実施方針・要求水準書（案）等,https://www.city.meguro.tokyo.jp/kusei/keikaku/gyousei/kentoujoukyou/kumincenter/yokyusuijyun/index.html,＜事業範囲を変更しました＞新たな目黒区民センター等整備・運営事業（めぐろかがやきプロジェクト）,https://www.city.meguro.tokyo.jp/shisankeiei/kusei/keikaku/megurokumincenter_kouboshiryou.html,
目黒区,district_plan,2,計画・政策,https://www.city.meguro.tokyo.jp/kusei/keikaku/index.html,＜事業範囲を変更しました＞新たな目黒区民センター等整備・運営事業（めぐろかがやきプロジェクト）,https://www.city.meguro.tokyo.jp/shisankeiei/kusei/keikaku/megurokumincenter_kouboshiryou.html,
目黒区,district_plan,2,都市計画道路,https://www.city.meguro.tokyo.jp/shigoto/douro/keikakudouro/index.html,しごと・まちづくり,https://www.city.meguro.tokyo.jp/shigoto/index.html,
目黒区,district_plan,2,景観,https://www.city.meguro.tokyo.jp/shigoto/index.html#a7968,しごと・まちづくり,https://www.city.meguro.tokyo.jp/shigoto/index.html,
目黒区,district_plan,2,まちづくり,https://www.city.meguro.tokyo.jp/shigoto/index.html#a7970,しごと・まちづくり,https://www.city.meguro.tokyo.jp/shigoto/index.html,
目黒区,district_plan,2,景観,https://www.city.meguro.tokyo.jp/shigoto/keikan/index.html,しごと・まちづくり,https://www.city.meguro.tokyo.jp/shigoto/index.html,
目黒区,district_plan,2,各地区のまちづくり,https://www.city.meguro.tokyo.jp/shigoto/machidukuri/chikuseibi/index.html,しごと・まちづくり,https://www.city.meguro.tokyo.jp/shigoto/index.html,
目黒区,district_plan,2,まちづくり,https://www.city.meguro.tokyo.jp/shigoto/machidukuri/index.html,しごと・まちづくり,https://www.city.meguro.tokyo.jp/shigoto/index.html,
目黒区,district_plan,2,地区計画と建築協定,https://www.city.meguro.tokyo.jp/shigoto/machidukuri/kenchikukyoutei/index.html,しごと・まちづくり,https://www.city.meguro.tokyo.jp/shigoto/index.html,
目黒区,district_plan,2,「目黒区民センター見直しに係る基本的な考え方」の策定に向けた検討素材,https://www.city.meguro.tokyo.jp/shisankeiei/kusei/keikaku/megurokumincenter-kenntousozai.html,＜事業範囲を変更しました＞新たな目黒区民センター等整備・運営事業（めぐろかがやきプロジェクト）,https://www.city.meguro.tokyo.jp/shisankeiei/kusei/keikaku/megurokumincenter_kouboshiryou.html,
目黒区,district_plan,2,新たな目黒区民センターの基本計画,https://www.city.meguro.tokyo.jp/shisankeiei/kusei/keikaku/megurokumincenter-kihonkeikaku.html,＜事業範囲を変更しました＞新たな目黒区民センター等整備・運営事業（めぐろかがやきプロジェクト）,https://www.city.meguro.tokyo.jp/shisankeiei/kusei/keikaku/megurokumincenter_kouboshiryou.html,
目黒区,district_plan,2,新たな目黒区民センターの基本構想,https://www.city.meguro.tokyo.jp/shisankeiei/kusei/keikaku/megurokumincenter-kousou.html,＜事業範囲を変更しました＞新たな目黒区民センター等整備・運営事業（めぐろかがやきプロジェクト）,https://www.city.meguro.tokyo.jp/shisankeiei/kusei/keikaku/megurokumincenter_kouboshiryou.html,
目黒区,district_plan,2,「守秘義務対象開示資料の交付」,https://www.city.meguro.tokyo.jp/shisankeiei/kusei/keikaku/megurokumincenter_kouboshiryou.html#syuhigimu,＜事業範囲を変更しました＞新たな目黒区民センター等整備・運営事業（めぐろかがやきプロジェクト）,https://www.city.meguro.tokyo.jp/shisankeiei/kusei/keikaku/megurokumincenter_kouboshiryou.html,
目黒区,district_plan,2,ページ先頭に戻る,https://www.city.meguro.tokyo.jp/shisankeiei/kusei/keikaku/megurokumincenter_kouboshiryou.html#tmp_header,＜事業範囲を変更しました＞新たな目黒区民センター等整備・運営事業（めぐろかがやきプロジェクト）,https://www.city.meguro.tokyo.jp/shisankeiei/kusei/keikaku/megurokumincenter_kouboshiryou.html,
目黒区,district_plan,2,本文へスキップします。,https://www.city.meguro.tokyo.jp/shisankeiei/kusei/keikaku/megurokumincenter_kouboshiryou.html#tmp_honbun,＜事業範囲を変更しました＞新たな目黒区民センター等整備・運営事業（めぐろかがやきプロジェクト）,https://www.city.meguro.tokyo.jp/shisankeiei/kusei/keikaku/megurokumincenter_kouboshiryou.html,
目黒区,district_plan,2,（付属資料7-4）要求水準書_添付資料（クリックすると資料の掲載箇所に移動します）,https://www.city.meguro.tokyo.jp/shisankeiei/kusei/keikaku/megurokumincenter_kouboshiryou.html#yokyusuijyun,＜事業範囲を変更しました＞新たな目黒区民センター等整備・運営事業（めぐろかがやきプロジェクト）,https://www.city.meguro.tokyo.jp/shisankeiei/kusei/keikaku/megurokumincenter_kouboshiryou.html,
目黒区,district_plan,2,新たな目黒区民センター等整備・運営事業の募集要項等に関する質問及び回答を公表しました,https://www.city.meguro.tokyo.jp/shisankeiei/kusei/keikaku/megurokumincenter_kouboshiryou_questions_result.html,＜事業範囲を変更しました＞新たな目黒区民センター等整備・運営事業（めぐろかがやきプロジェクト）,https://www.city.meguro.tokyo.jp/shisankeiei/kusei/keikaku/megurokumincenter_kouboshiryou.html,
目黒区,district_plan,2,新たな目黒区民センター等整備・運営事業（めぐろかがやきプロジェクト）の競争的対話の実施結果を公表しました（事業を中止しました）,https://www.city.meguro.tokyo.jp/shisankeiei/kusei/keikaku/megurokumincenter_kyousoutekitaiwa_result.html,＜事業範囲を変更しました＞新たな目黒区民センター等整備・運営事業（めぐろかがやきプロジェクト）,https://www.city.meguro.tokyo.jp/shisankeiei/kusei/keikaku/megurokumincenter_kouboshiryou.html,
目黒区,district_plan,2,PFI事業に係る特定事業の選定について（新たな目黒区民センター等整備・運営事業）,https://www.city.meguro.tokyo.jp/shisankeiei/kusei/keikaku/megurokumincenter_tokuteijigyo.html,＜事業範囲を変更しました＞新たな目黒区民センター等整備・運営事業（めぐろかがやきプロジェクト）,https://www.city.meguro.tokyo.jp/shisankeiei/kusei/keikaku/megurokumincenter_kouboshiryou.html,
目黒区,district_plan,2,新たな目黒区民センター等整備・運営事業（めぐろかがやきプロジェクト）実施方針及び要求水準書（案）等を作成しました,https://www.city.meguro.tokyo.jp/shisankeiei/kusei/keikaku/megurokumincenter_zisshihoshin_yokyusuizyunsyo-an.html,＜事業範囲を変更しました＞新たな目黒区民センター等整備・運営事業（めぐろかがやきプロジェクト）,https://www.city.meguro.tokyo.jp/shisankeiei/kusei/keikaku/megurokumincenter_kouboshiryou.html,
目黒区,district_plan,2,新たな目黒区民センター等整備・運営事業実施方針及び要求水準書（案）等に対する質問・意見の受付結果を公表しました,https://www.city.meguro.tokyo.jp/shisankeiei/kusei/keikaku/megurokumincenter_zisshihoshin_yokyusuizyunsyo-an_questions-opinions-result.html,＜事業範囲を変更しました＞新たな目黒区民センター等整備・運営事業（めぐろかがやきプロジェクト）,https://www.city.meguro.tokyo.jp/shisankeiei/kusei/keikaku/megurokumincenter_kouboshiryou.html,
目黒区,district_plan,2,目黒区民センター見直し検討に係る課題整理,https://www.city.meguro.tokyo.jp/shisankeiei/kusei/keikaku/minaoshikentounikakarukadaiseiri.html,＜事業範囲を変更しました＞新たな目黒区民センター等整備・運営事業（めぐろかがやきプロジェクト）,https://www.city.meguro.tokyo.jp/shisankeiei/kusei/keikaku/megurokumincenter_kouboshiryou.html,
目黒区,district_plan,2,目黒区都市計画施設図（都市計画道路等）,https://www.city.meguro.tokyo.jp/toshikeikaku/shigoto/machidukuri/toshikeikakushisetsuzu.html,しごと・まちづくり,https://www.city.meguro.tokyo.jp/shigoto/index.html,
目黒区,district_plan,2,雨水流出抑制施設設置の指導,https://www.city.meguro.tokyo.jp/toshiseibi/shigoto/machidukuri/chisuishido.html,しごと・まちづくり,https://www.city.meguro.tokyo.jp/shigoto/index.html,
目黒区,district_plan,2,祐天寺駅前広場で再整備と利活用に向けた社会実験を実施しました,https://www.city.meguro.tokyo.jp/toshiseibi/shigoto/machidukuri/yutenjishakaijikkenn.html,しごと・まちづくり,https://www.city.meguro.tokyo.jp/shigoto/index.html,
目黒区,district_plan,2,開発行為の許可（都市計画法第29条）,https://www.city.meguro.tokyo.jp/toshiseibi/shigoto/tochitorihiki/kaihatukyoka.html,しごと・まちづくり,https://www.city.meguro.tokyo.jp/shigoto/index.html,
目黒区,district_plan,2,盛土規制法（宅地造成及び特定盛土等規制法）に基づく許可・基礎調査について,https://www.city.meguro.tokyo.jp/toshiseibi/shigoto/tochitorihiki/moridokiseihou.html,しごと・まちづくり,https://www.city.meguro.tokyo.jp/shigoto/index.html,
目黒区,district_plan,3,ひもんや保育園・第三ひもんや保育園民営化に伴う保育園整備・運営事業者を募集します,https://www.city.meguro.tokyo.jp/hoikukeikaku/shigoto/nyuusatsu/minneika.html,目黒区立小学校及び中学校における次世代校務DX環境構築設計及び運用管理委託に向けた情報提供依頼（RFI）を実施します,https://www.city.meguro.tokyo.jp/gakkouict/shigoto/nyuusatsu/jisedaikoumu_rfi.html,
目黒区,district_plan,3,地域交通支援業務委託事業者を公募型プロポーザル方式により募集します,https://www.city.meguro.tokyo.jp/toshikiban/shigoto/nyuusatsu/chiikikoutuu_shien_r7.html,目黒区立小学校及び中学校における次世代校務DX環境構築設計及び運用管理委託に向けた情報提供依頼（RFI）を実施します,https://www.city.meguro.tokyo.jp/gakkouict/shigoto/nyuusatsu/jisedaikoumu_rfi.html,
目黒区,district_plan,3,東急大井町線・東横線沿線まちづくり検討業務委託事業者を公募型プロポーザル方式により募集します,https://www.city.meguro.tokyo.jp/toshikiban/shigoto/nyuusatsu/toukyuennsen_r7.html,目黒区立小学校及び中学校における次世代校務DX環境構築設計及び運用管理委託に向けた情報提供依頼（RFI）を実施します,https://www.city.meguro.tokyo.jp/gakkouict/shigoto/nyuusatsu/jisedaikoumu_rfi.html,
目黒区,district_plan,3,都市整備課,https://www.city.meguro.tokyo.jp/toshiseibi/kusei/gaiyou/toshiseibi.html,祐天寺駅前広場で再整備と利活用に向けた社会実験を実施しました,https://www.city.meguro.tokyo.jp/toshiseibi/shigoto/machidukuri/yutenjishakaijikkenn.html,
目黒区,district_plan,3,祐天寺駅周辺地区整備計画素案に対する区民意見募集の実施結果,https://www.city.meguro.tokyo.jp/toshiseibi/shigoto/machidukuri/publiccomment.html,祐天寺駅前広場で再整備と利活用に向けた社会実験を実施しました,https://www.city.meguro.tokyo.jp/toshiseibi/shigoto/machidukuri/yutenjishakaijikkenn.html,
目黒区,district_plan,3,祐天寺駅周辺地区整備計画を策定しました,https://www.city.meguro.tokyo.jp/toshiseibi/shigoto/machidukuri/seibikeikaku.html,祐天寺駅前広場で再整備と利活用に向けた社会実験を実施しました,https://www.city.meguro.tokyo.jp/toshiseibi/shigoto/machidukuri/yutenjishakaijikkenn.html,
目黒区,district_plan,3,祐天寺駅周辺地区整備方針を策定しました,https://www.city.meguro.tokyo.jp/toshiseibi/shigoto/machidukuri/yutenji.html,祐天寺駅前広場で再整備と利活用に向けた社会実験を実施しました,https://www.city.meguro.tokyo.jp/toshiseibi/shigoto/machidukuri/yutenjishakaijikkenn.html,
目黒区,district_plan,3,祐天寺駅周辺地区のまちづくり,https://www.city.meguro.tokyo.jp/toshiseibi/shigoto/machidukuri/yutenjimati.html,祐天寺駅前広場で再整備と利活用に向けた社会実験を実施しました,https://www.city.meguro.tokyo.jp/toshiseibi/shigoto/machidukuri/yutenjishakaijikkenn.html,
目黒区,district_plan,3,祐天寺駅周辺地区整備構想を策定しました,https://www.city.meguro.tokyo.jp/toshiseibi/shigoto/machidukuri/yutenjiseibikoso.html,祐天寺駅前広場で再整備と利活用に向けた社会実験を実施しました,https://www.city.meguro.tokyo.jp/toshiseibi/shigoto/machidukuri/yutenjishakaijikkenn.html,
目黒区,district_plan,3,ページ先頭に戻る,https://www.city.meguro.tokyo.jp/toshiseibi/shigoto/machidukuri/yutenjishakaijikkenn.html#tmp_header,祐天寺駅前広場で再整備と利活用に向けた社会実験を実施しました,https://www.city.meguro.tokyo.jp/toshiseibi/shigoto/machidukuri/yutenjishakaijikkenn.html,
目黒区,district_plan,3,本文へスキップします。,https://www.city.meguro.tokyo.jp/toshiseibi/shigoto/machidukuri/yutenjishakaijikkenn.html#tmp_honbun,祐天寺駅前広場で再整備と利活用に向けた社会実験を実施しました,https://www.city.meguro.tokyo.jp/toshiseibi/shigoto/machidukuri/yutenjishakaijikkenn.html,
目黒区,hazard,1,防災,https://www.city.meguro.tokyo.jp/benrinavi/bousai/index.html,公式トップ,https://www.city.meguro.tokyo.jp/,
目黒区,hazard,1,水害ハザードマップ,https://www.city.meguro.tokyo.jp/bousai/bousaianzen/bousai/map.html,公式トップ,https://www.city.meguro.tokyo.jp/,
目黒区,hazard,1,防災・安全,https://www.city.meguro.tokyo.jp/bousaianzen/index.html,公式トップ,https://www.city.meguro.tokyo.jp/,
目黒区,hazard,1,地域防災を考える！地域活性化フォーラム,https://www.city.meguro.tokyo.jp/meguroplus/20260420.html,公式トップ,https://www.city.meguro.tokyo.jp/,
目黒区,hazard,2,防災情報,https://www.city.meguro.tokyo.jp/benrinavi/bousai/index.html#bousaijyouhou,防災,https://www.city.meguro.tokyo.jp/benrinavi/bousai/index.html,
目黒区,hazard,2,目黒区防災地図アプリ,https://www.city.meguro.tokyo.jp/bousai/bousaianzen/bousai/bosai_app.html,防災,https://www.city.meguro.tokyo.jp/benrinavi/bousai/index.html,
目黒区,hazard,2,防災士資格取得費用の助成,https://www.city.meguro.tokyo.jp/bousai/bousaianzen/bousai/bosaisi.html,防災・安全,https://www.city.meguro.tokyo.jp/bousaianzen/index.html,
目黒区,hazard,2,防災マップ,https://www.city.meguro.tokyo.jp/bousai/bousaianzen/bousai/bousaimap.html,防災,https://www.city.meguro.tokyo.jp/benrinavi/bousai/index.html,
目黒区,hazard,2,地域防災訓練,https://www.city.meguro.tokyo.jp/bousai/bousaianzen/bousai/chiikikunnrenn_sche.html,防災・安全,https://www.city.meguro.tokyo.jp/bousaianzen/index.html,
目黒区,hazard,2,土砂災害ハザードマップ,https://www.city.meguro.tokyo.jp/bousai/bousaianzen/bousai/dosha-map.html,防災,https://www.city.meguro.tokyo.jp/benrinavi/bousai/index.html,
目黒区,hazard,2,総合防災訓練「めぐろ防災フェスタ」,https://www.city.meguro.tokyo.jp/bousai/bousaianzen/bousai/sogobosai_info.html,防災・安全,https://www.city.meguro.tokyo.jp/bousaianzen/index.html,
目黒区,hazard,2,防災対策,https://www.city.meguro.tokyo.jp/bousaianzen/bousai/bousaitaisaku/index.html,防災・安全,https://www.city.meguro.tokyo.jp/bousaianzen/index.html,
目黒区,hazard,2,防災行政無線,https://www.city.meguro.tokyo.jp/bousaianzen/bousai/bousaitaisaku/jouhou/musen/index.html,防災,https://www.city.meguro.tokyo.jp/benrinavi/bousai/index.html,
目黒区,hazard,2,防災用品等,https://www.city.meguro.tokyo.jp/bousaianzen/bousai/bousaiyouhin/index.html,防災・安全,https://www.city.meguro.tokyo.jp/bousaianzen/index.html,
目黒区,hazard,2,防災・災害対策,https://www.city.meguro.tokyo.jp/bousaianzen/bousai/index.html,防災・安全,https://www.city.meguro.tokyo.jp/bousaianzen/index.html,
目黒区,hazard,2,防災・災害対策,https://www.city.meguro.tokyo.jp/bousaianzen/index.html#a7916,防災・安全,https://www.city.meguro.tokyo.jp/bousaianzen/index.html,
目黒区,hazard,2,目黒区防災気象情報メール,https://www.city.meguro.tokyo.jp/douro/bousaianzen/bousai/bosaikisho.html,防災,https://www.city.meguro.tokyo.jp/benrinavi/bousai/index.html,
目黒区,hazard,2,防犯・生活安全に関する相談,https://www.city.meguro.tokyo.jp/seikatsuanzen/bousaianzen/bouhan/bohan_bosai.html,防災・安全,https://www.city.meguro.tokyo.jp/bousaianzen/index.html,
目黒区,hazard,2,ペットの防災,https://www.city.meguro.tokyo.jp/seikatsueisei/kurashi/pet/petobousai.html,防災,https://www.city.meguro.tokyo.jp/benrinavi/bousai/index.html,
目黒区,hazard,3,震災時協力井戸の指定,https://www.city.meguro.tokyo.jp/bousai/bousaianzen/bousai/bosai_shiteiido.html,防災士資格取得費用の助成,https://www.city.meguro.tokyo.jp/bousai/bousaianzen/bousai/bosaisi.html,
目黒区,hazard,3,地域の防災活動,https://www.city.meguro.tokyo.jp/bousai/bousaianzen/bousai/bosaichiiki.html,防災士資格取得費用の助成,https://www.city.meguro.tokyo.jp/bousai/bousaianzen/bousai/bosaisi.html,
目黒区,hazard,3,ページ先頭に戻る,https://www.city.meguro.tokyo.jp/bousai/bousaianzen/bousai/bosaisi.html#tmp_header,防災士資格取得費用の助成,https://www.city.meguro.tokyo.jp/bousai/bousaianzen/bousai/bosaisi.html,
目黒区,hazard,3,本文へスキップします。,https://www.city.meguro.tokyo.jp/bousai/bousaianzen/bousai/bosaisi.html#tmp_honbun,防災士資格取得費用の助成,https://www.city.meguro.tokyo.jp/bousai/bousaianzen/bousai/bosaisi.html,
目黒区,hazard,3,防災訓練等一覧,https://www.city.meguro.tokyo.jp/bousai/bousaianzen/bousai/kunrenitiran.html,地域防災訓練,https://www.city.meguro.tokyo.jp/bousai/bousaianzen/bousai/chiikikunnrenn_sche.html,
目黒区,hazard,3,防災用品等のあっせん　利用上のご注意,https://www.city.meguro.tokyo.jp/bousai/bousaianzen/bousai/riyochui.html,防災用品等,https://www.city.meguro.tokyo.jp/bousaianzen/bousai/bousaiyouhin/index.html,
目黒区,hazard,3,ページ先頭に戻る,https://www.city.meguro.tokyo.jp/bousai/bousaianzen/bousai/sogobosai_info.html#tmp_header,総合防災訓練「めぐろ防災フェスタ」,https://www.city.meguro.tokyo.jp/bousai/bousaianzen/bousai/sogobosai_info.html,
目黒区,hazard,3,本文へスキップします。,https://www.city.meguro.tokyo.jp/bousai/bousaianzen/bousai/sogobosai_info.html#tmp_honbun,総合防災訓練「めぐろ防災フェスタ」,https://www.city.meguro.tokyo.jp/bousai/bousaianzen/bousai/sogobosai_info.html,
目黒区,hazard,3,地域防災リーダー研修会,https://www.city.meguro.tokyo.jp/bousai/bousaianzen/bousai/tiikileader.html,地域防災訓練,https://www.city.meguro.tokyo.jp/bousai/bousaianzen/bousai/chiikikunnrenn_sche.html,
目黒区,hazard,3,防災課,https://www.city.meguro.tokyo.jp/bousai/kusei/gaiyou/bosai.html,防災士資格取得費用の助成,https://www.city.meguro.tokyo.jp/bousai/bousaianzen/bousai/bosaisi.html,
目黒区,hazard,3,「目黒区在宅避難支援事業（防災カタログギフト配布事業）業務委託」の受託候補者を公募型プロポーザル方式により募集します,https://www.city.meguro.tokyo.jp/bousai/shigoto/nyuusatsu/bosaicatalog.html,目黒区立小学校及び中学校における次世代校務DX環境構築設計及び運用管理委託に向けた情報提供依頼（RFI）を実施します,https://www.city.meguro.tokyo.jp/gakkouict/shigoto/nyuusatsu/jisedaikoumu_rfi.html,
目黒区,hazard,3,防災訓練,https://www.city.meguro.tokyo.jp/bousaianzen/bousai/bousaitaisaku/bousaikunren/index.html,地域防災訓練,https://www.city.meguro.tokyo.jp/bousai/bousaianzen/bousai/chiikikunnrenn_sche.html,
目黒区,hazard,3,防災に関する地図,https://www.city.meguro.tokyo.jp/bousaianzen/bousai/bousaitaisaku/map/index.html,防災対策,https://www.city.meguro.tokyo.jp/bousaianzen/bousai/bousaitaisaku/index.html,
目黒区,hazard,3,防災・復興に関する計画・マニュアル,https://www.city.meguro.tokyo.jp/bousaianzen/bousai/bousaitaisaku/plan/index.html,防災対策,https://www.city.meguro.tokyo.jp/bousaianzen/bousai/bousaitaisaku/index.html,
目黒区,hazard,3,防災用品のあっせん,https://www.city.meguro.tokyo.jp/bousaianzen/bousai/bousaiyouhin/assen/index.html,防災用品等,https://www.city.meguro.tokyo.jp/bousaianzen/bousai/bousaiyouhin/index.html,
目黒区,hazard,3,パンフレット「防災士資格の取得支援について」（PDF：402KB）,https://www.city.meguro.tokyo.jp/documents/2654/reiwahatinendobousaisitirasi.pdf,防災士資格取得費用の助成,https://www.city.meguro.tokyo.jp/bousai/bousaianzen/bousai/bosaisi.html,
目黒区,hazard,3,目黒区防災士資格取得支援助成申請書兼推薦書（ワード：55KB）,https://www.city.meguro.tokyo.jp/documents/2654/sinsei.doc,防災士資格取得費用の助成,https://www.city.meguro.tokyo.jp/bousai/bousaianzen/bousai/bosaisi.html,
目黒区,hazard,3,"地域防災訓練周知用チラシ（印刷用）（PDF：1,110KB）",https://www.city.meguro.tokyo.jp/documents/2710/1.pdf,地域防災訓練,https://www.city.meguro.tokyo.jp/bousai/bousaianzen/bousai/chiikikunnrenn_sche.html,
目黒区,hazard,3,"地域防災訓練周知用チラシ（編集フォーム付き）（PDF：1,127KB）",https://www.city.meguro.tokyo.jp/documents/2710/7.pdf,地域防災訓練,https://www.city.meguro.tokyo.jp/bousai/bousaianzen/bousai/chiikikunnrenn_sche.html,
目黒区,hazard,3,"令和7年度めぐろ防災フェスタチラシ（PDF：2,380KB）",https://www.city.meguro.tokyo.jp/documents/2716/r7meguro_bosai_festa.pdf,総合防災訓練「めぐろ防災フェスタ」,https://www.city.meguro.tokyo.jp/bousai/bousaianzen/bousai/sogobosai_info.html,
目黒区,hazard,3,防災会議,https://www.city.meguro.tokyo.jp/kikikanri/bousaianzen/bousai/bosaikaigi.html,防災士資格取得費用の助成,https://www.city.meguro.tokyo.jp/bousai/bousaianzen/bousai/bosaisi.html,
目黒区,hazard,3,ページ先頭に戻る,https://www.city.meguro.tokyo.jp/seikatsuanzen/bousaianzen/bouhan/bohan_bosai.html#tmp_header,防犯・生活安全に関する相談,https://www.city.meguro.tokyo.jp/seikatsuanzen/bousaianzen/bouhan/bohan_bosai.html,
目黒区,hazard,3,本文へスキップします。,https://www.city.meguro.tokyo.jp/seikatsuanzen/bousaianzen/bouhan/bohan_bosai.html#tmp_honbun,防犯・生活安全に関する相談,https://www.city.meguro.tokyo.jp/seikatsuanzen/bousaianzen/bouhan/bohan_bosai.html,
目黒区,road,2,道路舗装種別図・掘削規制図,https://www.city.meguro.tokyo.jp/dobokukanri/shigoto/douro/hosousyubetsu.html,しごと・まちづくり,https://www.city.meguro.tokyo.jp/shigoto/index.html,
目黒区,road,2,道路占用許可申請・自費工事承認申請,https://www.city.meguro.tokyo.jp/dobokukanri/shigoto/douro/shinsei.html,しごと・まちづくり,https://www.city.meguro.tokyo.jp/shigoto/index.html,
目黒区,road,2,河川について,https://www.city.meguro.tokyo.jp/dobokukanri/shigoto/kasen/kasenkanri.html,しごと・まちづくり,https://www.city.meguro.tokyo.jp/shigoto/index.html,
目黒区,road,2,（付属資料9）指定管理者協定書（案）（令和6年9月20日一部修正）（PDF：257KB）,https://www.city.meguro.tokyo.jp/documents/15681/fuzokushiryo9_shiteikanri-kyotei-an.pdf,＜事業範囲を変更しました＞新たな目黒区民センター等整備・運営事業（めぐろかがやきプロジェクト）,https://www.city.meguro.tokyo.jp/shisankeiei/kusei/keikaku/megurokumincenter_kouboshiryou.html,
目黒区,road,2,目黒区防災気象情報メール,https://www.city.meguro.tokyo.jp/douro/bousaianzen/bousai/bosaikisho.html,防災,https://www.city.meguro.tokyo.jp/benrinavi/bousai/index.html,
目黒区,road,2,目黒区の気象情報,https://www.city.meguro.tokyo.jp/douro/bousaianzen/bousai/kisyoujyoho.html,防災,https://www.city.meguro.tokyo.jp/benrinavi/bousai/index.html,
目黒区,road,2,目黒川ライブカメラ,https://www.city.meguro.tokyo.jp/douro/bousaianzen/bousai/megurogawakamera.html,防災,https://www.city.meguro.tokyo.jp/benrinavi/bousai/index.html,
目黒区,road,2,目黒川水位警報,https://www.city.meguro.tokyo.jp/douro/bousaianzen/bousai/suiikeiho.html,防災,https://www.city.meguro.tokyo.jp/benrinavi/bousai/index.html,
目黒区,road,2,止水板等を設置するための工事に対する助成,https://www.city.meguro.tokyo.jp/douro/kurashi/sumai/sisuiban.html,地域防災を考える！地域活性化フォーラム,https://www.city.meguro.tokyo.jp/meguroplus/20260420.html,
目黒区,road,2,河川についてのお問い合わせ,https://www.city.meguro.tokyo.jp/douro/shigoto/kasen/toiawasesaki.html,しごと・まちづくり,https://www.city.meguro.tokyo.jp/shigoto/index.html,
目黒区,road,2,道路についてのお問い合わせ,https://www.city.meguro.tokyo.jp/dourokouen/shigoto/douro/toiawase.html,しごと・まちづくり,https://www.city.meguro.tokyo.jp/shigoto/index.html,
目黒区,road,2,道路管理,https://www.city.meguro.tokyo.jp/shigoto/douro/dourokanri/index.html,しごと・まちづくり,https://www.city.meguro.tokyo.jp/shigoto/index.html,
目黒区,road,2,道路,https://www.city.meguro.tokyo.jp/shigoto/douro/index.html,しごと・まちづくり,https://www.city.meguro.tokyo.jp/shigoto/index.html,
目黒区,road,2,都市計画道路,https://www.city.meguro.tokyo.jp/shigoto/douro/keikakudouro/index.html,しごと・まちづくり,https://www.city.meguro.tokyo.jp/shigoto/index.html,
目黒区,road,2,道路,https://www.city.meguro.tokyo.jp/shigoto/index.html#a7971,しごと・まちづくり,https://www.city.meguro.tokyo.jp/shigoto/index.html,
目黒区,road,2,河川・橋梁,https://www.city.meguro.tokyo.jp/shigoto/kasen/index.html,しごと・まちづくり,https://www.city.meguro.tokyo.jp/shigoto/index.html,
目黒区,road,2,水質浄化対策,https://www.city.meguro.tokyo.jp/shigoto/kasen/suishitsu/index.html,しごと・まちづくり,https://www.city.meguro.tokyo.jp/shigoto/index.html,
目黒区,road,2,指定管理者の募集,https://www.city.meguro.tokyo.jp/shigoto/shiteikanri/boshuu/index.html,しごと・まちづくり,https://www.city.meguro.tokyo.jp/shigoto/index.html,
目黒区,road,2,指定管理者制度,https://www.city.meguro.tokyo.jp/shigoto/shiteikanri/index.html,しごと・まちづくり,https://www.city.meguro.tokyo.jp/shigoto/index.html,
目黒区,road,2,指定管理者の指定と運営評価,https://www.city.meguro.tokyo.jp/shigoto/shiteikanri/kanrishashitei/index.html,しごと・まちづくり,https://www.city.meguro.tokyo.jp/shigoto/index.html,
目黒区,road,2,指定管理者の選定結果,https://www.city.meguro.tokyo.jp/shigoto/shiteikanri/sentei/index.html,しごと・まちづくり,https://www.city.meguro.tokyo.jp/shigoto/index.html,
目黒区,road,2,目黒区都市計画施設図（都市計画道路等）,https://www.city.meguro.tokyo.jp/toshikeikaku/shigoto/machidukuri/toshikeikakushisetsuzu.html,しごと・まちづくり,https://www.city.meguro.tokyo.jp/shigoto/index.html,
目黒区,road,3,震災時協力井戸の指定,https://www.city.meguro.tokyo.jp/bousai/bousaianzen/bousai/bosai_shiteiido.html,防災士資格取得費用の助成,https://www.city.meguro.tokyo.jp/bousai/bousaianzen/bousai/bosaisi.html,
目黒区,road,3,土木管理課,https://www.city.meguro.tokyo.jp/dobokukanri/kusei/gaiyou/doro.html,道路舗装種別図・掘削規制図,https://www.city.meguro.tokyo.jp/dobokukanri/shigoto/douro/hosousyubetsu.html,
目黒区,road,3,ページ先頭に戻る,https://www.city.meguro.tokyo.jp/dobokukanri/shigoto/douro/hosousyubetsu.html#tmp_header,道路舗装種別図・掘削規制図,https://www.city.meguro.tokyo.jp/dobokukanri/shigoto/douro/hosousyubetsu.html,
目黒区,road,3,本文へスキップします。,https://www.city.meguro.tokyo.jp/dobokukanri/shigoto/douro/hosousyubetsu.html#tmp_honbun,道路舗装種別図・掘削規制図,https://www.city.meguro.tokyo.jp/dobokukanri/shigoto/douro/hosousyubetsu.html,
目黒区,road,3,宅地と道路・水路の境界確認等及び路線網図,https://www.city.meguro.tokyo.jp/dobokukanri/shigoto/douro/kyokai.html,道路舗装種別図・掘削規制図,https://www.city.meguro.tokyo.jp/dobokukanri/shigoto/douro/hosousyubetsu.html,
目黒区,road,3,駐車場法などに基づく路外駐車場の届出制度,https://www.city.meguro.tokyo.jp/dobokukanri/shigoto/douro/rogaichuusyajou.html,道路舗装種別図・掘削規制図,https://www.city.meguro.tokyo.jp/dobokukanri/shigoto/douro/hosousyubetsu.html,
目黒区,road,3,道路の正しい使い方,https://www.city.meguro.tokyo.jp/dobokukanri/shigoto/douro/tadashii.html,道路舗装種別図・掘削規制図,https://www.city.meguro.tokyo.jp/dobokukanri/shigoto/douro/hosousyubetsu.html,
目黒区,road,3,私道整備の助成,https://www.city.meguro.tokyo.jp/douro/shigoto/douro/josei.html,道路舗装種別図・掘削規制図,https://www.city.meguro.tokyo.jp/dobokukanri/shigoto/douro/hosousyubetsu.html,
目黒区,road,3,街路灯・ガードレール・道路などが壊れたら,https://www.city.meguro.tokyo.jp/douro/shigoto/douro/kowaretara.html,道路舗装種別図・掘削規制図,https://www.city.meguro.tokyo.jp/dobokukanri/shigoto/douro/hosousyubetsu.html,
目黒区,road,3,ヒートアイランド対策の推進,https://www.city.meguro.tokyo.jp/kankyouhozen/shigoto/douro/heatisland.html,道路舗装種別図・掘削規制図,https://www.city.meguro.tokyo.jp/dobokukanri/shigoto/douro/hosousyubetsu.html,
目黒区,road,3,目黒区立田道在宅ケア多機能センターの指定管理者を公募します,https://www.city.meguro.tokyo.jp/koureifukushi/shigoto/shiteikanri/dendouzaitaku.html,目黒区立小学校及び中学校における次世代校務DX環境構築設計及び運用管理委託に向けた情報提供依頼（RFI）を実施します,https://www.city.meguro.tokyo.jp/gakkouict/shigoto/nyuusatsu/jisedaikoumu_rfi.html,
目黒区,road,3,道路舗装維持管理方針,https://www.city.meguro.tokyo.jp/midori/shigoto/douro/ijikanri.html,道路舗装種別図・掘削規制図,https://www.city.meguro.tokyo.jp/dobokukanri/shigoto/douro/hosousyubetsu.html,
目黒区,road,3,区道の交通安全の環境整備,https://www.city.meguro.tokyo.jp/midori/shigoto/douro/kudo.html,道路舗装種別図・掘削規制図,https://www.city.meguro.tokyo.jp/dobokukanri/shigoto/douro/hosousyubetsu.html,
目黒区,road,3,路面下空洞調査の取組状況,https://www.city.meguro.tokyo.jp/midori/shigoto/douro/romenshitakuudoutyousa.html,道路舗装種別図・掘削規制図,https://www.city.meguro.tokyo.jp/dobokukanri/shigoto/douro/hosousyubetsu.html,
目黒区,road,3,自転車走行環境整備,https://www.city.meguro.tokyo.jp/shigoto/douro/dourokanri/jitensha/index.html,道路舗装種別図・掘削規制図,https://www.city.meguro.tokyo.jp/dobokukanri/shigoto/douro/hosousyubetsu.html,
目黒区,road,3,無電柱化計画,https://www.city.meguro.tokyo.jp/shigoto/douro/dourokanri/mudenchuu/index.html,道路舗装種別図・掘削規制図,https://www.city.meguro.tokyo.jp/dobokukanri/shigoto/douro/hosousyubetsu.html,
練馬区,building_guidance,3,宅地等の開発指導,https://www.city.nerima.tokyo.jp/jigyoshamuke/jigyosha/doboku/funso/shido.html,自動通話録音機の無料貸し出しについて,https://www.city.nerima.tokyo.jp/kurashi/bosai/oshirase/jidotsuwarokuonki.html,
練馬区,district_plan,2,練馬区安全に安心して暮らせるまちづくり推進地区,https://www.city.nerima.tokyo.jp/kurashi/bosai/bohan/suishinchiku.html,区内で特殊詐欺が多発しています,https://www.city.nerima.tokyo.jp/kurashi/bosai/bohan/20230317_.html,
練馬区,district_plan,2,練馬区業務継続計画（新型インフルエンザ編）,https://www.city.nerima.tokyo.jp/kurashi/bosai/keikaku/06616721120.html,防災・安全安心情報,https://www.city.nerima.tokyo.jp/kurashi/bosai/index.html,
練馬区,district_plan,2,練馬区業務継続計画（地震編）,https://www.city.nerima.tokyo.jp/kurashi/bosai/keikaku/bcp-jishin.html,防災・安全安心情報,https://www.city.nerima.tokyo.jp/kurashi/bosai/index.html,
練馬区,district_plan,2,練馬区地域防災計画,https://www.city.nerima.tokyo.jp/kurashi/bosai/keikaku/chiikibou_r5.html,防災・安全安心情報,https://www.city.nerima.tokyo.jp/kurashi/bosai/index.html,
練馬区,district_plan,2,新型コロナウイルス感染症対策に係る「練馬区モデル」の展開,https://www.city.nerima.tokyo.jp/kurashi/bosai/keikaku/coronatenkai.html,防災・安全安心情報,https://www.city.nerima.tokyo.jp/kurashi/bosai/index.html,
練馬区,district_plan,2,計画・資料・マニュアル,https://www.city.nerima.tokyo.jp/kurashi/bosai/keikaku/index.html,防災・安全安心情報,https://www.city.nerima.tokyo.jp/kurashi/bosai/index.html,
練馬区,district_plan,2,練馬区国土強靱化地域計画,https://www.city.nerima.tokyo.jp/kurashi/bosai/keikaku/kokudokyoujinka.html,防災・安全安心情報,https://www.city.nerima.tokyo.jp/kurashi/bosai/index.html,
練馬区,district_plan,2,新たな感染症の危機に備える練馬区行動計画（練馬区新型インフルエンザ等対策行動計画）,https://www.city.nerima.tokyo.jp/kurashi/bosai/keikaku/singatainhurukeikaku.html,防災・安全安心情報,https://www.city.nerima.tokyo.jp/kurashi/bosai/index.html,
練馬区,district_plan,2,要配慮者利用施設の備え,https://www.city.nerima.tokyo.jp/kurashi/bosai/suigai/hinannkakuhokeikaku.html,防災・安全安心情報,https://www.city.nerima.tokyo.jp/kurashi/bosai/index.html,
練馬区,district_plan,2,防災まちづくり事業（ブロック塀等撤去費用助成制度）,https://www.city.nerima.tokyo.jp/kusei/machi/kakuchiiki/bousaimatidukuri/2021.html,防災・安全安心情報,https://www.city.nerima.tokyo.jp/kurashi/bosai/index.html,
練馬区,hazard,1,区内で特殊詐欺が多発しています,https://www.city.nerima.tokyo.jp/kurashi/bosai/bohan/20230317_.html,公式トップ,https://www.city.nerima.tokyo.jp/,
練馬区,hazard,1,住まいの防犯対策費用を助成します,https://www.city.nerima.tokyo.jp/kurashi/bosai/bohan/R8sumaibouhantaisaku.html,公式トップ,https://www.city.nerima.tokyo.jp/,
練馬区,hazard,1,防災・安全安心情報,https://www.city.nerima.tokyo.jp/kurashi/bosai/index.html,公式トップ,https://www.city.nerima.tokyo.jp/,
練馬区,hazard,1,ねりま災害ポータル,https://www.city.nerima.tokyo.jp/kurashi/bosai/saigaipotal/index.html,公式トップ,https://www.city.nerima.tokyo.jp/,
練馬区,hazard,2,防災体験学習動画,https://www.city.nerima.tokyo.jp/kurashi/bosai/bo_college/06614221.html,防災・安全安心情報,https://www.city.nerima.tokyo.jp/kurashi/bosai/index.html,
練馬区,hazard,2,出前防災講座,https://www.city.nerima.tokyo.jp/kurashi/bosai/bo_college/demae.html,防災・安全安心情報,https://www.city.nerima.tokyo.jp/kurashi/bosai/index.html,
練馬区,hazard,2,ねりま防災カレッジ,https://www.city.nerima.tokyo.jp/kurashi/bosai/bo_college/index.html,防災・安全安心情報,https://www.city.nerima.tokyo.jp/kurashi/bosai/index.html,
練馬区,hazard,2,地域防犯防火連携組織を結成しよう！,https://www.city.nerima.tokyo.jp/kurashi/bosai/bohan/140502_chiikirenkei.html,区内で特殊詐欺が多発しています,https://www.city.nerima.tokyo.jp/kurashi/bosai/bohan/20230317_.html,
練馬区,hazard,2,このページの本文へ移動,https://www.city.nerima.tokyo.jp/kurashi/bosai/bohan/20230317_.html#CONT,区内で特殊詐欺が多発しています,https://www.city.nerima.tokyo.jp/kurashi/bosai/bohan/20230317_.html,
練馬区,hazard,2,,https://www.city.nerima.tokyo.jp/kurashi/bosai/bohan/20230317_.html#PTOP,区内で特殊詐欺が多発しています,https://www.city.nerima.tokyo.jp/kurashi/bosai/bohan/20230317_.html,
練馬区,hazard,2,練馬区住まいの防犯対策助成金申請書兼請求書（第1号様式）（PDF：184KB）,https://www.city.nerima.tokyo.jp/kurashi/bosai/bohan/R8sumaibouhantaisaku.files/1gou.pdf,住まいの防犯対策費用を助成します,https://www.city.nerima.tokyo.jp/kurashi/bosai/bohan/R8sumaibouhantaisaku.html,
練馬区,hazard,2,アンケート（PDF：62KB）,https://www.city.nerima.tokyo.jp/kurashi/bosai/bohan/R8sumaibouhantaisaku.files/R8anke-to.pdf,住まいの防犯対策費用を助成します,https://www.city.nerima.tokyo.jp/kurashi/bosai/bohan/R8sumaibouhantaisaku.html,
練馬区,hazard,2,案内チラシ（PDF：530KB）,https://www.city.nerima.tokyo.jp/kurashi/bosai/bohan/R8sumaibouhantaisaku.files/chirashi.pdf,住まいの防犯対策費用を助成します,https://www.city.nerima.tokyo.jp/kurashi/bosai/bohan/R8sumaibouhantaisaku.html,
練馬区,hazard,2,防犯対策物品を取り扱っている区内店舗一覧（PDF：8KB）,https://www.city.nerima.tokyo.jp/kurashi/bosai/bohan/R8sumaibouhantaisaku.files/itiran.pdf,住まいの防犯対策費用を助成します,https://www.city.nerima.tokyo.jp/kurashi/bosai/bohan/R8sumaibouhantaisaku.html,
練馬区,hazard,2,【記載例】練馬区住まいの防犯対策助成金申請書兼請求書（第1号様式）（PDF：200KB）,https://www.city.nerima.tokyo.jp/kurashi/bosai/bohan/R8sumaibouhantaisaku.files/kisairei1gou.pdf,住まいの防犯対策費用を助成します,https://www.city.nerima.tokyo.jp/kurashi/bosai/bohan/R8sumaibouhantaisaku.html,
練馬区,hazard,2,"【申請前にご確認ください】電子申請操作手順（PDF：1,552KB）",https://www.city.nerima.tokyo.jp/kurashi/bosai/bohan/R8sumaibouhantaisaku.files/shinseitejyun.pdf,住まいの防犯対策費用を助成します,https://www.city.nerima.tokyo.jp/kurashi/bosai/bohan/R8sumaibouhantaisaku.html,
練馬区,hazard,2,このページの本文へ移動,https://www.city.nerima.tokyo.jp/kurashi/bosai/bohan/R8sumaibouhantaisaku.html#CONT,住まいの防犯対策費用を助成します,https://www.city.nerima.tokyo.jp/kurashi/bosai/bohan/R8sumaibouhantaisaku.html,
練馬区,hazard,2,,https://www.city.nerima.tokyo.jp/kurashi/bosai/bohan/R8sumaibouhantaisaku.html#PTOP,住まいの防犯対策費用を助成します,https://www.city.nerima.tokyo.jp/kurashi/bosai/bohan/R8sumaibouhantaisaku.html,
練馬区,hazard,2,対象品目,https://www.city.nerima.tokyo.jp/kurashi/bosai/bohan/R8sumaibouhantaisaku.html#cms2AD96,住まいの防犯対策費用を助成します,https://www.city.nerima.tokyo.jp/kurashi/bosai/bohan/R8sumaibouhantaisaku.html,
練馬区,hazard,2,必要書類等,https://www.city.nerima.tokyo.jp/kurashi/bosai/bohan/R8sumaibouhantaisaku.html#cms35FC9,住まいの防犯対策費用を助成します,https://www.city.nerima.tokyo.jp/kurashi/bosai/bohan/R8sumaibouhantaisaku.html,
練馬区,hazard,2,助成対象,https://www.city.nerima.tokyo.jp/kurashi/bosai/bohan/R8sumaibouhantaisaku.html#cms41D13,住まいの防犯対策費用を助成します,https://www.city.nerima.tokyo.jp/kurashi/bosai/bohan/R8sumaibouhantaisaku.html,
練馬区,hazard,2,助成金額,https://www.city.nerima.tokyo.jp/kurashi/bosai/bohan/R8sumaibouhantaisaku.html#cms4F498,住まいの防犯対策費用を助成します,https://www.city.nerima.tokyo.jp/kurashi/bosai/bohan/R8sumaibouhantaisaku.html,
練馬区,hazard,2,申請方法,https://www.city.nerima.tokyo.jp/kurashi/bosai/bohan/R8sumaibouhantaisaku.html#cms58793,住まいの防犯対策費用を助成します,https://www.city.nerima.tokyo.jp/kurashi/bosai/bohan/R8sumaibouhantaisaku.html,
練馬区,hazard,2,申請受付期間,https://www.city.nerima.tokyo.jp/kurashi/bosai/bohan/R8sumaibouhantaisaku.html#cmsFD7DD,住まいの防犯対策費用を助成します,https://www.city.nerima.tokyo.jp/kurashi/bosai/bohan/R8sumaibouhantaisaku.html,
練馬区,hazard,2,練馬区防犯用品などのあっせん,https://www.city.nerima.tokyo.jp/kurashi/bosai/bohan/assen.html,区内で特殊詐欺が多発しています,https://www.city.nerima.tokyo.jp/kurashi/bosai/bohan/20230317_.html,
練馬区,hazard,2,防犯ブザーの配布,https://www.city.nerima.tokyo.jp/kurashi/bosai/bohan/bouhanbuza-.html,区内で特殊詐欺が多発しています,https://www.city.nerima.tokyo.jp/kurashi/bosai/bohan/20230317_.html,
練馬区,hazard,2,第3位！第53回東京都消防操法大会！,https://www.city.nerima.tokyo.jp/kurashi/bosai/bohan/dai3i.html,区内で特殊詐欺が多発しています,https://www.city.nerima.tokyo.jp/kurashi/bosai/bohan/20230317_.html,
練馬区,hazard,2,防犯・防火ハンドブック,https://www.city.nerima.tokyo.jp/kurashi/bosai/bohan/handbook.html,区内で特殊詐欺が多発しています,https://www.city.nerima.tokyo.jp/kurashi/bosai/bohan/20230317_.html,
練馬区,hazard,2,不審者情報や犯罪発生情報,https://www.city.nerima.tokyo.jp/kurashi/bosai/bohan/higai/hanzaihigai.html,防災・安全安心情報,https://www.city.nerima.tokyo.jp/kurashi/bosai/index.html,
練馬区,hazard,2,犯罪被害発生情報,https://www.city.nerima.tokyo.jp/kurashi/bosai/bohan/higai/index.html,区内で特殊詐欺が多発しています,https://www.city.nerima.tokyo.jp/kurashi/bosai/bohan/20230317_.html,
練馬区,hazard,2,安全・安心（防犯・防火）,https://www.city.nerima.tokyo.jp/kurashi/bosai/bohan/index.html,区内で特殊詐欺が多発しています,https://www.city.nerima.tokyo.jp/kurashi/bosai/bohan/20230317_.html,
練馬区,hazard,2,練馬区民の安全と安心を推進する条例,https://www.city.nerima.tokyo.jp/kurashi/bosai/bohan/jorei.html,区内で特殊詐欺が多発しています,https://www.city.nerima.tokyo.jp/kurashi/bosai/bohan/20230317_.html,
練馬区,hazard,2,特殊詐欺（還付金詐欺・オレオレ詐欺など）について,https://www.city.nerima.tokyo.jp/kurashi/bosai/bohan/kanpukin.html,区内で特殊詐欺が多発しています,https://www.city.nerima.tokyo.jp/kurashi/bosai/bohan/20230317_.html,
練馬区,hazard,2,ねりま安全・安心パトロールネットワーク,https://www.city.nerima.tokyo.jp/kurashi/bosai/bohan/network.html,区内で特殊詐欺が多発しています,https://www.city.nerima.tokyo.jp/kurashi/bosai/bohan/20230317_.html,
練馬区,hazard,2,安全で安心なまちを目指し、区、警察署、防犯協会が覚書を締結しています,https://www.city.nerima.tokyo.jp/kurashi/bosai/bohan/oboegakiteiketsu.html,区内で特殊詐欺が多発しています,https://www.city.nerima.tokyo.jp/kurashi/bosai/bohan/20230317_.html,
練馬区,hazard,2,安全・安心パトロールカー,https://www.city.nerima.tokyo.jp/kurashi/bosai/bohan/patrolcar/index.html,区内で特殊詐欺が多発しています,https://www.city.nerima.tokyo.jp/kurashi/bosai/bohan/20230317_.html,
練馬区,hazard,2,高齢者対象セーフティ教室,https://www.city.nerima.tokyo.jp/kurashi/bosai/bohan/safety.html,区内で特殊詐欺が多発しています,https://www.city.nerima.tokyo.jp/kurashi/bosai/bohan/20230317_.html,
練馬区,hazard,2,防犯設備整備費補助制度,https://www.city.nerima.tokyo.jp/kurashi/bosai/bohan/seibihihojo/index.html,区内で特殊詐欺が多発しています,https://www.city.nerima.tokyo.jp/kurashi/bosai/bohan/20230317_.html,
練馬区,hazard,2,消防団員募集中！,https://www.city.nerima.tokyo.jp/kurashi/bosai/bohan/shobodaninboshu2025.html,区内で特殊詐欺が多発しています,https://www.city.nerima.tokyo.jp/kurashi/bosai/bohan/20230317_.html,
練馬区,hazard,2,自宅を狙った犯罪に注意しましょう,https://www.city.nerima.tokyo.jp/kurashi/bosai/bohan/sinnyuuchuui.html,区内で特殊詐欺が多発しています,https://www.city.nerima.tokyo.jp/kurashi/bosai/bohan/20230317_.html,
練馬区,hazard,2,練馬区安全に安心して暮らせるまちづくり推進地区,https://www.city.nerima.tokyo.jp/kurashi/bosai/bohan/suishinchiku.html,区内で特殊詐欺が多発しています,https://www.city.nerima.tokyo.jp/kurashi/bosai/bohan/20230317_.html,
練馬区,hazard,2,消火器あっせんおよび住宅用火災警報器等のご案内,https://www.city.nerima.tokyo.jp/kurashi/bosai/bohan/syoukakitojyuukeiki.html,区内で特殊詐欺が多発しています,https://www.city.nerima.tokyo.jp/kurashi/bosai/bohan/20230317_.html,
練馬区,hazard,2,パトロール団体登録制度,https://www.city.nerima.tokyo.jp/kurashi/bosai/bohan/torokuseido.html,区内で特殊詐欺が多発しています,https://www.city.nerima.tokyo.jp/kurashi/bosai/bohan/20230317_.html,
練馬区,hazard,2,学校安全安心ボランティア,https://www.city.nerima.tokyo.jp/kurashi/bosai/bohan/volunteer.html,区内で特殊詐欺が多発しています,https://www.city.nerima.tokyo.jp/kurashi/bosai/bohan/20230317_.html,
練馬区,hazard,2,闇バイトは犯罪です。迷わず相談を！,https://www.city.nerima.tokyo.jp/kurashi/bosai/bohan/yamibaito.html,区内で特殊詐欺が多発しています,https://www.city.nerima.tokyo.jp/kurashi/bosai/bohan/20230317_.html,
練馬区,hazard,2,ブロック塀の点検のチェックポイント（国土交通省）（PDF：260KB）,https://www.city.nerima.tokyo.jp/kurashi/bosai/index.files/burokkubei.pdf,防災・安全安心情報,https://www.city.nerima.tokyo.jp/kurashi/bosai/index.html,
練馬区,hazard,2,このページの本文へ移動,https://www.city.nerima.tokyo.jp/kurashi/bosai/index.html#CONT,防災・安全安心情報,https://www.city.nerima.tokyo.jp/kurashi/bosai/index.html,
練馬区,hazard,2,,https://www.city.nerima.tokyo.jp/kurashi/bosai/index.html#PTOP,防災・安全安心情報,https://www.city.nerima.tokyo.jp/kurashi/bosai/index.html,
練馬区,hazard,2,防災情報,https://www.city.nerima.tokyo.jp/kurashi/bosai/info.html,防災・安全安心情報,https://www.city.nerima.tokyo.jp/kurashi/bosai/index.html,
練馬区,hazard,2,災害時の情報収集,https://www.city.nerima.tokyo.jp/kurashi/bosai/info/index.html,防災・安全安心情報,https://www.city.nerima.tokyo.jp/kurashi/bosai/index.html,
練馬区,hazard,2,避難拠点（地震）の開設状況,https://www.city.nerima.tokyo.jp/kurashi/bosai/jishinokitara/hinanjo/hinanjyoitiran.html,ねりま災害ポータル,https://www.city.nerima.tokyo.jp/kurashi/bosai/saigaipotal/index.html,
練馬区,hazard,2,地震が起きたら,https://www.city.nerima.tokyo.jp/kurashi/bosai/jishinokitara/index.html,防災・安全安心情報,https://www.city.nerima.tokyo.jp/kurashi/bosai/index.html,
練馬区,hazard,2,防災地図・避難拠点一覧,https://www.city.nerima.tokyo.jp/kurashi/bosai/jishinsonae/bousai_chizu.html,防災・安全安心情報,https://www.city.nerima.tokyo.jp/kurashi/bosai/index.html,
練馬区,hazard,2,危険なブロック塀等の撤去にご協力ください,https://www.city.nerima.tokyo.jp/kurashi/bosai/jishinsonae/burokkubeinotekkyo.html,防災・安全安心情報,https://www.city.nerima.tokyo.jp/kurashi/bosai/index.html,
練馬区,hazard,2,ブロック塀等の撤去費用助成制度,https://www.city.nerima.tokyo.jp/kurashi/bosai/jishinsonae/burokkubeitekyyo.html,防災・安全安心情報,https://www.city.nerima.tokyo.jp/kurashi/bosai/index.html,
練馬区,hazard,2,地震に備える,https://www.city.nerima.tokyo.jp/kurashi/bosai/jishinsonae/index.html,防災・安全安心情報,https://www.city.nerima.tokyo.jp/kurashi/bosai/index.html,
練馬区,hazard,2,地震火災に備える（感震ブレーカーの無償貸与）,https://www.city.nerima.tokyo.jp/kurashi/bosai/jishinsonae/kannshinnbure.html,防災・安全安心情報,https://www.city.nerima.tokyo.jp/kurashi/bosai/index.html,
練馬区,hazard,2,地震火災に備える（感震ブレーカー購入費用の一部補助）,https://www.city.nerima.tokyo.jp/kurashi/bosai/jishinsonae/kannshinnbure02.html,防災・安全安心情報,https://www.city.nerima.tokyo.jp/kurashi/bosai/index.html,
練馬区,hazard,2,全国瞬時警報システム（Jアラート）,https://www.city.nerima.tokyo.jp/kurashi/bosai/johohasshin/J-ALERT.html,ねりま災害ポータル,https://www.city.nerima.tokyo.jp/kurashi/bosai/saigaipotal/index.html,
練馬区,hazard,2,防災の手引,https://www.city.nerima.tokyo.jp/kurashi/bosai/johohasshin/bousainotebiki.html,防災・安全安心情報,https://www.city.nerima.tokyo.jp/kurashi/bosai/index.html,
練馬区,hazard,2,防災アプリ（ヤフー防災）,https://www.city.nerima.tokyo.jp/kurashi/bosai/johohasshin/bousaisokuho.html,ねりま災害ポータル,https://www.city.nerima.tokyo.jp/kurashi/bosai/saigaipotal/index.html,
練馬区,hazard,2,情報発信・刊行物,https://www.city.nerima.tokyo.jp/kurashi/bosai/johohasshin/index.html,ねりま災害ポータル,https://www.city.nerima.tokyo.jp/kurashi/bosai/saigaipotal/index.html,
練馬区,hazard,2,緊急速報メール,https://www.city.nerima.tokyo.jp/kurashi/bosai/johohasshin/kinkyusokuhou.html,ねりま災害ポータル,https://www.city.nerima.tokyo.jp/kurashi/bosai/saigaipotal/index.html,
練馬区,hazard,2,マンション防災ガイドブック,https://www.city.nerima.tokyo.jp/kurashi/bosai/johohasshin/tyuukousoujyuutaku.html,防災・安全安心情報,https://www.city.nerima.tokyo.jp/kurashi/bosai/index.html,
練馬区,hazard,2,火災,https://www.city.nerima.tokyo.jp/kurashi/bosai/kasai/index.html,ねりま災害ポータル,https://www.city.nerima.tokyo.jp/kurashi/bosai/saigaipotal/index.html,
練馬区,hazard,2,住宅火災の発生を防ぎましょう,https://www.city.nerima.tokyo.jp/kurashi/bosai/kasai/kasaiyobou.html,区内で特殊詐欺が多発しています,https://www.city.nerima.tokyo.jp/kurashi/bosai/bohan/20230317_.html,
練馬区,hazard,2,蛍光灯をLED照明に取り替えるときにはご注意を！,https://www.city.nerima.tokyo.jp/kurashi/bosai/kasai/keikoutouled.html,防災・安全安心情報,https://www.city.nerima.tokyo.jp/kurashi/bosai/index.html,
練馬区,hazard,2,練馬区業務継続計画（新型インフルエンザ編）,https://www.city.nerima.tokyo.jp/kurashi/bosai/keikaku/06616721120.html,防災・安全安心情報,https://www.city.nerima.tokyo.jp/kurashi/bosai/index.html,
練馬区,hazard,2,練馬区業務継続計画（地震編）,https://www.city.nerima.tokyo.jp/kurashi/bosai/keikaku/bcp-jishin.html,防災・安全安心情報,https://www.city.nerima.tokyo.jp/kurashi/bosai/index.html,
練馬区,hazard,2,練馬区地域防災計画,https://www.city.nerima.tokyo.jp/kurashi/bosai/keikaku/chiikibou_r5.html,防災・安全安心情報,https://www.city.nerima.tokyo.jp/kurashi/bosai/index.html,
練馬区,hazard,2,新型コロナウイルス感染症対策に係る「練馬区モデル」の展開,https://www.city.nerima.tokyo.jp/kurashi/bosai/keikaku/coronatenkai.html,防災・安全安心情報,https://www.city.nerima.tokyo.jp/kurashi/bosai/index.html,
練馬区,hazard,2,計画・資料・マニュアル,https://www.city.nerima.tokyo.jp/kurashi/bosai/keikaku/index.html,防災・安全安心情報,https://www.city.nerima.tokyo.jp/kurashi/bosai/index.html,
練馬区,hazard,2,練馬区国土強靱化地域計画,https://www.city.nerima.tokyo.jp/kurashi/bosai/keikaku/kokudokyoujinka.html,防災・安全安心情報,https://www.city.nerima.tokyo.jp/kurashi/bosai/index.html,
練馬区,hazard,2,新たな感染症の危機に備える練馬区行動計画（練馬区新型インフルエンザ等対策行動計画）,https://www.city.nerima.tokyo.jp/kurashi/bosai/keikaku/singatainhurukeikaku.html,防災・安全安心情報,https://www.city.nerima.tokyo.jp/kurashi/bosai/index.html,
練馬区,hazard,2,帰宅困難者対策,https://www.city.nerima.tokyo.jp/kurashi/bosai/kitaku_konnan.html,防災・安全安心情報,https://www.city.nerima.tokyo.jp/kurashi/bosai/index.html,
練馬区,hazard,2,国民保護（テロ・ミサイルなど）,https://www.city.nerima.tokyo.jp/kurashi/bosai/kokuminhogo/index.html,ねりま災害ポータル,https://www.city.nerima.tokyo.jp/kurashi/bosai/saigaipotal/index.html,
練馬区,hazard,2,弾道ミサイルが落下する可能性がある場合にとるべき行動について,https://www.city.nerima.tokyo.jp/kurashi/bosai/kokuminhogo/izatoiutoki.html,ねりま災害ポータル,https://www.city.nerima.tokyo.jp/kurashi/bosai/saigaipotal/index.html,
練馬区,hazard,2,災害協定,https://www.city.nerima.tokyo.jp/kurashi/bosai/kyotei/index.html,防災・安全安心情報,https://www.city.nerima.tokyo.jp/kurashi/bosai/index.html,
練馬区,hazard,2,お知らせ一覧（防災・防犯、安全・安心）,https://www.city.nerima.tokyo.jp/kurashi/bosai/oshirase/index.html,ねりま災害ポータル,https://www.city.nerima.tokyo.jp/kurashi/bosai/saigaipotal/index.html,
練馬区,hazard,2,自動通話録音機の無料貸し出しについて,https://www.city.nerima.tokyo.jp/kurashi/bosai/oshirase/jidotsuwarokuonki.html,区内で特殊詐欺が多発しています,https://www.city.nerima.tokyo.jp/kurashi/bosai/bohan/20230317_.html,
練馬区,hazard,2,り災証明書等の発行について,https://www.city.nerima.tokyo.jp/kurashi/bosai/risaisyoumei.html,ねりま災害ポータル,https://www.city.nerima.tokyo.jp/kurashi/bosai/saigaipotal/index.html,
練馬区,hazard,2,振り込め詐欺対策用留守番電話メッセージ,https://www.city.nerima.tokyo.jp/kurashi/bosai/rusuban.html,ねりま災害ポータル,https://www.city.nerima.tokyo.jp/kurashi/bosai/saigaipotal/index.html,
練馬区,hazard,2,防災学習,https://www.city.nerima.tokyo.jp/kurashi/bosai/saigaipotal/bousaigakusyuu.html,ねりま災害ポータル,https://www.city.nerima.tokyo.jp/kurashi/bosai/saigaipotal/index.html,
練馬区,hazard,2,発令中の避難情報,https://www.city.nerima.tokyo.jp/kurashi/bosai/saigaipotal/hinannzyouhou.html,ねりま災害ポータル,https://www.city.nerima.tokyo.jp/kurashi/bosai/saigaipotal/index.html,
練馬区,hazard,2,風水害編,https://www.city.nerima.tokyo.jp/kurashi/bosai/saigaipotal/huusuigaihen.html,ねりま災害ポータル,https://www.city.nerima.tokyo.jp/kurashi/bosai/saigaipotal/index.html,
練馬区,hazard,2,このページの本文へ移動,https://www.city.nerima.tokyo.jp/kurashi/bosai/saigaipotal/index.html#CONT,ねりま災害ポータル,https://www.city.nerima.tokyo.jp/kurashi/bosai/saigaipotal/index.html,
練馬区,hazard,2,,https://www.city.nerima.tokyo.jp/kurashi/bosai/saigaipotal/index.html#PTOP,ねりま災害ポータル,https://www.city.nerima.tokyo.jp/kurashi/bosai/saigaipotal/index.html,
練馬区,hazard,2,河川の水位情報（定点映像など）,https://www.city.nerima.tokyo.jp/kurashi/bosai/saigaipotal/kasennsuiizyouhou.html,ねりま災害ポータル,https://www.city.nerima.tokyo.jp/kurashi/bosai/saigaipotal/index.html,
練馬区,hazard,2,道路,https://www.city.nerima.tokyo.jp/kurashi/bosai/saigaipotal/koukyou-jouhou.html#cms054CA,ねりま災害ポータル,https://www.city.nerima.tokyo.jp/kurashi/bosai/saigaipotal/index.html,
練馬区,hazard,2,通信（携帯電話・固定電話）,https://www.city.nerima.tokyo.jp/kurashi/bosai/saigaipotal/koukyou-jouhou.html#cms445E8,ねりま災害ポータル,https://www.city.nerima.tokyo.jp/kurashi/bosai/saigaipotal/index.html,
練馬区,hazard,2,電気、ガス、水道、下水道,https://www.city.nerima.tokyo.jp/kurashi/bosai/saigaipotal/koukyou-jouhou.html#cms69BC2,ねりま災害ポータル,https://www.city.nerima.tokyo.jp/kurashi/bosai/saigaipotal/index.html,
練馬区,hazard,2,バス,https://www.city.nerima.tokyo.jp/kurashi/bosai/saigaipotal/koukyou-jouhou.html#cmsA8AC3,ねりま災害ポータル,https://www.city.nerima.tokyo.jp/kurashi/bosai/saigaipotal/index.html,
練馬区,hazard,2,鉄道,https://www.city.nerima.tokyo.jp/kurashi/bosai/saigaipotal/koukyou-jouhou.html#cmsCC91A,ねりま災害ポータル,https://www.city.nerima.tokyo.jp/kurashi/bosai/saigaipotal/index.html,
練馬区,hazard,2,地震編,https://www.city.nerima.tokyo.jp/kurashi/bosai/saigaipotal/zisinhen.html,ねりま災害ポータル,https://www.city.nerima.tokyo.jp/kurashi/bosai/saigaipotal/index.html,
練馬区,hazard,2,浸水履歴,https://www.city.nerima.tokyo.jp/kurashi/bosai/suigai/06614523120170714.html,防災・安全安心情報,https://www.city.nerima.tokyo.jp/kurashi/bosai/index.html,
練馬区,hazard,2,練馬区土砂災害ハザードマップ,https://www.city.nerima.tokyo.jp/kurashi/bosai/suigai/20171206.html,防災・安全安心情報,https://www.city.nerima.tokyo.jp/kurashi/bosai/index.html,
練馬区,hazard,2,風水害時の情報収集,https://www.city.nerima.tokyo.jp/kurashi/bosai/suigai/ame_anataha.html,ねりま災害ポータル,https://www.city.nerima.tokyo.jp/kurashi/bosai/saigaipotal/index.html,
練馬区,hazard,2,風水害に備える,https://www.city.nerima.tokyo.jp/kurashi/bosai/suigai/ame_sonae.html,防災・安全安心情報,https://www.city.nerima.tokyo.jp/kurashi/bosai/index.html,
練馬区,hazard,2,土砂災害警戒区域等の指定について,https://www.city.nerima.tokyo.jp/kurashi/bosai/suigai/dosha.html,防災・安全安心情報,https://www.city.nerima.tokyo.jp/kurashi/bosai/index.html,
練馬区,hazard,2,風水害のよくある質問,https://www.city.nerima.tokyo.jp/kurashi/bosai/suigai/fusugaiyokuarusitumo.html,ねりま災害ポータル,https://www.city.nerima.tokyo.jp/kurashi/bosai/saigaipotal/index.html,
練馬区,hazard,2,練馬区水害ハザードマップ,https://www.city.nerima.tokyo.jp/kurashi/bosai/suigai/hazardmap.html,防災・安全安心情報,https://www.city.nerima.tokyo.jp/kurashi/bosai/index.html,
練馬区,hazard,2,要配慮者利用施設の備え,https://www.city.nerima.tokyo.jp/kurashi/bosai/suigai/hinannkakuhokeikaku.html,防災・安全安心情報,https://www.city.nerima.tokyo.jp/kurashi/bosai/index.html,
練馬区,hazard,2,水害に備える,https://www.city.nerima.tokyo.jp/kurashi/bosai/suigai/index.html,ねりま災害ポータル,https://www.city.nerima.tokyo.jp/kurashi/bosai/saigaipotal/index.html,
練馬区,hazard,2,避難所（風水害）の開設状況,https://www.city.nerima.tokyo.jp/kurashi/bosai/suigai/kaisetuhinanjo.html,ねりま災害ポータル,https://www.city.nerima.tokyo.jp/kurashi/bosai/saigaipotal/index.html,
練馬区,hazard,2,風水害時の避難,https://www.city.nerima.tokyo.jp/kurashi/bosai/suigai/suigaihinan.html,防災・安全安心情報,https://www.city.nerima.tokyo.jp/kurashi/bosai/index.html,
練馬区,hazard,2,水害時専用コールセンター,https://www.city.nerima.tokyo.jp/kurashi/bosai/suigai/suisaigaikorusennta.html,ねりま災害ポータル,https://www.city.nerima.tokyo.jp/kurashi/bosai/saigaipotal/index.html,
練馬区,hazard,2,地域別防災マップ,https://www.city.nerima.tokyo.jp/kurashi/bosai/tiikibetubosai-map/index.html,ねりま災害ポータル,https://www.city.nerima.tokyo.jp/kurashi/bosai/saigaipotal/index.html,
練馬区,hazard,2,防災まちづくり事業（ブロック塀等撤去費用助成制度）,https://www.city.nerima.tokyo.jp/kusei/machi/kakuchiiki/bousaimatidukuri/2021.html,防災・安全安心情報,https://www.city.nerima.tokyo.jp/kurashi/bosai/index.html,
練馬区,hazard,2,練馬区国民保護法制,https://www.city.nerima.tokyo.jp/kusei/omonajorei/bosai/housei.html,防災・安全安心情報,https://www.city.nerima.tokyo.jp/kurashi/bosai/index.html,
練馬区,hazard,2,練馬区危機管理指針,https://www.city.nerima.tokyo.jp/kusei/omonajorei/bosai/shishin.html,防災・安全安心情報,https://www.city.nerima.tokyo.jp/kurashi/bosai/index.html,
練馬区,hazard,2,防災学習センター,https://www.city.nerima.tokyo.jp/shisetsu/bousai/bousaigaku/index.html,防災・安全安心情報,https://www.city.nerima.tokyo.jp/kurashi/bosai/index.html,
練馬区,hazard,3,案件表（作成例）（Word：17KB）,https://www.city.nerima.tokyo.jp/kurashi/bosai/bohan/140502_chiikirenkei.files/ankennhyou.docx,地域防犯防火連携組織を結成しよう！,https://www.city.nerima.tokyo.jp/kurashi/bosai/bohan/140502_chiikirenkei.html,
練馬区,hazard,3,記載例　委任状兼口座振替依頼書（請求者≠口座名義）（PDF：32KB）,https://www.city.nerima.tokyo.jp/kurashi/bosai/bohan/140502_chiikirenkei.files/ininnkouza-mihonn.pdf,地域防犯防火連携組織を結成しよう！,https://www.city.nerima.tokyo.jp/kurashi/bosai/bohan/140502_chiikirenkei.html,
練馬区,hazard,3,委任状兼口座振替依頼書（請求者≠口座名義）（PDF：7KB）,https://www.city.nerima.tokyo.jp/kurashi/bosai/bohan/140502_chiikirenkei.files/ininnkouza.pdf,地域防犯防火連携組織を結成しよう！,https://www.city.nerima.tokyo.jp/kurashi/bosai/bohan/140502_chiikirenkei.html,
練馬区,hazard,3,委任状兼口座振替依頼書（請求者≠口座名義）（Excel：78KB）,https://www.city.nerima.tokyo.jp/kurashi/bosai/bohan/140502_chiikirenkei.files/ininnkouza.xls,地域防犯防火連携組織を結成しよう！,https://www.city.nerima.tokyo.jp/kurashi/bosai/bohan/140502_chiikirenkei.html,
練馬区,hazard,3,開催通知（作成例）（Word：15KB）,https://www.city.nerima.tokyo.jp/kurashi/bosai/bohan/140502_chiikirenkei.files/kaisaituuti.docx,地域防犯防火連携組織を結成しよう！,https://www.city.nerima.tokyo.jp/kurashi/bosai/bohan/140502_chiikirenkei.html,
練馬区,hazard,3,警察署員の派遣依頼文（作成例）（Word：15KB）,https://www.city.nerima.tokyo.jp/kurashi/bosai/bohan/140502_chiikirenkei.files/keisatusho.docx,地域防犯防火連携組織を結成しよう！,https://www.city.nerima.tokyo.jp/kurashi/bosai/bohan/140502_chiikirenkei.html,
練馬区,hazard,3,記載例　実績報告書（PDF：10KB）,https://www.city.nerima.tokyo.jp/kurashi/bosai/bohan/140502_chiikirenkei.files/kisairei-ziltusekihoukokusyo.pdf,地域防犯防火連携組織を結成しよう！,https://www.city.nerima.tokyo.jp/kurashi/bosai/bohan/140502_chiikirenkei.html,
練馬区,hazard,3,記載例　補助金交付申請書（PDF：9KB）,https://www.city.nerima.tokyo.jp/kurashi/bosai/bohan/140502_chiikirenkei.files/kisairei_koufusinsei.pdf,地域防犯防火連携組織を結成しよう！,https://www.city.nerima.tokyo.jp/kurashi/bosai/bohan/140502_chiikirenkei.html,
練馬区,hazard,3,記載例　登録第1号様式（登録申請書）（PDF：56KB）,https://www.city.nerima.tokyo.jp/kurashi/bosai/bohan/140502_chiikirenkei.files/kisairei_touroku.pdf,地域防犯防火連携組織を結成しよう！,https://www.city.nerima.tokyo.jp/kurashi/bosai/bohan/140502_chiikirenkei.html,
練馬区,hazard,3,補助金交付申請書（Word：63KB）,https://www.city.nerima.tokyo.jp/kurashi/bosai/bohan/140502_chiikirenkei.files/koufusinsei.doc,地域防犯防火連携組織を結成しよう！,https://www.city.nerima.tokyo.jp/kurashi/bosai/bohan/140502_chiikirenkei.html,
練馬区,hazard,3,補助金交付申請書（PDF：8KB）,https://www.city.nerima.tokyo.jp/kurashi/bosai/bohan/140502_chiikirenkei.files/koufusinsei.pdf,地域防犯防火連携組織を結成しよう！,https://www.city.nerima.tokyo.jp/kurashi/bosai/bohan/140502_chiikirenkei.html,
練馬区,hazard,3,領収書等添付用紙（Word：22KB）,https://www.city.nerima.tokyo.jp/kurashi/bosai/bohan/140502_chiikirenkei.files/ryoushuushotennpu.docx,地域防犯防火連携組織を結成しよう！,https://www.city.nerima.tokyo.jp/kurashi/bosai/bohan/140502_chiikirenkei.html,
練馬区,hazard,3,記載例　請求書（PDF：5KB）,https://www.city.nerima.tokyo.jp/kurashi/bosai/bohan/140502_chiikirenkei.files/seikyuu-mihonn.pdf,地域防犯防火連携組織を結成しよう！,https://www.city.nerima.tokyo.jp/kurashi/bosai/bohan/140502_chiikirenkei.html,
練馬区,hazard,3,請求書（Word：29KB）,https://www.city.nerima.tokyo.jp/kurashi/bosai/bohan/140502_chiikirenkei.files/seikyuu.doc,地域防犯防火連携組織を結成しよう！,https://www.city.nerima.tokyo.jp/kurashi/bosai/bohan/140502_chiikirenkei.html,
練馬区,hazard,3,請求書（PDF：4KB）,https://www.city.nerima.tokyo.jp/kurashi/bosai/bohan/140502_chiikirenkei.files/seikyuu.pdf,地域防犯防火連携組織を結成しよう！,https://www.city.nerima.tokyo.jp/kurashi/bosai/bohan/140502_chiikirenkei.html,
練馬区,hazard,3,支払金口座振替依頼書（請求者＝口座名義）（PDF：9KB）,https://www.city.nerima.tokyo.jp/kurashi/bosai/bohan/140502_chiikirenkei.files/shiharaikouza.pdf,地域防犯防火連携組織を結成しよう！,https://www.city.nerima.tokyo.jp/kurashi/bosai/bohan/140502_chiikirenkei.html,
練馬区,hazard,3,記載例　支払金口座振替依頼書（請求者＝口座名義）（PDF：14KB）,https://www.city.nerima.tokyo.jp/kurashi/bosai/bohan/140502_chiikirenkei.files/siharaikouza-mihonn.pdf,地域防犯防火連携組織を結成しよう！,https://www.city.nerima.tokyo.jp/kurashi/bosai/bohan/140502_chiikirenkei.html,
練馬区,hazard,3,支払金口座振替依頼書（請求者＝口座名義）（Excel：37KB）,https://www.city.nerima.tokyo.jp/kurashi/bosai/bohan/140502_chiikirenkei.files/siharaikouza.xls,地域防犯防火連携組織を結成しよう！,https://www.city.nerima.tokyo.jp/kurashi/bosai/bohan/140502_chiikirenkei.html,
練馬区,hazard,3,登録第1号様式（登録申請書）（Word：67KB）,https://www.city.nerima.tokyo.jp/kurashi/bosai/bohan/140502_chiikirenkei.files/touroku.doc,地域防犯防火連携組織を結成しよう！,https://www.city.nerima.tokyo.jp/kurashi/bosai/bohan/140502_chiikirenkei.html,
練馬区,hazard,3,登録第1号様式（登録申請書）（PDF：6KB）,https://www.city.nerima.tokyo.jp/kurashi/bosai/bohan/140502_chiikirenkei.files/touroku.pdf,地域防犯防火連携組織を結成しよう！,https://www.city.nerima.tokyo.jp/kurashi/bosai/bohan/140502_chiikirenkei.html,
練馬区,hazard,3,実績報告書（Word：58KB）,https://www.city.nerima.tokyo.jp/kurashi/bosai/bohan/140502_chiikirenkei.files/ziltusekihoukoku.doc,地域防犯防火連携組織を結成しよう！,https://www.city.nerima.tokyo.jp/kurashi/bosai/bohan/140502_chiikirenkei.html,
練馬区,hazard,3,実績報告書（PDF：7KB）,https://www.city.nerima.tokyo.jp/kurashi/bosai/bohan/140502_chiikirenkei.files/ziltusekihoukokusyo.pdf,地域防犯防火連携組織を結成しよう！,https://www.city.nerima.tokyo.jp/kurashi/bosai/bohan/140502_chiikirenkei.html,
練馬区,hazard,3,このページの本文へ移動,https://www.city.nerima.tokyo.jp/kurashi/bosai/bohan/140502_chiikirenkei.html#CONT,地域防犯防火連携組織を結成しよう！,https://www.city.nerima.tokyo.jp/kurashi/bosai/bohan/140502_chiikirenkei.html,
練馬区,hazard,3,,https://www.city.nerima.tokyo.jp/kurashi/bosai/bohan/140502_chiikirenkei.html#PTOP,地域防犯防火連携組織を結成しよう！,https://www.city.nerima.tokyo.jp/kurashi/bosai/bohan/140502_chiikirenkei.html,
練馬区,hazard,3,記載例（PDF：49KB）,https://www.city.nerima.tokyo.jp/kurashi/bosai/bohan/bouhanbuza-.files/kisairei1.pdf,防犯ブザーの配布,https://www.city.nerima.tokyo.jp/kurashi/bosai/bohan/bouhanbuza-.html,
練馬区,hazard,3,記載例（PDF：53KB）,https://www.city.nerima.tokyo.jp/kurashi/bosai/bohan/bouhanbuza-.files/kisairei2.pdf,防犯ブザーの配布,https://www.city.nerima.tokyo.jp/kurashi/bosai/bohan/bouhanbuza-.html,
練馬区,hazard,3,防犯ブザー申込書（PDF版）（PDF：48KB）,https://www.city.nerima.tokyo.jp/kurashi/bosai/bohan/bouhanbuza-.files/mousikomisyo1.pdf,防犯ブザーの配布,https://www.city.nerima.tokyo.jp/kurashi/bosai/bohan/bouhanbuza-.html,
練馬区,hazard,3,防犯ブザー申込書（Excel版）（Excel：11KB）,https://www.city.nerima.tokyo.jp/kurashi/bosai/bohan/bouhanbuza-.files/mousikomisyo1.xlsx,防犯ブザーの配布,https://www.city.nerima.tokyo.jp/kurashi/bosai/bohan/bouhanbuza-.html,
練馬区,hazard,3,防犯ブザー申込書（PDF版）（PDF：52KB）,https://www.city.nerima.tokyo.jp/kurashi/bosai/bohan/bouhanbuza-.files/mousikomisyo2.pdf,防犯ブザーの配布,https://www.city.nerima.tokyo.jp/kurashi/bosai/bohan/bouhanbuza-.html,
練馬区,hazard,3,防犯ブザー申込書（Excel版）（Excel：11KB）,https://www.city.nerima.tokyo.jp/kurashi/bosai/bohan/bouhanbuza-.files/mousikomisyo2.xlsx,防犯ブザーの配布,https://www.city.nerima.tokyo.jp/kurashi/bosai/bohan/bouhanbuza-.html,
練馬区,hazard,3,このページの本文へ移動,https://www.city.nerima.tokyo.jp/kurashi/bosai/bohan/bouhanbuza-.html#CONT,防犯ブザーの配布,https://www.city.nerima.tokyo.jp/kurashi/bosai/bohan/bouhanbuza-.html,
練馬区,hazard,3,,https://www.city.nerima.tokyo.jp/kurashi/bosai/bohan/bouhanbuza-.html#PTOP,防犯ブザーの配布,https://www.city.nerima.tokyo.jp/kurashi/bosai/bohan/bouhanbuza-.html,
練馬区,hazard,3,このページの本文へ移動,https://www.city.nerima.tokyo.jp/kurashi/bosai/bohan/dai3i.html#CONT,第3位！第53回東京都消防操法大会！,https://www.city.nerima.tokyo.jp/kurashi/bosai/bohan/dai3i.html,
練馬区,hazard,3,,https://www.city.nerima.tokyo.jp/kurashi/bosai/bohan/dai3i.html#PTOP,第3位！第53回東京都消防操法大会！,https://www.city.nerima.tokyo.jp/kurashi/bosai/bohan/dai3i.html,
練馬区,hazard,3,"防犯・防火ハンドブック（英語版）（PDF：5,519KB）",https://www.city.nerima.tokyo.jp/kurashi/bosai/bohan/handbook.files/eigoban.pdf,防犯・防火ハンドブック,https://www.city.nerima.tokyo.jp/kurashi/bosai/bohan/handbook.html,
練馬区,hazard,3,"防犯・防火ハンドブック（韓国語版）（PDF：3,926KB）",https://www.city.nerima.tokyo.jp/kurashi/bosai/bohan/handbook.files/kankokugo.pdf,防犯・防火ハンドブック,https://www.city.nerima.tokyo.jp/kurashi/bosai/bohan/handbook.html,
練馬区,hazard,3,"防犯・防火ハンドブック（日本語版）（PDF：7,853KB）",https://www.city.nerima.tokyo.jp/kurashi/bosai/bohan/handbook.files/nihongo.pdf,防犯・防火ハンドブック,https://www.city.nerima.tokyo.jp/kurashi/bosai/bohan/handbook.html,
練馬区,hazard,3,"防犯・防火ハンドブック（中国語版）（PDF：7,505KB）",https://www.city.nerima.tokyo.jp/kurashi/bosai/bohan/handbook.files/tyuugokugo.pdf,防犯・防火ハンドブック,https://www.city.nerima.tokyo.jp/kurashi/bosai/bohan/handbook.html,
練馬区,hazard,3,このページの本文へ移動,https://www.city.nerima.tokyo.jp/kurashi/bosai/bohan/handbook.html#CONT,防犯・防火ハンドブック,https://www.city.nerima.tokyo.jp/kurashi/bosai/bohan/handbook.html,
練馬区,hazard,3,,https://www.city.nerima.tokyo.jp/kurashi/bosai/bohan/handbook.html#PTOP,防犯・防火ハンドブック,https://www.city.nerima.tokyo.jp/kurashi/bosai/bohan/handbook.html,
練馬区,hazard,3,特殊詐欺被害防止情報,https://www.city.nerima.tokyo.jp/kurashi/bosai/bohan/higai/higai25/sagi/furikomi.html,安全・安心（防犯・防火）,https://www.city.nerima.tokyo.jp/kurashi/bosai/bohan/index.html,
練馬区,hazard,3,このページの本文へ移動,https://www.city.nerima.tokyo.jp/kurashi/bosai/bohan/index.html#CONT,安全・安心（防犯・防火）,https://www.city.nerima.tokyo.jp/kurashi/bosai/bohan/index.html,
練馬区,hazard,3,,https://www.city.nerima.tokyo.jp/kurashi/bosai/bohan/index.html#PTOP,安全・安心（防犯・防火）,https://www.city.nerima.tokyo.jp/kurashi/bosai/bohan/index.html,
練馬区,hazard,3,練馬区内における特殊詐欺被害額（前年同期比）（PDF：168KB）,https://www.city.nerima.tokyo.jp/kurashi/bosai/bohan/kanpukin.files/0802higaigaku.pdf,特殊詐欺（還付金詐欺・オレオレ詐欺など）について,https://www.city.nerima.tokyo.jp/kurashi/bosai/bohan/kanpukin.html,
練馬区,hazard,3,練馬区内における特殊詐欺被害件数（前年同期比）（PDF：163KB）,https://www.city.nerima.tokyo.jp/kurashi/bosai/bohan/kanpukin.files/0802higaikensuu.pdf,特殊詐欺（還付金詐欺・オレオレ詐欺など）について,https://www.city.nerima.tokyo.jp/kurashi/bosai/bohan/kanpukin.html,
練馬区,hazard,3,振り込め詐欺チェックシート（PDF：102KB）,https://www.city.nerima.tokyo.jp/kurashi/bosai/bohan/kanpukin.files/checksi-to.pdf,特殊詐欺（還付金詐欺・オレオレ詐欺など）について,https://www.city.nerima.tokyo.jp/kurashi/bosai/bohan/kanpukin.html,
練馬区,hazard,3,"特殊詐欺注意喚起リーフレット（PDF：1,052KB）",https://www.city.nerima.tokyo.jp/kurashi/bosai/bohan/kanpukin.files/tokusyusagiri-furetto.pdf,特殊詐欺（還付金詐欺・オレオレ詐欺など）について,https://www.city.nerima.tokyo.jp/kurashi/bosai/bohan/kanpukin.html,
練馬区,hazard,3,このページの本文へ移動,https://www.city.nerima.tokyo.jp/kurashi/bosai/bohan/kanpukin.html#CONT,特殊詐欺（還付金詐欺・オレオレ詐欺など）について,https://www.city.nerima.tokyo.jp/kurashi/bosai/bohan/kanpukin.html,
練馬区,hazard,3,,https://www.city.nerima.tokyo.jp/kurashi/bosai/bohan/kanpukin.html#PTOP,特殊詐欺（還付金詐欺・オレオレ詐欺など）について,https://www.city.nerima.tokyo.jp/kurashi/bosai/bohan/kanpukin.html,
練馬区,hazard,3,このページの本文へ移動,https://www.city.nerima.tokyo.jp/kurashi/bosai/bohan/network.html#CONT,ねりま安全・安心パトロールネットワーク,https://www.city.nerima.tokyo.jp/kurashi/bosai/bohan/network.html,
練馬区,hazard,3,,https://www.city.nerima.tokyo.jp/kurashi/bosai/bohan/network.html#PTOP,ねりま安全・安心パトロールネットワーク,https://www.city.nerima.tokyo.jp/kurashi/bosai/bohan/network.html,
練馬区,hazard,3,安全・安心パトロールカーで防犯に関する放送をしています,https://www.city.nerima.tokyo.jp/kurashi/bosai/bohan/patrolcar/hoso.html,安全・安心パトロールカー,https://www.city.nerima.tokyo.jp/kurashi/bosai/bohan/patrolcar/index.html,
練馬区,hazard,3,このページの本文へ移動,https://www.city.nerima.tokyo.jp/kurashi/bosai/bohan/patrolcar/index.html#CONT,安全・安心パトロールカー,https://www.city.nerima.tokyo.jp/kurashi/bosai/bohan/patrolcar/index.html,
練馬区,hazard,3,,https://www.city.nerima.tokyo.jp/kurashi/bosai/bohan/patrolcar/index.html#PTOP,安全・安心パトロールカー,https://www.city.nerima.tokyo.jp/kurashi/bosai/bohan/patrolcar/index.html,
練馬区,hazard,3,練馬区安全・安心パトロールカー,https://www.city.nerima.tokyo.jp/kurashi/bosai/bohan/patrolcar/intro.html,安全・安心パトロールカー,https://www.city.nerima.tokyo.jp/kurashi/bosai/bohan/patrolcar/index.html,
練馬区,hazard,3,練馬区安全・安心パトロールカーを貸し出します,https://www.city.nerima.tokyo.jp/kurashi/bosai/bohan/patrolcar/rental.html,安全・安心パトロールカー,https://www.city.nerima.tokyo.jp/kurashi/bosai/bohan/patrolcar/index.html,
練馬区,hazard,3,町会・自治会および商店会向け防犯カメラなどの防犯設備設置費補助,https://www.city.nerima.tokyo.jp/kurashi/bosai/bohan/seibihihojo/bohan.html,防犯設備整備費補助制度,https://www.city.nerima.tokyo.jp/kurashi/bosai/bohan/seibihihojo/index.html,
練馬区,hazard,3,このページの本文へ移動,https://www.city.nerima.tokyo.jp/kurashi/bosai/bohan/seibihihojo/index.html#CONT,防犯設備整備費補助制度,https://www.city.nerima.tokyo.jp/kurashi/bosai/bohan/seibihihojo/index.html,
練馬区,hazard,3,,https://www.city.nerima.tokyo.jp/kurashi/bosai/bohan/seibihihojo/index.html#PTOP,防犯設備整備費補助制度,https://www.city.nerima.tokyo.jp/kurashi/bosai/bohan/seibihihojo/index.html,
練馬区,hazard,3,防犯カメラ維持管理費補助,https://www.city.nerima.tokyo.jp/kurashi/bosai/bohan/seibihihojo/kameraijikanri.html,防犯設備整備費補助制度,https://www.city.nerima.tokyo.jp/kurashi/bosai/bohan/seibihihojo/index.html,
練馬区,hazard,3,このページの本文へ移動,https://www.city.nerima.tokyo.jp/kurashi/bosai/bohan/sinnyuuchuui.html#CONT,自宅を狙った犯罪に注意しましょう,https://www.city.nerima.tokyo.jp/kurashi/bosai/bohan/sinnyuuchuui.html,
練馬区,hazard,3,,https://www.city.nerima.tokyo.jp/kurashi/bosai/bohan/sinnyuuchuui.html#PTOP,自宅を狙った犯罪に注意しましょう,https://www.city.nerima.tokyo.jp/kurashi/bosai/bohan/sinnyuuchuui.html,
練馬区,hazard,3,・パトロール団体名簿および保険加入・変更申請書（PDF：34KB）,https://www.city.nerima.tokyo.jp/kurashi/bosai/bohan/torokuseido.files/03meibo-2.pdf,パトロール団体登録制度,https://www.city.nerima.tokyo.jp/kurashi/bosai/bohan/torokuseido.html,
練馬区,hazard,3,・記載例　パトロール団体名簿および保険加入・変更申請書（PDF：135KB）,https://www.city.nerima.tokyo.jp/kurashi/bosai/bohan/torokuseido.files/03meibo-3.pdf,パトロール団体登録制度,https://www.city.nerima.tokyo.jp/kurashi/bosai/bohan/torokuseido.html,
練馬区,hazard,3,・パトロール団体名簿および保険加入・変更申請書（Word：52KB）,https://www.city.nerima.tokyo.jp/kurashi/bosai/bohan/torokuseido.files/03meibo.doc,パトロール団体登録制度,https://www.city.nerima.tokyo.jp/kurashi/bosai/bohan/torokuseido.html,
練馬区,hazard,3,パトロール団体活動報告書（PDF：98KB）,https://www.city.nerima.tokyo.jp/kurashi/bosai/bohan/torokuseido.files/05katudouhoukokusyo-2.pdf,パトロール団体登録制度,https://www.city.nerima.tokyo.jp/kurashi/bosai/bohan/torokuseido.html,
練馬区,hazard,3,パトロール団体活動報告書（Word：57KB）,https://www.city.nerima.tokyo.jp/kurashi/bosai/bohan/torokuseido.files/05katudouhoukokusyo.doc,パトロール団体登録制度,https://www.city.nerima.tokyo.jp/kurashi/bosai/bohan/torokuseido.html,
練馬区,hazard,3,記載例　パトロール団体活動報告書（Word：62KB）,https://www.city.nerima.tokyo.jp/kurashi/bosai/bohan/torokuseido.files/05kisairei.doc,パトロール団体登録制度,https://www.city.nerima.tokyo.jp/kurashi/bosai/bohan/torokuseido.html,
練馬区,hazard,3,練馬区パトロール団体登録制度のご案内（PDF：489KB）,https://www.city.nerima.tokyo.jp/kurashi/bosai/bohan/torokuseido.files/05pamphlet.pdf,パトロール団体登録制度,https://www.city.nerima.tokyo.jp/kurashi/bosai/bohan/torokuseido.html,
練馬区,hazard,3,パトロール団体廃止届（PDF：58KB）,https://www.city.nerima.tokyo.jp/kurashi/bosai/bohan/torokuseido.files/haishitodoke.pdf,パトロール団体登録制度,https://www.city.nerima.tokyo.jp/kurashi/bosai/bohan/torokuseido.html,
練馬区,hazard,3,パトロール団体廃止届（Word：36KB）,https://www.city.nerima.tokyo.jp/kurashi/bosai/bohan/torokuseido.files/haisitodoke.doc,パトロール団体登録制度,https://www.city.nerima.tokyo.jp/kurashi/bosai/bohan/torokuseido.html,
練馬区,hazard,3,記載例　パトロール団体廃止届（PDF：73KB）,https://www.city.nerima.tokyo.jp/kurashi/bosai/bohan/torokuseido.files/haisitodoke.pdf,パトロール団体登録制度,https://www.city.nerima.tokyo.jp/kurashi/bosai/bohan/torokuseido.html,
練馬区,hazard,3,・子供安全ボランティア活動に係る腕章支給申請書（PDF：106KB）,https://www.city.nerima.tokyo.jp/kurashi/bosai/bohan/torokuseido.files/kodomowansyosikyusinseisyo.pdf,パトロール団体登録制度,https://www.city.nerima.tokyo.jp/kurashi/bosai/bohan/torokuseido.html,
練馬区,hazard,3,・子供安全ボランティア活動に係る腕章支給申請書（Word：19KB）,https://www.city.nerima.tokyo.jp/kurashi/bosai/bohan/torokuseido.files/kodomowansyosinseisyo.docx,パトロール団体登録制度,https://www.city.nerima.tokyo.jp/kurashi/bosai/bohan/torokuseido.html,
練馬区,hazard,3,・登録内容変更届（Word：24KB）,https://www.city.nerima.tokyo.jp/kurashi/bosai/bohan/torokuseido.files/tourokunaiyouhenkoutodoke.docx,パトロール団体登録制度,https://www.city.nerima.tokyo.jp/kurashi/bosai/bohan/torokuseido.html,
練馬区,hazard,3,・登録内容変更届（PDF：100KB）,https://www.city.nerima.tokyo.jp/kurashi/bosai/bohan/torokuseido.files/tourokunaiyouhenkoutodoke.pdf,パトロール団体登録制度,https://www.city.nerima.tokyo.jp/kurashi/bosai/bohan/torokuseido.html,
練馬区,hazard,3,・記載例　登録内容変更届（PDF：109KB）,https://www.city.nerima.tokyo.jp/kurashi/bosai/bohan/torokuseido.files/tourokunaiyouhenkoutodoke2.pdf,パトロール団体登録制度,https://www.city.nerima.tokyo.jp/kurashi/bosai/bohan/torokuseido.html,
練馬区,hazard,3,・パトロール団体登録申請書（Word：43KB）,https://www.city.nerima.tokyo.jp/kurashi/bosai/bohan/torokuseido.files/tourokusinseisyo.doc,パトロール団体登録制度,https://www.city.nerima.tokyo.jp/kurashi/bosai/bohan/torokuseido.html,
練馬区,hazard,3,・パトロール団体登録申請書（PDF：93KB）,https://www.city.nerima.tokyo.jp/kurashi/bosai/bohan/torokuseido.files/tourokusinseisyo2.pdf,パトロール団体登録制度,https://www.city.nerima.tokyo.jp/kurashi/bosai/bohan/torokuseido.html,
練馬区,hazard,3,・記載例　パトロール団体登録申請書（PDF：106KB）,https://www.city.nerima.tokyo.jp/kurashi/bosai/bohan/torokuseido.files/tourokusinseisyo3.pdf,パトロール団体登録制度,https://www.city.nerima.tokyo.jp/kurashi/bosai/bohan/torokuseido.html,
練馬区,hazard,3,・記載例　子供安全ボランティア活動に係る腕章支給申請書（PDF：111KB）,https://www.city.nerima.tokyo.jp/kurashi/bosai/bohan/torokuseido.files/wansyosinseisyo.pdf,パトロール団体登録制度,https://www.city.nerima.tokyo.jp/kurashi/bosai/bohan/torokuseido.html,
練馬区,hazard,3,・記載例　パトロール用品支給申請書（PDF：103KB）,https://www.city.nerima.tokyo.jp/kurashi/bosai/bohan/torokuseido.files/yohinsikyusinseisyo3.pdf,パトロール団体登録制度,https://www.city.nerima.tokyo.jp/kurashi/bosai/bohan/torokuseido.html,
練馬区,hazard,3,・パトロール用品支給申請書（Word：58KB）,https://www.city.nerima.tokyo.jp/kurashi/bosai/bohan/torokuseido.files/youhinsinseisyo.doc,パトロール団体登録制度,https://www.city.nerima.tokyo.jp/kurashi/bosai/bohan/torokuseido.html,
練馬区,hazard,3,・パトロール用品支給申請書（PDF：96KB）,https://www.city.nerima.tokyo.jp/kurashi/bosai/bohan/torokuseido.files/youhinsinseisyo.pdf,パトロール団体登録制度,https://www.city.nerima.tokyo.jp/kurashi/bosai/bohan/torokuseido.html,
練馬区,hazard,3,このページの本文へ移動,https://www.city.nerima.tokyo.jp/kurashi/bosai/bohan/torokuseido.html#CONT,パトロール団体登録制度,https://www.city.nerima.tokyo.jp/kurashi/bosai/bohan/torokuseido.html,
練馬区,hazard,3,,https://www.city.nerima.tokyo.jp/kurashi/bosai/bohan/torokuseido.html#PTOP,パトロール団体登録制度,https://www.city.nerima.tokyo.jp/kurashi/bosai/bohan/torokuseido.html,
練馬区,hazard,3,このページの本文へ移動,https://www.city.nerima.tokyo.jp/kurashi/bosai/bohan/volunteer.html#CONT,学校安全安心ボランティア,https://www.city.nerima.tokyo.jp/kurashi/bosai/bohan/volunteer.html,
練馬区,hazard,3,,https://www.city.nerima.tokyo.jp/kurashi/bosai/bohan/volunteer.html#PTOP,学校安全安心ボランティア,https://www.city.nerima.tokyo.jp/kurashi/bosai/bohan/volunteer.html,
練馬区,hazard,3,【東京都】特殊詐欺加害防止リーフレット（PDF：929KB）,https://www.city.nerima.tokyo.jp/kurashi/bosai/bohan/yamibaito.files/katanbousileaflet.pdf,闇バイトは犯罪です。迷わず相談を！,https://www.city.nerima.tokyo.jp/kurashi/bosai/bohan/yamibaito.html,
練馬区,hazard,3,"【東京都】匿名流動型犯罪グループ加害防止リーフレット（PDF：1,411KB）",https://www.city.nerima.tokyo.jp/kurashi/bosai/bohan/yamibaito.files/tokuryuuleaflet.pdf,闇バイトは犯罪です。迷わず相談を！,https://www.city.nerima.tokyo.jp/kurashi/bosai/bohan/yamibaito.html,
練馬区,hazard,3,"【警視庁】「闇バイト」は犯罪！！（PDF：1,074KB）",https://www.city.nerima.tokyo.jp/kurashi/bosai/bohan/yamibaito.files/yamibaitohahanzai.pdf,闇バイトは犯罪です。迷わず相談を！,https://www.city.nerima.tokyo.jp/kurashi/bosai/bohan/yamibaito.html,
練馬区,hazard,3,このページの本文へ移動,https://www.city.nerima.tokyo.jp/kurashi/bosai/bohan/yamibaito.html#CONT,闇バイトは犯罪です。迷わず相談を！,https://www.city.nerima.tokyo.jp/kurashi/bosai/bohan/yamibaito.html,
練馬区,hazard,3,,https://www.city.nerima.tokyo.jp/kurashi/bosai/bohan/yamibaito.html#PTOP,闇バイトは犯罪です。迷わず相談を！,https://www.city.nerima.tokyo.jp/kurashi/bosai/bohan/yamibaito.html,
練馬区,hazard,3,消防署と区が協力して防火防災診断を実施します（無料）,https://www.city.nerima.tokyo.jp/kurashi/bosai/oshirase/066234091201811.html,自動通話録音機の無料貸し出しについて,https://www.city.nerima.tokyo.jp/kurashi/bosai/oshirase/jidotsuwarokuonki.html,
練馬区,hazard,3,練馬区災害ボランティアを募集します,https://www.city.nerima.tokyo.jp/kurashi/bosai/oshirase/20141301.html,自動通話録音機の無料貸し出しについて,https://www.city.nerima.tokyo.jp/kurashi/bosai/oshirase/jidotsuwarokuonki.html,
練馬区,hazard,3,大雨により被害を受けた皆さまへ,https://www.city.nerima.tokyo.jp/kurashi/bosai/oshirase/220706notice.html,自動通話録音機の無料貸し出しについて,https://www.city.nerima.tokyo.jp/kurashi/bosai/oshirase/jidotsuwarokuonki.html,
練馬区,hazard,3,無線放送塔からの放送内容を電話で確認できます,https://www.city.nerima.tokyo.jp/kurashi/bosai/oshirase/automatic-answer.html,自動通話録音機の無料貸し出しについて,https://www.city.nerima.tokyo.jp/kurashi/bosai/oshirase/jidotsuwarokuonki.html,
練馬区,hazard,3,新型コロナウイルス感染症に関連した詐欺などにご注意ください,https://www.city.nerima.tokyo.jp/kurashi/bosai/oshirase/coronasagi.html,自動通話録音機の無料貸し出しについて,https://www.city.nerima.tokyo.jp/kurashi/bosai/oshirase/jidotsuwarokuonki.html,
練馬区,hazard,3,全国瞬時警報システム（Jアラート）全国一斉情報伝達試験の実施について,https://www.city.nerima.tokyo.jp/kurashi/bosai/oshirase/jalert.html,自動通話録音機の無料貸し出しについて,https://www.city.nerima.tokyo.jp/kurashi/bosai/oshirase/jidotsuwarokuonki.html,
練馬区,hazard,3,このページの本文へ移動,https://www.city.nerima.tokyo.jp/kurashi/bosai/oshirase/jidotsuwarokuonki.html#CONT,自動通話録音機の無料貸し出しについて,https://www.city.nerima.tokyo.jp/kurashi/bosai/oshirase/jidotsuwarokuonki.html,
練馬区,hazard,3,,https://www.city.nerima.tokyo.jp/kurashi/bosai/oshirase/jidotsuwarokuonki.html#PTOP,自動通話録音機の無料貸し出しについて,https://www.city.nerima.tokyo.jp/kurashi/bosai/oshirase/jidotsuwarokuonki.html,
練馬区,hazard,3,水道水のくみ置きを習慣にしましょう,https://www.city.nerima.tokyo.jp/kurashi/bosai/oshirase/kumioki.html,自動通話録音機の無料貸し出しについて,https://www.city.nerima.tokyo.jp/kurashi/bosai/oshirase/jidotsuwarokuonki.html,
練馬区,hazard,3,群馬県前橋市の災害に関する情報,https://www.city.nerima.tokyo.jp/kurashi/bosai/oshirase/maebashi.html,自動通話録音機の無料貸し出しについて,https://www.city.nerima.tokyo.jp/kurashi/bosai/oshirase/jidotsuwarokuonki.html,
練馬区,hazard,3,北朝鮮の弾道ミサイル技術を使用した発射に断固抗議する声明を発表しました,https://www.city.nerima.tokyo.jp/kurashi/bosai/oshirase/misairu.html,自動通話録音機の無料貸し出しについて,https://www.city.nerima.tokyo.jp/kurashi/bosai/oshirase/jidotsuwarokuonki.html,
練馬区,hazard,3,内閣府からのお知らせ（重要土地等調査法について）,https://www.city.nerima.tokyo.jp/kurashi/bosai/oshirase/naikakuhu.html,自動通話録音機の無料貸し出しについて,https://www.city.nerima.tokyo.jp/kurashi/bosai/oshirase/jidotsuwarokuonki.html,
練馬区,hazard,3,南海トラフ地震臨時情報（巨大地震注意）発表に伴う政府の「特別な注意の呼びかけ」終了について,https://www.city.nerima.tokyo.jp/kurashi/bosai/oshirase/nannkaitorahu.html,自動通話録音機の無料貸し出しについて,https://www.city.nerima.tokyo.jp/kurashi/bosai/oshirase/jidotsuwarokuonki.html,
練馬区,hazard,3,練馬区震度情報（外部サイト）へのアクセスについて,https://www.city.nerima.tokyo.jp/kurashi/bosai/oshirase/sindojyouhou.html,自動通話録音機の無料貸し出しについて,https://www.city.nerima.tokyo.jp/kurashi/bosai/oshirase/jidotsuwarokuonki.html,
練馬区,hazard,3,降雪、積雪にご注意ください,https://www.city.nerima.tokyo.jp/kurashi/bosai/oshirase/snow/index.html,自動通話録音機の無料貸し出しについて,https://www.city.nerima.tokyo.jp/kurashi/bosai/oshirase/jidotsuwarokuonki.html,
練馬区,hazard,3,全国瞬時警報システム（Jアラート）により配信される国民保護情報の多言語配信の対応言語を拡大しました。,https://www.city.nerima.tokyo.jp/kurashi/bosai/oshirase/tagengo300511.html,自動通話録音機の無料貸し出しについて,https://www.city.nerima.tokyo.jp/kurashi/bosai/oshirase/jidotsuwarokuonki.html,
練馬区,hazard,3,区内へ避難されている方の「練馬区避難者登録制度」を行っています,https://www.city.nerima.tokyo.jp/kurashi/bosai/oshirase/touroku.html,自動通話録音機の無料貸し出しについて,https://www.city.nerima.tokyo.jp/kurashi/bosai/oshirase/jidotsuwarokuonki.html,
練馬区,hazard,3,特殊詐欺の新たな手口が報告されています,https://www.city.nerima.tokyo.jp/kurashi/bosai/oshirase/zenginkyoufuusyo.html,自動通話録音機の無料貸し出しについて,https://www.city.nerima.tokyo.jp/kurashi/bosai/oshirase/jidotsuwarokuonki.html,
練馬区,hazard,3,「全国避難者情報システム」へご登録ください,https://www.city.nerima.tokyo.jp/kurashi/bosai/oshirase/zenkoku.html,自動通話録音機の無料貸し出しについて,https://www.city.nerima.tokyo.jp/kurashi/bosai/oshirase/jidotsuwarokuonki.html,
練馬区,hazard,3,練馬区暴力団排除条例,https://www.city.nerima.tokyo.jp/kusei/omonajorei/bosai/066167211201.html,自動通話録音機の無料貸し出しについて,https://www.city.nerima.tokyo.jp/kurashi/bosai/oshirase/jidotsuwarokuonki.html,
練馬区,road,2,河川の水位情報（定点映像など）,https://www.city.nerima.tokyo.jp/kurashi/bosai/saigaipotal/kasennsuiizyouhou.html,ねりま災害ポータル,https://www.city.nerima.tokyo.jp/kurashi/bosai/saigaipotal/index.html,
練馬区,road,2,道路,https://www.city.nerima.tokyo.jp/kurashi/bosai/saigaipotal/koukyou-jouhou.html#cms054CA,ねりま災害ポータル,https://www.city.nerima.tokyo.jp/kurashi/bosai/saigaipotal/index.html,
練馬区,road,2,住まい・交通・道路,https://www.city.nerima.tokyo.jp/kurashi/sumai/index.html,防災・安全安心情報,https://www.city.nerima.tokyo.jp/kurashi/bosai/index.html,
荒川区,building_guidance,2,災害時地域貢献建築物の認定・助成制度,https://www.city.arakawa.tokyo.jp/machizukuridoboku/kenchikukaihatsu/saigaiji/index.html,防災サイト,https://www.city.arakawa.tokyo.jp/bousai/bousaijouhou/index.html,
荒川区,building_guidance,3,認定建築物,https://www.city.arakawa.tokyo.jp/a040/machizukuridoboku/kenchikukaihatsu/ninteikentikubutu.html,災害時地域貢献建築物の認定・助成制度,https://www.city.arakawa.tokyo.jp/machizukuridoboku/kenchikukaihatsu/saigaiji/index.html,
荒川区,building_guidance,3,災害時地域貢献建築物の認定・助成制度,https://www.city.arakawa.tokyo.jp/a040/machizukuridoboku/kenchikukaihatsu/zyoseiseidowosousetu.html,災害時地域貢献建築物の認定・助成制度,https://www.city.arakawa.tokyo.jp/machizukuridoboku/kenchikukaihatsu/saigaiji/index.html,
荒川区,building_guidance,3,建築物等の定期調査報告,https://www.city.arakawa.tokyo.jp/a044/machizukuridoboku/kenchikukaihatsu/chousahoukoku.html,災害時地域貢献建築物の認定・助成制度,https://www.city.arakawa.tokyo.jp/machizukuridoboku/kenchikukaihatsu/saigaiji/index.html,
荒川区,building_guidance,3,長期優良住宅に関する認定制度,https://www.city.arakawa.tokyo.jp/a044/machizukuridoboku/kenchikukaihatsu/cyokiyuryojutaku.html,災害時地域貢献建築物の認定・助成制度,https://www.city.arakawa.tokyo.jp/machizukuridoboku/kenchikukaihatsu/saigaiji/index.html,
荒川区,building_guidance,3,建築確認台帳記載事項証明書,https://www.city.arakawa.tokyo.jp/a044/machizukuridoboku/kenchikukaihatsu/daichoukisaijikou.html,災害時地域貢献建築物の認定・助成制度,https://www.city.arakawa.tokyo.jp/machizukuridoboku/kenchikukaihatsu/saigaiji/index.html,
荒川区,building_guidance,3,建築物における液状化対策,https://www.city.arakawa.tokyo.jp/a044/machizukuridoboku/kenchikukaihatsu/ekijouka.html,災害時地域貢献建築物の認定・助成制度,https://www.city.arakawa.tokyo.jp/machizukuridoboku/kenchikukaihatsu/saigaiji/index.html,
荒川区,building_guidance,3,位置指定道路（建築基準法第42条第1項第五号）,https://www.city.arakawa.tokyo.jp/a044/machizukuridoboku/kenchikukaihatsu/ichishitei.html,災害時地域貢献建築物の認定・助成制度,https://www.city.arakawa.tokyo.jp/machizukuridoboku/kenchikukaihatsu/saigaiji/index.html,
荒川区,building_guidance,3,荒川区細街路拡幅整備事業,https://www.city.arakawa.tokyo.jp/a044/machizukuridoboku/kenchikukaihatsu/jigyo.html,災害時地域貢献建築物の認定・助成制度,https://www.city.arakawa.tokyo.jp/machizukuridoboku/kenchikukaihatsu/saigaiji/index.html,
荒川区,building_guidance,3,建築計画概要書等の閲覧及び写しの証明書の交付,https://www.city.arakawa.tokyo.jp/a044/machizukuridoboku/kenchikukaihatsu/keikakugaiyoshotou.html,災害時地域貢献建築物の認定・助成制度,https://www.city.arakawa.tokyo.jp/machizukuridoboku/kenchikukaihatsu/saigaiji/index.html,
荒川区,building_guidance,3,建築物省エネ法に基づく適合性判定,https://www.city.arakawa.tokyo.jp/a044/machizukuridoboku/kenchikukaihatsu/sho-energy.html,災害時地域貢献建築物の認定・助成制度,https://www.city.arakawa.tokyo.jp/machizukuridoboku/kenchikukaihatsu/saigaiji/index.html,
荒川区,building_guidance,3,低炭素建築物の認定制度,https://www.city.arakawa.tokyo.jp/a044/machizukuridoboku/kenchikukaihatsu/teitansokenchiku.html,災害時地域貢献建築物の認定・助成制度,https://www.city.arakawa.tokyo.jp/machizukuridoboku/kenchikukaihatsu/saigaiji/index.html,
荒川区,building_guidance,3,指定道路情報（建築基準法の道路種別）,https://www.city.arakawa.tokyo.jp/a044/machizukuridoboku/tochidouro/siteidouro.html,まちづくり・土木,https://www.city.arakawa.tokyo.jp/machizukuridoboku/index.html,
荒川区,building_guidance,3,建築・開発・解体,https://www.city.arakawa.tokyo.jp/machizukuridoboku/index.html#a204,まちづくり・土木,https://www.city.arakawa.tokyo.jp/machizukuridoboku/index.html,
荒川区,building_guidance,3,建築・開発・解体,https://www.city.arakawa.tokyo.jp/machizukuridoboku/kenchikukaihatsu/index.html,災害時地域貢献建築物の認定・助成制度,https://www.city.arakawa.tokyo.jp/machizukuridoboku/kenchikukaihatsu/saigaiji/index.html,
荒川区,building_guidance,3,解体,https://www.city.arakawa.tokyo.jp/machizukuridoboku/kenchikukaihatsu/kaitai/index.html,災害時地域貢献建築物の認定・助成制度,https://www.city.arakawa.tokyo.jp/machizukuridoboku/kenchikukaihatsu/saigaiji/index.html,
荒川区,building_guidance,3,建築確認・建築検査,https://www.city.arakawa.tokyo.jp/machizukuridoboku/kenchikukaihatsu/kakunin_kensa/index.html,災害時地域貢献建築物の認定・助成制度,https://www.city.arakawa.tokyo.jp/machizukuridoboku/kenchikukaihatsu/saigaiji/index.html,
荒川区,building_guidance,3,建築の法令・条例・要綱,https://www.city.arakawa.tokyo.jp/machizukuridoboku/kenchikukaihatsu/kenchikuhourei/index.html,災害時地域貢献建築物の認定・助成制度,https://www.city.arakawa.tokyo.jp/machizukuridoboku/kenchikukaihatsu/saigaiji/index.html,
荒川区,building_guidance,3,道路に接していない敷地での建替え,https://www.city.arakawa.tokyo.jp/machizukuridoboku/kenchikukaihatsu/machidukuri/index.html,災害時地域貢献建築物の認定・助成制度,https://www.city.arakawa.tokyo.jp/machizukuridoboku/kenchikukaihatsu/saigaiji/index.html,
荒川区,building_guidance,3,ページの先頭へ,https://www.city.arakawa.tokyo.jp/machizukuridoboku/kenchikukaihatsu/saigaiji/index.html#tmp_header,災害時地域貢献建築物の認定・助成制度,https://www.city.arakawa.tokyo.jp/machizukuridoboku/kenchikukaihatsu/saigaiji/index.html,
荒川区,building_guidance,3,本文へスキップします。,https://www.city.arakawa.tokyo.jp/machizukuridoboku/kenchikukaihatsu/saigaiji/index.html#tmp_honbun,災害時地域貢献建築物の認定・助成制度,https://www.city.arakawa.tokyo.jp/machizukuridoboku/kenchikukaihatsu/saigaiji/index.html,
荒川区,building_guidance,3,助成・支援,https://www.city.arakawa.tokyo.jp/machizukuridoboku/machizukuri/shidoshomei/index.html,まちづくり・土木,https://www.city.arakawa.tokyo.jp/machizukuridoboku/index.html,
荒川区,district_plan,1,環境・まちづくり,https://www.city.arakawa.tokyo.jp/sitemap.html,公式トップ,https://www.city.arakawa.tokyo.jp/,
荒川区,district_plan,2,計画・マニュアル等,https://www.city.arakawa.tokyo.jp/bousai/saigaitaisaku/keikaku/index.html,防災サイト,https://www.city.arakawa.tokyo.jp/bousai/bousaijouhou/index.html,
荒川区,district_plan,2,構想・計画,https://www.city.arakawa.tokyo.jp/kousoukeikaku/index.html,防災・防犯・安全,https://www.city.arakawa.tokyo.jp/sitemap.html,
荒川区,district_plan,2,まちづくり・土木,https://www.city.arakawa.tokyo.jp/machizukuridoboku/index.html,防災・防犯・安全,https://www.city.arakawa.tokyo.jp/sitemap.html,
荒川区,district_plan,2,災害時地域貢献建築物の認定・助成制度,https://www.city.arakawa.tokyo.jp/machizukuridoboku/kenchikukaihatsu/saigaiji/index.html,防災サイト,https://www.city.arakawa.tokyo.jp/bousai/bousaijouhou/index.html,
荒川区,district_plan,3,荒川区実施計画（平成29年度から平成32年度まで）,https://www.city.arakawa.tokyo.jp/a001/kousoukeikaku/jisshikeikaku/jissikeikaku_29-32.html,構想・計画,https://www.city.arakawa.tokyo.jp/kousoukeikaku/index.html,
荒川区,district_plan,3,荒川区実施計画（令和3年度から令和5年度まで）,https://www.city.arakawa.tokyo.jp/a001/kousoukeikaku/jisshikeikaku/jissikeikaku_3-5.html,構想・計画,https://www.city.arakawa.tokyo.jp/kousoukeikaku/index.html,
荒川区,district_plan,3,荒川区実施計画（令和6年度から令和8年度まで）,https://www.city.arakawa.tokyo.jp/a001/kousoukeikaku/jisshikeikaku/jissikeikaku_6-8.html,構想・計画,https://www.city.arakawa.tokyo.jp/kousoukeikaku/index.html,
荒川区,district_plan,3,荒川区基本計画（平成19年度から平成28年度まで）,https://www.city.arakawa.tokyo.jp/a001/kousoukeikaku/kihonkeikaku/kihonkekaku.html,構想・計画,https://www.city.arakawa.tokyo.jp/kousoukeikaku/index.html,
荒川区,district_plan,3,荒川区基本計画（平成29年度から平成38年度まで）,https://www.city.arakawa.tokyo.jp/a001/kousoukeikaku/kihonkeikaku/kihonkekaku_29-38.html,構想・計画,https://www.city.arakawa.tokyo.jp/kousoukeikaku/index.html,
荒川区,district_plan,3,区政先導プロジェクト（荒川区基本計画　平成19年度から平成28年度まで）,https://www.city.arakawa.tokyo.jp/a001/kousoukeikaku/kihonkeikaku/kuseisendopurojekuto.html,構想・計画,https://www.city.arakawa.tokyo.jp/kousoukeikaku/index.html,
荒川区,district_plan,3,,https://www.city.arakawa.tokyo.jp/a001/kousoukeikaku/kihonkousou/kihonkoso.html,構想・計画,https://www.city.arakawa.tokyo.jp/kousoukeikaku/index.html,
荒川区,district_plan,3,宮前公園周辺地域等における公共施設の順次更新について,https://www.city.arakawa.tokyo.jp/a001/kousoukeikaku/kousoukeikaku/miyamaetamatuki.html,構想・計画,https://www.city.arakawa.tokyo.jp/kousoukeikaku/index.html,
荒川区,district_plan,3,日暮里地域における公共施設等の順次更新について,https://www.city.arakawa.tokyo.jp/a001/kousoukeikaku/kousoukeikaku/nipporitamatuki.html,構想・計画,https://www.city.arakawa.tokyo.jp/kousoukeikaku/index.html,
荒川区,district_plan,3,荒川区公共施設等総合管理計画,https://www.city.arakawa.tokyo.jp/a001/kousoukeikaku/kousoukeikaku/sougoukanri.html,構想・計画,https://www.city.arakawa.tokyo.jp/kousoukeikaku/index.html,
荒川区,district_plan,3,荒川区人口ビジョン及び荒川区しごと・ひと・まち創生総合戦略,https://www.city.arakawa.tokyo.jp/a001/kousoukeikaku/kousoukeikaku/tihousousei.html,構想・計画,https://www.city.arakawa.tokyo.jp/kousoukeikaku/index.html,
荒川区,district_plan,3,あらかわ区政経営戦略プラン（平成24年度版）,https://www.city.arakawa.tokyo.jp/a001/kousoukeikaku/senryakupuran/24plan.html,構想・計画,https://www.city.arakawa.tokyo.jp/kousoukeikaku/index.html,
荒川区,district_plan,3,あらかわ区政経営戦略プラン（平成27年度版）,https://www.city.arakawa.tokyo.jp/a001/kousoukeikaku/senryakupuran/27plan.html,構想・計画,https://www.city.arakawa.tokyo.jp/kousoukeikaku/index.html,
荒川区,district_plan,3,あらかわ区政経営戦略プラン（平成23年度版）,https://www.city.arakawa.tokyo.jp/a001/kousoukeikaku/senryakupuran/keieisenryakupuran23.html,構想・計画,https://www.city.arakawa.tokyo.jp/kousoukeikaku/index.html,
荒川区,district_plan,3,あらかわ区政経営戦略プラン（平成28年度版）,https://www.city.arakawa.tokyo.jp/a001/kousoukeikaku/senryakupuran/plan28.html,構想・計画,https://www.city.arakawa.tokyo.jp/kousoukeikaku/index.html,
荒川区,district_plan,3,あらかわ区政経営戦略プラン（平成29年度版）,https://www.city.arakawa.tokyo.jp/a001/kousoukeikaku/senryakupuran/plan29.html,構想・計画,https://www.city.arakawa.tokyo.jp/kousoukeikaku/index.html,
荒川区,district_plan,3,あらかわ区政経営戦略プラン（平成30年度版）,https://www.city.arakawa.tokyo.jp/a001/kousoukeikaku/senryakupuran/plan30.html,構想・計画,https://www.city.arakawa.tokyo.jp/kousoukeikaku/index.html,
荒川区,district_plan,3,あらかわ区政経営戦略プラン（令和8年度更新版）,https://www.city.arakawa.tokyo.jp/a001/kousoukeikaku/senryakupuran/plan88.html,構想・計画,https://www.city.arakawa.tokyo.jp/kousoukeikaku/index.html,
荒川区,district_plan,3,あらかわ区政経営戦略プラン（平成31年度版）,https://www.city.arakawa.tokyo.jp/a001/kousoukeikaku/senryakupuran/senpura31.html,構想・計画,https://www.city.arakawa.tokyo.jp/kousoukeikaku/index.html,
荒川区,district_plan,3,あらかわ区政経営戦略プラン（令和2年度版）,https://www.city.arakawa.tokyo.jp/a001/kousoukeikaku/senryakupuran/senpura32.html,構想・計画,https://www.city.arakawa.tokyo.jp/kousoukeikaku/index.html,
荒川区,district_plan,3,あらかわ区政経営戦略プラン（令和5年度版）,https://www.city.arakawa.tokyo.jp/a001/kousoukeikaku/senryakupuran/senpura5.html,構想・計画,https://www.city.arakawa.tokyo.jp/kousoukeikaku/index.html,
荒川区,district_plan,3,あらかわ区政経営戦略プラン（令和6年度～令和8年度）,https://www.city.arakawa.tokyo.jp/a001/kousoukeikaku/senryakupuran/senpura6.html,構想・計画,https://www.city.arakawa.tokyo.jp/kousoukeikaku/index.html,
荒川区,district_plan,3,あらかわ区政経営戦略プラン（令和7年度更新版）,https://www.city.arakawa.tokyo.jp/a001/kousoukeikaku/senryakupuran/senpura7.html,構想・計画,https://www.city.arakawa.tokyo.jp/kousoukeikaku/index.html,
荒川区,district_plan,3,あらかわ区政経営戦略プラン（令和3年度版）,https://www.city.arakawa.tokyo.jp/a001/kousoukeikaku/senryakupuran/senpurar3.html,構想・計画,https://www.city.arakawa.tokyo.jp/kousoukeikaku/index.html,
荒川区,district_plan,3,あらかわ区政経営戦略プラン（令和4年度版）,https://www.city.arakawa.tokyo.jp/a001/kousoukeikaku/senryakupuran/senpurar4.html,構想・計画,https://www.city.arakawa.tokyo.jp/kousoukeikaku/index.html,
荒川区,district_plan,3,あらかわ区政経営戦略プラン（平成21年度版・本文）,https://www.city.arakawa.tokyo.jp/a001/kousoukeikaku/senryakupuran/senryaku21planhonbun.html,構想・計画,https://www.city.arakawa.tokyo.jp/kousoukeikaku/index.html,
荒川区,district_plan,3,あらかわ区政経営戦略プラン（平成22年度版）,https://www.city.arakawa.tokyo.jp/a001/kousoukeikaku/senryakupuran/senryaku22planhonbun.html,構想・計画,https://www.city.arakawa.tokyo.jp/kousoukeikaku/index.html,
荒川区,district_plan,3,あらかわ区政経営戦略プラン（平成25年度版）,https://www.city.arakawa.tokyo.jp/a001/kousoukeikaku/senryakupuran/senryakupuran25.html,構想・計画,https://www.city.arakawa.tokyo.jp/kousoukeikaku/index.html,
荒川区,district_plan,3,あらかわ区政経営戦略プラン（平成26年度版）,https://www.city.arakawa.tokyo.jp/a001/kousoukeikaku/senryakupuran/senryakupuran26.html,構想・計画,https://www.city.arakawa.tokyo.jp/kousoukeikaku/index.html,
荒川区,district_plan,3,荒川区デジタル化基本方針,https://www.city.arakawa.tokyo.jp/a008/kousoukeikaku/kousoukeikaku/digitalization_policy.html,構想・計画,https://www.city.arakawa.tokyo.jp/kousoukeikaku/index.html,
荒川区,district_plan,3,荒川区地域防災計画,https://www.city.arakawa.tokyo.jp/a013/bousai/saigaitaisaku/tiikibousaikeikaku.html,計画・マニュアル等,https://www.city.arakawa.tokyo.jp/bousai/saigaitaisaku/keikaku/index.html,
荒川区,district_plan,3,地区防災計画の作成について,https://www.city.arakawa.tokyo.jp/a013/bousai/saigaitaisaku/tikubousaikeikaku.html,計画・マニュアル等,https://www.city.arakawa.tokyo.jp/bousai/saigaitaisaku/keikaku/index.html,
荒川区,district_plan,3,要配慮者利用施設における避難確保計画の作成,https://www.city.arakawa.tokyo.jp/a013/bousai/suigainisonaete/hinankakuhokeikaku.html,防災,https://www.city.arakawa.tokyo.jp/bousai/index.html,
荒川区,district_plan,3,区役所本庁舎にカーボンオフセット都市ガスを導入しました,https://www.city.arakawa.tokyo.jp/a024/kankyou/shoene_ondantaisaku/carbonoffset_toshigas.html,環境,https://www.city.arakawa.tokyo.jp/kankyou/index.html,
荒川区,district_plan,3,荒川区地球温暖化対策実行計画,https://www.city.arakawa.tokyo.jp/a024/kankyou/shoene_ondantaisaku/r2ontaikeikaku.html,環境,https://www.city.arakawa.tokyo.jp/kankyou/index.html,
荒川区,district_plan,3,荒川区地域福祉計画を策定しました,https://www.city.arakawa.tokyo.jp/a026/kousoukeikaku/tiikifukushikeikaku.html,構想・計画,https://www.city.arakawa.tokyo.jp/kousoukeikaku/index.html,
荒川区,district_plan,3,認定建築物,https://www.city.arakawa.tokyo.jp/a040/machizukuridoboku/kenchikukaihatsu/ninteikentikubutu.html,災害時地域貢献建築物の認定・助成制度,https://www.city.arakawa.tokyo.jp/machizukuridoboku/kenchikukaihatsu/saigaiji/index.html,
荒川区,district_plan,3,災害時地域貢献建築物の認定・助成制度,https://www.city.arakawa.tokyo.jp/a040/machizukuridoboku/kenchikukaihatsu/zyoseiseidowosousetu.html,災害時地域貢献建築物の認定・助成制度,https://www.city.arakawa.tokyo.jp/machizukuridoboku/kenchikukaihatsu/saigaiji/index.html,
荒川区,district_plan,3,国土利用計画法に基づく土地取引の届出,https://www.city.arakawa.tokyo.jp/a040/machizukuridoboku/tochidouro/tochitorihiki.html,まちづくり・土木,https://www.city.arakawa.tokyo.jp/machizukuridoboku/index.html,
荒川区,district_plan,3,荒川区マンション管理適正化推進計画,https://www.city.arakawa.tokyo.jp/a041/juutaku/kanritekiseikakeikaku.html,構想・計画,https://www.city.arakawa.tokyo.jp/kousoukeikaku/index.html,
荒川区,district_plan,3,建築物等の定期調査報告,https://www.city.arakawa.tokyo.jp/a044/machizukuridoboku/kenchikukaihatsu/chousahoukoku.html,災害時地域貢献建築物の認定・助成制度,https://www.city.arakawa.tokyo.jp/machizukuridoboku/kenchikukaihatsu/saigaiji/index.html,
荒川区,district_plan,3,長期優良住宅に関する認定制度,https://www.city.arakawa.tokyo.jp/a044/machizukuridoboku/kenchikukaihatsu/cyokiyuryojutaku.html,災害時地域貢献建築物の認定・助成制度,https://www.city.arakawa.tokyo.jp/machizukuridoboku/kenchikukaihatsu/saigaiji/index.html,
荒川区,district_plan,3,建築確認台帳記載事項証明書,https://www.city.arakawa.tokyo.jp/a044/machizukuridoboku/kenchikukaihatsu/daichoukisaijikou.html,災害時地域貢献建築物の認定・助成制度,https://www.city.arakawa.tokyo.jp/machizukuridoboku/kenchikukaihatsu/saigaiji/index.html,
荒川区,district_plan,3,建築物における液状化対策,https://www.city.arakawa.tokyo.jp/a044/machizukuridoboku/kenchikukaihatsu/ekijouka.html,災害時地域貢献建築物の認定・助成制度,https://www.city.arakawa.tokyo.jp/machizukuridoboku/kenchikukaihatsu/saigaiji/index.html,
荒川区,district_plan,3,位置指定道路（建築基準法第42条第1項第五号）,https://www.city.arakawa.tokyo.jp/a044/machizukuridoboku/kenchikukaihatsu/ichishitei.html,災害時地域貢献建築物の認定・助成制度,https://www.city.arakawa.tokyo.jp/machizukuridoboku/kenchikukaihatsu/saigaiji/index.html,
荒川区,district_plan,3,荒川区細街路拡幅整備事業,https://www.city.arakawa.tokyo.jp/a044/machizukuridoboku/kenchikukaihatsu/jigyo.html,災害時地域貢献建築物の認定・助成制度,https://www.city.arakawa.tokyo.jp/machizukuridoboku/kenchikukaihatsu/saigaiji/index.html,
荒川区,district_plan,3,建築計画概要書等の閲覧及び写しの証明書の交付,https://www.city.arakawa.tokyo.jp/a044/machizukuridoboku/kenchikukaihatsu/keikakugaiyoshotou.html,災害時地域貢献建築物の認定・助成制度,https://www.city.arakawa.tokyo.jp/machizukuridoboku/kenchikukaihatsu/saigaiji/index.html,
荒川区,district_plan,3,建築物省エネ法に基づく適合性判定,https://www.city.arakawa.tokyo.jp/a044/machizukuridoboku/kenchikukaihatsu/sho-energy.html,災害時地域貢献建築物の認定・助成制度,https://www.city.arakawa.tokyo.jp/machizukuridoboku/kenchikukaihatsu/saigaiji/index.html,
荒川区,district_plan,3,低炭素建築物の認定制度,https://www.city.arakawa.tokyo.jp/a044/machizukuridoboku/kenchikukaihatsu/teitansokenchiku.html,災害時地域貢献建築物の認定・助成制度,https://www.city.arakawa.tokyo.jp/machizukuridoboku/kenchikukaihatsu/saigaiji/index.html,
荒川区,district_plan,3,指定道路情報（建築基準法の道路種別）,https://www.city.arakawa.tokyo.jp/a044/machizukuridoboku/tochidouro/siteidouro.html,まちづくり・土木,https://www.city.arakawa.tokyo.jp/machizukuridoboku/index.html,
荒川区,district_plan,3,ページの先頭へ,https://www.city.arakawa.tokyo.jp/bousai/saigaitaisaku/keikaku/index.html#tmp_header,計画・マニュアル等,https://www.city.arakawa.tokyo.jp/bousai/saigaitaisaku/keikaku/index.html,
荒川区,district_plan,3,本文へスキップします。,https://www.city.arakawa.tokyo.jp/bousai/saigaitaisaku/keikaku/index.html#tmp_honbun,計画・マニュアル等,https://www.city.arakawa.tokyo.jp/bousai/saigaitaisaku/keikaku/index.html,
荒川区,district_plan,3,安全・安心,https://www.city.arakawa.tokyo.jp/kousoukeikaku/bousaibouhan/annzen/index.html,構想・計画,https://www.city.arakawa.tokyo.jp/kousoukeikaku/index.html,
荒川区,district_plan,3,防災,https://www.city.arakawa.tokyo.jp/kousoukeikaku/bousaibouhan/bousai/index.html,構想・計画,https://www.city.arakawa.tokyo.jp/kousoukeikaku/index.html,
荒川区,district_plan,3,防災・防犯・安全,https://www.city.arakawa.tokyo.jp/kousoukeikaku/bousaibouhan/index.html,構想・計画,https://www.city.arakawa.tokyo.jp/kousoukeikaku/index.html,
荒川区,district_plan,3,文化・芸術,https://www.city.arakawa.tokyo.jp/kousoukeikaku/bunkasports/bunkageijutsu/index.html,構想・計画,https://www.city.arakawa.tokyo.jp/kousoukeikaku/index.html,
荒川区,district_plan,3,文化・スポーツ・観光,https://www.city.arakawa.tokyo.jp/kousoukeikaku/bunkasports/index.html,構想・計画,https://www.city.arakawa.tokyo.jp/kousoukeikaku/index.html,
荒川区,district_plan,3,生涯学習・コミュニティカレッジ,https://www.city.arakawa.tokyo.jp/kousoukeikaku/bunkasports/shougaigakushuu/index.html,構想・計画,https://www.city.arakawa.tokyo.jp/kousoukeikaku/index.html,
荒川区,district_plan,3,ビジネス・産業・商業,https://www.city.arakawa.tokyo.jp/kousoukeikaku/business/index.html,構想・計画,https://www.city.arakawa.tokyo.jp/kousoukeikaku/index.html,
荒川区,district_plan,3,産業・商業,https://www.city.arakawa.tokyo.jp/kousoukeikaku/business/sangyou/index.html,構想・計画,https://www.city.arakawa.tokyo.jp/kousoukeikaku/index.html,
荒川区,district_plan,3,新庁舎整備,https://www.city.arakawa.tokyo.jp/kousoukeikaku/choushaseibi/index.html,構想・計画,https://www.city.arakawa.tokyo.jp/kousoukeikaku/index.html,
荒川区,district_plan,3,荒川区新庁舎整備基本構想・基本計画策定委員会,https://www.city.arakawa.tokyo.jp/kousoukeikaku/choushaseibi/sakutei/index.html,構想・計画,https://www.city.arakawa.tokyo.jp/kousoukeikaku/index.html,
荒川区,district_plan,3,福祉・健康・医療,https://www.city.arakawa.tokyo.jp/kousoukeikaku/fukushikenkou/index.html,構想・計画,https://www.city.arakawa.tokyo.jp/kousoukeikaku/index.html,
荒川区,district_plan,3,介護,https://www.city.arakawa.tokyo.jp/kousoukeikaku/fukushikenkou/kaigohoken/index.html,構想・計画,https://www.city.arakawa.tokyo.jp/kousoukeikaku/index.html,
荒川区,district_plan,3,健康・医療・衛生,https://www.city.arakawa.tokyo.jp/kousoukeikaku/fukushikenkou/kenkouiryou/index.html,構想・計画,https://www.city.arakawa.tokyo.jp/kousoukeikaku/index.html,
荒川区,district_plan,3,高齢者,https://www.city.arakawa.tokyo.jp/kousoukeikaku/fukushikenkou/koreisha/index.html,構想・計画,https://www.city.arakawa.tokyo.jp/kousoukeikaku/index.html,
荒川区,district_plan,3,障がい者,https://www.city.arakawa.tokyo.jp/kousoukeikaku/fukushikenkou/shogaisha/index.html,構想・計画,https://www.city.arakawa.tokyo.jp/kousoukeikaku/index.html,
荒川区,district_plan,3,基本構想,https://www.city.arakawa.tokyo.jp/kousoukeikaku/index.html#a269,構想・計画,https://www.city.arakawa.tokyo.jp/kousoukeikaku/index.html,
荒川区,district_plan,3,基本計画,https://www.city.arakawa.tokyo.jp/kousoukeikaku/index.html#a270,構想・計画,https://www.city.arakawa.tokyo.jp/kousoukeikaku/index.html,
荒川区,district_plan,3,実施計画,https://www.city.arakawa.tokyo.jp/kousoukeikaku/index.html#a271,構想・計画,https://www.city.arakawa.tokyo.jp/kousoukeikaku/index.html,
荒川区,district_plan,3,あらかわ区政経営戦略プラン,https://www.city.arakawa.tokyo.jp/kousoukeikaku/index.html#a272,構想・計画,https://www.city.arakawa.tokyo.jp/kousoukeikaku/index.html,
荒川区,district_plan,3,防災・防犯・安全,https://www.city.arakawa.tokyo.jp/kousoukeikaku/index.html#a273,構想・計画,https://www.city.arakawa.tokyo.jp/kousoukeikaku/index.html,
荒川区,district_plan,3,暮らし,https://www.city.arakawa.tokyo.jp/kousoukeikaku/index.html#a274,構想・計画,https://www.city.arakawa.tokyo.jp/kousoukeikaku/index.html,
荒川区,district_plan,3,福祉・健康・医療,https://www.city.arakawa.tokyo.jp/kousoukeikaku/index.html#a275,構想・計画,https://www.city.arakawa.tokyo.jp/kousoukeikaku/index.html,
荒川区,district_plan,3,子育て・教育,https://www.city.arakawa.tokyo.jp/kousoukeikaku/index.html#a276,構想・計画,https://www.city.arakawa.tokyo.jp/kousoukeikaku/index.html,
荒川区,district_plan,3,環境・まちづくり,https://www.city.arakawa.tokyo.jp/kousoukeikaku/index.html#a277,構想・計画,https://www.city.arakawa.tokyo.jp/kousoukeikaku/index.html,
荒川区,district_plan,3,文化・スポーツ・観光,https://www.city.arakawa.tokyo.jp/kousoukeikaku/index.html#a278,構想・計画,https://www.city.arakawa.tokyo.jp/kousoukeikaku/index.html,
荒川区,district_plan,3,ビジネス・産業・商業,https://www.city.arakawa.tokyo.jp/kousoukeikaku/index.html#a279,構想・計画,https://www.city.arakawa.tokyo.jp/kousoukeikaku/index.html,
荒川区,district_plan,3,その他の構想・計画,https://www.city.arakawa.tokyo.jp/kousoukeikaku/index.html#a280,構想・計画,https://www.city.arakawa.tokyo.jp/kousoukeikaku/index.html,
荒川区,district_plan,3,新庁舎整備,https://www.city.arakawa.tokyo.jp/kousoukeikaku/index.html#a40482,構想・計画,https://www.city.arakawa.tokyo.jp/kousoukeikaku/index.html,
荒川区,district_plan,3,ページの先頭へ,https://www.city.arakawa.tokyo.jp/kousoukeikaku/index.html#tmp_header,構想・計画,https://www.city.arakawa.tokyo.jp/kousoukeikaku/index.html,
荒川区,district_plan,3,本文へスキップします。,https://www.city.arakawa.tokyo.jp/kousoukeikaku/index.html#tmp_honbun,構想・計画,https://www.city.arakawa.tokyo.jp/kousoukeikaku/index.html,
荒川区,district_plan,3,実施計画,https://www.city.arakawa.tokyo.jp/kousoukeikaku/jisshikeikaku/index.html,構想・計画,https://www.city.arakawa.tokyo.jp/kousoukeikaku/index.html,
荒川区,district_plan,3,環境・まちづくり,https://www.city.arakawa.tokyo.jp/kousoukeikaku/kankyoumachi/index.html,構想・計画,https://www.city.arakawa.tokyo.jp/kousoukeikaku/index.html,
荒川区,district_plan,3,環境,https://www.city.arakawa.tokyo.jp/kousoukeikaku/kankyoumachi/kankyou/index.html,構想・計画,https://www.city.arakawa.tokyo.jp/kousoukeikaku/index.html,
荒川区,district_plan,3,公園・花・緑,https://www.city.arakawa.tokyo.jp/kousoukeikaku/kankyoumachi/kouen/index.html,構想・計画,https://www.city.arakawa.tokyo.jp/kousoukeikaku/index.html,
荒川区,district_plan,3,まちづくり・土木,https://www.city.arakawa.tokyo.jp/kousoukeikaku/kankyoumachi/machizukuri/index.html,構想・計画,https://www.city.arakawa.tokyo.jp/kousoukeikaku/index.html,
荒川区,district_plan,3,基本計画,https://www.city.arakawa.tokyo.jp/kousoukeikaku/kihonkeikaku/index.html,構想・計画,https://www.city.arakawa.tokyo.jp/kousoukeikaku/index.html,
荒川区,district_plan,3,荒川区基本構想(平成19年3月策定),https://www.city.arakawa.tokyo.jp/kousoukeikaku/kihonkousou/heisei19/index.html,構想・計画,https://www.city.arakawa.tokyo.jp/kousoukeikaku/index.html,
荒川区,district_plan,3,基本構想,https://www.city.arakawa.tokyo.jp/kousoukeikaku/kihonkousou/index.html,構想・計画,https://www.city.arakawa.tokyo.jp/kousoukeikaku/index.html,
荒川区,district_plan,3,新たな基本構想の策定に向けた取組,https://www.city.arakawa.tokyo.jp/kousoukeikaku/kihonkousou/reiwa9/index.html,構想・計画,https://www.city.arakawa.tokyo.jp/kousoukeikaku/index.html,
荒川区,district_plan,3,新たな基本構想策定に向けた審議会,https://www.city.arakawa.tokyo.jp/kousoukeikaku/kihonkousou/shingikai/index.html,構想・計画,https://www.city.arakawa.tokyo.jp/kousoukeikaku/index.html,
荒川区,district_plan,3,子育て・教育,https://www.city.arakawa.tokyo.jp/kousoukeikaku/kosodatekyouiku/index.html,構想・計画,https://www.city.arakawa.tokyo.jp/kousoukeikaku/index.html,
荒川区,district_plan,3,子育て,https://www.city.arakawa.tokyo.jp/kousoukeikaku/kosodatekyouiku/kosodate/index.html,構想・計画,https://www.city.arakawa.tokyo.jp/kousoukeikaku/index.html,
荒川区,district_plan,3,教育・青少年育成,https://www.city.arakawa.tokyo.jp/kousoukeikaku/kosodatekyouiku/seishounenikusei/index.html,構想・計画,https://www.city.arakawa.tokyo.jp/kousoukeikaku/index.html,
荒川区,district_plan,3,その他の構想・計画,https://www.city.arakawa.tokyo.jp/kousoukeikaku/kousoukeikaku/index.html,構想・計画,https://www.city.arakawa.tokyo.jp/kousoukeikaku/index.html,
荒川区,district_plan,3,ごみ・リサイクル,https://www.city.arakawa.tokyo.jp/kousoukeikaku/kurashi/gomirecycle/index.html,構想・計画,https://www.city.arakawa.tokyo.jp/kousoukeikaku/index.html,
荒川区,district_plan,3,暮らし,https://www.city.arakawa.tokyo.jp/kousoukeikaku/kurashi/index.html,構想・計画,https://www.city.arakawa.tokyo.jp/kousoukeikaku/index.html,
荒川区,district_plan,3,交通・コミュニティバス・自転車,https://www.city.arakawa.tokyo.jp/kousoukeikaku/kurashi/jitensha/index.html,構想・計画,https://www.city.arakawa.tokyo.jp/kousoukeikaku/index.html,
荒川区,district_plan,3,国民健康保険・後期高齢者医療制度,https://www.city.arakawa.tokyo.jp/kousoukeikaku/kurashi/kokuho/index.html,構想・計画,https://www.city.arakawa.tokyo.jp/kousoukeikaku/index.html,
荒川区,district_plan,3,生活,https://www.city.arakawa.tokyo.jp/kousoukeikaku/kurashi/seikatsu/index.html,構想・計画,https://www.city.arakawa.tokyo.jp/kousoukeikaku/index.html,
荒川区,district_plan,3,あらかわ区政経営戦略プラン,https://www.city.arakawa.tokyo.jp/kousoukeikaku/senryakupuran/index.html,構想・計画,https://www.city.arakawa.tokyo.jp/kousoukeikaku/index.html,
荒川区,district_plan,3,まちづくり,https://www.city.arakawa.tokyo.jp/machizukuridoboku/index.html#a203,まちづくり・土木,https://www.city.arakawa.tokyo.jp/machizukuridoboku/index.html,
荒川区,district_plan,3,建築・開発・解体,https://www.city.arakawa.tokyo.jp/machizukuridoboku/index.html#a204,まちづくり・土木,https://www.city.arakawa.tokyo.jp/machizukuridoboku/index.html,
荒川区,district_plan,3,土地・道路,https://www.city.arakawa.tokyo.jp/machizukuridoboku/index.html#a205,まちづくり・土木,https://www.city.arakawa.tokyo.jp/machizukuridoboku/index.html,
荒川区,district_plan,3,ページの先頭へ,https://www.city.arakawa.tokyo.jp/machizukuridoboku/index.html#tmp_header,まちづくり・土木,https://www.city.arakawa.tokyo.jp/machizukuridoboku/index.html,
荒川区,district_plan,3,本文へスキップします。,https://www.city.arakawa.tokyo.jp/machizukuridoboku/index.html#tmp_honbun,まちづくり・土木,https://www.city.arakawa.tokyo.jp/machizukuridoboku/index.html,
荒川区,district_plan,3,建築・開発・解体,https://www.city.arakawa.tokyo.jp/machizukuridoboku/kenchikukaihatsu/index.html,災害時地域貢献建築物の認定・助成制度,https://www.city.arakawa.tokyo.jp/machizukuridoboku/kenchikukaihatsu/saigaiji/index.html,
荒川区,district_plan,3,解体,https://www.city.arakawa.tokyo.jp/machizukuridoboku/kenchikukaihatsu/kaitai/index.html,災害時地域貢献建築物の認定・助成制度,https://www.city.arakawa.tokyo.jp/machizukuridoboku/kenchikukaihatsu/saigaiji/index.html,
荒川区,district_plan,3,建築確認・建築検査,https://www.city.arakawa.tokyo.jp/machizukuridoboku/kenchikukaihatsu/kakunin_kensa/index.html,災害時地域貢献建築物の認定・助成制度,https://www.city.arakawa.tokyo.jp/machizukuridoboku/kenchikukaihatsu/saigaiji/index.html,
荒川区,district_plan,3,建築の法令・条例・要綱,https://www.city.arakawa.tokyo.jp/machizukuridoboku/kenchikukaihatsu/kenchikuhourei/index.html,災害時地域貢献建築物の認定・助成制度,https://www.city.arakawa.tokyo.jp/machizukuridoboku/kenchikukaihatsu/saigaiji/index.html,
荒川区,district_plan,3,道路に接していない敷地での建替え,https://www.city.arakawa.tokyo.jp/machizukuridoboku/kenchikukaihatsu/machidukuri/index.html,災害時地域貢献建築物の認定・助成制度,https://www.city.arakawa.tokyo.jp/machizukuridoboku/kenchikukaihatsu/saigaiji/index.html,
荒川区,district_plan,3,ページの先頭へ,https://www.city.arakawa.tokyo.jp/machizukuridoboku/kenchikukaihatsu/saigaiji/index.html#tmp_header,災害時地域貢献建築物の認定・助成制度,https://www.city.arakawa.tokyo.jp/machizukuridoboku/kenchikukaihatsu/saigaiji/index.html,
荒川区,district_plan,3,本文へスキップします。,https://www.city.arakawa.tokyo.jp/machizukuridoboku/kenchikukaihatsu/saigaiji/index.html#tmp_honbun,災害時地域貢献建築物の認定・助成制度,https://www.city.arakawa.tokyo.jp/machizukuridoboku/kenchikukaihatsu/saigaiji/index.html,
荒川区,district_plan,3,地区計画,https://www.city.arakawa.tokyo.jp/machizukuridoboku/machizukuri/chikukeikaku/index.html,まちづくり・土木,https://www.city.arakawa.tokyo.jp/machizukuridoboku/index.html,
荒川区,district_plan,3,不燃化特区,https://www.city.arakawa.tokyo.jp/machizukuridoboku/machizukuri/funenka/index.html,まちづくり・土木,https://www.city.arakawa.tokyo.jp/machizukuridoboku/index.html,
荒川区,district_plan,3,まちづくり,https://www.city.arakawa.tokyo.jp/machizukuridoboku/machizukuri/index.html,まちづくり・土木,https://www.city.arakawa.tokyo.jp/machizukuridoboku/index.html,
荒川区,district_plan,3,景観,https://www.city.arakawa.tokyo.jp/machizukuridoboku/machizukuri/keikan/index.html,まちづくり・土木,https://www.city.arakawa.tokyo.jp/machizukuridoboku/index.html,
荒川区,district_plan,3,再開発,https://www.city.arakawa.tokyo.jp/machizukuridoboku/machizukuri/saikaihatsu/index.html,まちづくり・土木,https://www.city.arakawa.tokyo.jp/machizukuridoboku/index.html,
荒川区,district_plan,3,説明会,https://www.city.arakawa.tokyo.jp/machizukuridoboku/machizukuri/setsumeikai/index.html,まちづくり・土木,https://www.city.arakawa.tokyo.jp/machizukuridoboku/index.html,
荒川区,district_plan,3,助成・支援,https://www.city.arakawa.tokyo.jp/machizukuridoboku/machizukuri/shidoshomei/index.html,まちづくり・土木,https://www.city.arakawa.tokyo.jp/machizukuridoboku/index.html,
荒川区,district_plan,3,社会資本整備総合交付金,https://www.city.arakawa.tokyo.jp/machizukuridoboku/machizukuri/syakaishihon/index.html,まちづくり・土木,https://www.city.arakawa.tokyo.jp/machizukuridoboku/index.html,
荒川区,district_plan,3,都市計画,https://www.city.arakawa.tokyo.jp/machizukuridoboku/machizukuri/toshikeikaku/index.html,まちづくり・土木,https://www.city.arakawa.tokyo.jp/machizukuridoboku/index.html,
荒川区,district_plan,3,東京都市計画  高度利用地区,https://www.city.arakawa.tokyo.jp/machizukuridoboku/machizukuri/toshikeikaku_kodo/index.html,まちづくり・土木,https://www.city.arakawa.tokyo.jp/machizukuridoboku/index.html,
荒川区,district_plan,3,土地・道路,https://www.city.arakawa.tokyo.jp/machizukuridoboku/tochidouro/index.html,まちづくり・土木,https://www.city.arakawa.tokyo.jp/machizukuridoboku/index.html,
荒川区,district_plan,3,道路の管理,https://www.city.arakawa.tokyo.jp/machizukuridoboku/tochidouro/kanri/index.html,まちづくり・土木,https://www.city.arakawa.tokyo.jp/machizukuridoboku/index.html,
荒川区,district_plan,3,道路の整備,https://www.city.arakawa.tokyo.jp/machizukuridoboku/tochidouro/seibi/index.html,まちづくり・土木,https://www.city.arakawa.tokyo.jp/machizukuridoboku/index.html,
荒川区,district_plan,3,道路の申請,https://www.city.arakawa.tokyo.jp/machizukuridoboku/tochidouro/toroku/index.html,まちづくり・土木,https://www.city.arakawa.tokyo.jp/machizukuridoboku/index.html,
荒川区,hazard,1,防災行政無線,https://www.city.arakawa.tokyo.jp/a014/bousai/dentatsushudan/housounaiyou.html,公式トップ,https://www.city.arakawa.tokyo.jp/,
荒川区,hazard,1,防災サイト,https://www.city.arakawa.tokyo.jp/bousai/bousaijouhou/index.html,公式トップ,https://www.city.arakawa.tokyo.jp/,
荒川区,hazard,1,防災・防犯・安全,https://www.city.arakawa.tokyo.jp/sitemap.html,公式トップ,https://www.city.arakawa.tokyo.jp/,
荒川区,hazard,2,荒川区防災アプリ,https://www.city.arakawa.tokyo.jp/a013/bousai/dentatsushudan/bousaiapuri.html,防災サイト,https://www.city.arakawa.tokyo.jp/bousai/bousaijouhou/index.html,
荒川区,hazard,2,防災無線,https://www.city.arakawa.tokyo.jp/a013/bousai/dentatsushudan/bousaimusen.html,防災行政無線,https://www.city.arakawa.tokyo.jp/a014/bousai/dentatsushudan/housounaiyou.html,
荒川区,hazard,2,Yahoo!防災,https://www.city.arakawa.tokyo.jp/a013/bousai/dentatsushudan/yahoo-bousai.html,防災サイト,https://www.city.arakawa.tokyo.jp/bousai/bousaijouhou/index.html,
荒川区,hazard,2,荒川区防災地図（地震版）,https://www.city.arakawa.tokyo.jp/a013/bousai/jishinnisonaete/bosaimap.html,防災サイト,https://www.city.arakawa.tokyo.jp/bousai/bousaijouhou/index.html,
荒川区,hazard,2,地域の防災訓練,https://www.city.arakawa.tokyo.jp/a013/bousai/jishinnisonaete/choukaibousaikunren.html,防災サイト,https://www.city.arakawa.tokyo.jp/bousai/bousaijouhou/index.html,
荒川区,hazard,2,自主防災組織,https://www.city.arakawa.tokyo.jp/a013/bousai/jishinnisonaete/soshiki.html,防災サイト,https://www.city.arakawa.tokyo.jp/bousai/bousaijouhou/index.html,
荒川区,hazard,2,中高生等または町会・自治会に所属する方の防災士資格取得に係る費用を全額補助します！,https://www.city.arakawa.tokyo.jp/a013/bousai/saigaitaisaku/bousaishi/saisinnonyu-su.html,防災サイト,https://www.city.arakawa.tokyo.jp/bousai/bousaijouhou/index.html,
荒川区,hazard,2,防災用品のあっ旋事業,https://www.city.arakawa.tokyo.jp/a013/bousai/sonae/bousaiassenn.html,防災サイト,https://www.city.arakawa.tokyo.jp/bousai/bousaijouhou/index.html,
荒川区,hazard,2,マンションにお住まいの方の防災対策,https://www.city.arakawa.tokyo.jp/a013/bousai/sonae/mansyonbousaitaisaku.html,防災サイト,https://www.city.arakawa.tokyo.jp/bousai/bousaijouhou/index.html,
荒川区,hazard,2,荒川区土砂災害ハザードマップ,https://www.city.arakawa.tokyo.jp/a013/bousai/suigainisonaete/dosya-map.html,防災サイト,https://www.city.arakawa.tokyo.jp/bousai/bousaijouhou/index.html,
荒川区,hazard,2,荒川区水害ハザードマップ,https://www.city.arakawa.tokyo.jp/a013/bousai/suigainisonaete/suigaimap.html,防災サイト,https://www.city.arakawa.tokyo.jp/bousai/bousaijouhou/index.html,
荒川区,hazard,2,防災,https://www.city.arakawa.tokyo.jp/bousai/index.html,防災サイト,https://www.city.arakawa.tokyo.jp/bousai/bousaijouhou/index.html,
荒川区,hazard,2,防災・緊急情報一覧,https://www.city.arakawa.tokyo.jp/kinkyuji/kinkyujoho.html,防災サイト,https://www.city.arakawa.tokyo.jp/bousai/bousaijouhou/index.html,
荒川区,hazard,3,防災動画ライブラリ,https://www.city.arakawa.tokyo.jp/a013/arabosai/2024/archive.html,防災,https://www.city.arakawa.tokyo.jp/bousai/index.html,
荒川区,hazard,3,避難所等における新型コロナウイルス等感染症対応方針,https://www.city.arakawa.tokyo.jp/a013/bosai_shinkoro.html,計画・マニュアル等,https://www.city.arakawa.tokyo.jp/bousai/saigaitaisaku/keikaku/index.html,
荒川区,hazard,3,ページの先頭へ,https://www.city.arakawa.tokyo.jp/a013/bousai/jishinnisonaete/bosaimap.html#tmp_header,荒川区防災地図（地震版）,https://www.city.arakawa.tokyo.jp/a013/bousai/jishinnisonaete/bosaimap.html,
荒川区,hazard,3,本文へスキップします。,https://www.city.arakawa.tokyo.jp/a013/bousai/jishinnisonaete/bosaimap.html#tmp_honbun,荒川区防災地図（地震版）,https://www.city.arakawa.tokyo.jp/a013/bousai/jishinnisonaete/bosaimap.html,
荒川区,hazard,3,宅地建物取引業者の方へ（水防法に基づくハザードマップ等）,https://www.city.arakawa.tokyo.jp/a013/bousai/saigaitaisaku/juuyoujikousetumei.html,防災,https://www.city.arakawa.tokyo.jp/bousai/index.html,
荒川区,hazard,3,荒川区地域防災計画,https://www.city.arakawa.tokyo.jp/a013/bousai/saigaitaisaku/tiikibousaikeikaku.html,計画・マニュアル等,https://www.city.arakawa.tokyo.jp/bousai/saigaitaisaku/keikaku/index.html,
荒川区,hazard,3,地区防災計画の作成について,https://www.city.arakawa.tokyo.jp/a013/bousai/saigaitaisaku/tikubousaikeikaku.html,計画・マニュアル等,https://www.city.arakawa.tokyo.jp/bousai/saigaitaisaku/keikaku/index.html,
荒川区,hazard,3,マンション防災マニュアル,https://www.city.arakawa.tokyo.jp/a013/bousai/sonae/mansyonbosaimanual.html,マンションにお住まいの方の防災対策,https://www.city.arakawa.tokyo.jp/a013/bousai/sonae/mansyonbousaitaisaku.html,
荒川区,hazard,3,出張あらBOSAI,https://www.city.arakawa.tokyo.jp/a013/bousai/sonae/syuchou_arabosai.html,防災,https://www.city.arakawa.tokyo.jp/bousai/index.html,
荒川区,hazard,3,震災時にペット避難の受入れが可能な一次避難所一覧,https://www.city.arakawa.tokyo.jp/a032/bousai/pet_bosai/dokohinan.html,防災,https://www.city.arakawa.tokyo.jp/bousai/index.html,
荒川区,hazard,3,震災時のペットの一時収容施設一覧（民間施設）,https://www.city.arakawa.tokyo.jp/a032/bousai/pet_bosai/kyoteisisestu.html,防災,https://www.city.arakawa.tokyo.jp/bousai/index.html,
荒川区,hazard,3,備えよう！ペットの災害対策,https://www.city.arakawa.tokyo.jp/a032/bousai/pet_bosai/sonae.html,防災,https://www.city.arakawa.tokyo.jp/bousai/index.html,
荒川区,hazard,3,浸水被害発生時における家屋等の衛生対策,https://www.city.arakawa.tokyo.jp/a032/bousai/shinnsuishoudoku.html,防災,https://www.city.arakawa.tokyo.jp/bousai/index.html,
荒川区,hazard,3,土砂災害に備えましょう,https://www.city.arakawa.tokyo.jp/a040/bousai/sonae/260912dosyasonae.html,防災,https://www.city.arakawa.tokyo.jp/bousai/index.html,
荒川区,hazard,3,マンション防災対策支援制度,https://www.city.arakawa.tokyo.jp/a041/bosai/mansyonbosai.html,マンションにお住まいの方の防災対策,https://www.city.arakawa.tokyo.jp/a013/bousai/sonae/mansyonbousaitaisaku.html,
荒川区,hazard,3,知って備える防災サイト　まなBOSAI,https://www.city.arakawa.tokyo.jp/bousai/index.html#a76,防災,https://www.city.arakawa.tokyo.jp/bousai/index.html,
荒川区,hazard,3,防災士資格助成・登録制度,https://www.city.arakawa.tokyo.jp/bousai/saigaitaisaku/bousaishi/index.html,防災,https://www.city.arakawa.tokyo.jp/bousai/index.html,
荒川区,hazard,3,防災訓練資器材貸出・物資配布申請書（エクセル：16KB）,https://www.city.arakawa.tokyo.jp/documents/16290/bussihaihusinseisyo.xlsx,地域の防災訓練,https://www.city.arakawa.tokyo.jp/a013/bousai/jishinnisonaete/choukaibousaikunren.html,
荒川区,hazard,3,"荒川区防災地図（地震版）（PDF：2,902KB）",https://www.city.arakawa.tokyo.jp/documents/16290/map_bosai_eq.pdf,地域の防災訓練,https://www.city.arakawa.tokyo.jp/a013/bousai/jishinnisonaete/choukaibousaikunren.html,
荒川区,hazard,3,「荒川区防災アプリ」利用規約（PDF：9KB）,https://www.city.arakawa.tokyo.jp/documents/16958/app_kiyaku.pdf,荒川区防災アプリ,https://www.city.arakawa.tokyo.jp/a013/bousai/dentatsushudan/bousaiapuri.html,
荒川区,hazard,3,「荒川区防災アプリ」プライバシーポリシー（PDF：847KB）,https://www.city.arakawa.tokyo.jp/documents/16958/app_policy.pdf,荒川区防災アプリ,https://www.city.arakawa.tokyo.jp/a013/bousai/dentatsushudan/bousaiapuri.html,
荒川区,hazard,3,"荒川区防災用品あっせんのご案内（PDF：1,230KB）",https://www.city.arakawa.tokyo.jp/documents/589/assennr7.pdf,防災用品のあっ旋事業,https://www.city.arakawa.tokyo.jp/a013/bousai/sonae/bousaiassenn.html,
荒川区,hazard,3,防災,https://www.city.arakawa.tokyo.jp/kousoukeikaku/bousaibouhan/bousai/index.html,構想・計画,https://www.city.arakawa.tokyo.jp/kousoukeikaku/index.html,
荒川区,hazard,3,防災・防犯・安全,https://www.city.arakawa.tokyo.jp/kousoukeikaku/bousaibouhan/index.html,構想・計画,https://www.city.arakawa.tokyo.jp/kousoukeikaku/index.html,
荒川区,hazard,3,防災・防犯・安全,https://www.city.arakawa.tokyo.jp/kousoukeikaku/index.html#a273,構想・計画,https://www.city.arakawa.tokyo.jp/kousoukeikaku/index.html,
荒川区,road,3,国土利用計画法に基づく土地取引の届出,https://www.city.arakawa.tokyo.jp/a040/machizukuridoboku/tochidouro/tochitorihiki.html,まちづくり・土木,https://www.city.arakawa.tokyo.jp/machizukuridoboku/index.html,
荒川区,road,3,位置指定道路（建築基準法第42条第1項第五号）,https://www.city.arakawa.tokyo.jp/a044/machizukuridoboku/kenchikukaihatsu/ichishitei.html,災害時地域貢献建築物の認定・助成制度,https://www.city.arakawa.tokyo.jp/machizukuridoboku/kenchikukaihatsu/saigaiji/index.html,
荒川区,road,3,指定道路情報（建築基準法の道路種別）,https://www.city.arakawa.tokyo.jp/a044/machizukuridoboku/tochidouro/siteidouro.html,まちづくり・土木,https://www.city.arakawa.tokyo.jp/machizukuridoboku/index.html,
荒川区,road,3,土地・道路,https://www.city.arakawa.tokyo.jp/machizukuridoboku/index.html#a205,まちづくり・土木,https://www.city.arakawa.tokyo.jp/machizukuridoboku/index.html,
荒川区,road,3,道路に接していない敷地での建替え,https://www.city.arakawa.tokyo.jp/machizukuridoboku/kenchikukaihatsu/machidukuri/index.html,災害時地域貢献建築物の認定・助成制度,https://www.city.arakawa.tokyo.jp/machizukuridoboku/kenchikukaihatsu/saigaiji/index.html,
荒川区,road,3,土地・道路,https://www.city.arakawa.tokyo.jp/machizukuridoboku/tochidouro/index.html,まちづくり・土木,https://www.city.arakawa.tokyo.jp/machizukuridoboku/index.html,
荒川区,road,3,道路の管理,https://www.city.arakawa.tokyo.jp/machizukuridoboku/tochidouro/kanri/index.html,まちづくり・土木,https://www.city.arakawa.tokyo.jp/machizukuridoboku/index.html,
荒川区,road,3,道路の整備,https://www.city.arakawa.tokyo.jp/machizukuridoboku/tochidouro/seibi/index.html,まちづくり・土木,https://www.city.arakawa.tokyo.jp/machizukuridoboku/index.html,
荒川区,road,3,道路の申請,https://www.city.arakawa.tokyo.jp/machizukuridoboku/tochidouro/toroku/index.html,まちづくり・土木,https://www.city.arakawa.tokyo.jp/machizukuridoboku/index.html,
葛飾区,building_guidance,2,不燃化特区内の老朽建築物の取壊しへの助成,https://www.city.katsushika.lg.jp/planning/1003610/1025770/index.html,まちづくり トップ,https://www.city.katsushika.lg.jp/planning/index.html,
葛飾区,building_guidance,2,大規模な開発行為や建築行為を行う事業者の皆様へ,https://www.city.katsushika.lg.jp/planning/1003620/1003776.html,まちづくり トップ,https://www.city.katsushika.lg.jp/planning/index.html,
葛飾区,building_guidance,3,「建築物の高さの最高限度についての方針」 （PDF 1008.7KB）,https://www.city.katsushika.lg.jp/_res/projects/default_project/_page_/001/003/633/housinn.pdf,絶対高さ高度地区の都市計画（案）について,https://www.city.katsushika.lg.jp/planning/1003609/1003633.html,
葛飾区,building_guidance,3,建築物の高さの最高限度についての方針（案）に関する区民意見提出手続き（パブリック・コメント手続）の実施結果 （PDF 104.1KB）,https://www.city.katsushika.lg.jp/_res/projects/default_project/_page_/001/003/633/pubkekka.pdf,絶対高さ高度地区の都市計画（案）について,https://www.city.katsushika.lg.jp/planning/1003609/1003633.html,
葛飾区,building_guidance,3,建築物の高さの最高限度についての方針（案）に関する区民説明会等の実施結果 （PDF 442.2KB）,https://www.city.katsushika.lg.jp/_res/projects/default_project/_page_/001/003/633/setumeikekka.pdf,絶対高さ高度地区の都市計画（案）について,https://www.city.katsushika.lg.jp/planning/1003609/1003633.html,
葛飾区,building_guidance,3,葛飾区役所への手続き要綱（防災上危険な老朽建築物認定及び適正管理の証明事務手続要綱） （PDF 171.9KB）,https://www.city.katsushika.lg.jp/_res/projects/default_project/_page_/001/019/077/r8roukyu_youkou.pdf,不燃化特区内の固定資産税・都市計画税の減免のご案内,https://www.city.katsushika.lg.jp/planning/1003610/1019077/index.html,
葛飾区,building_guidance,3,解体前に提出する様式（老朽建築物認定申請書） （PDF 109.7KB）,https://www.city.katsushika.lg.jp/_res/projects/default_project/_page_/001/019/077/r8roukyusinnsei.pdf,不燃化特区内の固定資産税・都市計画税の減免のご案内,https://www.city.katsushika.lg.jp/planning/1003610/1019077/index.html,
葛飾区,building_guidance,3,葛飾区不燃化特区老朽建築物除却助成金交付要綱 （PDF 138.3KB）,https://www.city.katsushika.lg.jp/_res/projects/default_project/_page_/001/025/770/r8j.yoko.pdf,不燃化特区内の老朽建築物の取壊しへの助成,https://www.city.katsushika.lg.jp/planning/1003610/1025770/index.html,
葛飾区,building_guidance,3,建築物等の解体等工事に係る計画の事前周知について,https://www.city.katsushika.lg.jp/kurashi/1000062/1003884/1003961.html,公害・環境調査,https://www.city.katsushika.lg.jp/kurashi/1000062/1003884/index.html,
葛飾区,district_plan,1,福祉のまちづくり条例,https://www.city.katsushika.lg.jp/planning/1003621/index.html,公式トップ,https://www.city.katsushika.lg.jp/,
葛飾区,district_plan,1,用途地域・都市計画・地区計画,https://www.city.katsushika.lg.jp/planning/1030239/index.html,公式トップ,https://www.city.katsushika.lg.jp/,
葛飾区,district_plan,1,まちづくり トップ,https://www.city.katsushika.lg.jp/planning/index.html,公式トップ,https://www.city.katsushika.lg.jp/,
葛飾区,district_plan,2,都市計画マスタープラン,https://www.city.katsushika.lg.jp/information/1000084/1030260/1006017/index.html,まちづくり トップ,https://www.city.katsushika.lg.jp/planning/index.html,
葛飾区,district_plan,2,緑化・花いっぱいのまちづくり,https://www.city.katsushika.lg.jp/kurashi/1000062/1030174/index.html,環境,https://www.city.katsushika.lg.jp/kurashi/1000062/index.html,
葛飾区,district_plan,2,絶対高さ高度地区の都市計画（案）について,https://www.city.katsushika.lg.jp/planning/1003609/1003633.html,まちづくり トップ,https://www.city.katsushika.lg.jp/planning/index.html,
葛飾区,district_plan,2,柴又地域景観地区,https://www.city.katsushika.lg.jp/planning/1003609/1013760.html,まちづくり トップ,https://www.city.katsushika.lg.jp/planning/index.html,
葛飾区,district_plan,2,小菅一丁目地区地区計画の変更について,https://www.city.katsushika.lg.jp/planning/1003609/1039169/index.html,まちづくり トップ,https://www.city.katsushika.lg.jp/planning/index.html,
葛飾区,district_plan,2,不燃化特区内の固定資産税・都市計画税の減免のご案内,https://www.city.katsushika.lg.jp/planning/1003610/1019077/index.html,まちづくり トップ,https://www.city.katsushika.lg.jp/planning/index.html,
葛飾区,district_plan,2,葛飾中川かわまちづくり計画について,https://www.city.katsushika.lg.jp/planning/1003614/1033115.html,まちづくり トップ,https://www.city.katsushika.lg.jp/planning/index.html,
葛飾区,district_plan,2,「東京都福祉のまちづくり条例」について,https://www.city.katsushika.lg.jp/planning/1003621/1003778.html,まちづくり トップ,https://www.city.katsushika.lg.jp/planning/index.html,
葛飾区,district_plan,2,対象施設（東京都福祉のまちづくり条例）,https://www.city.katsushika.lg.jp/planning/1003621/1003779.html,まちづくり トップ,https://www.city.katsushika.lg.jp/planning/index.html,
葛飾区,district_plan,2,用途地域・都市計画,https://www.city.katsushika.lg.jp/planning/1030239/1003611/index.html,まちづくり トップ,https://www.city.katsushika.lg.jp/planning/index.html,
葛飾区,district_plan,2,地区計画等の届出等の郵送受付について,https://www.city.katsushika.lg.jp/planning/1030239/1023364.html,まちづくり トップ,https://www.city.katsushika.lg.jp/planning/index.html,
葛飾区,district_plan,2,地区計画の概要,https://www.city.katsushika.lg.jp/planning/1030239/1030240/index.html,まちづくり トップ,https://www.city.katsushika.lg.jp/planning/index.html,
葛飾区,district_plan,2,葛飾区内の地区計画,https://www.city.katsushika.lg.jp/planning/1030239/1030241/index.html,まちづくり トップ,https://www.city.katsushika.lg.jp/planning/index.html,
葛飾区,district_plan,3,第38回葛飾区都市計画審議会特別委員会中間報告資料 （PDF 973.4KB）,https://www.city.katsushika.lg.jp/_res/projects/default_project/_page_/001/003/633/38cyuukann.pdf,絶対高さ高度地区の都市計画（案）について,https://www.city.katsushika.lg.jp/planning/1003609/1003633.html,
葛飾区,district_plan,3,第39回葛飾区都市計画審議会特別委員会中間報告資料 （PDF 1.6MB）,https://www.city.katsushika.lg.jp/_res/projects/default_project/_page_/001/003/633/39cyuukan.pdf,絶対高さ高度地区の都市計画（案）について,https://www.city.katsushika.lg.jp/planning/1003609/1003633.html,
葛飾区,district_plan,3,第42回葛飾区都市計画審議会中間報告資料 （PDF 1.5MB）,https://www.city.katsushika.lg.jp/_res/projects/default_project/_page_/001/003/633/42cyuukann2.pdf,絶対高さ高度地区の都市計画（案）について,https://www.city.katsushika.lg.jp/planning/1003609/1003633.html,
葛飾区,district_plan,3,第43回葛飾区都市計画審議会報告資料 （PDF 1.4MB）,https://www.city.katsushika.lg.jp/_res/projects/default_project/_page_/001/003/633/43houkoku.pdf,絶対高さ高度地区の都市計画（案）について,https://www.city.katsushika.lg.jp/planning/1003609/1003633.html,
葛飾区,district_plan,3,東京都市計画高度地区の変更（葛飾区決定）（原案） （PDF 122.9KB）,https://www.city.katsushika.lg.jp/_res/projects/default_project/_page_/001/003/633/genan.pdf,絶対高さ高度地区の都市計画（案）について,https://www.city.katsushika.lg.jp/planning/1003609/1003633.html,
葛飾区,district_plan,3,絶対高さ高度地区に関する都市計画変更（原案）についての区民説明会等の実施結果 （PDF 696.0KB）,https://www.city.katsushika.lg.jp/_res/projects/default_project/_page_/001/003/633/genankekka.pdf,絶対高さ高度地区の都市計画（案）について,https://www.city.katsushika.lg.jp/planning/1003609/1003633.html,
葛飾区,district_plan,3,東京都市計画高度地区の変更（葛飾区決定）（案） （PDF 133.6KB）,https://www.city.katsushika.lg.jp/_res/projects/default_project/_page_/001/003/633/ketteian.pdf,絶対高さ高度地区の都市計画（案）について,https://www.city.katsushika.lg.jp/planning/1003609/1003633.html,
葛飾区,district_plan,3,東京都市計画高度地区（葛飾区決定）特例の認定及び許可に関する運用基準（案） （PDF 251.7KB）,https://www.city.katsushika.lg.jp/_res/projects/default_project/_page_/001/003/633/kijun.pdf,絶対高さ高度地区の都市計画（案）について,https://www.city.katsushika.lg.jp/planning/1003609/1003633.html,
葛飾区,district_plan,3,絶対高さ高度地区に関する都市計画変更（原案）　まとめ （PDF 973.3KB）,https://www.city.katsushika.lg.jp/_res/projects/default_project/_page_/001/003/633/matome.pdf,絶対高さ高度地区の都市計画（案）について,https://www.city.katsushika.lg.jp/planning/1003609/1003633.html,
葛飾区,district_plan,3,東京都市計画高度地区の変更について（答申） （PDF 170.5KB）,https://www.city.katsushika.lg.jp/_res/projects/default_project/_page_/001/003/633/toushin.pdf,絶対高さ高度地区の都市計画（案）について,https://www.city.katsushika.lg.jp/planning/1003609/1003633.html,
葛飾区,district_plan,3,環状七号線沿道地区計画,https://www.city.katsushika.lg.jp/business/1000011/1000069/1005250/1005330.html,葛飾区内の地区計画,https://www.city.katsushika.lg.jp/planning/1030239/1030241/index.html,
葛飾区,district_plan,3,旧都市計画マスタープラン（平成23年度策定）について,https://www.city.katsushika.lg.jp/information/1000084/1030260/1006017/1024189/index.html,都市計画マスタープラン,https://www.city.katsushika.lg.jp/information/1000084/1030260/1006017/index.html,
葛飾区,district_plan,3,葛飾区都市計画マスタープラン（素案）に係る区民意見提出手続（パブリック・コメント手続）の実施結果について,https://www.city.katsushika.lg.jp/information/1000084/1030260/1006017/1033826.html,都市計画マスタープラン,https://www.city.katsushika.lg.jp/information/1000084/1030260/1006017/index.html,
葛飾区,district_plan,3,葛飾区都市計画マスタープランを策定しました,https://www.city.katsushika.lg.jp/information/1000084/1030260/1006017/1033992.html,都市計画マスタープラン,https://www.city.katsushika.lg.jp/information/1000084/1030260/1006017/index.html,
葛飾区,district_plan,3,葛飾区まちづくりシンポジウムについて,https://www.city.katsushika.lg.jp/information/1000084/1030260/1006017/1034056/index.html,都市計画マスタープラン,https://www.city.katsushika.lg.jp/information/1000084/1030260/1006017/index.html,
葛飾区,district_plan,3,都市計画マスタープラン小中学生向けパンフレットをつくりました,https://www.city.katsushika.lg.jp/information/1000084/1030260/1006017/1035648.html,都市計画マスタープラン,https://www.city.katsushika.lg.jp/information/1000084/1030260/1006017/index.html,
葛飾区,district_plan,3,まちづくり・都市計画・交通,https://www.city.katsushika.lg.jp/information/1000084/1030260/index.html,都市計画マスタープラン,https://www.city.katsushika.lg.jp/information/1000084/1030260/1006017/index.html,
葛飾区,district_plan,3,花いっぱいのまちづくりホームページを開設いたしました,https://www.city.katsushika.lg.jp/kurashi/1000062/1030174/1003995.html,緑化・花いっぱいのまちづくり,https://www.city.katsushika.lg.jp/kurashi/1000062/1030174/index.html,
葛飾区,district_plan,3,かつしか花いっぱいのまちづくり推進協議会が活動しています,https://www.city.katsushika.lg.jp/kurashi/1000062/1030174/1003997.html,緑化・花いっぱいのまちづくり,https://www.city.katsushika.lg.jp/kurashi/1000062/1030174/index.html,
葛飾区,district_plan,3,地域緑化活動の支援（緑と花のまちづくり推進事業）,https://www.city.katsushika.lg.jp/kurashi/1000062/1030174/1004011.html,緑化・花いっぱいのまちづくり,https://www.city.katsushika.lg.jp/kurashi/1000062/1030174/index.html,
葛飾区,district_plan,3,小菅一丁目地区地区計画変更（原案）説明会,https://www.city.katsushika.lg.jp/planning/1003609/1039169/1039170.html,小菅一丁目地区地区計画の変更について,https://www.city.katsushika.lg.jp/planning/1003609/1039169/index.html,
葛飾区,district_plan,3,小菅一丁目地区地区計画（原案）の公告・縦覧及び意見書の提出について【終了しました】,https://www.city.katsushika.lg.jp/planning/1003609/1039169/1039171.html,小菅一丁目地区地区計画の変更について,https://www.city.katsushika.lg.jp/planning/1003609/1039169/index.html,
葛飾区,district_plan,3,小菅一丁目地区地区計画（案）の公告・縦覧及び意見書の提出について【終了しました】,https://www.city.katsushika.lg.jp/planning/1003609/1039169/1040333.html,小菅一丁目地区地区計画の変更について,https://www.city.katsushika.lg.jp/planning/1003609/1039169/index.html,
葛飾区,district_plan,3,葛飾区都市計画図［用途地域等］の公開,https://www.city.katsushika.lg.jp/planning/1030239/1003611/1003704.html,用途地域・都市計画,https://www.city.katsushika.lg.jp/planning/1030239/1003611/index.html,
葛飾区,district_plan,3,景観法に基づく手続き,https://www.city.katsushika.lg.jp/planning/1030239/1003611/1017877.html,用途地域・都市計画,https://www.city.katsushika.lg.jp/planning/1030239/1003611/index.html,
葛飾区,district_plan,3,用途地域等の一括変更について【終了しました】,https://www.city.katsushika.lg.jp/planning/1030239/1003611/1025436.html,用途地域・都市計画,https://www.city.katsushika.lg.jp/planning/1030239/1003611/index.html,
葛飾区,district_plan,3,地区計画,https://www.city.katsushika.lg.jp/planning/1030239/1030240/1003666.html,地区計画の概要,https://www.city.katsushika.lg.jp/planning/1030239/1030240/index.html,
葛飾区,district_plan,3,高砂四丁目地区地区計画,https://www.city.katsushika.lg.jp/planning/1030239/1030241/1003656.html,葛飾区内の地区計画,https://www.city.katsushika.lg.jp/planning/1030239/1030241/index.html,
葛飾区,district_plan,3,新宿六丁目地区地区計画（東京都決定）,https://www.city.katsushika.lg.jp/planning/1030239/1030241/1003662.html,葛飾区内の地区計画,https://www.city.katsushika.lg.jp/planning/1030239/1030241/index.html,
葛飾区,district_plan,3,青戸六・七丁目地区地区計画,https://www.city.katsushika.lg.jp/planning/1030239/1030241/1003665.html,葛飾区内の地区計画,https://www.city.katsushika.lg.jp/planning/1030239/1030241/index.html,
葛飾区,district_plan,3,奥戸四丁目地区地区計画,https://www.city.katsushika.lg.jp/planning/1030239/1030241/1003668.html,葛飾区内の地区計画,https://www.city.katsushika.lg.jp/planning/1030239/1030241/index.html,
葛飾区,district_plan,3,亀有駅東地区地区計画,https://www.city.katsushika.lg.jp/planning/1030239/1030241/1003670.html,葛飾区内の地区計画,https://www.city.katsushika.lg.jp/planning/1030239/1030241/index.html,
葛飾区,district_plan,3,小菅一丁目地区地区計画,https://www.city.katsushika.lg.jp/planning/1030239/1030241/1003671.html,小菅一丁目地区地区計画の変更について,https://www.city.katsushika.lg.jp/planning/1003609/1039169/index.html,
葛飾区,district_plan,3,さくら並木の道沿道地区地区計画,https://www.city.katsushika.lg.jp/planning/1030239/1030241/1003672.html,葛飾区内の地区計画,https://www.city.katsushika.lg.jp/planning/1030239/1030241/index.html,
葛飾区,district_plan,3,新柴又駅周辺地区地区計画,https://www.city.katsushika.lg.jp/planning/1030239/1030241/1003673.html,葛飾区内の地区計画,https://www.city.katsushika.lg.jp/planning/1030239/1030241/index.html,
葛飾区,district_plan,3,花の木通り沿道地区地区計画,https://www.city.katsushika.lg.jp/planning/1030239/1030241/1003674.html,葛飾区内の地区計画,https://www.city.katsushika.lg.jp/planning/1030239/1030241/index.html,
葛飾区,district_plan,3,東新小岩一丁目地区地区計画,https://www.city.katsushika.lg.jp/planning/1030239/1030241/1003675.html,葛飾区内の地区計画,https://www.city.katsushika.lg.jp/planning/1030239/1030241/index.html,
葛飾区,district_plan,3,新小岩駅南口地区地区計画,https://www.city.katsushika.lg.jp/planning/1030239/1030241/1003676.html,葛飾区内の地区計画,https://www.city.katsushika.lg.jp/planning/1030239/1030241/index.html,
葛飾区,district_plan,3,東新小岩二丁目地区地区計画,https://www.city.katsushika.lg.jp/planning/1030239/1030241/1003677.html,葛飾区内の地区計画,https://www.city.katsushika.lg.jp/planning/1030239/1030241/index.html,
葛飾区,district_plan,3,南水元一丁目・二丁目地区地区計画,https://www.city.katsushika.lg.jp/planning/1030239/1030241/1003679.html,葛飾区内の地区計画,https://www.city.katsushika.lg.jp/planning/1030239/1030241/index.html,
葛飾区,district_plan,3,東立石四丁目地区防災街区整備地区計画,https://www.city.katsushika.lg.jp/planning/1030239/1030241/1003692.html,葛飾区内の地区計画,https://www.city.katsushika.lg.jp/planning/1030239/1030241/index.html,
葛飾区,district_plan,3,四ツ木駅周辺地区防災街区整備地区計画,https://www.city.katsushika.lg.jp/planning/1030239/1030241/1003702.html,葛飾区内の地区計画,https://www.city.katsushika.lg.jp/planning/1030239/1030241/index.html,
葛飾区,district_plan,3,立石駅北口地区地区計画,https://www.city.katsushika.lg.jp/planning/1030239/1030241/1014953.html,葛飾区内の地区計画,https://www.city.katsushika.lg.jp/planning/1030239/1030241/index.html,
葛飾区,district_plan,3,立石駅南口東地区地区計画,https://www.city.katsushika.lg.jp/planning/1030239/1030241/1020894.html,葛飾区内の地区計画,https://www.city.katsushika.lg.jp/planning/1030239/1030241/index.html,
葛飾区,district_plan,3,東金町一丁目西地区地区計画,https://www.city.katsushika.lg.jp/planning/1030239/1030241/1022053.html,葛飾区内の地区計画,https://www.city.katsushika.lg.jp/planning/1030239/1030241/index.html,
葛飾区,district_plan,3,堀切二丁目周辺及び四丁目地区防災街区整備地区計画,https://www.city.katsushika.lg.jp/planning/1030239/1030241/1032086.html,葛飾区内の地区計画,https://www.city.katsushika.lg.jp/planning/1030239/1030241/index.html,
葛飾区,district_plan,3,立石駅南口西地区地区計画,https://www.city.katsushika.lg.jp/planning/1030239/1030241/1032681.html,葛飾区内の地区計画,https://www.city.katsushika.lg.jp/planning/1030239/1030241/index.html,
葛飾区,district_plan,3,西新小岩五丁目地区防災街区整備地区計画,https://www.city.katsushika.lg.jp/planning/1030239/1030241/1037611.html,葛飾区内の地区計画,https://www.city.katsushika.lg.jp/planning/1030239/1030241/index.html,
葛飾区,hazard,1,防災街づくり,https://www.city.katsushika.lg.jp/planning/1003610/index.html,公式トップ,https://www.city.katsushika.lg.jp/,
葛飾区,hazard,3,葛飾区役所への手続き要綱（防災上危険な老朽建築物認定及び適正管理の証明事務手続要綱） （PDF 171.9KB）,https://www.city.katsushika.lg.jp/_res/projects/default_project/_page_/001/019/077/r8roukyu_youkou.pdf,不燃化特区内の固定資産税・都市計画税の減免のご案内,https://www.city.katsushika.lg.jp/planning/1003610/1019077/index.html,
葛飾区,hazard,3,防災・耐震化・防犯,https://www.city.katsushika.lg.jp/information/1000084/1030259/index.html,都市計画マスタープラン,https://www.city.katsushika.lg.jp/information/1000084/1030260/1006017/index.html,
葛飾区,hazard,3,東立石四丁目地区防災街区整備地区計画,https://www.city.katsushika.lg.jp/planning/1030239/1030241/1003692.html,葛飾区内の地区計画,https://www.city.katsushika.lg.jp/planning/1030239/1030241/index.html,
葛飾区,hazard,3,四ツ木駅周辺地区防災街区整備地区計画,https://www.city.katsushika.lg.jp/planning/1030239/1030241/1003702.html,葛飾区内の地区計画,https://www.city.katsushika.lg.jp/planning/1030239/1030241/index.html,
葛飾区,hazard,3,堀切二丁目周辺及び四丁目地区防災街区整備地区計画,https://www.city.katsushika.lg.jp/planning/1030239/1030241/1032086.html,葛飾区内の地区計画,https://www.city.katsushika.lg.jp/planning/1030239/1030241/index.html,
葛飾区,hazard,3,西新小岩五丁目地区防災街区整備地区計画,https://www.city.katsushika.lg.jp/planning/1030239/1030241/1037611.html,葛飾区内の地区計画,https://www.city.katsushika.lg.jp/planning/1030239/1030241/index.html,
葛飾区,road,1,道路・屋外広告物・私道,https://www.city.katsushika.lg.jp/planning/1030242/index.html,公式トップ,https://www.city.katsushika.lg.jp/,
葛飾区,road,2,道路保全事務所など,https://www.city.katsushika.lg.jp/institution/1000101/1007354.html,環境・衛生・清掃施設,https://www.city.katsushika.lg.jp/institution/1000101/index.html,
葛飾区,road,2,公園や道路の損傷・不具合をスマートフォンアプリで投稿,https://www.city.katsushika.lg.jp/planning/1003408/1030511.html,まちづくり トップ,https://www.city.katsushika.lg.jp/planning/index.html,
葛飾区,road,2,道路,https://www.city.katsushika.lg.jp/planning/1030242/1003613/index.html,まちづくり トップ,https://www.city.katsushika.lg.jp/planning/index.html,
葛飾区,road,2,私道,https://www.city.katsushika.lg.jp/planning/1030242/1036679/index.html,まちづくり トップ,https://www.city.katsushika.lg.jp/planning/index.html,
葛飾区,road,3,道路交通騒音・振動調査,https://www.city.katsushika.lg.jp/kurashi/1000062/1003884/1003957.html,公害・環境調査,https://www.city.katsushika.lg.jp/kurashi/1000062/1003884/index.html,
豊島区,building_guidance,2,中高層集合住宅建築物の建築をする事業者の皆様へ,https://www.city.toshima.lg.jp/069/kurashi/tyokai/jizennkyogi/2402221416.html,暮らし・地域,https://www.city.toshima.lg.jp/kurashi/index.html,
豊島区,building_guidance,2,住まい・建築・環境保全,https://www.city.toshima.lg.jp/machizukuri/index.html#a235,まちづくり・環境・産業,https://www.city.toshima.lg.jp/machizukuri/index.html,
豊島区,building_guidance,2,住まい・建築・環境保全,https://www.city.toshima.lg.jp/machizukuri/sumai/index.html,まちづくり・環境・産業,https://www.city.toshima.lg.jp/machizukuri/index.html,
豊島区,building_guidance,2,建築,https://www.city.toshima.lg.jp/machizukuri/sumai/kenchiku/index.html,まちづくり・環境・産業,https://www.city.toshima.lg.jp/machizukuri/index.html,
豊島区,district_plan,1,PAGE TOP,https://www.city.toshima.lg.jp/#tmp_header,公式トップ,https://www.city.toshima.lg.jp/,
豊島区,district_plan,1,本文へスキップします。,https://www.city.toshima.lg.jp/#tmp_honbun,公式トップ,https://www.city.toshima.lg.jp/,
豊島区,district_plan,1,窓口受付時間,https://www.city.toshima.lg.jp/000/kuse/madoguchijikan.html,公式トップ,https://www.city.toshima.lg.jp/,
豊島区,district_plan,1,としまのお財布・当初予算ミニブック,https://www.city.toshima.lg.jp/004/kuse/shisaku/shisaku/kekaku/zaise.html,公式トップ,https://www.city.toshima.lg.jp/,
豊島区,district_plan,1,注目情報 5月3日 区長緊急メッセージ(子育てに関する悩みや不安を抱える皆さまへ),https://www.city.toshima.lg.jp/010/2605031352.html,公式トップ,https://www.city.toshima.lg.jp/,
豊島区,district_plan,1,検索方法,https://www.city.toshima.lg.jp/012/019535.html,公式トップ,https://www.city.toshima.lg.jp/,
豊島区,district_plan,1,ページID検索とは,https://www.city.toshima.lg.jp/012/idkensaku.html,公式トップ,https://www.city.toshima.lg.jp/,
豊島区,district_plan,1,関連リンク集,https://www.city.toshima.lg.jp/012/link.html,公式トップ,https://www.city.toshima.lg.jp/,
豊島区,district_plan,1,個人情報の取り扱い,https://www.city.toshima.lg.jp/012/privacy.html,公式トップ,https://www.city.toshima.lg.jp/,
豊島区,district_plan,1,豊島区役所コールセンターのご案内,https://www.city.toshima.lg.jp/016/kuse/iken/callcenter/1504281701.html,公式トップ,https://www.city.toshima.lg.jp/,
豊島区,district_plan,1,豊島区公共施設予約システム,https://www.city.toshima.lg.jp/020/kuse/electronic/028129.html,公式トップ,https://www.city.toshima.lg.jp/,
豊島区,district_plan,1,防災関連SNS,https://www.city.toshima.lg.jp/042/bosai/taisaku/bosaijoho/032031.html,公式トップ,https://www.city.toshima.lg.jp/,
豊島区,district_plan,1,2026年4月25日から2027年4月11日 令和8年度展示「文学と美術の共鳴－フランス文学者・鈴木信太郎と芸術をめぐる物語－」,https://www.city.toshima.lg.jp/129/2602121428.html,公式トップ,https://www.city.toshima.lg.jp/,
豊島区,district_plan,1,2026年4月18日から2026年6月21日 令和8年度第1回収蔵資料展「江戸園芸のメソッド　～江戸っ子たちの花めぐり～」,https://www.city.toshima.lg.jp/129/2602251308.html,公式トップ,https://www.city.toshima.lg.jp/,
豊島区,district_plan,1,2026年4月14日から2026年6月28日 熊谷守一美術館41周年展 守一と故郷。,https://www.city.toshima.lg.jp/129/bunka/bunka/shiryokan/morikazu/2602150927.html,公式トップ,https://www.city.toshima.lg.jp/,
豊島区,district_plan,1,2026年6月5日から2026年6月7日 第24回東京フラフェスタin池袋2026,https://www.city.toshima.lg.jp/130/2603131520.html,公式トップ,https://www.city.toshima.lg.jp/,
豊島区,district_plan,1,2026年5月3日から2026年5月24日 第25回大塚バラまつり,https://www.city.toshima.lg.jp/132/2602170920.html,公式トップ,https://www.city.toshima.lg.jp/,
豊島区,district_plan,1,粗大ごみ,https://www.city.toshima.lg.jp/150/kurashi/gomi/shigen/009383.html,公式トップ,https://www.city.toshima.lg.jp/,
豊島区,district_plan,1,新着情報 5月12日 豊島区介護サービス事業所経営安定臨時支援金を交付します,https://www.city.toshima.lg.jp/193/2604271513.html,公式トップ,https://www.city.toshima.lg.jp/,
豊島区,district_plan,1,【池袋保健所移転】豊島区保健所が開所しました,https://www.city.toshima.lg.jp/208/kenko/kenko/251101.html,公式トップ,https://www.city.toshima.lg.jp/,
豊島区,district_plan,1,休日・夜間診療,https://www.city.toshima.lg.jp/208/kenko/kenko/kenkoiryokanren/009881.html,公式トップ,https://www.city.toshima.lg.jp/,
豊島区,district_plan,1,新着情報 5月11日 高齢者補聴器購入費助成事業,https://www.city.toshima.lg.jp/379/koureisyazigyo/1805080937.html,公式トップ,https://www.city.toshima.lg.jp/,
豊島区,district_plan,1,臨時閉庁日のお知らせ,https://www.city.toshima.lg.jp/399/2601281916.html,公式トップ,https://www.city.toshima.lg.jp/,
豊島区,district_plan,1,SNS,https://www.city.toshima.lg.jp/419/kuse/sns.html,公式トップ,https://www.city.toshima.lg.jp/,
豊島区,district_plan,1,豊島区防災ポータル・防災アプリ,https://www.city.toshima.lg.jp/420/bosai/taisaku/bosaiportalsite.html,公式トップ,https://www.city.toshima.lg.jp/,
豊島区,district_plan,1,としまキッズパーク,https://www.city.toshima.lg.jp/454/shisetsu/koen/documents/2009141032.html,公式トップ,https://www.city.toshima.lg.jp/,
豊島区,district_plan,1,2026年4月4日から2026年7月26日 トキワ荘マンガミュージアム特別企画展　 赤塚不二夫生誕90周年 「ギャグマンガの王様誕生　赤塚不二夫展～すべては『ナマちゃん』から始まった～」,https://www.city.toshima.lg.jp/467/2601301242.html,公式トップ,https://www.city.toshima.lg.jp/,
豊島区,district_plan,1,オンライン申請,https://www.city.toshima.lg.jp/497/kuse/electronic/denshishinse/018244.html,公式トップ,https://www.city.toshima.lg.jp/,
豊島区,district_plan,1,新着情報 5月11日 孤独・孤立対策について,https://www.city.toshima.lg.jp/524/kenko/sekatsu/2310111459.html,公式トップ,https://www.city.toshima.lg.jp/,
豊島区,district_plan,1,2026年4月4日から2026年12月18日 IKEBUKURO LIVING LOOP（池袋リビングループ）,https://www.city.toshima.lg.jp/549/machizukuri/toshikekaku/toshikekaku/2603251039.html,公式トップ,https://www.city.toshima.lg.jp/,
豊島区,district_plan,1,新着情報 5月12日 豊島区障害福祉サービス事業者等経営安定臨時支援金について,https://www.city.toshima.lg.jp/586/kenko/shogai/2603251344.html,公式トップ,https://www.city.toshima.lg.jp/,
豊島区,district_plan,1,令和8年度豊島区民による事業提案制度,https://www.city.toshima.lg.jp/595/2603191627.html,公式トップ,https://www.city.toshima.lg.jp/,
豊島区,district_plan,1,広告一覧ページへ,https://www.city.toshima.lg.jp/banner/1/banner_list_1.html,公式トップ,https://www.city.toshima.lg.jp/,
豊島区,district_plan,1,防災・安全,https://www.city.toshima.lg.jp/bosai/index.html,公式トップ,https://www.city.toshima.lg.jp/,
豊島区,district_plan,1,ハザードマップ,https://www.city.toshima.lg.jp/bosai/taisaku/hazard-map/index.html,公式トップ,https://www.city.toshima.lg.jp/,
豊島区,district_plan,1,文化・スポーツ,https://www.city.toshima.lg.jp/bunka/index.html,公式トップ,https://www.city.toshima.lg.jp/,
豊島区,district_plan,1,アクセス,https://www.city.toshima.lg.jp/chosha/access.html,公式トップ,https://www.city.toshima.lg.jp/,
豊島区,district_plan,1,区役所案内,https://www.city.toshima.lg.jp/chosha/index.html,公式トップ,https://www.city.toshima.lg.jp/,
豊島区,district_plan,1,事業者,https://www.city.toshima.lg.jp/guide/jigyosha.html,公式トップ,https://www.city.toshima.lg.jp/,
豊島区,district_plan,1,人材募集,https://www.city.toshima.lg.jp/guide/jinzaiboshuchu.html,公式トップ,https://www.city.toshima.lg.jp/,
豊島区,district_plan,1,出産・子育て,https://www.city.toshima.lg.jp/guide/shussan.html,公式トップ,https://www.city.toshima.lg.jp/,
豊島区,district_plan,1,相談一覧,https://www.city.toshima.lg.jp/guide/sodan/index.html,公式トップ,https://www.city.toshima.lg.jp/,
豊島区,district_plan,1,日本語,https://www.city.toshima.lg.jp/index.html,公式トップ,https://www.city.toshima.lg.jp/,
豊島区,district_plan,1,外国人のための 生活インフォメーション DAILY LIFE INFORMATION,https://www.city.toshima.lg.jp/info/index.html,公式トップ,https://www.city.toshima.lg.jp/,
豊島区,district_plan,1,健康・医療・福祉,https://www.city.toshima.lg.jp/kenko/index.html,公式トップ,https://www.city.toshima.lg.jp/,
豊島区,district_plan,1,キッズページ,https://www.city.toshima.lg.jp/kids/index.html,公式トップ,https://www.city.toshima.lg.jp/,
豊島区,district_plan,1,緊急情報一覧,https://www.city.toshima.lg.jp/kinkyu/index.html,公式トップ,https://www.city.toshima.lg.jp/,
豊島区,district_plan,1,子育て・教育,https://www.city.toshima.lg.jp/kosodate/index.html,公式トップ,https://www.city.toshima.lg.jp/,
豊島区,district_plan,1,保育,https://www.city.toshima.lg.jp/kosodate/kosodate/1809211404.html,公式トップ,https://www.city.toshima.lg.jp/,
豊島区,district_plan,1,ごみ・リサイクル,https://www.city.toshima.lg.jp/kurashi/gomi/index.html,公式トップ,https://www.city.toshima.lg.jp/,
豊島区,district_plan,1,暮らし・地域,https://www.city.toshima.lg.jp/kurashi/index.html,公式トップ,https://www.city.toshima.lg.jp/,
豊島区,district_plan,1,豊島区議会,https://www.city.toshima.lg.jp/kuse/gikai/index.html,公式トップ,https://www.city.toshima.lg.jp/,
豊島区,district_plan,1,区政への 意見・参画,https://www.city.toshima.lg.jp/kuse/iken/index.html,公式トップ,https://www.city.toshima.lg.jp/,
豊島区,district_plan,1,区政情報,https://www.city.toshima.lg.jp/kuse/index.html,公式トップ,https://www.city.toshima.lg.jp/,
豊島区,district_plan,1,ようこそ区長室へ,https://www.city.toshima.lg.jp/kuse/kuchoshitsu.html,公式トップ,https://www.city.toshima.lg.jp/,
豊島区,district_plan,1,目指す姿（計画・方針）,https://www.city.toshima.lg.jp/kuse/shisaku/shisaku/kekaku/index.html,公式トップ,https://www.city.toshima.lg.jp/,
豊島区,district_plan,1,組織案内,https://www.city.toshima.lg.jp/kuse/soshiki/index.html,公式トップ,https://www.city.toshima.lg.jp/,
豊島区,district_plan,1,まちづくり・環境・産業,https://www.city.toshima.lg.jp/machizukuri/index.html,公式トップ,https://www.city.toshima.lg.jp/,
豊島区,district_plan,1,としまの魅力,https://www.city.toshima.lg.jp/miryoku/index.html,公式トップ,https://www.city.toshima.lg.jp/,
豊島区,district_plan,1,文字サイズ・色合い変更,https://www.city.toshima.lg.jp/moji/index.html,公式トップ,https://www.city.toshima.lg.jp/,
豊島区,district_plan,1,お知らせ一覧,https://www.city.toshima.lg.jp/oshirase/index.html,公式トップ,https://www.city.toshima.lg.jp/,
豊島区,district_plan,1,検索,https://www.city.toshima.lg.jp/search_result.html,公式トップ,https://www.city.toshima.lg.jp/,
豊島区,district_plan,1,施設案内・予約,https://www.city.toshima.lg.jp/shisetsu/index.html,公式トップ,https://www.city.toshima.lg.jp/,
豊島区,district_plan,1,サイトマップ,https://www.city.toshima.lg.jp/sitemap.html,公式トップ,https://www.city.toshima.lg.jp/,
豊島区,district_plan,1,すずらんスマイルプロジェクト,https://www.city.toshima.lg.jp/suzuran/smile/index.html,公式トップ,https://www.city.toshima.lg.jp/,
豊島区,district_plan,1,手続き・届出,https://www.city.toshima.lg.jp/tetsuzuki/index.html,公式トップ,https://www.city.toshima.lg.jp/,
豊島区,district_plan,1,届出・証明・登録（戸籍・住民票など）,https://www.city.toshima.lg.jp/tetsuzuki/todokede/index.html,公式トップ,https://www.city.toshima.lg.jp/,
豊島区,district_plan,1,手続きナビ,https://www.city.toshima.lg.jp/tetsuzukinavi/index.php,公式トップ,https://www.city.toshima.lg.jp/,
豊島区,district_plan,1,としまの公園,https://www.city.toshima.lg.jp/toshimanokoen/index.html,公式トップ,https://www.city.toshima.lg.jp/,
豊島区,district_plan,2,豊島区都市宣言,https://www.city.toshima.lg.jp/000/1706291328.html,区政情報,https://www.city.toshima.lg.jp/kuse/index.html,
豊島区,district_plan,2,未来としまミーティング,https://www.city.toshima.lg.jp/000/kuse/iken/2312050924.html,区政情報,https://www.city.toshima.lg.jp/kuse/index.html,
豊島区,district_plan,2,マイナンバー　社会保障・税番号制度について,https://www.city.toshima.lg.jp/002/tetsuzuki/mynumber/1711291557.html,手続き・届出,https://www.city.toshima.lg.jp/tetsuzuki/index.html,
豊島区,district_plan,2,企画課（白書・報告書）,https://www.city.toshima.lg.jp/003/kuse/shisaku/shisaku/hakusho/008287/index.html,区政情報,https://www.city.toshima.lg.jp/kuse/index.html,
豊島区,district_plan,2,ふるさと納税が増えると豊島区の税収は減っていく・・・！,https://www.city.toshima.lg.jp/004/2508071110.html,区政情報,https://www.city.toshima.lg.jp/kuse/index.html,
豊島区,district_plan,2,「不合理な税制改正」に対する特別区長会緊急声明について,https://www.city.toshima.lg.jp/004/kuse/shisaku/shisaku/hakusho/2512191521.html,区政情報,https://www.city.toshima.lg.jp/kuse/index.html,
豊島区,district_plan,2,財政課（白書・報告書）,https://www.city.toshima.lg.jp/004/kuse/shisaku/shisaku/hakusho/zaise.html,区政情報,https://www.city.toshima.lg.jp/kuse/index.html,
豊島区,district_plan,2,予算書,https://www.city.toshima.lg.jp/004/kuse/shisaku/yosan/1601131047.html,区政情報,https://www.city.toshima.lg.jp/kuse/index.html,
豊島区,district_plan,2,業務委託モニタリング,https://www.city.toshima.lg.jp/009/2004201422.html,区政情報,https://www.city.toshima.lg.jp/kuse/index.html,
豊島区,district_plan,2,行政経営課（白書・報告書）,https://www.city.toshima.lg.jp/009/kuse/shisaku/shisaku/hakusho/gyose/index.html,区政情報,https://www.city.toshima.lg.jp/kuse/index.html,
豊島区,district_plan,2,区長プロフィール,https://www.city.toshima.lg.jp/010/kuse/034432/000002.html,区政情報,https://www.city.toshima.lg.jp/kuse/index.html,
豊島区,district_plan,2,豊島区について,https://www.city.toshima.lg.jp/011/kuse/gaiyo/profile/000781.html,区政情報,https://www.city.toshima.lg.jp/kuse/index.html,
豊島区,district_plan,2,区政へのご意見・ご要望（入力フォーム）,https://www.city.toshima.lg.jp/011/kuse/iken/goiken/voice.html,区政情報,https://www.city.toshima.lg.jp/kuse/index.html,
豊島区,district_plan,2,豊島区案内図,https://www.city.toshima.lg.jp/011/kuse/shisetsu/017605.html,区政情報,https://www.city.toshima.lg.jp/kuse/index.html,
豊島区,district_plan,2,PAGE TOP,https://www.city.toshima.lg.jp/012/019535.html#tmp_header,検索方法,https://www.city.toshima.lg.jp/012/019535.html,
豊島区,district_plan,2,本文へスキップします。,https://www.city.toshima.lg.jp/012/019535.html#tmp_honbun,検索方法,https://www.city.toshima.lg.jp/012/019535.html,
豊島区,district_plan,2,PAGE TOP,https://www.city.toshima.lg.jp/012/idkensaku.html#tmp_header,ページID検索とは,https://www.city.toshima.lg.jp/012/idkensaku.html,
豊島区,district_plan,2,本文へスキップします。,https://www.city.toshima.lg.jp/012/idkensaku.html#tmp_honbun,ページID検索とは,https://www.city.toshima.lg.jp/012/idkensaku.html,
豊島区,district_plan,2,区の歴史・年表,https://www.city.toshima.lg.jp/012/kuse/gaiyo/000782.html,区政情報,https://www.city.toshima.lg.jp/kuse/index.html,
豊島区,district_plan,2,区政のあゆみ年表,https://www.city.toshima.lg.jp/012/kuse/gaiyo/nenpyo/index.html,区政情報,https://www.city.toshima.lg.jp/kuse/index.html,
豊島区,district_plan,2,傍聴できる会議の開催予定,https://www.city.toshima.lg.jp/012/kuse/shingi/bocho/index.html,区政情報,https://www.city.toshima.lg.jp/kuse/index.html,
豊島区,district_plan,2,手続き等で来庁を検討しているかたへ,https://www.city.toshima.lg.jp/013/2003021019.html,手続き・届出,https://www.city.toshima.lg.jp/tetsuzuki/index.html,
豊島区,district_plan,2,子どもの声,https://www.city.toshima.lg.jp/016/kosodate/2306150920.html,区政情報,https://www.city.toshima.lg.jp/kuse/index.html,
豊島区,district_plan,2,これまでの主な意見と回答および区民の声受付状況、広聴活動について,https://www.city.toshima.lg.jp/016/kuse/iken/goiken/iken.html,区政情報,https://www.city.toshima.lg.jp/kuse/index.html,
豊島区,district_plan,2,豊島区への寄附のご案内,https://www.city.toshima.lg.jp/026/2103181501.html,区政情報,https://www.city.toshima.lg.jp/kuse/index.html,
豊島区,district_plan,2,内部統制制度,https://www.city.toshima.lg.jp/026/2504041323.html,区政情報,https://www.city.toshima.lg.jp/kuse/index.html,
豊島区,district_plan,2,人権,https://www.city.toshima.lg.jp/026/kuse/hewa/jinken/index.html,区政情報,https://www.city.toshima.lg.jp/kuse/index.html,
豊島区,district_plan,2,行政情報公開・個人情報保護制度の実施状況,https://www.city.toshima.lg.jp/029/kuse/johohogo/000837.html,区政情報,https://www.city.toshima.lg.jp/kuse/index.html,
豊島区,district_plan,2,行政情報コーナーのご案内,https://www.city.toshima.lg.jp/029/kuse/johohogo/000845.html,区政情報,https://www.city.toshima.lg.jp/kuse/index.html,
豊島区,district_plan,2,有償刊行物一覧,https://www.city.toshima.lg.jp/029/kuse/kankobutsu/yusho/index.html,区政情報,https://www.city.toshima.lg.jp/kuse/index.html,
豊島区,district_plan,2,公文書管理,https://www.city.toshima.lg.jp/030/documents/1909241400.html,区政情報,https://www.city.toshima.lg.jp/kuse/index.html,
豊島区,district_plan,2,文書・フォルダ情報の掲載について,https://www.city.toshima.lg.jp/030/kuse/johohogo/020625.html,区政情報,https://www.city.toshima.lg.jp/kuse/index.html,
豊島区,district_plan,2,よくある質問,https://www.city.toshima.lg.jp/031/2306211536.html,区政情報,https://www.city.toshima.lg.jp/kuse/index.html,
豊島区,district_plan,2,待遇,https://www.city.toshima.lg.jp/031/kuse/jinji/012162/005105.html,区政情報,https://www.city.toshima.lg.jp/kuse/index.html,
豊島区,district_plan,2,人事課（白書・報告書）,https://www.city.toshima.lg.jp/031/kuse/shisaku/shisaku/hakusho/001380.html,区政情報,https://www.city.toshima.lg.jp/kuse/index.html,
豊島区,district_plan,2,福利厚生,https://www.city.toshima.lg.jp/032/kuse/jinji/012162/005102.html,区政情報,https://www.city.toshima.lg.jp/kuse/index.html,
豊島区,district_plan,2,契約関係各種様式等,https://www.city.toshima.lg.jp/039/kuse/nyusatsu/002617.html,区政情報,https://www.city.toshima.lg.jp/kuse/index.html,
豊島区,district_plan,2,要綱・要領等,https://www.city.toshima.lg.jp/039/kuse/nyusatsu/002632.html,区政情報,https://www.city.toshima.lg.jp/kuse/index.html,
豊島区,district_plan,2,契約約款・請書等,https://www.city.toshima.lg.jp/039/kuse/nyusatsu/026105.html,区政情報,https://www.city.toshima.lg.jp/kuse/index.html,
豊島区,district_plan,2,豊島区公契約条例について,https://www.city.toshima.lg.jp/039/kuse/nyusatsu/koukeiyaku/2512241745.html,区政情報,https://www.city.toshima.lg.jp/kuse/index.html,
豊島区,district_plan,2,入札・契約等に関するお知らせ,https://www.city.toshima.lg.jp/039/kuse/nyusatsu/nyusatsu/keyaku/index.html,区政情報,https://www.city.toshima.lg.jp/kuse/index.html,
豊島区,district_plan,2,「警戒レベル」を用いた避難指示等の発令について,https://www.city.toshima.lg.jp/042/bosai/taisaku/1907051616.html,防災関連SNS,https://www.city.toshima.lg.jp/042/bosai/taisaku/bosaijoho/032031.html,
豊島区,district_plan,2,事前の備え,https://www.city.toshima.lg.jp/042/bosai/taisaku/2303011601.html,防災・安全,https://www.city.toshima.lg.jp/bosai/index.html,
豊島区,district_plan,2,発災時の避難,https://www.city.toshima.lg.jp/042/bosai/taisaku/2303011607.html,防災・安全,https://www.city.toshima.lg.jp/bosai/index.html,
豊島区,district_plan,2,災害の被害に遭われた方へ,https://www.city.toshima.lg.jp/042/bosai/taisaku/2303011608.html,防災・安全,https://www.city.toshima.lg.jp/bosai/index.html,
豊島区,district_plan,2,防災に関するおしらせ,https://www.city.toshima.lg.jp/042/bosai/taisaku/2303011615.html,防災・安全,https://www.city.toshima.lg.jp/bosai/index.html,
豊島区,district_plan,2,防災リンク集,https://www.city.toshima.lg.jp/042/bosai/taisaku/2303011622.html,防災・安全,https://www.city.toshima.lg.jp/bosai/index.html,
豊島区,district_plan,2,各種防災マップ,https://www.city.toshima.lg.jp/042/bosai/taisaku/2303011624.html,防災・安全,https://www.city.toshima.lg.jp/bosai/index.html,
豊島区,district_plan,2,災害時の情報収集,https://www.city.toshima.lg.jp/042/bosai/taisaku/2303011626.html,防災関連SNS,https://www.city.toshima.lg.jp/042/bosai/taisaku/bosaijoho/032031.html,
豊島区,district_plan,2,緊急地震速報とは,https://www.city.toshima.lg.jp/042/bosai/taisaku/bosaijoho/004999/index.html,防災関連SNS,https://www.city.toshima.lg.jp/042/bosai/taisaku/bosaijoho/032031.html,
豊島区,district_plan,2,PAGE TOP,https://www.city.toshima.lg.jp/042/bosai/taisaku/bosaijoho/032031.html#tmp_header,防災関連SNS,https://www.city.toshima.lg.jp/042/bosai/taisaku/bosaijoho/032031.html,
豊島区,district_plan,2,本文へスキップします。,https://www.city.toshima.lg.jp/042/bosai/taisaku/bosaijoho/032031.html#tmp_honbun,防災関連SNS,https://www.city.toshima.lg.jp/042/bosai/taisaku/bosaijoho/032031.html,
豊島区,district_plan,2,防災課,https://www.city.toshima.lg.jp/042/kuse/soshiki/somu/006520.html,防災関連SNS,https://www.city.toshima.lg.jp/042/bosai/taisaku/bosaijoho/032031.html,
豊島区,district_plan,2,救援センターの開設・運営,https://www.city.toshima.lg.jp/044/bosai/bousaijigyou/2303171433.html,防災・安全,https://www.city.toshima.lg.jp/bosai/index.html,
豊島区,district_plan,2,救援センター開設標準マニュアル,https://www.city.toshima.lg.jp/044/bosai/bousaijigyou/documents/2202091026.html,防災・安全,https://www.city.toshima.lg.jp/bosai/index.html,
豊島区,district_plan,2,救援センター開設キット,https://www.city.toshima.lg.jp/044/bosai/bousaijigyou/documents/documents/2202160804.html,防災・安全,https://www.city.toshima.lg.jp/bosai/index.html,
豊島区,district_plan,2,助成・補助・あっせん,https://www.city.toshima.lg.jp/044/bosai/taisaku/2303011612.html,防災・安全,https://www.city.toshima.lg.jp/bosai/index.html,
豊島区,district_plan,2,公益通報者保護制度,https://www.city.toshima.lg.jp/046/1903051438.html,防災・安全,https://www.city.toshima.lg.jp/bosai/index.html,
豊島区,district_plan,2,全国瞬時警報システム(Jアラート)における全国一斉情報伝達訓練,https://www.city.toshima.lg.jp/046/2008111617.html,防災・安全,https://www.city.toshima.lg.jp/bosai/index.html,
豊島区,district_plan,2,AEDマップ,https://www.city.toshima.lg.jp/046/2306021038.html,防災・安全,https://www.city.toshima.lg.jp/bosai/index.html,
豊島区,district_plan,2,セーフコミュニティについて,https://www.city.toshima.lg.jp/046/bosai/026636/018127.html,防災・安全,https://www.city.toshima.lg.jp/bosai/index.html,
豊島区,district_plan,2,セーフコミュニティ年間活動レポート,https://www.city.toshima.lg.jp/046/bosai/026636/annual-report/2203011355.html,防災・安全,https://www.city.toshima.lg.jp/bosai/index.html,
豊島区,district_plan,2,Manga presenting Toshima City - A safe community,https://www.city.toshima.lg.jp/046/bosai/026636/en-safe-community/index.html,防災・安全,https://www.city.toshima.lg.jp/bosai/index.html,
豊島区,district_plan,2,まんがでわかるセーフコミュニティとしま,https://www.city.toshima.lg.jp/046/bosai/026636/safe-community/index.html,防災・安全,https://www.city.toshima.lg.jp/bosai/index.html,
豊島区,district_plan,2,重点課題に対応する対策委員会,https://www.city.toshima.lg.jp/046/bosai/026636/suishin/021691/index.html,防災・安全,https://www.city.toshima.lg.jp/bosai/index.html,
豊島区,district_plan,2,外傷サーベイランス委員会,https://www.city.toshima.lg.jp/046/bosai/026636/suishin/022056/1607201506.html,防災・安全,https://www.city.toshima.lg.jp/bosai/index.html,
豊島区,district_plan,2,豊島区セーフコミュニティ推進協議会,https://www.city.toshima.lg.jp/046/bosai/026636/suishin/022056/index.html,防災・安全,https://www.city.toshima.lg.jp/bosai/index.html,
豊島区,district_plan,2,弾道ミサイル落下時の行動について,https://www.city.toshima.lg.jp/046/bosai/1704211413.html,防災・安全,https://www.city.toshima.lg.jp/bosai/index.html,
豊島区,district_plan,2,豊島区安全・安心メールについて,https://www.city.toshima.lg.jp/046/bosai/anzen/003876.html,緊急情報一覧,https://www.city.toshima.lg.jp/kinkyu/index.html,
豊島区,district_plan,2,24時間使用可能なAEDの設置推進,https://www.city.toshima.lg.jp/046/bosai/anzen/aed2018.html,防災・安全,https://www.city.toshima.lg.jp/bosai/index.html,
豊島区,district_plan,2,救命知識,https://www.city.toshima.lg.jp/046/bosai/anzen/torikumi/003838.html,防災・安全,https://www.city.toshima.lg.jp/bosai/index.html,
豊島区,district_plan,2,危機管理・国民保護,https://www.city.toshima.lg.jp/046/bosai/kikikanri/2303061644.html,防災・安全,https://www.city.toshima.lg.jp/bosai/index.html,
豊島区,district_plan,2,女性に配慮したAEDの使用について,https://www.city.toshima.lg.jp/046/bosai/kikikanri/2401291633.html,防災・安全,https://www.city.toshima.lg.jp/bosai/index.html,
豊島区,district_plan,2,豊島区放射性物質対策ガイドラインの策定について,https://www.city.toshima.lg.jp/046/bosai/taisaku/bosaijoho/higashinihon/hoshasen/025165.html,防災・安全,https://www.city.toshima.lg.jp/bosai/index.html,
豊島区,district_plan,2,治安・防犯対策の取組み,https://www.city.toshima.lg.jp/048/chian/1812031128.html,防災・安全,https://www.city.toshima.lg.jp/bosai/index.html,
豊島区,district_plan,2,令和7年度豊島区街頭防犯カメラ設置・維持管理等に関する補助事業,https://www.city.toshima.lg.jp/048/chian/1812031331.html,防災・安全,https://www.city.toshima.lg.jp/bosai/index.html,
豊島区,district_plan,2,豊島区防犯機器等購入緊急補助事業,https://www.city.toshima.lg.jp/048/chian/2603231359.html,防災・安全,https://www.city.toshima.lg.jp/bosai/index.html,
豊島区,district_plan,2,男女平等推進センター（白書・報告書）,https://www.city.toshima.lg.jp/049/kuse/shisaku/shisaku/hakusho/008318.html,区政情報,https://www.city.toshima.lg.jp/kuse/index.html,
豊島区,district_plan,2,11月23日（日祝）としまエコミューゼタウン全館停電のお知らせ,https://www.city.toshima.lg.jp/063/2510271311.html,区政情報,https://www.city.toshima.lg.jp/kuse/index.html,
豊島区,district_plan,2,総務課（白書・報告書）,https://www.city.toshima.lg.jp/063/kuse/shisaku/shisaku/hakusho/013877/index.html,区政情報,https://www.city.toshima.lg.jp/kuse/index.html,
豊島区,district_plan,2,第十中学校跡地の整備,https://www.city.toshima.lg.jp/066/1704141042.html,まちづくり・環境・産業,https://www.city.toshima.lg.jp/machizukuri/index.html,
豊島区,district_plan,2,公共施設のPPP/PFIについて,https://www.city.toshima.lg.jp/066/1801191514.html,区政情報,https://www.city.toshima.lg.jp/kuse/index.html,
豊島区,district_plan,2,企画課（施設計画担当）（白書・報告書）,https://www.city.toshima.lg.jp/066/kuse/shisaku/shisaku/hakusho/011708/index.html,区政情報,https://www.city.toshima.lg.jp/kuse/index.html,
豊島区,district_plan,2,西部区民事務所等複合施設(学び舎 ぴいす)の整備,https://www.city.toshima.lg.jp/066/machizukuri/tochi/atochi/2107151743.html,まちづくり・環境・産業,https://www.city.toshima.lg.jp/machizukuri/index.html,
豊島区,district_plan,2,ふるさと千川館,https://www.city.toshima.lg.jp/069/kurashi/kuminkatsudo/007314/003516/furusatosenkawa.html,暮らし・地域,https://www.city.toshima.lg.jp/kurashi/index.html,
豊島区,district_plan,2,区民集会室について,https://www.city.toshima.lg.jp/069/kurashi/kuminkatsudo/007314/003516/index.html,暮らし・地域,https://www.city.toshima.lg.jp/kurashi/index.html,
豊島区,district_plan,2,町会・自治会の活動紹介,https://www.city.toshima.lg.jp/069/kurashi/tyokai/ibennto/2407090958.html,暮らし・地域,https://www.city.toshima.lg.jp/kurashi/index.html,
豊島区,district_plan,2,中高層集合住宅建築物の建築をする事業者の皆様へ,https://www.city.toshima.lg.jp/069/kurashi/tyokai/jizennkyogi/2402221416.html,暮らし・地域,https://www.city.toshima.lg.jp/kurashi/index.html,
豊島区,district_plan,2,回覧チラシ・ポスターの電子データ,https://www.city.toshima.lg.jp/069/kurashi/tyokai/kairankeiji/2402091042.html,暮らし・地域,https://www.city.toshima.lg.jp/kurashi/index.html,
豊島区,district_plan,2,町会・自治会について,https://www.city.toshima.lg.jp/069/kurashi/tyokai/katsudou/index.html,暮らし・地域,https://www.city.toshima.lg.jp/kurashi/index.html,
豊島区,district_plan,2,町会・自治会へのお知らせ,https://www.city.toshima.lg.jp/069/kurashi/tyokai/oshirase/2402091051.html,暮らし・地域,https://www.city.toshima.lg.jp/kurashi/index.html,
豊島区,district_plan,2,人口・統計,https://www.city.toshima.lg.jp/070/kuse/gaiyo/jinko/index.html,区政情報,https://www.city.toshima.lg.jp/kuse/index.html,
豊島区,district_plan,2,区民活動推進課（白書・報告書）,https://www.city.toshima.lg.jp/071/kuse/shisaku/shisaku/hakusho/001378.html,区政情報,https://www.city.toshima.lg.jp/kuse/index.html,
豊島区,district_plan,2,区民ひろばの集会室（夜間貸室）,https://www.city.toshima.lg.jp/072/kurashi/kuminkatsudo/index.html,暮らし・地域,https://www.city.toshima.lg.jp/kurashi/index.html,
豊島区,district_plan,2,埋葬（納骨）してあるお骨を別の場所に移したいときは（改葬許可申請）,https://www.city.toshima.lg.jp/095/tetsuzuki/todokede/todokede/000311.html,手続き・届出,https://www.city.toshima.lg.jp/tetsuzuki/index.html,
豊島区,district_plan,2,休日窓口のご案内,https://www.city.toshima.lg.jp/096/kuse/shisetsu/madoguchi/yakanmadoguchi.html,区政情報,https://www.city.toshima.lg.jp/kuse/index.html,
豊島区,district_plan,2,住居表示の届出,https://www.city.toshima.lg.jp/096/tetsuzuki/todokede/kiroku/000337.html,手続き・届出,https://www.city.toshima.lg.jp/tetsuzuki/index.html,
豊島区,district_plan,2,住所や世帯を変更したときの届出（転入届・転出届など）,https://www.city.toshima.lg.jp/096/tetsuzuki/todokede/kiroku/index.html,手続き・届出,https://www.city.toshima.lg.jp/tetsuzuki/index.html,
豊島区,district_plan,2,住民税,https://www.city.toshima.lg.jp/100/1812110959.html,手続き・届出,https://www.city.toshima.lg.jp/tetsuzuki/index.html,
豊島区,district_plan,2,税に関するデータ,https://www.city.toshima.lg.jp/100/tetsuzuki/ze/002827.html,手続き・届出,https://www.city.toshima.lg.jp/tetsuzuki/index.html,
豊島区,district_plan,2,税証明書について,https://www.city.toshima.lg.jp/100/tetsuzuki/ze/002957.html,手続き・届出,https://www.city.toshima.lg.jp/tetsuzuki/index.html,
豊島区,district_plan,2,その他の税（区たばこ税・入湯税・狭小住戸集合住宅税）,https://www.city.toshima.lg.jp/100/tetsuzuki/ze/1502171543.html,手続き・届出,https://www.city.toshima.lg.jp/tetsuzuki/index.html,
豊島区,district_plan,2,税関係窓口案内,https://www.city.toshima.lg.jp/100/tetsuzuki/ze/mado/index.html,手続き・届出,https://www.city.toshima.lg.jp/tetsuzuki/index.html,
豊島区,district_plan,2,としま産業振興プラザ（IKE・Biz）,https://www.city.toshima.lg.jp/121/machizukuri/sangyo/005132.html,まちづくり・環境・産業,https://www.city.toshima.lg.jp/machizukuri/index.html,
豊島区,district_plan,2,中小企業の福利厚生制度,https://www.city.toshima.lg.jp/121/machizukuri/shushoku/shien/004106.html,まちづくり・環境・産業,https://www.city.toshima.lg.jp/machizukuri/index.html,
豊島区,district_plan,2,文化企画課（白書・報告書）,https://www.city.toshima.lg.jp/125/kuse/shisaku/shisaku/hakusho/index.html,区政情報,https://www.city.toshima.lg.jp/kuse/index.html,
豊島区,district_plan,2,区立資料館・美術館など,https://www.city.toshima.lg.jp/129/2506091116.html,文化・スポーツ,https://www.city.toshima.lg.jp/bunka/index.html,
豊島区,district_plan,2,IKEBUS City Guideツアー,https://www.city.toshima.lg.jp/130/2010281822.html,としまの魅力,https://www.city.toshima.lg.jp/miryoku/index.html,
豊島区,district_plan,2,その他お役立ち情報,https://www.city.toshima.lg.jp/130/bunka/kanko/kikaku/2308021351.html,文化・スポーツ,https://www.city.toshima.lg.jp/bunka/index.html,
豊島区,district_plan,2,豊島区観光協会「としま観光みやげ」決定！！,https://www.city.toshima.lg.jp/132/2506050933.html,文化・スポーツ,https://www.city.toshima.lg.jp/bunka/index.html,
豊島区,district_plan,2,,https://www.city.toshima.lg.jp/132/bunka/kanko/006993/009354.html,としまの魅力,https://www.city.toshima.lg.jp/miryoku/index.html,
豊島区,district_plan,2,豊島区の観光・事業,https://www.city.toshima.lg.jp/132/bunka/kanko/moyoshi/index.html,文化・スポーツ,https://www.city.toshima.lg.jp/bunka/index.html,
豊島区,district_plan,2,生涯学習保育者の利用方法,https://www.city.toshima.lg.jp/134/bunka/shogai/002037/002034.html,文化・スポーツ,https://www.city.toshima.lg.jp/bunka/index.html,
豊島区,district_plan,2,地域文化創造館利用団体（生涯学習サークル）の紹介,https://www.city.toshima.lg.jp/134/bunka/shogai/009982/2201241430.html,文化・スポーツ,https://www.city.toshima.lg.jp/bunka/index.html,
豊島区,district_plan,2,地域文化創造館,https://www.city.toshima.lg.jp/134/bunka/shogai/009982/index.html,文化・スポーツ,https://www.city.toshima.lg.jp/bunka/index.html,
豊島区,district_plan,2,日本語教室,https://www.city.toshima.lg.jp/134/bunka/shogai/gakushu/003345.html,文化・スポーツ,https://www.city.toshima.lg.jp/bunka/index.html,
豊島区,district_plan,2,東京ヴェルディ連携協定の締結,https://www.city.toshima.lg.jp/136/2509221012.html,文化・スポーツ,https://www.city.toshima.lg.jp/bunka/index.html,
豊島区,district_plan,2,図書館課（白書・報告書）,https://www.city.toshima.lg.jp/141/1504031302.html,区政情報,https://www.city.toshima.lg.jp/kuse/index.html,
豊島区,district_plan,2,環境政策課（白書・報告書）,https://www.city.toshima.lg.jp/147/kuse/shisaku/shisaku/hakusho/kankyo.html,区政情報,https://www.city.toshima.lg.jp/kuse/index.html,
豊島区,district_plan,2,生物多様性,https://www.city.toshima.lg.jp/148/1503251436.html,まちづくり・環境・産業,https://www.city.toshima.lg.jp/machizukuri/index.html,
豊島区,district_plan,2,交流都市との連携による「としまの森」づくり（カーボン・オフセット事業）,https://www.city.toshima.lg.jp/148/2110191628.html,まちづくり・環境・産業,https://www.city.toshima.lg.jp/machizukuri/index.html,
豊島区,district_plan,2,省エネルギーの推進,https://www.city.toshima.lg.jp/149/2107200853.html,まちづくり・環境・産業,https://www.city.toshima.lg.jp/machizukuri/index.html,
豊島区,district_plan,2,エコ住宅・事業者支援【助成金制度】,https://www.city.toshima.lg.jp/149/machizukuri/shizen/ecojutaku/index.html,まちづくり・環境・産業,https://www.city.toshima.lg.jp/machizukuri/index.html,
豊島区,district_plan,2,3Rや食品ロス削減の取り組み・資料,https://www.city.toshima.lg.jp/150/2311271039.html,暮らし・地域,https://www.city.toshima.lg.jp/kurashi/index.html,
豊島区,district_plan,2,資源・ごみ パンフレット,https://www.city.toshima.lg.jp/150/kurashi/gomi/shigen/013329.html,暮らし・地域,https://www.city.toshima.lg.jp/kurashi/index.html,
豊島区,district_plan,2,トピックス,https://www.city.toshima.lg.jp/151/2311271026.html,暮らし・地域,https://www.city.toshima.lg.jp/kurashi/index.html,
豊島区,district_plan,2,乾電池・リチウムイオン電池の分別と出し方,https://www.city.toshima.lg.jp/151/2604161617.html,暮らし・地域,https://www.city.toshima.lg.jp/kurashi/index.html,
豊島区,district_plan,2,ごみ減量推進課（白書・報告書）,https://www.city.toshima.lg.jp/151/kuse/shisaku/shisaku/hakusho/001376.html,区政情報,https://www.city.toshima.lg.jp/kuse/index.html,
豊島区,district_plan,2,申請・届出・問い合わせ先など,https://www.city.toshima.lg.jp/154/2311271042.html,暮らし・地域,https://www.city.toshima.lg.jp/kurashi/index.html,
豊島区,district_plan,2,事業所からでる資源・ごみ,https://www.city.toshima.lg.jp/155/2311271035.html,暮らし・地域,https://www.city.toshima.lg.jp/kurashi/index.html,
豊島区,district_plan,2,ボランティア活動（暮らしの助け合い）,https://www.city.toshima.lg.jp/157/kurashi/npo-volunteer/003199/index.html,暮らし・地域,https://www.city.toshima.lg.jp/kurashi/index.html,
豊島区,district_plan,2,高齢者施設の整備に関すること,https://www.city.toshima.lg.jp/159/kenko/kaigo/koureisya/index.html,健康・医療・福祉,https://www.city.toshima.lg.jp/kenko/index.html,
豊島区,district_plan,2,高齢者向け情報冊子,https://www.city.toshima.lg.jp/166/2511131645.html,健康・医療・福祉,https://www.city.toshima.lg.jp/kenko/index.html,
豊島区,district_plan,2,障害者福祉のしおり,https://www.city.toshima.lg.jp/171/2008251447.html,健康・医療・福祉,https://www.city.toshima.lg.jp/kenko/index.html,
豊島区,district_plan,2,障害者団体活動支援福祉タクシー利用券の交付申請を受付します,https://www.city.toshima.lg.jp/171/2402201358.html,健康・医療・福祉,https://www.city.toshima.lg.jp/kenko/index.html,
豊島区,district_plan,2,生活に困ったときは相談してください,https://www.city.toshima.lg.jp/176/2201311352.html,健康・医療・福祉,https://www.city.toshima.lg.jp/kenko/index.html,
豊島区,district_plan,2,健康トピックス,https://www.city.toshima.lg.jp/208/kenko/kenko/1803150909.html,健康・医療・福祉,https://www.city.toshima.lg.jp/kenko/index.html,
豊島区,district_plan,2,保健事業実績,https://www.city.toshima.lg.jp/208/kenko/kenko/1803150959.html,健康・医療・福祉,https://www.city.toshima.lg.jp/kenko/index.html,
豊島区,district_plan,2,PAGE TOP,https://www.city.toshima.lg.jp/208/kenko/kenko/251101.html#tmp_header,【池袋保健所移転】豊島区保健所が開所しました,https://www.city.toshima.lg.jp/208/kenko/kenko/251101.html,
豊島区,district_plan,2,本文へスキップします。,https://www.city.toshima.lg.jp/208/kenko/kenko/251101.html#tmp_honbun,【池袋保健所移転】豊島区保健所が開所しました,https://www.city.toshima.lg.jp/208/kenko/kenko/251101.html,
豊島区,district_plan,2,地域保健課（報告書）,https://www.city.toshima.lg.jp/208/kuse/shisaku/shisaku/hakusho/chiiki/index.html,区政情報,https://www.city.toshima.lg.jp/kuse/index.html,
豊島区,district_plan,2,地域保健課管理グループ,https://www.city.toshima.lg.jp/208/kuse/soshiki/ikebukuro/013245.html,【池袋保健所移転】豊島区保健所が開所しました,https://www.city.toshima.lg.jp/208/kenko/kenko/251101.html,
豊島区,district_plan,2,飼い犬に狂犬病予防注射をしましょう,https://www.city.toshima.lg.jp/212/2501060958.html,暮らし・地域,https://www.city.toshima.lg.jp/kurashi/index.html,
豊島区,district_plan,2,手当・助成・在宅支援,https://www.city.toshima.lg.jp/219/1803121052.html,健康・医療・福祉,https://www.city.toshima.lg.jp/kenko/index.html,
豊島区,district_plan,2,相談・健診・検診・検査,https://www.city.toshima.lg.jp/220/1803201417.html,健康・医療・福祉,https://www.city.toshima.lg.jp/kenko/index.html,
豊島区,district_plan,2,健康づくり,https://www.city.toshima.lg.jp/220/1803201421.html,健康・医療・福祉,https://www.city.toshima.lg.jp/kenko/index.html,
豊島区,district_plan,2,子ども若者課（白書・報告書）,https://www.city.toshima.lg.jp/229/kuse/shisaku/shisaku/hakusho/kodomo/2106111055.html,区政情報,https://www.city.toshima.lg.jp/kuse/index.html,
豊島区,district_plan,2,保育園の在園・退園に関すること,https://www.city.toshima.lg.jp/260/1809211433.html,子育て・教育,https://www.city.toshima.lg.jp/kosodate/index.html,
豊島区,district_plan,2,電子申請について,https://www.city.toshima.lg.jp/260/kosodate/kosodate/hoikuen/2202011612.html,子育て・教育,https://www.city.toshima.lg.jp/kosodate/index.html,
豊島区,district_plan,2,地域型保育事業,https://www.city.toshima.lg.jp/262/kosodate/kosodate/hoikuen/033636.html,子育て・教育,https://www.city.toshima.lg.jp/kosodate/index.html,
豊島区,district_plan,2,豊島区からのお知らせ～保育の質の向上を目指して～に関すること,https://www.city.toshima.lg.jp/267/kosodate/kosodate/hoikuen/documents/2107161015.html,子育て・教育,https://www.city.toshima.lg.jp/kosodate/index.html,
豊島区,district_plan,2,保育運営事業者の方へ,https://www.city.toshima.lg.jp/269/1809211511.html,子育て・教育,https://www.city.toshima.lg.jp/kosodate/index.html,
豊島区,district_plan,2,都市計画課（白書・報告書）,https://www.city.toshima.lg.jp/294/machizukuri/toshikekaku/shisaku/1607051405.html,区政情報,https://www.city.toshima.lg.jp/kuse/index.html,
豊島区,district_plan,2,地価公示価格,https://www.city.toshima.lg.jp/294/machizukuri/toshikekaku/shisaku/tochiriyo/006325.html,まちづくり・環境・産業,https://www.city.toshima.lg.jp/machizukuri/index.html,
豊島区,district_plan,2,まちづくり関連の計画・方針類に関すること,https://www.city.toshima.lg.jp/294/machizukuri/toshikekaku/toshikekaku/1610110906.html,まちづくり・環境・産業,https://www.city.toshima.lg.jp/machizukuri/index.html,
豊島区,district_plan,2,国土法に基づく土地売買等の届出制度,https://www.city.toshima.lg.jp/296/machizukuri/toshikekaku/shisaku/tochiriyo/1502200850.html,まちづくり・環境・産業,https://www.city.toshima.lg.jp/machizukuri/index.html,
豊島区,district_plan,2,会計課（白書・報告書）,https://www.city.toshima.lg.jp/342/kaikei/hakusyo.html,区政情報,https://www.city.toshima.lg.jp/kuse/index.html,
豊島区,district_plan,2,教育長の日記,https://www.city.toshima.lg.jp/347/documents/2505070916.html,子育て・教育,https://www.city.toshima.lg.jp/kosodate/index.html,
豊島区,district_plan,2,教育委員会,https://www.city.toshima.lg.jp/347/kosodate/inkai/iinkai/1506301146.html,子育て・教育,https://www.city.toshima.lg.jp/kosodate/index.html,
豊島区,district_plan,2,としまの教育,https://www.city.toshima.lg.jp/347/kosodate/inkai/index.html,子育て・教育,https://www.city.toshima.lg.jp/kosodate/index.html,
豊島区,district_plan,2,各種相談,https://www.city.toshima.lg.jp/347/kosodate/inkai/soudann/1506301323.html,子育て・教育,https://www.city.toshima.lg.jp/kosodate/index.html,
豊島区,district_plan,2,教育計画,https://www.city.toshima.lg.jp/347/kosodate/inkai/vision/index.html,子育て・教育,https://www.city.toshima.lg.jp/kosodate/index.html,
豊島区,district_plan,2,豊島区教育大綱,https://www.city.toshima.lg.jp/351/kosodate/inkai/vision/taiko/2506031548.html,子育て・教育,https://www.city.toshima.lg.jp/kosodate/index.html,
豊島区,district_plan,2,冊子「学校案内」,https://www.city.toshima.lg.jp/353/kosodate/gakko/sho-chu/documents/1507151410.html,子育て・教育,https://www.city.toshima.lg.jp/kosodate/index.html,
豊島区,district_plan,2,学校案内,https://www.city.toshima.lg.jp/353/kosodate/inkai/gakko/index.html,子育て・教育,https://www.city.toshima.lg.jp/kosodate/index.html,
豊島区,district_plan,2,教育センター,https://www.city.toshima.lg.jp/359/kosodate/inkai/sennta/1506301312.html,子育て・教育,https://www.city.toshima.lg.jp/kosodate/index.html,
豊島区,district_plan,2,在外選挙人名簿の出国時登録申請について（2018年6月より）,https://www.city.toshima.lg.jp/361/1806011553.html,区政情報,https://www.city.toshima.lg.jp/kuse/index.html,
豊島区,district_plan,2,選挙運動費用収支報告書の様式について,https://www.city.toshima.lg.jp/361/1901151126.html,区政情報,https://www.city.toshima.lg.jp/kuse/index.html,
豊島区,district_plan,2,選挙人名簿登録者数,https://www.city.toshima.lg.jp/361/2009071448.html,区政情報,https://www.city.toshima.lg.jp/kuse/index.html,
豊島区,district_plan,2,東京都議会議員選挙立候補予定者説明会の開催について,https://www.city.toshima.lg.jp/361/2504250851.html,区政情報,https://www.city.toshima.lg.jp/kuse/index.html,
豊島区,district_plan,2,裁判員制度・検察審査会制度,https://www.city.toshima.lg.jp/361/2509021421.html,区政情報,https://www.city.toshima.lg.jp/kuse/index.html,
豊島区,district_plan,2,衆議院議員選挙特集ページ（令和8年2月8日執行）,https://www.city.toshima.lg.jp/361/2601161957.html,区政情報,https://www.city.toshima.lg.jp/kuse/index.html,
豊島区,district_plan,2,期日前投票所における投票用紙の交付ミスについて,https://www.city.toshima.lg.jp/361/2602041400.html,区政情報,https://www.city.toshima.lg.jp/kuse/index.html,
豊島区,district_plan,2,選挙管理委員会,https://www.city.toshima.lg.jp/361/kuse/senkyo/004083.html,区政情報,https://www.city.toshima.lg.jp/kuse/index.html,
豊島区,district_plan,2,衆議院小選挙区の区割り変更について（令和4年11月より）,https://www.city.toshima.lg.jp/361/kuse/senkyo/1707041113.html,区政情報,https://www.city.toshima.lg.jp/kuse/index.html,
豊島区,district_plan,2,会議録（選挙管理委員会）,https://www.city.toshima.lg.jp/361/kuse/senkyo/kako/documents/2005261246.html,区政情報,https://www.city.toshima.lg.jp/kuse/index.html,
豊島区,district_plan,2,在外投票,https://www.city.toshima.lg.jp/361/kuse/senkyo/sedo/004082.html,区政情報,https://www.city.toshima.lg.jp/kuse/index.html,
豊島区,district_plan,2,病院や老人ホームなどの施設における投票,https://www.city.toshima.lg.jp/361/kuse/senkyo/sedo/1601201628.html,区政情報,https://www.city.toshima.lg.jp/kuse/index.html,
豊島区,district_plan,2,高齢のかた、障害のあるかたへ,https://www.city.toshima.lg.jp/361/kuse/senkyo/sedo/1608161356.html,区政情報,https://www.city.toshima.lg.jp/kuse/index.html,
豊島区,district_plan,2,郵便等による投票,https://www.city.toshima.lg.jp/361/kuse/senkyo/sedo/1703291033.html,区政情報,https://www.city.toshima.lg.jp/kuse/index.html,
豊島区,district_plan,2,豊島区民でない方が、豊島区で滞在地投票を行う場合,https://www.city.toshima.lg.jp/361/kuse/senkyo/sedo/1810181416.html,区政情報,https://www.city.toshima.lg.jp/kuse/index.html,
豊島区,district_plan,2,滞在先での投票,https://www.city.toshima.lg.jp/361/kuse/senkyo/sedo/1811051430.html,区政情報,https://www.city.toshima.lg.jp/kuse/index.html,
豊島区,district_plan,2,選挙物品の貸出について,https://www.city.toshima.lg.jp/361/senkyo/2512161355.html,区政情報,https://www.city.toshima.lg.jp/kuse/index.html,
豊島区,district_plan,2,当日投票所案内,https://www.city.toshima.lg.jp/361/senkyo/tohyojo/index.html,区政情報,https://www.city.toshima.lg.jp/kuse/index.html,
豊島区,district_plan,2,監査,https://www.city.toshima.lg.jp/362/kuse/kansa/gaiyo/002985.html,区政情報,https://www.city.toshima.lg.jp/kuse/index.html,
豊島区,district_plan,2,監査の結果（一覧）,https://www.city.toshima.lg.jp/362/kuse/kansa/kekka/002986.html,区政情報,https://www.city.toshima.lg.jp/kuse/index.html,
豊島区,district_plan,2,住民監査請求,https://www.city.toshima.lg.jp/362/kuse/kansa/sekyu/002990.html,区政情報,https://www.city.toshima.lg.jp/kuse/index.html,
豊島区,district_plan,2,指定管理者制度,https://www.city.toshima.lg.jp/416/kuse/shisaku/001580.html,区政情報,https://www.city.toshima.lg.jp/kuse/index.html,
豊島区,district_plan,2,外郭団体経営評価,https://www.city.toshima.lg.jp/416/kuse/shisaku/gaikaku/2303201621.html,区政情報,https://www.city.toshima.lg.jp/kuse/index.html,
豊島区,district_plan,2,,https://www.city.toshima.lg.jp/417/1904051503.html,外国人のための 生活インフォメーション DAILY LIFE INFORMATION,https://www.city.toshima.lg.jp/info/index.html,
豊島区,district_plan,2,「BanG Dream! It's MyGO!!!!!」デザインマンホール蓋を設置します！,https://www.city.toshima.lg.jp/424/2602191600.html,としまの魅力,https://www.city.toshima.lg.jp/miryoku/index.html,
豊島区,district_plan,2,バイク駐車場について,https://www.city.toshima.lg.jp/434/machizukuri/kotsu/churinjo/2605011407.html,暮らし・地域,https://www.city.toshima.lg.jp/kurashi/index.html,
豊島区,district_plan,2,基金管理・運用,https://www.city.toshima.lg.jp/455/kuse/shisaku/1710120937.html,区政情報,https://www.city.toshima.lg.jp/kuse/index.html,
豊島区,district_plan,2,学校開放,https://www.city.toshima.lg.jp/458/kurashi/kuminkatsudo/gakkokaiho/index.html,暮らし・地域,https://www.city.toshima.lg.jp/kurashi/index.html,
豊島区,district_plan,2,紫雲荘202号室特別公開～赤塚不二夫が仕事場として借りた部屋～,https://www.city.toshima.lg.jp/467/2604231408.html,としまの魅力,https://www.city.toshima.lg.jp/miryoku/index.html,
豊島区,district_plan,2,文化施設（劇場・区民センター）,https://www.city.toshima.lg.jp/473/bunka/bunka/2506041430.html,文化・スポーツ,https://www.city.toshima.lg.jp/bunka/index.html,
豊島区,district_plan,2,トキワ荘通り昭和レトロ館企画展「あの頃のあそびとぼくらの時間」,https://www.city.toshima.lg.jp/499/2603241303.html,としまの魅力,https://www.city.toshima.lg.jp/miryoku/index.html,
豊島区,district_plan,2,池袋スポーツセンター臨時休館のお知らせ,https://www.city.toshima.lg.jp/501/2604031213.html,区政情報,https://www.city.toshima.lg.jp/kuse/index.html,
豊島区,district_plan,2,スマートウォッチの使用について,https://www.city.toshima.lg.jp/501/sports/2311210925.html,文化・スポーツ,https://www.city.toshima.lg.jp/bunka/index.html,
豊島区,district_plan,2,こども家庭センター・地域子育て相談機関,https://www.city.toshima.lg.jp/528/kosodate/kosodate/kodomokateicenter.html,子育て・教育,https://www.city.toshima.lg.jp/kosodate/index.html,
豊島区,district_plan,2,豊島区ホームタウン連携協定の締結,https://www.city.toshima.lg.jp/536/2508141110.html,文化・スポーツ,https://www.city.toshima.lg.jp/bunka/index.html,
豊島区,district_plan,2,豊島区ホームタウンチームについて,https://www.city.toshima.lg.jp/536/2508141138.html,文化・スポーツ,https://www.city.toshima.lg.jp/bunka/index.html,
豊島区,district_plan,2,返礼品を活用したふるさと納税の寄附について,https://www.city.toshima.lg.jp/540/2311291428.html,まちづくり・環境・産業,https://www.city.toshima.lg.jp/machizukuri/index.html,
豊島区,district_plan,2,災害医療について,https://www.city.toshima.lg.jp/563/kenko/kenko/1803150950.html,健康・医療・福祉,https://www.city.toshima.lg.jp/kenko/index.html,
豊島区,district_plan,2,予防接種全般,https://www.city.toshima.lg.jp/564/1803141001.html,健康・医療・福祉,https://www.city.toshima.lg.jp/kenko/index.html,
豊島区,district_plan,2,トシマの魅力をプチっと発信「プチあがるトシマ」公開中！,https://www.city.toshima.lg.jp/573/2601081739.html,としまの魅力,https://www.city.toshima.lg.jp/miryoku/index.html,
豊島区,district_plan,2,帰宅困難者対策,https://www.city.toshima.lg.jp/578/bosai/taisaku/2303011620.html,防災・安全,https://www.city.toshima.lg.jp/bosai/index.html,
豊島区,district_plan,2,産業振興課（白書・報告書）,https://www.city.toshima.lg.jp/582/kuse/shisaku/shisaku/kekaku/2311080948.html,区政情報,https://www.city.toshima.lg.jp/kuse/index.html,
豊島区,district_plan,2,豊島区の伝統工芸,https://www.city.toshima.lg.jp/582/machizukuri/sangyo/dentokoge/index.html,まちづくり・環境・産業,https://www.city.toshima.lg.jp/machizukuri/index.html,
豊島区,district_plan,2,企業支援・経営支援・としまビジネスサポートセンター,https://www.city.toshima.lg.jp/584/machizukuri/sangyo/sangyoshinko/index.html,まちづくり・環境・産業,https://www.city.toshima.lg.jp/machizukuri/index.html,
豊島区,district_plan,2,就職を希望するかたへ,https://www.city.toshima.lg.jp/584/machizukuri/shushoku/shien/011545.html,まちづくり・環境・産業,https://www.city.toshima.lg.jp/machizukuri/index.html,
豊島区,district_plan,2,TOKYOノーハラ企業支援ナビについて,https://www.city.toshima.lg.jp/584/machizukuri/shushoku/shien/2311021240.html,まちづくり・環境・産業,https://www.city.toshima.lg.jp/machizukuri/index.html,
豊島区,district_plan,2,東京都最低賃金改正のお知らせ,https://www.city.toshima.lg.jp/584/syuugyou/1708240936.html,まちづくり・環境・産業,https://www.city.toshima.lg.jp/machizukuri/index.html,
豊島区,district_plan,2,家内労働の「委託状況届」は毎年4月30日までに提出が必要です,https://www.city.toshima.lg.jp/584/syuugyou/2203021419.html,まちづくり・環境・産業,https://www.city.toshima.lg.jp/machizukuri/index.html,
豊島区,district_plan,2,内職を希望する方へ,https://www.city.toshima.lg.jp/584/syuugyou/2203081828.html,まちづくり・環境・産業,https://www.city.toshima.lg.jp/machizukuri/index.html,
豊島区,district_plan,2,就職を希望する方を支援している機関,https://www.city.toshima.lg.jp/584/syuugyou/2503101638.html,まちづくり・環境・産業,https://www.city.toshima.lg.jp/machizukuri/index.html,
豊島区,district_plan,2,労働者協同組合,https://www.city.toshima.lg.jp/584/syuugyou/2503111540.html,まちづくり・環境・産業,https://www.city.toshima.lg.jp/machizukuri/index.html,
豊島区,district_plan,2,働く人と中小企業を支援している機関,https://www.city.toshima.lg.jp/584/syuugyou/2503111548.html,まちづくり・環境・産業,https://www.city.toshima.lg.jp/machizukuri/index.html,
豊島区,district_plan,2,在宅医療の推進～住み慣れた地域で安心して在宅医療を～,https://www.city.toshima.lg.jp/588/kenko/1603091106.html,健康・医療・福祉,https://www.city.toshima.lg.jp/kenko/index.html,
豊島区,district_plan,2,がん対策の推進～豊島区のがん対策～,https://www.city.toshima.lg.jp/588/kenko/kenko/gan/index.html,健康・医療・福祉,https://www.city.toshima.lg.jp/kenko/index.html,
豊島区,district_plan,2,住宅・マンション課（白書・報告書）,https://www.city.toshima.lg.jp/589/kuse/shisaku/shisaku/hakusho/008801.html,区政情報,https://www.city.toshima.lg.jp/kuse/index.html,
豊島区,district_plan,2,指導課(白書・報告書),https://www.city.toshima.lg.jp/590/kuse/1806211442.html,区政情報,https://www.city.toshima.lg.jp/kuse/index.html,
豊島区,district_plan,2,豊島区民による事業提案制度,https://www.city.toshima.lg.jp/595/2403050904.html,区政情報,https://www.city.toshima.lg.jp/kuse/index.html,
豊島区,district_plan,2,豊島区企業等による事業提案制度,https://www.city.toshima.lg.jp/595/2506021549.html,区政情報,https://www.city.toshima.lg.jp/kuse/index.html,
豊島区,district_plan,2,豊島区と区内大学との連携・協働に関する包括協定,https://www.city.toshima.lg.jp/595/kurashi/kyodo/001010.html,区政情報,https://www.city.toshima.lg.jp/kuse/index.html,
豊島区,district_plan,2,主要な施策の成果報告,https://www.city.toshima.lg.jp/596/kuse/shisaku/2310310813.html,区政情報,https://www.city.toshima.lg.jp/kuse/index.html,
豊島区,district_plan,2,令和8年度豊島区インターンシップ事業のご紹介,https://www.city.toshima.lg.jp/598/kuse/jinji/2004091844.html,区政情報,https://www.city.toshima.lg.jp/kuse/index.html,
豊島区,district_plan,2,人材育成,https://www.city.toshima.lg.jp/599/kuse/jinji/012162/005097.html,区政情報,https://www.city.toshima.lg.jp/kuse/index.html,
豊島区,district_plan,2,豊島区保健所 健康づくり支援拠点「わたしメンテラボ」,https://www.city.toshima.lg.jp/605/kenko/kenko/kenkodukuri/mentelabo.html,【池袋保健所移転】豊島区保健所が開所しました,https://www.city.toshima.lg.jp/208/kenko/kenko/251101.html,
豊島区,district_plan,2,セーフコミュニティ取り組みの経緯,https://www.city.toshima.lg.jp/bosai/026636/kei/index.html,防災・安全,https://www.city.toshima.lg.jp/bosai/index.html,
豊島区,district_plan,2,豊島区気象情報,https://www.city.toshima.lg.jp/bosai/2303061651.html,防災・安全,https://www.city.toshima.lg.jp/bosai/index.html,
豊島区,district_plan,2,防犯情報,https://www.city.toshima.lg.jp/bosai/bohan/hanzai/index.html,防災・安全,https://www.city.toshima.lg.jp/bosai/index.html,
豊島区,district_plan,2,安全・防犯,https://www.city.toshima.lg.jp/bosai/bohan/index.html,防災・安全,https://www.city.toshima.lg.jp/bosai/index.html,
豊島区,district_plan,2,防災・災害,https://www.city.toshima.lg.jp/bosai/index.html#a14,防災・安全,https://www.city.toshima.lg.jp/bosai/index.html,
豊島区,district_plan,2,救急・AEDマップ,https://www.city.toshima.lg.jp/bosai/index.html#a28,防災・安全,https://www.city.toshima.lg.jp/bosai/index.html,
豊島区,district_plan,2,安全・防犯,https://www.city.toshima.lg.jp/bosai/index.html#a29,防災・安全,https://www.city.toshima.lg.jp/bosai/index.html,
豊島区,district_plan,2,危機管理・国民保護,https://www.city.toshima.lg.jp/bosai/index.html#a43872,防災・安全,https://www.city.toshima.lg.jp/bosai/index.html,
豊島区,district_plan,2,PAGE TOP,https://www.city.toshima.lg.jp/bosai/index.html#tmp_header,防災・安全,https://www.city.toshima.lg.jp/bosai/index.html,
豊島区,district_plan,2,本文へスキップします。,https://www.city.toshima.lg.jp/bosai/index.html#tmp_honbun,防災・安全,https://www.city.toshima.lg.jp/bosai/index.html,
豊島区,district_plan,2,救急・AEDマップ,https://www.city.toshima.lg.jp/bosai/kaji/index.html,防災・安全,https://www.city.toshima.lg.jp/bosai/index.html,
豊島区,district_plan,2,各種計画,https://www.city.toshima.lg.jp/bosai/taisaku/bosaijoho/index.html,防災・安全,https://www.city.toshima.lg.jp/bosai/index.html,
豊島区,district_plan,2,ハザードマップ,https://www.city.toshima.lg.jp/bosai/taisaku/hazardmap.html,防災・安全,https://www.city.toshima.lg.jp/bosai/index.html,
豊島区,district_plan,2,避難情報,https://www.city.toshima.lg.jp/bosai/taisaku/hinanjoho.html,防災・安全,https://www.city.toshima.lg.jp/bosai/index.html,
豊島区,district_plan,2,防災・災害,https://www.city.toshima.lg.jp/bosai/taisaku/index.html,防災・安全,https://www.city.toshima.lg.jp/bosai/index.html,
豊島区,district_plan,2,気象情報,https://www.city.toshima.lg.jp/bosai/taisaku/kishojoho.html,防災・安全,https://www.city.toshima.lg.jp/bosai/index.html,
豊島区,district_plan,2,公共情報,https://www.city.toshima.lg.jp/bosai/taisaku/kokyojoho.html,防災・安全,https://www.city.toshima.lg.jp/bosai/index.html,
豊島区,district_plan,2,新型コロナウイルス感染症,https://www.city.toshima.lg.jp/bosai/taisaku/shisaku/2102161325.html,防災・安全,https://www.city.toshima.lg.jp/bosai/index.html,
豊島区,district_plan,2,文化財,https://www.city.toshima.lg.jp/bunka/bunka/bunkazai/index.html,文化・スポーツ,https://www.city.toshima.lg.jp/bunka/index.html,
豊島区,district_plan,2,区内の文化活動団体等,https://www.city.toshima.lg.jp/bunka/bunka/dantai/index.html,文化・スポーツ,https://www.city.toshima.lg.jp/bunka/index.html,
豊島区,district_plan,2,文化,https://www.city.toshima.lg.jp/bunka/bunka/index.html,文化・スポーツ,https://www.city.toshima.lg.jp/bunka/index.html,
豊島区,district_plan,2,文化事業,https://www.city.toshima.lg.jp/bunka/bunka/jigyo/index.html,文化・スポーツ,https://www.city.toshima.lg.jp/bunka/index.html,
豊島区,district_plan,2,文化,https://www.city.toshima.lg.jp/bunka/index.html#a205,文化・スポーツ,https://www.city.toshima.lg.jp/bunka/index.html,
豊島区,district_plan,2,観光,https://www.city.toshima.lg.jp/bunka/index.html#a213,文化・スポーツ,https://www.city.toshima.lg.jp/bunka/index.html,
豊島区,district_plan,2,スポーツ,https://www.city.toshima.lg.jp/bunka/index.html#a225,文化・スポーツ,https://www.city.toshima.lg.jp/bunka/index.html,
豊島区,district_plan,2,生涯学習,https://www.city.toshima.lg.jp/bunka/index.html#a227,文化・スポーツ,https://www.city.toshima.lg.jp/bunka/index.html,
豊島区,district_plan,2,PAGE TOP,https://www.city.toshima.lg.jp/bunka/index.html#tmp_header,文化・スポーツ,https://www.city.toshima.lg.jp/bunka/index.html,
豊島区,district_plan,2,本文へスキップします。,https://www.city.toshima.lg.jp/bunka/index.html#tmp_honbun,文化・スポーツ,https://www.city.toshima.lg.jp/bunka/index.html,
豊島区,district_plan,2,観光,https://www.city.toshima.lg.jp/bunka/kanko/index.html,文化・スポーツ,https://www.city.toshima.lg.jp/bunka/index.html,
豊島区,district_plan,2,学習・講座,https://www.city.toshima.lg.jp/bunka/shogai/gakushu/index.html,文化・スポーツ,https://www.city.toshima.lg.jp/bunka/index.html,
豊島区,district_plan,2,生涯学習,https://www.city.toshima.lg.jp/bunka/shogai/index.html,文化・スポーツ,https://www.city.toshima.lg.jp/bunka/index.html,
豊島区,district_plan,2,刊行物,https://www.city.toshima.lg.jp/bunka/shogai/kankobutsu/index.html,文化・スポーツ,https://www.city.toshima.lg.jp/bunka/index.html,
豊島区,district_plan,2,としまコミュニティ大学（区内7大学との協働講座）,https://www.city.toshima.lg.jp/bunka/shogai/kyodokoza/index.html,文化・スポーツ,https://www.city.toshima.lg.jp/bunka/index.html,
豊島区,district_plan,2,図書館,https://www.city.toshima.lg.jp/bunka/shogai/toshokan/index.html,文化・スポーツ,https://www.city.toshima.lg.jp/bunka/index.html,
豊島区,district_plan,2,スポーツ,https://www.city.toshima.lg.jp/bunka/sports/index.html,文化・スポーツ,https://www.city.toshima.lg.jp/bunka/index.html,
豊島区,district_plan,2,スポーツ推進について,https://www.city.toshima.lg.jp/bunka/sports/index/sportssuishin.html,文化・スポーツ,https://www.city.toshima.lg.jp/bunka/index.html,
豊島区,district_plan,2,体育施設について,https://www.city.toshima.lg.jp/bunka/sports/index/taiikushisetsu.html,文化・スポーツ,https://www.city.toshima.lg.jp/bunka/index.html,
豊島区,district_plan,2,豊島区保健所パンフレット（A4三つ折り：表面）（PDF：281KB）,https://www.city.toshima.lg.jp/documents/54387/a4leaflet_0416_omote.pdf,【池袋保健所移転】豊島区保健所が開所しました,https://www.city.toshima.lg.jp/208/kenko/kenko/251101.html,
豊島区,district_plan,2,豊島区保健所パンフレット（A4三つ折り：裏面）（PDF：277KB）,https://www.city.toshima.lg.jp/documents/54387/a4leaflet_0416_ura.pdf,【池袋保健所移転】豊島区保健所が開所しました,https://www.city.toshima.lg.jp/208/kenko/kenko/251101.html,
豊島区,district_plan,2,移転に伴うチラシ（PDF：803KB）,https://www.city.toshima.lg.jp/documents/54387/itentirashi080430.pdf,【池袋保健所移転】豊島区保健所が開所しました,https://www.city.toshima.lg.jp/208/kenko/kenko/251101.html,
豊島区,district_plan,2,豊島区防災関連公式フェイスブックページ運用要領（PDF：129KB）,https://www.city.toshima.lg.jp/documents/739/unnyouyouryo.pdf,防災関連SNS,https://www.city.toshima.lg.jp/042/bosai/taisaku/bosaijoho/032031.html,
豊島区,district_plan,2,義援金・救援金など,https://www.city.toshima.lg.jp/gienkin/index.html,区政情報,https://www.city.toshima.lg.jp/kuse/index.html,
豊島区,district_plan,2,平和,https://www.city.toshima.lg.jp/heiwa/index.html,区政情報,https://www.city.toshima.lg.jp/kuse/index.html,
豊島区,district_plan,2,PAGE TOP,https://www.city.toshima.lg.jp/index.html#tmp_header,日本語,https://www.city.toshima.lg.jp/index.html,
豊島区,district_plan,2,本文へスキップします。,https://www.city.toshima.lg.jp/index.html#tmp_honbun,日本語,https://www.city.toshima.lg.jp/index.html,
豊島区,district_plan,2,中文,https://www.city.toshima.lg.jp/info/ch/index.html,外国人のための 生活インフォメーション DAILY LIFE INFORMATION,https://www.city.toshima.lg.jp/info/index.html,
豊島区,district_plan,2,English,https://www.city.toshima.lg.jp/info/en/index.html,外国人のための 生活インフォメーション DAILY LIFE INFORMATION,https://www.city.toshima.lg.jp/info/index.html,
豊島区,district_plan,2,PAGE TOP,https://www.city.toshima.lg.jp/info/index.html#tmp_header,外国人のための 生活インフォメーション DAILY LIFE INFORMATION,https://www.city.toshima.lg.jp/info/index.html,
豊島区,district_plan,2,本文へスキップします。,https://www.city.toshima.lg.jp/info/index.html#tmp_honbun,外国人のための 生活インフォメーション DAILY LIFE INFORMATION,https://www.city.toshima.lg.jp/info/index.html,
豊島区,district_plan,2,子育て・教育,https://www.city.toshima.lg.jp/info/jp/childrearing_education/index.html,外国人のための 生活インフォメーション DAILY LIFE INFORMATION,https://www.city.toshima.lg.jp/info/index.html,
豊島区,district_plan,2,緊急・災害,https://www.city.toshima.lg.jp/info/jp/emergency_disaster/index.html,外国人のための 生活インフォメーション DAILY LIFE INFORMATION,https://www.city.toshima.lg.jp/info/index.html,
豊島区,district_plan,2,健康・公的保険,https://www.city.toshima.lg.jp/info/jp/health_insurance/index.html,外国人のための 生活インフォメーション DAILY LIFE INFORMATION,https://www.city.toshima.lg.jp/info/index.html,
豊島区,district_plan,2,外国語対応情報,https://www.city.toshima.lg.jp/info/jp/information/index.html,外国人のための 生活インフォメーション DAILY LIFE INFORMATION,https://www.city.toshima.lg.jp/info/index.html,
豊島区,district_plan,2,関連リンク,https://www.city.toshima.lg.jp/info/jp/link.html,外国人のための 生活インフォメーション DAILY LIFE INFORMATION,https://www.city.toshima.lg.jp/info/index.html,
豊島区,district_plan,2,暮らし,https://www.city.toshima.lg.jp/info/jp/living/index.html,外国人のための 生活インフォメーション DAILY LIFE INFORMATION,https://www.city.toshima.lg.jp/info/index.html,
豊島区,district_plan,2,住所・戸籍・ 税の手続き,https://www.city.toshima.lg.jp/info/jp/procedures/index.html,外国人のための 生活インフォメーション DAILY LIFE INFORMATION,https://www.city.toshima.lg.jp/info/index.html,
豊島区,district_plan,2,한국어,https://www.city.toshima.lg.jp/info/ko/index.html,外国人のための 生活インフォメーション DAILY LIFE INFORMATION,https://www.city.toshima.lg.jp/info/index.html,
豊島区,district_plan,2,その他言語,https://www.city.toshima.lg.jp/info/other_languages/index.html,外国人のための 生活インフォメーション DAILY LIFE INFORMATION,https://www.city.toshima.lg.jp/info/index.html,
豊島区,district_plan,2,高齢者福祉,https://www.city.toshima.lg.jp/kenko/index.html#a112,健康・医療・福祉,https://www.city.toshima.lg.jp/kenko/index.html,
豊島区,district_plan,2,障害者福祉,https://www.city.toshima.lg.jp/kenko/index.html#a123,健康・医療・福祉,https://www.city.toshima.lg.jp/kenko/index.html,
豊島区,district_plan,2,介護保険・サービス,https://www.city.toshima.lg.jp/kenko/index.html#a140,健康・医療・福祉,https://www.city.toshima.lg.jp/kenko/index.html,
豊島区,district_plan,2,生活福祉,https://www.city.toshima.lg.jp/kenko/index.html#a142,健康・医療・福祉,https://www.city.toshima.lg.jp/kenko/index.html,
豊島区,district_plan,2,健康・医療,https://www.city.toshima.lg.jp/kenko/index.html#a98,健康・医療・福祉,https://www.city.toshima.lg.jp/kenko/index.html,
豊島区,district_plan,2,PAGE TOP,https://www.city.toshima.lg.jp/kenko/index.html#tmp_header,健康・医療・福祉,https://www.city.toshima.lg.jp/kenko/index.html,
豊島区,district_plan,2,本文へスキップします。,https://www.city.toshima.lg.jp/kenko/index.html#tmp_honbun,健康・医療・福祉,https://www.city.toshima.lg.jp/kenko/index.html,
豊島区,district_plan,2,介護保険・サービス,https://www.city.toshima.lg.jp/kenko/kaigo/index.html,健康・医療・福祉,https://www.city.toshima.lg.jp/kenko/index.html,
豊島区,district_plan,2,介護保険,https://www.city.toshima.lg.jp/kenko/kaigo/kaigo/index.html,健康・医療・福祉,https://www.city.toshima.lg.jp/kenko/index.html,
豊島区,district_plan,2,高齢者福祉施設,https://www.city.toshima.lg.jp/kenko/kaigo/koreishashisetsu/index.html,健康・医療・福祉,https://www.city.toshima.lg.jp/kenko/index.html,
豊島区,district_plan,2,アレルギー・ぜん息について,https://www.city.toshima.lg.jp/kenko/kenko/allergy/index.html,健康・医療・福祉,https://www.city.toshima.lg.jp/kenko/index.html,
豊島区,district_plan,2,健康・医療,https://www.city.toshima.lg.jp/kenko/kenko/index.html,健康・医療・福祉,https://www.city.toshima.lg.jp/kenko/index.html,
豊島区,district_plan,2,健康情報・注意喚起,https://www.city.toshima.lg.jp/kenko/kenko/joho/index.html,【池袋保健所移転】豊島区保健所が開所しました,https://www.city.toshima.lg.jp/208/kenko/kenko/251101.html,
豊島区,district_plan,2,感染症情報,https://www.city.toshima.lg.jp/kenko/kenko/kansensho/index.html,健康・医療・福祉,https://www.city.toshima.lg.jp/kenko/index.html,
豊島区,district_plan,2,健康医療関連施設（夜間・救急時含む）,https://www.city.toshima.lg.jp/kenko/kenko/kenkoiryokanren/index.html,健康・医療・福祉,https://www.city.toshima.lg.jp/kenko/index.html,
豊島区,district_plan,2,健康週間,https://www.city.toshima.lg.jp/kenko/kenko/kenkoshukan/index.html,【池袋保健所移転】豊島区保健所が開所しました,https://www.city.toshima.lg.jp/208/kenko/kenko/251101.html,
豊島区,district_plan,2,こころ・精神,https://www.city.toshima.lg.jp/kenko/kenko/kokoro/index.html,健康・医療・福祉,https://www.city.toshima.lg.jp/kenko/index.html,
豊島区,district_plan,2,介護予防・日常生活支援総合事業（総合事業）,https://www.city.toshima.lg.jp/kenko/koresha/2007211456.html,健康・医療・福祉,https://www.city.toshima.lg.jp/kenko/index.html,
豊島区,district_plan,2,生活支援体制整備事業に関すること,https://www.city.toshima.lg.jp/kenko/koresha/2007211522.html,健康・医療・福祉,https://www.city.toshima.lg.jp/kenko/index.html,
豊島区,district_plan,2,ケアマネジメント支援・地域ケア会議,https://www.city.toshima.lg.jp/kenko/koresha/care/index.html,健康・医療・福祉,https://www.city.toshima.lg.jp/kenko/index.html,
豊島区,district_plan,2,いきがいと社会参加,https://www.city.toshima.lg.jp/kenko/koresha/ikigai/index.html,健康・医療・福祉,https://www.city.toshima.lg.jp/kenko/index.html,
豊島区,district_plan,2,高齢者福祉,https://www.city.toshima.lg.jp/kenko/koresha/index.html,健康・医療・福祉,https://www.city.toshima.lg.jp/kenko/index.html,
豊島区,district_plan,2,権利擁護,https://www.city.toshima.lg.jp/kenko/koresha/kenriyogo/index.html,健康・医療・福祉,https://www.city.toshima.lg.jp/kenko/index.html,
豊島区,district_plan,2,緊急のとき,https://www.city.toshima.lg.jp/kenko/koresha/kinkyu/index.html,健康・医療・福祉,https://www.city.toshima.lg.jp/kenko/index.html,
豊島区,district_plan,2,認知症に関する相談・支援,https://www.city.toshima.lg.jp/kenko/koresha/ninchisho/index.html,健康・医療・福祉,https://www.city.toshima.lg.jp/kenko/index.html,
豊島区,district_plan,2,生活・住まいの支援,https://www.city.toshima.lg.jp/kenko/koresha/seikatsushien/index.html,健康・医療・福祉,https://www.city.toshima.lg.jp/kenko/index.html,
豊島区,district_plan,2,高齢者の相談窓口,https://www.city.toshima.lg.jp/kenko/koresha/sodan/index.html,健康・医療・福祉,https://www.city.toshima.lg.jp/kenko/index.html,
豊島区,district_plan,2,介護予防・フレイル予防,https://www.city.toshima.lg.jp/kenko/koresha/yobo/index.html,健康・医療・福祉,https://www.city.toshima.lg.jp/kenko/index.html,
豊島区,district_plan,2,バリアフリー,https://www.city.toshima.lg.jp/kenko/sekatsu/2506191147.html,健康・医療・福祉,https://www.city.toshima.lg.jp/kenko/index.html,
豊島区,district_plan,2,生活福祉,https://www.city.toshima.lg.jp/kenko/sekatsu/index.html,健康・医療・福祉,https://www.city.toshima.lg.jp/kenko/index.html,
豊島区,district_plan,2,貸付,https://www.city.toshima.lg.jp/kenko/sekatsu/kashituke/index.html,健康・医療・福祉,https://www.city.toshima.lg.jp/kenko/index.html,
豊島区,district_plan,2,恩給・年金など（旧軍人・軍属等及びその遺族のかたへ）,https://www.city.toshima.lg.jp/kenko/sekatsu/onkyu/index.html,健康・医療・福祉,https://www.city.toshima.lg.jp/kenko/index.html,
豊島区,district_plan,2,生活保護,https://www.city.toshima.lg.jp/kenko/sekatsu/seikatsuhogo/index.html,健康・医療・福祉,https://www.city.toshima.lg.jp/kenko/index.html,
豊島区,district_plan,2,相談,https://www.city.toshima.lg.jp/kenko/sekatsu/sekatsusodan/index.html,健康・医療・福祉,https://www.city.toshima.lg.jp/kenko/index.html,
豊島区,district_plan,2,社会福祉,https://www.city.toshima.lg.jp/kenko/sekatsu/shakaifukushi/index.html,健康・医療・福祉,https://www.city.toshima.lg.jp/kenko/index.html,
豊島区,district_plan,2,注目情報,https://www.city.toshima.lg.jp/kenko/shogai/chumoku/index.html,健康・医療・福祉,https://www.city.toshima.lg.jp/kenko/index.html,
豊島区,district_plan,2,障害者福祉,https://www.city.toshima.lg.jp/kenko/shogai/index.html,健康・医療・福祉,https://www.city.toshima.lg.jp/kenko/index.html,
豊島区,district_plan,2,事業者・医療機関の方へ,https://www.city.toshima.lg.jp/kenko/shogai/jigyosha/index.html,健康・医療・福祉,https://www.city.toshima.lg.jp/kenko/index.html,
豊島区,district_plan,2,権利擁護・意思疎通支援,https://www.city.toshima.lg.jp/kenko/shogai/kenri/index.html,健康・医療・福祉,https://www.city.toshima.lg.jp/kenko/index.html,
豊島区,district_plan,2,障害福祉サービスの利用（居宅介護、就労継続支援、グループホーム等の自立支援給付等）,https://www.city.toshima.lg.jp/kenko/shogai/service/index.html,健康・医療・福祉,https://www.city.toshima.lg.jp/kenko/index.html,
豊島区,district_plan,2,社会参加の促進,https://www.city.toshima.lg.jp/kenko/shogai/shakaisanka/index.html,健康・医療・福祉,https://www.city.toshima.lg.jp/kenko/index.html,
豊島区,district_plan,2,日常生活の支援,https://www.city.toshima.lg.jp/kenko/shogai/shien/index.html,健康・医療・福祉,https://www.city.toshima.lg.jp/kenko/index.html,
豊島区,district_plan,2,相談窓口、手帳・手当などの申請,https://www.city.toshima.lg.jp/kenko/shogai/shinsei/index.html,健康・医療・福祉,https://www.city.toshima.lg.jp/kenko/index.html,
豊島区,district_plan,2,就労支援,https://www.city.toshima.lg.jp/kenko/shogai/shuroshien/index.html,健康・医療・福祉,https://www.city.toshima.lg.jp/kenko/index.html,
豊島区,district_plan,2,会議・計画・その他,https://www.city.toshima.lg.jp/kenko/shogai/shuroshien/sonota/index.html,健康・医療・福祉,https://www.city.toshima.lg.jp/kenko/index.html,
豊島区,district_plan,2,PAGE TOP,https://www.city.toshima.lg.jp/kinkyu/index.html#tmp_header,緊急情報一覧,https://www.city.toshima.lg.jp/kinkyu/index.html,
豊島区,district_plan,2,本文へスキップします。,https://www.city.toshima.lg.jp/kinkyu/index.html#tmp_honbun,緊急情報一覧,https://www.city.toshima.lg.jp/kinkyu/index.html,
豊島区,district_plan,2,小・中学校,https://www.city.toshima.lg.jp/kosodate/gakko/sho-chu/index.html,子育て・教育,https://www.city.toshima.lg.jp/kosodate/index.html,
豊島区,district_plan,2,補助金・助成金に関すること,https://www.city.toshima.lg.jp/kosodate/hoiku/hojokin/index.html,子育て・教育,https://www.city.toshima.lg.jp/kosodate/index.html,
豊島区,district_plan,2,保育園の入園に関すること,https://www.city.toshima.lg.jp/kosodate/hoiku/nyuen/index.html,子育て・教育,https://www.city.toshima.lg.jp/kosodate/index.html,
豊島区,district_plan,2,制度に関すること,https://www.city.toshima.lg.jp/kosodate/hoiku/seido/index.html,子育て・教育,https://www.city.toshima.lg.jp/kosodate/index.html,
豊島区,district_plan,2,申請書様式集,https://www.city.toshima.lg.jp/kosodate/hoiku/shinseisho/index.html,子育て・教育,https://www.city.toshima.lg.jp/kosodate/index.html,
豊島区,district_plan,2,保育施設に関すること,https://www.city.toshima.lg.jp/kosodate/hoiku/shisetsu/index.html,子育て・教育,https://www.city.toshima.lg.jp/kosodate/index.html,
豊島区,district_plan,2,その他保育サービスに関すること,https://www.city.toshima.lg.jp/kosodate/hoiku/sonota/index.html,子育て・教育,https://www.city.toshima.lg.jp/kosodate/index.html,
豊島区,district_plan,2,妊娠・出産,https://www.city.toshima.lg.jp/kosodate/index.html#a145,子育て・教育,https://www.city.toshima.lg.jp/kosodate/index.html,
豊島区,district_plan,2,子育て支援,https://www.city.toshima.lg.jp/kosodate/index.html#a147,子育て・教育,https://www.city.toshima.lg.jp/kosodate/index.html,
豊島区,district_plan,2,学校案内,https://www.city.toshima.lg.jp/kosodate/index.html#a173,子育て・教育,https://www.city.toshima.lg.jp/kosodate/index.html,
豊島区,district_plan,2,教育計画,https://www.city.toshima.lg.jp/kosodate/index.html#a191,子育て・教育,https://www.city.toshima.lg.jp/kosodate/index.html,
豊島区,district_plan,2,としまの教育,https://www.city.toshima.lg.jp/kosodate/index.html#a192,子育て・教育,https://www.city.toshima.lg.jp/kosodate/index.html,
豊島区,district_plan,2,子ども・若者支援,https://www.city.toshima.lg.jp/kosodate/index.html#a21540,子育て・教育,https://www.city.toshima.lg.jp/kosodate/index.html,
豊島区,district_plan,2,保育,https://www.city.toshima.lg.jp/kosodate/index.html#a24038,子育て・教育,https://www.city.toshima.lg.jp/kosodate/index.html,
豊島区,district_plan,2,PAGE TOP,https://www.city.toshima.lg.jp/kosodate/index.html#tmp_header,子育て・教育,https://www.city.toshima.lg.jp/kosodate/index.html,
豊島区,district_plan,2,本文へスキップします。,https://www.city.toshima.lg.jp/kosodate/index.html#tmp_honbun,子育て・教育,https://www.city.toshima.lg.jp/kosodate/index.html,
豊島区,district_plan,2,就学相談・教育相談,https://www.city.toshima.lg.jp/kosodate/inkai/gakko/sodan/index.html,子育て・教育,https://www.city.toshima.lg.jp/kosodate/index.html,
豊島区,district_plan,2,幼稚園,https://www.city.toshima.lg.jp/kosodate/inkai/gakko/yochien/index.html,子育て・教育,https://www.city.toshima.lg.jp/kosodate/index.html,
豊島区,district_plan,2,教育関連事業,https://www.city.toshima.lg.jp/kosodate/inkai/jigyo/index.html,子育て・教育,https://www.city.toshima.lg.jp/kosodate/index.html,
豊島区,district_plan,2,お知らせ,https://www.city.toshima.lg.jp/kosodate/inkai/oshirase/index.html,子育て・教育,https://www.city.toshima.lg.jp/kosodate/index.html,
豊島区,district_plan,2,学校における働き方改革,https://www.city.toshima.lg.jp/kosodate/inkai/vision/hatarakikata/index.html,子育て・教育,https://www.city.toshima.lg.jp/kosodate/index.html,
豊島区,district_plan,2,豊島区不登校対策総合計画,https://www.city.toshima.lg.jp/kosodate/inkai/vision/hutokotaisku/index.html,子育て・教育,https://www.city.toshima.lg.jp/kosodate/index.html,
豊島区,district_plan,2,豊島区教育ビジョン,https://www.city.toshima.lg.jp/kosodate/inkai/vision/johoka/index.html,子育て・教育,https://www.city.toshima.lg.jp/kosodate/index.html,
豊島区,district_plan,2,学校教育の情報化の推進,https://www.city.toshima.lg.jp/kosodate/inkai/vision/johokasuisin/index.html,子育て・教育,https://www.city.toshima.lg.jp/kosodate/index.html,
豊島区,district_plan,2,豊島区特別支援教育推進計画,https://www.city.toshima.lg.jp/kosodate/inkai/vision/suishin/index.html,子育て・教育,https://www.city.toshima.lg.jp/kosodate/index.html,
豊島区,district_plan,2,主な取り組み,https://www.city.toshima.lg.jp/kosodate/inkai/vision/torikumi/index.html,子育て・教育,https://www.city.toshima.lg.jp/kosodate/index.html,
豊島区,district_plan,2,子ども・若者支援,https://www.city.toshima.lg.jp/kosodate/kodomowakamono/1803221119.html,子育て・教育,https://www.city.toshima.lg.jp/kosodate/index.html,
豊島区,district_plan,2,子どもの放課後,https://www.city.toshima.lg.jp/kosodate/kodomowakamono/hokago/index.html,子育て・教育,https://www.city.toshima.lg.jp/kosodate/index.html,
豊島区,district_plan,2,子どもの居場所・活動の場,https://www.city.toshima.lg.jp/kosodate/kodomowakamono/ibasho/index.html,子育て・教育,https://www.city.toshima.lg.jp/kosodate/index.html,
豊島区,district_plan,2,子どもの意見表明,https://www.city.toshima.lg.jp/kosodate/kodomowakamono/iken/index.html,子育て・教育,https://www.city.toshima.lg.jp/kosodate/index.html,
豊島区,district_plan,2,地域の子ども・青少年健全育成,https://www.city.toshima.lg.jp/kosodate/kodomowakamono/ikusei/index.html,子育て・教育,https://www.city.toshima.lg.jp/kosodate/index.html,
豊島区,district_plan,2,子ども・若者の相談体制の充実・情報発信,https://www.city.toshima.lg.jp/kosodate/kodomowakamono/joho/index.html,子育て・教育,https://www.city.toshima.lg.jp/kosodate/index.html,
豊島区,district_plan,2,子どもの権利,https://www.city.toshima.lg.jp/kosodate/kodomowakamono/kenri/index.html,子育て・教育,https://www.city.toshima.lg.jp/kosodate/index.html,
豊島区,district_plan,2,としま子ども若者応援プロジェクト,https://www.city.toshima.lg.jp/kosodate/kodomowakamono/oen/index.html,子育て・教育,https://www.city.toshima.lg.jp/kosodate/index.html,
豊島区,district_plan,2,ひとり親家庭の支援トップページ,https://www.city.toshima.lg.jp/kosodate/kosodate/hitorioya/index.html,子育て・教育,https://www.city.toshima.lg.jp/kosodate/index.html,
豊島区,district_plan,2,一時的に預けたい,https://www.city.toshima.lg.jp/kosodate/kosodate/ichijiteki/index.html,子育て・教育,https://www.city.toshima.lg.jp/kosodate/index.html,
豊島区,district_plan,2,子育て支援,https://www.city.toshima.lg.jp/kosodate/kosodate/index.html,子育て・教育,https://www.city.toshima.lg.jp/kosodate/index.html,
豊島区,district_plan,2,子育て情報,https://www.city.toshima.lg.jp/kosodate/kosodate/joho/index.html,子育て・教育,https://www.city.toshima.lg.jp/kosodate/index.html,
豊島区,district_plan,2,子ども家庭支援センター,https://www.city.toshima.lg.jp/kosodate/kosodate/kateishien/index.html,子育て・教育,https://www.city.toshima.lg.jp/kosodate/index.html,
豊島区,district_plan,2,子どもの健康,https://www.city.toshima.lg.jp/kosodate/kosodate/kenko/index.html,子育て・教育,https://www.city.toshima.lg.jp/kosodate/index.html,
豊島区,district_plan,2,子どもを守る,https://www.city.toshima.lg.jp/kosodate/kosodate/mamoru/index.html,子育て・教育,https://www.city.toshima.lg.jp/kosodate/index.html,
豊島区,district_plan,2,育児相談,https://www.city.toshima.lg.jp/kosodate/kosodate/sodan/index.html,子育て・教育,https://www.city.toshima.lg.jp/kosodate/index.html,
豊島区,district_plan,2,手当・助成,https://www.city.toshima.lg.jp/kosodate/kosodate/teate/index.html,子育て・教育,https://www.city.toshima.lg.jp/kosodate/index.html,
豊島区,district_plan,2,妊娠・出産,https://www.city.toshima.lg.jp/kosodate/ninshin/index.html,子育て・教育,https://www.city.toshima.lg.jp/kosodate/index.html,
豊島区,district_plan,2,健診・医療,https://www.city.toshima.lg.jp/kosodate/ninshin/kenshin/index.html,子育て・教育,https://www.city.toshima.lg.jp/kosodate/index.html,
豊島区,district_plan,2,支援・事業・手続き,https://www.city.toshima.lg.jp/kosodate/ninshin/shien/index.html,子育て・教育,https://www.city.toshima.lg.jp/kosodate/index.html,
豊島区,district_plan,2,相談・交流,https://www.city.toshima.lg.jp/kosodate/ninshin/sodan/index.html,子育て・教育,https://www.city.toshima.lg.jp/kosodate/index.html,
豊島区,district_plan,2,暮らしの衛生(食品・環境),https://www.city.toshima.lg.jp/kurashi/ese/index.html,暮らし・地域,https://www.city.toshima.lg.jp/kurashi/index.html,
豊島区,district_plan,2,環境に関すること,https://www.city.toshima.lg.jp/kurashi/ese/kankyo/index.html,暮らし・地域,https://www.city.toshima.lg.jp/kurashi/index.html,
豊島区,district_plan,2,民泊に関すること,https://www.city.toshima.lg.jp/kurashi/ese/mimpaku/index.html,暮らし・地域,https://www.city.toshima.lg.jp/kurashi/index.html,
豊島区,district_plan,2,お知らせ,https://www.city.toshima.lg.jp/kurashi/ese/oshirase/index.html,暮らし・地域,https://www.city.toshima.lg.jp/kurashi/index.html,
豊島区,district_plan,2,申請書ダウンロード,https://www.city.toshima.lg.jp/kurashi/ese/shinseisho/index.html,暮らし・地域,https://www.city.toshima.lg.jp/kurashi/index.html,
豊島区,district_plan,2,食品に関すること,https://www.city.toshima.lg.jp/kurashi/ese/shokuhin/index.html,暮らし・地域,https://www.city.toshima.lg.jp/kurashi/index.html,
豊島区,district_plan,2,家庭からでる資源・ごみ,https://www.city.toshima.lg.jp/kurashi/gomi/katei/index.html,暮らし・地域,https://www.city.toshima.lg.jp/kurashi/index.html,
豊島区,district_plan,2,区民ひろばについて,https://www.city.toshima.lg.jp/kurashi/hiroba/hiroba/index.html,暮らし・地域,https://www.city.toshima.lg.jp/kurashi/index.html,
豊島区,district_plan,2,区民ひろば,https://www.city.toshima.lg.jp/kurashi/hiroba/index.html,暮らし・地域,https://www.city.toshima.lg.jp/kurashi/index.html,
豊島区,district_plan,2,地域区民ひろば課事業について,https://www.city.toshima.lg.jp/kurashi/hiroba/jigyo/index.html,暮らし・地域,https://www.city.toshima.lg.jp/kurashi/index.html,
豊島区,district_plan,2,区民ひろば刊行物一覧,https://www.city.toshima.lg.jp/kurashi/hiroba/kankobutsu/index.html,暮らし・地域,https://www.city.toshima.lg.jp/kurashi/index.html,
豊島区,district_plan,2,お知らせ,https://www.city.toshima.lg.jp/kurashi/hiroba/oshirase/index.html,暮らし・地域,https://www.city.toshima.lg.jp/kurashi/index.html,
豊島区,district_plan,2,区民ひろば施設一覧,https://www.city.toshima.lg.jp/kurashi/hiroba/shisetsu/index.html,暮らし・地域,https://www.city.toshima.lg.jp/kurashi/index.html,
豊島区,district_plan,2,公共交通・自動車・自転車,https://www.city.toshima.lg.jp/kurashi/index.html#a272,暮らし・地域,https://www.city.toshima.lg.jp/kurashi/index.html,
豊島区,district_plan,2,町会・自治会,https://www.city.toshima.lg.jp/kurashi/index.html#a46674,暮らし・地域,https://www.city.toshima.lg.jp/kurashi/index.html,
豊島区,district_plan,2,ペット,https://www.city.toshima.lg.jp/kurashi/index.html#a51746,暮らし・地域,https://www.city.toshima.lg.jp/kurashi/index.html,
豊島区,district_plan,2,ごみ・リサイクル,https://www.city.toshima.lg.jp/kurashi/index.html#a67,暮らし・地域,https://www.city.toshima.lg.jp/kurashi/index.html,
豊島区,district_plan,2,暮らしの衛生(食品・環境),https://www.city.toshima.lg.jp/kurashi/index.html#a74,暮らし・地域,https://www.city.toshima.lg.jp/kurashi/index.html,
豊島区,district_plan,2,消費生活,https://www.city.toshima.lg.jp/kurashi/index.html#a86,暮らし・地域,https://www.city.toshima.lg.jp/kurashi/index.html,
豊島区,district_plan,2,区民ひろば,https://www.city.toshima.lg.jp/kurashi/index.html#a89,暮らし・地域,https://www.city.toshima.lg.jp/kurashi/index.html,
豊島区,district_plan,2,区民活動・集会室・学校開放,https://www.city.toshima.lg.jp/kurashi/index.html#a93,暮らし・地域,https://www.city.toshima.lg.jp/kurashi/index.html,
豊島区,district_plan,2,NPO（特定非営利活動法人）・ボランティア,https://www.city.toshima.lg.jp/kurashi/index.html#a95,暮らし・地域,https://www.city.toshima.lg.jp/kurashi/index.html,
豊島区,district_plan,2,PAGE TOP,https://www.city.toshima.lg.jp/kurashi/index.html#tmp_header,暮らし・地域,https://www.city.toshima.lg.jp/kurashi/index.html,
豊島区,district_plan,2,本文へスキップします。,https://www.city.toshima.lg.jp/kurashi/index.html#tmp_honbun,暮らし・地域,https://www.city.toshima.lg.jp/kurashi/index.html,
豊島区,district_plan,2,区民活動・集会室・学校開放,https://www.city.toshima.lg.jp/kurashi/kuminkatsudo/index.html,暮らし・地域,https://www.city.toshima.lg.jp/kurashi/index.html,
豊島区,district_plan,2,区民活動支援,https://www.city.toshima.lg.jp/kurashi/kuminkatsudo/shien/index.html,暮らし・地域,https://www.city.toshima.lg.jp/kurashi/index.html,
豊島区,district_plan,2,協働,https://www.city.toshima.lg.jp/kurashi/kyodo/index.html,区政情報,https://www.city.toshima.lg.jp/kuse/index.html,
豊島区,district_plan,2,NPO（特定非営利活動法人）・ボランティア,https://www.city.toshima.lg.jp/kurashi/npo-volunteer/index.html,暮らし・地域,https://www.city.toshima.lg.jp/kurashi/index.html,
豊島区,district_plan,2,NPO（特定非営利活動法人）,https://www.city.toshima.lg.jp/kurashi/npo-volunteer/npo/index.html,暮らし・地域,https://www.city.toshima.lg.jp/kurashi/index.html,
豊島区,district_plan,2,ペットの防災に関すること,https://www.city.toshima.lg.jp/kurashi/pet/bosai/index.html,暮らし・地域,https://www.city.toshima.lg.jp/kurashi/index.html,
豊島区,district_plan,2,地域の犬猫,https://www.city.toshima.lg.jp/kurashi/pet/chiiki/index.html,暮らし・地域,https://www.city.toshima.lg.jp/kurashi/index.html,
豊島区,district_plan,2,ペット,https://www.city.toshima.lg.jp/kurashi/pet/index.html,暮らし・地域,https://www.city.toshima.lg.jp/kurashi/index.html,
豊島区,district_plan,2,ペットに関すること,https://www.city.toshima.lg.jp/kurashi/pet/pet/index.html,暮らし・地域,https://www.city.toshima.lg.jp/kurashi/index.html,
豊島区,district_plan,2,消費生活に関する注意情報,https://www.city.toshima.lg.jp/kurashi/shohi/chuijoho/index.html,暮らし・地域,https://www.city.toshima.lg.jp/kurashi/index.html,
豊島区,district_plan,2,消費生活,https://www.city.toshima.lg.jp/kurashi/shohi/index.html,暮らし・地域,https://www.city.toshima.lg.jp/kurashi/index.html,
豊島区,district_plan,2,知っておきたい契約の基礎情報,https://www.city.toshima.lg.jp/kurashi/shohi/kiso/index.html,暮らし・地域,https://www.city.toshima.lg.jp/kurashi/index.html,
豊島区,district_plan,2,消費生活講座,https://www.city.toshima.lg.jp/kurashi/shohi/koza/index.html,暮らし・地域,https://www.city.toshima.lg.jp/kurashi/index.html,
豊島区,district_plan,2,メールマガジン、お役立ち集,https://www.city.toshima.lg.jp/kurashi/shohi/oyakudachi/index.html,暮らし・地域,https://www.city.toshima.lg.jp/kurashi/index.html,
豊島区,district_plan,2,消費者活動支援,https://www.city.toshima.lg.jp/kurashi/shohi/shien/index.html,暮らし・地域,https://www.city.toshima.lg.jp/kurashi/index.html,
豊島区,district_plan,2,消費生活相談,https://www.city.toshima.lg.jp/kurashi/shohi/sodan/index.html,暮らし・地域,https://www.city.toshima.lg.jp/kurashi/index.html,
豊島区,district_plan,2,町会・自治会,https://www.city.toshima.lg.jp/kurashi/tyokai/index.html,暮らし・地域,https://www.city.toshima.lg.jp/kurashi/index.html,
豊島区,district_plan,2,活動報告,https://www.city.toshima.lg.jp/kuse/034432/katsudo/index.html,区政情報,https://www.city.toshima.lg.jp/kuse/index.html,
豊島区,district_plan,2,区長交際費執行状況,https://www.city.toshima.lg.jp/kuse/034432/kosaihi/index.html,区政情報,https://www.city.toshima.lg.jp/kuse/index.html,
豊島区,district_plan,2,区長のあいさつ・発言など,https://www.city.toshima.lg.jp/kuse/034432/messe-ji/index.html,区政情報,https://www.city.toshima.lg.jp/kuse/index.html,
豊島区,district_plan,2,ジェンダー平等,https://www.city.toshima.lg.jp/kuse/danjo/index.html,区政情報,https://www.city.toshima.lg.jp/kuse/index.html,
豊島区,district_plan,2,デジタル化推進,https://www.city.toshima.lg.jp/kuse/electronic/index.html,区政情報,https://www.city.toshima.lg.jp/kuse/index.html,
豊島区,district_plan,2,豊島区の概要,https://www.city.toshima.lg.jp/kuse/gaiyo/index.html,区政情報,https://www.city.toshima.lg.jp/kuse/index.html,
豊島区,district_plan,2,区議会について,https://www.city.toshima.lg.jp/kuse/gikai/aramashi/index.html,区政情報,https://www.city.toshima.lg.jp/kuse/index.html,
豊島区,district_plan,2,議員紹介,https://www.city.toshima.lg.jp/kuse/gikai/ginichiran/index.html,区政情報,https://www.city.toshima.lg.jp/kuse/index.html,
豊島区,district_plan,2,ご案内・情報公開,https://www.city.toshima.lg.jp/kuse/gikai/goannai/index.html,区政情報,https://www.city.toshima.lg.jp/kuse/index.html,
豊島区,district_plan,2,会議,https://www.city.toshima.lg.jp/kuse/gikai/kaigi/index.html,区政情報,https://www.city.toshima.lg.jp/kuse/index.html,
豊島区,district_plan,2,区議会共通項目管理,https://www.city.toshima.lg.jp/kuse/gikai/kanri/kanri.html,区政情報,https://www.city.toshima.lg.jp/kuse/index.html,
豊島区,district_plan,2,区議会の活動,https://www.city.toshima.lg.jp/kuse/gikai/katsudo/index.html,区政情報,https://www.city.toshima.lg.jp/kuse/index.html,
豊島区,district_plan,2,更新情報一覧,https://www.city.toshima.lg.jp/kuse/gikai/koushin/index.html,区政情報,https://www.city.toshima.lg.jp/kuse/index.html,
豊島区,district_plan,2,平和・人権・ジェンダー平等,https://www.city.toshima.lg.jp/kuse/hewa/index.html,区政情報,https://www.city.toshima.lg.jp/kuse/index.html,
豊島区,district_plan,2,豊島区の概要,https://www.city.toshima.lg.jp/kuse/index.html#a282,区政情報,https://www.city.toshima.lg.jp/kuse/index.html,
豊島区,district_plan,2,広聴（区政へのご意見）,https://www.city.toshima.lg.jp/kuse/index.html#a312,区政情報,https://www.city.toshima.lg.jp/kuse/index.html,
豊島区,district_plan,2,区議会,https://www.city.toshima.lg.jp/kuse/index.html#a320,区政情報,https://www.city.toshima.lg.jp/kuse/index.html,
豊島区,district_plan,2,施設案内,https://www.city.toshima.lg.jp/kuse/index.html#a340,区政情報,https://www.city.toshima.lg.jp/kuse/index.html,
豊島区,district_plan,2,公民連携・協働,https://www.city.toshima.lg.jp/kuse/index.html#a34002,区政情報,https://www.city.toshima.lg.jp/kuse/index.html,
豊島区,district_plan,2,予算・財政,https://www.city.toshima.lg.jp/kuse/index.html#a359,区政情報,https://www.city.toshima.lg.jp/kuse/index.html,
豊島区,district_plan,2,白書・報告,https://www.city.toshima.lg.jp/kuse/index.html#a364,区政情報,https://www.city.toshima.lg.jp/kuse/index.html,
豊島区,district_plan,2,会議（審議会・委員会など）,https://www.city.toshima.lg.jp/kuse/index.html#a370,区政情報,https://www.city.toshima.lg.jp/kuse/index.html,
豊島区,district_plan,2,刊行物,https://www.city.toshima.lg.jp/kuse/index.html#a371,区政情報,https://www.city.toshima.lg.jp/kuse/index.html,
豊島区,district_plan,2,行政情報公開・個人情報保護・公文書,https://www.city.toshima.lg.jp/kuse/index.html#a373,区政情報,https://www.city.toshima.lg.jp/kuse/index.html,
豊島区,district_plan,2,入札・契約,https://www.city.toshima.lg.jp/kuse/index.html#a376,区政情報,https://www.city.toshima.lg.jp/kuse/index.html,
豊島区,district_plan,2,選挙,https://www.city.toshima.lg.jp/kuse/index.html#a385,区政情報,https://www.city.toshima.lg.jp/kuse/index.html,
豊島区,district_plan,2,監査,https://www.city.toshima.lg.jp/kuse/index.html#a400,区政情報,https://www.city.toshima.lg.jp/kuse/index.html,
豊島区,district_plan,2,平和・人権・ジェンダー平等,https://www.city.toshima.lg.jp/kuse/index.html#a409,区政情報,https://www.city.toshima.lg.jp/kuse/index.html,
豊島区,district_plan,2,よくある質問,https://www.city.toshima.lg.jp/kuse/index.html#a411,区政情報,https://www.city.toshima.lg.jp/kuse/index.html,
豊島区,district_plan,2,ようこそ区長室へ,https://www.city.toshima.lg.jp/kuse/index.html#a456,区政情報,https://www.city.toshima.lg.jp/kuse/index.html,
豊島区,district_plan,2,施策・計画・行政評価・デジタル化推進,https://www.city.toshima.lg.jp/kuse/index.html#a6671,区政情報,https://www.city.toshima.lg.jp/kuse/index.html,
豊島区,district_plan,2,PAGE TOP,https://www.city.toshima.lg.jp/kuse/index.html#tmp_header,区政情報,https://www.city.toshima.lg.jp/kuse/index.html,
豊島区,district_plan,2,本文へスキップします。,https://www.city.toshima.lg.jp/kuse/index.html#tmp_honbun,区政情報,https://www.city.toshima.lg.jp/kuse/index.html,
豊島区,district_plan,2,先輩職員からのメッセージ,https://www.city.toshima.lg.jp/kuse/jinji/message/index.html,区政情報,https://www.city.toshima.lg.jp/kuse/index.html,
豊島区,district_plan,2,行政情報公開・個人情報保護・公文書,https://www.city.toshima.lg.jp/kuse/johohogo/index.html,区政情報,https://www.city.toshima.lg.jp/kuse/index.html,
豊島区,district_plan,2,行政情報公開制度,https://www.city.toshima.lg.jp/kuse/johohogo/johokokai/index.html,区政情報,https://www.city.toshima.lg.jp/kuse/index.html,
豊島区,district_plan,2,個人情報保護制度,https://www.city.toshima.lg.jp/kuse/johohogo/kojinjoho/index.html,区政情報,https://www.city.toshima.lg.jp/kuse/index.html,
豊島区,district_plan,2,刊行物,https://www.city.toshima.lg.jp/kuse/kankobutsu/index.html,区政情報,https://www.city.toshima.lg.jp/kuse/index.html,
豊島区,district_plan,2,その他刊行物一覧,https://www.city.toshima.lg.jp/kuse/kankobutsu/sonota/index.html,区政情報,https://www.city.toshima.lg.jp/kuse/index.html,
豊島区,district_plan,2,監査,https://www.city.toshima.lg.jp/kuse/kansa/index.html,区政情報,https://www.city.toshima.lg.jp/kuse/index.html,
豊島区,district_plan,2,公民連携・協働,https://www.city.toshima.lg.jp/kuse/kouminrenkei/index.html,区政情報,https://www.city.toshima.lg.jp/kuse/index.html,
豊島区,district_plan,2,公表案件,https://www.city.toshima.lg.jp/kuse/nyusatsu/anken/index.html,区政情報,https://www.city.toshima.lg.jp/kuse/index.html,
豊島区,district_plan,2,入札・契約,https://www.city.toshima.lg.jp/kuse/nyusatsu/index.html,区政情報,https://www.city.toshima.lg.jp/kuse/index.html,
豊島区,district_plan,2,入札結果,https://www.city.toshima.lg.jp/kuse/nyusatsu/kekka/index.html,区政情報,https://www.city.toshima.lg.jp/kuse/index.html,
豊島区,district_plan,2,入札関連情報,https://www.city.toshima.lg.jp/kuse/nyusatsu/nyusatsu/index.html,区政情報,https://www.city.toshima.lg.jp/kuse/index.html,
豊島区,district_plan,2,プロポーザル関連情報,https://www.city.toshima.lg.jp/kuse/nyusatsu/proposal/index.html,区政情報,https://www.city.toshima.lg.jp/kuse/index.html,
豊島区,district_plan,2,参加資格,https://www.city.toshima.lg.jp/kuse/nyusatsu/shikaku/index.html,区政情報,https://www.city.toshima.lg.jp/kuse/index.html,
豊島区,district_plan,2,随意契約情報,https://www.city.toshima.lg.jp/kuse/nyusatsu/zui/index.html,区政情報,https://www.city.toshima.lg.jp/kuse/index.html,
豊島区,district_plan,2,庁舎跡地の活用（Hareza 池袋）,https://www.city.toshima.lg.jp/kuse/project/hareza/index.html,区政情報,https://www.city.toshima.lg.jp/kuse/index.html,
豊島区,district_plan,2,施策・計画・行政評価・デジタル化推進,https://www.city.toshima.lg.jp/kuse/project/index.html,区政情報,https://www.city.toshima.lg.jp/kuse/index.html,
豊島区,district_plan,2,様々な地域との共生,https://www.city.toshima.lg.jp/kuse/project/kyousei/index.html,区政情報,https://www.city.toshima.lg.jp/kuse/index.html,
豊島区,district_plan,2,豊島区例規集・要綱集,https://www.city.toshima.lg.jp/kuse/reki/index.html,区政情報,https://www.city.toshima.lg.jp/kuse/index.html,
豊島区,district_plan,2,選挙運動・政治活動,https://www.city.toshima.lg.jp/kuse/senkyo/1603151127.html,区政情報,https://www.city.toshima.lg.jp/kuse/index.html,
豊島区,district_plan,2,選挙,https://www.city.toshima.lg.jp/kuse/senkyo/index.html,区政情報,https://www.city.toshima.lg.jp/kuse/index.html,
豊島区,district_plan,2,過去の選挙,https://www.city.toshima.lg.jp/kuse/senkyo/kako/index.html,区政情報,https://www.city.toshima.lg.jp/kuse/index.html,
豊島区,district_plan,2,会議（審議会・委員会など）,https://www.city.toshima.lg.jp/kuse/shingi/index.html,区政情報,https://www.city.toshima.lg.jp/kuse/index.html,
豊島区,district_plan,2,会議の一覧,https://www.city.toshima.lg.jp/kuse/shingi/kaigiichiran/index.html,区政情報,https://www.city.toshima.lg.jp/kuse/index.html,
豊島区,district_plan,2,行政評価,https://www.city.toshima.lg.jp/kuse/shisaku/gyosehyoka/index.html,区政情報,https://www.city.toshima.lg.jp/kuse/index.html,
豊島区,district_plan,2,予算・財政,https://www.city.toshima.lg.jp/kuse/shisaku/index.html,区政情報,https://www.city.toshima.lg.jp/kuse/index.html,
豊島区,district_plan,2,基本構想・基本計画・実施計画,https://www.city.toshima.lg.jp/kuse/shisaku/kihoukousou/index.html,区政情報,https://www.city.toshima.lg.jp/kuse/index.html,
豊島区,district_plan,2,白書・報告,https://www.city.toshima.lg.jp/kuse/shisaku/shisaku/hakusho/index.html,区政情報,https://www.city.toshima.lg.jp/kuse/index.html,
豊島区,district_plan,2,施設案内,https://www.city.toshima.lg.jp/kuse/shisetsu/index.html,区政情報,https://www.city.toshima.lg.jp/kuse/index.html,
豊島区,district_plan,2,道路管理（台帳・境界・占用等）に関すること,https://www.city.toshima.lg.jp/machizukuri/doro/dorokanri/index.html,まちづくり・環境・産業,https://www.city.toshima.lg.jp/machizukuri/index.html,
豊島区,district_plan,2,道路整備に関すること,https://www.city.toshima.lg.jp/machizukuri/doro/doroseibi/index.html,まちづくり・環境・産業,https://www.city.toshima.lg.jp/machizukuri/index.html,
豊島区,district_plan,2,道路・橋りょう,https://www.city.toshima.lg.jp/machizukuri/doro/index.html,まちづくり・環境・産業,https://www.city.toshima.lg.jp/machizukuri/index.html,
豊島区,district_plan,2,住まい・建築・環境保全,https://www.city.toshima.lg.jp/machizukuri/index.html#a235,まちづくり・環境・産業,https://www.city.toshima.lg.jp/machizukuri/index.html,
豊島区,district_plan,2,環境・エネルギー,https://www.city.toshima.lg.jp/machizukuri/index.html#a251,まちづくり・環境・産業,https://www.city.toshima.lg.jp/machizukuri/index.html,
豊島区,district_plan,2,土地・開発,https://www.city.toshima.lg.jp/machizukuri/index.html#a255,まちづくり・環境・産業,https://www.city.toshima.lg.jp/machizukuri/index.html,
豊島区,district_plan,2,都市計画・まちづくり,https://www.city.toshima.lg.jp/machizukuri/index.html#a257,まちづくり・環境・産業,https://www.city.toshima.lg.jp/machizukuri/index.html,
豊島区,district_plan,2,道路・橋りょう,https://www.city.toshima.lg.jp/machizukuri/index.html#a267,まちづくり・環境・産業,https://www.city.toshima.lg.jp/machizukuri/index.html,
豊島区,district_plan,2,就職・しごと,https://www.city.toshima.lg.jp/machizukuri/index.html#a277,まちづくり・環境・産業,https://www.city.toshima.lg.jp/machizukuri/index.html,
豊島区,district_plan,2,産業,https://www.city.toshima.lg.jp/machizukuri/index.html#a278,まちづくり・環境・産業,https://www.city.toshima.lg.jp/machizukuri/index.html,
豊島区,district_plan,2,公園・緑化,https://www.city.toshima.lg.jp/machizukuri/index.html#a51822,まちづくり・環境・産業,https://www.city.toshima.lg.jp/machizukuri/index.html,
豊島区,district_plan,2,PAGE TOP,https://www.city.toshima.lg.jp/machizukuri/index.html#tmp_header,まちづくり・環境・産業,https://www.city.toshima.lg.jp/machizukuri/index.html,
豊島区,district_plan,2,本文へスキップします。,https://www.city.toshima.lg.jp/machizukuri/index.html#tmp_honbun,まちづくり・環境・産業,https://www.city.toshima.lg.jp/machizukuri/index.html,
豊島区,district_plan,2,公園・緑化,https://www.city.toshima.lg.jp/machizukuri/koen/index.html,まちづくり・環境・産業,https://www.city.toshima.lg.jp/machizukuri/index.html,
豊島区,district_plan,2,公共交通・自動車・自転車,https://www.city.toshima.lg.jp/machizukuri/kotsu/index.html,暮らし・地域,https://www.city.toshima.lg.jp/kurashi/index.html,
豊島区,district_plan,2,自転車に関すること,https://www.city.toshima.lg.jp/machizukuri/kotsu/jitensha/index.html,暮らし・地域,https://www.city.toshima.lg.jp/kurashi/index.html,
豊島区,district_plan,2,自動車臨時運行許可（仮ナンバー）に関すること,https://www.city.toshima.lg.jp/machizukuri/kotsu/karinumber/index.html,暮らし・地域,https://www.city.toshima.lg.jp/kurashi/index.html,
豊島区,district_plan,2,公共交通に関すること,https://www.city.toshima.lg.jp/machizukuri/kotsu/kokyo/index.html,暮らし・地域,https://www.city.toshima.lg.jp/kurashi/index.html,
豊島区,district_plan,2,交通安全に関すること,https://www.city.toshima.lg.jp/machizukuri/kotsu/kotsuanzen/index.html,暮らし・地域,https://www.city.toshima.lg.jp/kurashi/index.html,
豊島区,district_plan,2,交通保険に関すること,https://www.city.toshima.lg.jp/machizukuri/kotsu/kotsuhoken/index.html,暮らし・地域,https://www.city.toshima.lg.jp/kurashi/index.html,
豊島区,district_plan,2,産業,https://www.city.toshima.lg.jp/machizukuri/sangyo/index.html,まちづくり・環境・産業,https://www.city.toshima.lg.jp/machizukuri/index.html,
豊島区,district_plan,2,商店街,https://www.city.toshima.lg.jp/machizukuri/sangyo/shotengai/index.html,まちづくり・環境・産業,https://www.city.toshima.lg.jp/machizukuri/index.html,
豊島区,district_plan,2,環境・エネルギー,https://www.city.toshima.lg.jp/machizukuri/shizen/index.html,まちづくり・環境・産業,https://www.city.toshima.lg.jp/machizukuri/index.html,
豊島区,district_plan,2,環境教育,https://www.city.toshima.lg.jp/machizukuri/shizen/kyoiku/index.html,まちづくり・環境・産業,https://www.city.toshima.lg.jp/machizukuri/index.html,
豊島区,district_plan,2,緑化,https://www.city.toshima.lg.jp/machizukuri/shizen/ryokuka/index.html,まちづくり・環境・産業,https://www.city.toshima.lg.jp/machizukuri/index.html,
豊島区,district_plan,2,環境政策,https://www.city.toshima.lg.jp/machizukuri/shizen/seisaku/index.html,まちづくり・環境・産業,https://www.city.toshima.lg.jp/machizukuri/index.html,
豊島区,district_plan,2,庁内地球温暖化対策,https://www.city.toshima.lg.jp/machizukuri/shizen/shisaku/index.html,まちづくり・環境・産業,https://www.city.toshima.lg.jp/machizukuri/index.html,
豊島区,district_plan,2,就職・しごと,https://www.city.toshima.lg.jp/machizukuri/shushoku/index.html,まちづくり・環境・産業,https://www.city.toshima.lg.jp/machizukuri/index.html,
豊島区,district_plan,2,環境美化,https://www.city.toshima.lg.jp/machizukuri/sumai/bika/index.html,まちづくり・環境・産業,https://www.city.toshima.lg.jp/machizukuri/index.html,
豊島区,district_plan,2,住まい・建築・環境保全,https://www.city.toshima.lg.jp/machizukuri/sumai/index.html,まちづくり・環境・産業,https://www.city.toshima.lg.jp/machizukuri/index.html,
豊島区,district_plan,2,住宅,https://www.city.toshima.lg.jp/machizukuri/sumai/jutaku/index.html,まちづくり・環境・産業,https://www.city.toshima.lg.jp/machizukuri/index.html,
豊島区,district_plan,2,建築,https://www.city.toshima.lg.jp/machizukuri/sumai/kenchiku/index.html,まちづくり・環境・産業,https://www.city.toshima.lg.jp/machizukuri/index.html,
豊島区,district_plan,2,公園,https://www.city.toshima.lg.jp/machizukuri/sumai/koen/index.html,まちづくり・環境・産業,https://www.city.toshima.lg.jp/machizukuri/index.html,
豊島区,district_plan,2,公害対策,https://www.city.toshima.lg.jp/machizukuri/sumai/kogai/index.html,まちづくり・環境・産業,https://www.city.toshima.lg.jp/machizukuri/index.html,
豊島区,district_plan,2,土地・開発,https://www.city.toshima.lg.jp/machizukuri/tochi/index.html,まちづくり・環境・産業,https://www.city.toshima.lg.jp/machizukuri/index.html,
豊島区,district_plan,2,土地取引,https://www.city.toshima.lg.jp/machizukuri/tochi/torihiki/index.html,まちづくり・環境・産業,https://www.city.toshima.lg.jp/machizukuri/index.html,
豊島区,district_plan,2,都市計画・まちづくり,https://www.city.toshima.lg.jp/machizukuri/toshikekaku/index.html,まちづくり・環境・産業,https://www.city.toshima.lg.jp/machizukuri/index.html,
豊島区,district_plan,2,景観に関すること（景観法に基づく届出等）,https://www.city.toshima.lg.jp/machizukuri/toshikekaku/kekan/index.html,まちづくり・環境・産業,https://www.city.toshima.lg.jp/machizukuri/index.html,
豊島区,district_plan,2,交通に関すること（交通政策・駐車場等）,https://www.city.toshima.lg.jp/machizukuri/toshikekaku/kotsu/index.html,まちづくり・環境・産業,https://www.city.toshima.lg.jp/machizukuri/index.html,
豊島区,district_plan,2,まちづくり事業に関すること（再開発事業等）,https://www.city.toshima.lg.jp/machizukuri/toshikekaku/machizukuri/index.html,まちづくり・環境・産業,https://www.city.toshima.lg.jp/machizukuri/index.html,
豊島区,district_plan,2,都市計画に関すること（都市計画図・用途地域の照会等）,https://www.city.toshima.lg.jp/machizukuri/toshikekaku/toshikekaku/index.html,まちづくり・環境・産業,https://www.city.toshima.lg.jp/machizukuri/index.html,
豊島区,district_plan,2,池袋周辺,https://www.city.toshima.lg.jp/miryoku/ikebukuro/index.html,としまの魅力,https://www.city.toshima.lg.jp/miryoku/index.html,
豊島区,district_plan,2,PAGE TOP,https://www.city.toshima.lg.jp/miryoku/index.html#tmp_header,としまの魅力,https://www.city.toshima.lg.jp/miryoku/index.html,
豊島区,district_plan,2,本文へスキップします。,https://www.city.toshima.lg.jp/miryoku/index.html#tmp_honbun,としまの魅力,https://www.city.toshima.lg.jp/miryoku/index.html,
豊島区,district_plan,2,Scroll,https://www.city.toshima.lg.jp/miryoku/index.html#tmp_pickup,としまの魅力,https://www.city.toshima.lg.jp/miryoku/index.html,
豊島区,district_plan,2,めぐる まち案内やふくろうめぐり、散歩コースなど地元の魅力をご紹介します。,https://www.city.toshima.lg.jp/miryoku/meguru/index.html,としまの魅力,https://www.city.toshima.lg.jp/miryoku/index.html,
豊島区,district_plan,2,,https://www.city.toshima.lg.jp/miryoku/meguru/manga/index.html,文化・スポーツ,https://www.city.toshima.lg.jp/bunka/index.html,
豊島区,district_plan,2,目白・高田・雑司が谷 都電・副都心線,https://www.city.toshima.lg.jp/miryoku/mejiro/index.html,としまの魅力,https://www.city.toshima.lg.jp/miryoku/index.html,
豊島区,district_plan,2,長崎・千川・千早 ・高松・要町 西武線・有楽町線,https://www.city.toshima.lg.jp/miryoku/nagasaki/index.html,としまの魅力,https://www.city.toshima.lg.jp/miryoku/index.html,
豊島区,district_plan,2,大塚・巣鴨・駒込 山手線,https://www.city.toshima.lg.jp/miryoku/otsuka/index.html,としまの魅力,https://www.city.toshima.lg.jp/miryoku/index.html,
豊島区,district_plan,2,知る 豊島区の地域の歴史、観光情報、活動団体などをご紹介します。,https://www.city.toshima.lg.jp/miryoku/shiru/index.html,としまの魅力,https://www.city.toshima.lg.jp/miryoku/index.html,
豊島区,district_plan,2,PAGE TOP,https://www.city.toshima.lg.jp/moji/index.html#tmp_header,文字サイズ・色合い変更,https://www.city.toshima.lg.jp/moji/index.html,
豊島区,district_plan,2,本文へスキップします。,https://www.city.toshima.lg.jp/moji/index.html#tmp_honbun,文字サイズ・色合い変更,https://www.city.toshima.lg.jp/moji/index.html,
豊島区,district_plan,2,パブリックコメント,https://www.city.toshima.lg.jp/public1/index.html,区政情報,https://www.city.toshima.lg.jp/kuse/index.html,
豊島区,district_plan,2,PAGE TOP,https://www.city.toshima.lg.jp/search_result.html#tmp_header,検索,https://www.city.toshima.lg.jp/search_result.html,
豊島区,district_plan,2,本文へスキップします。,https://www.city.toshima.lg.jp/search_result.html#tmp_honbun,検索,https://www.city.toshima.lg.jp/search_result.html,
豊島区,district_plan,2,マイナンバー,https://www.city.toshima.lg.jp/tetsuzuki/index.html#a10379,手続き・届出,https://www.city.toshima.lg.jp/tetsuzuki/index.html,
豊島区,district_plan,2,届出・証明・登録（戸籍・住民票など）,https://www.city.toshima.lg.jp/tetsuzuki/index.html#a35,手続き・届出,https://www.city.toshima.lg.jp/tetsuzuki/index.html,
豊島区,district_plan,2,国民年金,https://www.city.toshima.lg.jp/tetsuzuki/index.html#a40,手続き・届出,https://www.city.toshima.lg.jp/tetsuzuki/index.html,
豊島区,district_plan,2,国民健康保険,https://www.city.toshima.lg.jp/tetsuzuki/index.html#a43,手続き・届出,https://www.city.toshima.lg.jp/tetsuzuki/index.html,
豊島区,district_plan,2,後期高齢者医療制度,https://www.city.toshima.lg.jp/tetsuzuki/index.html#a47,手続き・届出,https://www.city.toshima.lg.jp/tetsuzuki/index.html,
豊島区,district_plan,2,税金,https://www.city.toshima.lg.jp/tetsuzuki/index.html#a54,手続き・届出,https://www.city.toshima.lg.jp/tetsuzuki/index.html,
豊島区,district_plan,2,オンライン申請(電子申請)手続一覧,https://www.city.toshima.lg.jp/tetsuzuki/index.html#a6148,手続き・届出,https://www.city.toshima.lg.jp/tetsuzuki/index.html,
豊島区,district_plan,2,PAGE TOP,https://www.city.toshima.lg.jp/tetsuzuki/index.html#tmp_header,手続き・届出,https://www.city.toshima.lg.jp/tetsuzuki/index.html,
豊島区,district_plan,2,本文へスキップします。,https://www.city.toshima.lg.jp/tetsuzuki/index.html#tmp_honbun,手続き・届出,https://www.city.toshima.lg.jp/tetsuzuki/index.html,
豊島区,district_plan,2,業務一覧,https://www.city.toshima.lg.jp/tetsuzuki/koresha/gyomu/index.html,手続き・届出,https://www.city.toshima.lg.jp/tetsuzuki/index.html,
豊島区,district_plan,2,後期高齢者医療制度について,https://www.city.toshima.lg.jp/tetsuzuki/koresha/iryoseido/index.html,手続き・届出,https://www.city.toshima.lg.jp/tetsuzuki/index.html,
豊島区,district_plan,2,申請,https://www.city.toshima.lg.jp/tetsuzuki/koresha/shinsei/index.html,手続き・届出,https://www.city.toshima.lg.jp/tetsuzuki/index.html,
豊島区,district_plan,2,マイナンバー,https://www.city.toshima.lg.jp/tetsuzuki/mynumber/index.html,手続き・届出,https://www.city.toshima.lg.jp/tetsuzuki/index.html,
豊島区,district_plan,2,マイナンバーカード・電子証明書,https://www.city.toshima.lg.jp/tetsuzuki/mynumber/mynumbercard/index.html,手続き・届出,https://www.city.toshima.lg.jp/tetsuzuki/index.html,
豊島区,district_plan,2,保険料について,https://www.city.toshima.lg.jp/tetsuzuki/nenkin/hokenryo/index.html,手続き・届出,https://www.city.toshima.lg.jp/tetsuzuki/index.html,
豊島区,district_plan,2,後期高齢者医療制度,https://www.city.toshima.lg.jp/tetsuzuki/nenkin/koresha/index.html,手続き・届出,https://www.city.toshima.lg.jp/tetsuzuki/index.html,
豊島区,district_plan,2,お知らせ,https://www.city.toshima.lg.jp/tetsuzuki/nenkin/koresha/shuchi/index.html,手続き・届出,https://www.city.toshima.lg.jp/tetsuzuki/index.html,
豊島区,district_plan,2,給付について,https://www.city.toshima.lg.jp/tetsuzuki/nenkin/kyufu/index.html,手続き・届出,https://www.city.toshima.lg.jp/tetsuzuki/index.html,
豊島区,district_plan,2,国民年金,https://www.city.toshima.lg.jp/tetsuzuki/nenkin/nenkin/index.html,手続き・届出,https://www.city.toshima.lg.jp/tetsuzuki/index.html,
豊島区,district_plan,2,国民年金のお知らせ,https://www.city.toshima.lg.jp/tetsuzuki/nenkin/nenkin/oshirase/index.html,手続き・届出,https://www.city.toshima.lg.jp/tetsuzuki/index.html,
豊島区,district_plan,2,制度・加入について,https://www.city.toshima.lg.jp/tetsuzuki/nenkin/seido/index.html,手続き・届出,https://www.city.toshima.lg.jp/tetsuzuki/index.html,
豊島区,district_plan,2,届け出について,https://www.city.toshima.lg.jp/tetsuzuki/nenkin/todokede/index.html,手続き・届出,https://www.city.toshima.lg.jp/tetsuzuki/index.html,
豊島区,district_plan,2,印鑑登録・印鑑登録証明書,https://www.city.toshima.lg.jp/tetsuzuki/todokede/inkantoroku/index.html,手続き・届出,https://www.city.toshima.lg.jp/tetsuzuki/index.html,
豊島区,district_plan,2,住民票に関する各種証明書,https://www.city.toshima.lg.jp/tetsuzuki/todokede/juminhyo/index.html,手続き・届出,https://www.city.toshima.lg.jp/tetsuzuki/index.html,
豊島区,district_plan,2,住民基本台帳カード,https://www.city.toshima.lg.jp/tetsuzuki/todokede/juminkihondaichocard/index.html,手続き・届出,https://www.city.toshima.lg.jp/tetsuzuki/index.html,
豊島区,district_plan,2,戸籍に関する各種証明書,https://www.city.toshima.lg.jp/tetsuzuki/todokede/koseki/index.html,手続き・届出,https://www.city.toshima.lg.jp/tetsuzuki/index.html,
豊島区,district_plan,2,お知らせ,https://www.city.toshima.lg.jp/tetsuzuki/todokede/oshirase/index.html,手続き・届出,https://www.city.toshima.lg.jp/tetsuzuki/index.html,
豊島区,district_plan,2,その他の手続きのご案内,https://www.city.toshima.lg.jp/tetsuzuki/todokede/sonota/index.html,手続き・届出,https://www.city.toshima.lg.jp/tetsuzuki/index.html,
豊島区,district_plan,2,戸籍届出,https://www.city.toshima.lg.jp/tetsuzuki/todokede/todokede/index.html,手続き・届出,https://www.city.toshima.lg.jp/tetsuzuki/index.html,
豊島区,district_plan,2,税金,https://www.city.toshima.lg.jp/tetsuzuki/ze/index.html,手続き・届出,https://www.city.toshima.lg.jp/tetsuzuki/index.html,
豊島区,district_plan,2,軽自動車税,https://www.city.toshima.lg.jp/tetsuzuki/ze/kejidosha/index.html,手続き・届出,https://www.city.toshima.lg.jp/tetsuzuki/index.html,
豊島区,district_plan,2,リンク集,https://www.city.toshima.lg.jp/tetsuzuki/ze/link/index.html,手続き・届出,https://www.city.toshima.lg.jp/tetsuzuki/index.html,
豊島区,district_plan,2,お知らせ,https://www.city.toshima.lg.jp/tetsuzuki/ze/oshirase/index.html,手続き・届出,https://www.city.toshima.lg.jp/tetsuzuki/index.html,
豊島区,district_plan,2,申請書ダウンロード,https://www.city.toshima.lg.jp/tetsuzuki/ze/shinseisho/index.html,手続き・届出,https://www.city.toshima.lg.jp/tetsuzuki/index.html,
豊島区,district_plan,2,トピックス・税,https://www.city.toshima.lg.jp/tetsuzuki/ze/topics/index.html,手続き・届出,https://www.city.toshima.lg.jp/tetsuzuki/index.html,
豊島区,district_plan,2,教育,https://www.city.toshima.lg.jp/toshimanokyoiku/index.html,としまの魅力,https://www.city.toshima.lg.jp/miryoku/index.html,
豊島区,district_plan,2,SDGs未来都市豊島区,https://www.city.toshima.lg.jp/toshimanow/sdgs/index.html,区政情報,https://www.city.toshima.lg.jp/kuse/index.html,
豊島区,hazard,1,防災関連SNS,https://www.city.toshima.lg.jp/042/bosai/taisaku/bosaijoho/032031.html,公式トップ,https://www.city.toshima.lg.jp/,
豊島区,hazard,1,豊島区防災ポータル・防災アプリ,https://www.city.toshima.lg.jp/420/bosai/taisaku/bosaiportalsite.html,公式トップ,https://www.city.toshima.lg.jp/,
豊島区,hazard,1,防災・安全,https://www.city.toshima.lg.jp/bosai/index.html,公式トップ,https://www.city.toshima.lg.jp/,
豊島区,hazard,1,ハザードマップ,https://www.city.toshima.lg.jp/bosai/taisaku/hazard-map/index.html,公式トップ,https://www.city.toshima.lg.jp/,
豊島区,hazard,2,「警戒レベル」を用いた避難指示等の発令について,https://www.city.toshima.lg.jp/042/bosai/taisaku/1907051616.html,防災関連SNS,https://www.city.toshima.lg.jp/042/bosai/taisaku/bosaijoho/032031.html,
豊島区,hazard,2,事前の備え,https://www.city.toshima.lg.jp/042/bosai/taisaku/2303011601.html,防災・安全,https://www.city.toshima.lg.jp/bosai/index.html,
豊島区,hazard,2,発災時の避難,https://www.city.toshima.lg.jp/042/bosai/taisaku/2303011607.html,防災・安全,https://www.city.toshima.lg.jp/bosai/index.html,
豊島区,hazard,2,災害の被害に遭われた方へ,https://www.city.toshima.lg.jp/042/bosai/taisaku/2303011608.html,防災・安全,https://www.city.toshima.lg.jp/bosai/index.html,
豊島区,hazard,2,防災に関するおしらせ,https://www.city.toshima.lg.jp/042/bosai/taisaku/2303011615.html,防災・安全,https://www.city.toshima.lg.jp/bosai/index.html,
豊島区,hazard,2,防災リンク集,https://www.city.toshima.lg.jp/042/bosai/taisaku/2303011622.html,防災・安全,https://www.city.toshima.lg.jp/bosai/index.html,
豊島区,hazard,2,各種防災マップ,https://www.city.toshima.lg.jp/042/bosai/taisaku/2303011624.html,防災・安全,https://www.city.toshima.lg.jp/bosai/index.html,
豊島区,hazard,2,災害時の情報収集,https://www.city.toshima.lg.jp/042/bosai/taisaku/2303011626.html,防災関連SNS,https://www.city.toshima.lg.jp/042/bosai/taisaku/bosaijoho/032031.html,
豊島区,hazard,2,緊急地震速報とは,https://www.city.toshima.lg.jp/042/bosai/taisaku/bosaijoho/004999/index.html,防災関連SNS,https://www.city.toshima.lg.jp/042/bosai/taisaku/bosaijoho/032031.html,
豊島区,hazard,2,PAGE TOP,https://www.city.toshima.lg.jp/042/bosai/taisaku/bosaijoho/032031.html#tmp_header,防災関連SNS,https://www.city.toshima.lg.jp/042/bosai/taisaku/bosaijoho/032031.html,
豊島区,hazard,2,本文へスキップします。,https://www.city.toshima.lg.jp/042/bosai/taisaku/bosaijoho/032031.html#tmp_honbun,防災関連SNS,https://www.city.toshima.lg.jp/042/bosai/taisaku/bosaijoho/032031.html,
豊島区,hazard,2,防災課,https://www.city.toshima.lg.jp/042/kuse/soshiki/somu/006520.html,防災関連SNS,https://www.city.toshima.lg.jp/042/bosai/taisaku/bosaijoho/032031.html,
豊島区,hazard,2,救援センターの開設・運営,https://www.city.toshima.lg.jp/044/bosai/bousaijigyou/2303171433.html,防災・安全,https://www.city.toshima.lg.jp/bosai/index.html,
豊島区,hazard,2,救援センター開設標準マニュアル,https://www.city.toshima.lg.jp/044/bosai/bousaijigyou/documents/2202091026.html,防災・安全,https://www.city.toshima.lg.jp/bosai/index.html,
豊島区,hazard,2,救援センター開設キット,https://www.city.toshima.lg.jp/044/bosai/bousaijigyou/documents/documents/2202160804.html,防災・安全,https://www.city.toshima.lg.jp/bosai/index.html,
豊島区,hazard,2,助成・補助・あっせん,https://www.city.toshima.lg.jp/044/bosai/taisaku/2303011612.html,防災・安全,https://www.city.toshima.lg.jp/bosai/index.html,
豊島区,hazard,2,セーフコミュニティについて,https://www.city.toshima.lg.jp/046/bosai/026636/018127.html,防災・安全,https://www.city.toshima.lg.jp/bosai/index.html,
豊島区,hazard,2,セーフコミュニティ年間活動レポート,https://www.city.toshima.lg.jp/046/bosai/026636/annual-report/2203011355.html,防災・安全,https://www.city.toshima.lg.jp/bosai/index.html,
豊島区,hazard,2,Manga presenting Toshima City - A safe community,https://www.city.toshima.lg.jp/046/bosai/026636/en-safe-community/index.html,防災・安全,https://www.city.toshima.lg.jp/bosai/index.html,
豊島区,hazard,2,まんがでわかるセーフコミュニティとしま,https://www.city.toshima.lg.jp/046/bosai/026636/safe-community/index.html,防災・安全,https://www.city.toshima.lg.jp/bosai/index.html,
豊島区,hazard,2,重点課題に対応する対策委員会,https://www.city.toshima.lg.jp/046/bosai/026636/suishin/021691/index.html,防災・安全,https://www.city.toshima.lg.jp/bosai/index.html,
豊島区,hazard,2,外傷サーベイランス委員会,https://www.city.toshima.lg.jp/046/bosai/026636/suishin/022056/1607201506.html,防災・安全,https://www.city.toshima.lg.jp/bosai/index.html,
豊島区,hazard,2,豊島区セーフコミュニティ推進協議会,https://www.city.toshima.lg.jp/046/bosai/026636/suishin/022056/index.html,防災・安全,https://www.city.toshima.lg.jp/bosai/index.html,
豊島区,hazard,2,弾道ミサイル落下時の行動について,https://www.city.toshima.lg.jp/046/bosai/1704211413.html,防災・安全,https://www.city.toshima.lg.jp/bosai/index.html,
豊島区,hazard,2,豊島区安全・安心メールについて,https://www.city.toshima.lg.jp/046/bosai/anzen/003876.html,緊急情報一覧,https://www.city.toshima.lg.jp/kinkyu/index.html,
豊島区,hazard,2,24時間使用可能なAEDの設置推進,https://www.city.toshima.lg.jp/046/bosai/anzen/aed2018.html,防災・安全,https://www.city.toshima.lg.jp/bosai/index.html,
豊島区,hazard,2,救命知識,https://www.city.toshima.lg.jp/046/bosai/anzen/torikumi/003838.html,防災・安全,https://www.city.toshima.lg.jp/bosai/index.html,
豊島区,hazard,2,危機管理・国民保護,https://www.city.toshima.lg.jp/046/bosai/kikikanri/2303061644.html,防災・安全,https://www.city.toshima.lg.jp/bosai/index.html,
豊島区,hazard,2,女性に配慮したAEDの使用について,https://www.city.toshima.lg.jp/046/bosai/kikikanri/2401291633.html,防災・安全,https://www.city.toshima.lg.jp/bosai/index.html,
豊島区,hazard,2,豊島区放射性物質対策ガイドラインの策定について,https://www.city.toshima.lg.jp/046/bosai/taisaku/bosaijoho/higashinihon/hoshasen/025165.html,防災・安全,https://www.city.toshima.lg.jp/bosai/index.html,
豊島区,hazard,2,帰宅困難者対策,https://www.city.toshima.lg.jp/578/bosai/taisaku/2303011620.html,防災・安全,https://www.city.toshima.lg.jp/bosai/index.html,
豊島区,hazard,2,セーフコミュニティ取り組みの経緯,https://www.city.toshima.lg.jp/bosai/026636/kei/index.html,防災・安全,https://www.city.toshima.lg.jp/bosai/index.html,
豊島区,hazard,2,豊島区気象情報,https://www.city.toshima.lg.jp/bosai/2303061651.html,防災・安全,https://www.city.toshima.lg.jp/bosai/index.html,
豊島区,hazard,2,防犯情報,https://www.city.toshima.lg.jp/bosai/bohan/hanzai/index.html,防災・安全,https://www.city.toshima.lg.jp/bosai/index.html,
豊島区,hazard,2,安全・防犯,https://www.city.toshima.lg.jp/bosai/bohan/index.html,防災・安全,https://www.city.toshima.lg.jp/bosai/index.html,
豊島区,hazard,2,防災・災害,https://www.city.toshima.lg.jp/bosai/index.html#a14,防災・安全,https://www.city.toshima.lg.jp/bosai/index.html,
豊島区,hazard,2,救急・AEDマップ,https://www.city.toshima.lg.jp/bosai/index.html#a28,防災・安全,https://www.city.toshima.lg.jp/bosai/index.html,
豊島区,hazard,2,安全・防犯,https://www.city.toshima.lg.jp/bosai/index.html#a29,防災・安全,https://www.city.toshima.lg.jp/bosai/index.html,
豊島区,hazard,2,危機管理・国民保護,https://www.city.toshima.lg.jp/bosai/index.html#a43872,防災・安全,https://www.city.toshima.lg.jp/bosai/index.html,
豊島区,hazard,2,PAGE TOP,https://www.city.toshima.lg.jp/bosai/index.html#tmp_header,防災・安全,https://www.city.toshima.lg.jp/bosai/index.html,
豊島区,hazard,2,本文へスキップします。,https://www.city.toshima.lg.jp/bosai/index.html#tmp_honbun,防災・安全,https://www.city.toshima.lg.jp/bosai/index.html,
豊島区,hazard,2,救急・AEDマップ,https://www.city.toshima.lg.jp/bosai/kaji/index.html,防災・安全,https://www.city.toshima.lg.jp/bosai/index.html,
豊島区,hazard,2,各種計画,https://www.city.toshima.lg.jp/bosai/taisaku/bosaijoho/index.html,防災・安全,https://www.city.toshima.lg.jp/bosai/index.html,
豊島区,hazard,2,ハザードマップ,https://www.city.toshima.lg.jp/bosai/taisaku/hazardmap.html,防災・安全,https://www.city.toshima.lg.jp/bosai/index.html,
豊島区,hazard,2,避難情報,https://www.city.toshima.lg.jp/bosai/taisaku/hinanjoho.html,防災・安全,https://www.city.toshima.lg.jp/bosai/index.html,
豊島区,hazard,2,防災・災害,https://www.city.toshima.lg.jp/bosai/taisaku/index.html,防災・安全,https://www.city.toshima.lg.jp/bosai/index.html,
豊島区,hazard,2,気象情報,https://www.city.toshima.lg.jp/bosai/taisaku/kishojoho.html,防災・安全,https://www.city.toshima.lg.jp/bosai/index.html,
豊島区,hazard,2,公共情報,https://www.city.toshima.lg.jp/bosai/taisaku/kokyojoho.html,防災・安全,https://www.city.toshima.lg.jp/bosai/index.html,
豊島区,hazard,2,新型コロナウイルス感染症,https://www.city.toshima.lg.jp/bosai/taisaku/shisaku/2102161325.html,防災・安全,https://www.city.toshima.lg.jp/bosai/index.html,
豊島区,hazard,2,豊島区防災関連公式フェイスブックページ運用要領（PDF：129KB）,https://www.city.toshima.lg.jp/documents/739/unnyouyouryo.pdf,防災関連SNS,https://www.city.toshima.lg.jp/042/bosai/taisaku/bosaijoho/032031.html,
豊島区,hazard,2,ペットの防災に関すること,https://www.city.toshima.lg.jp/kurashi/pet/bosai/index.html,暮らし・地域,https://www.city.toshima.lg.jp/kurashi/index.html,
豊島区,road,2,道路管理（台帳・境界・占用等）に関すること,https://www.city.toshima.lg.jp/machizukuri/doro/dorokanri/index.html,まちづくり・環境・産業,https://www.city.toshima.lg.jp/machizukuri/index.html,
豊島区,road,2,道路整備に関すること,https://www.city.toshima.lg.jp/machizukuri/doro/doroseibi/index.html,まちづくり・環境・産業,https://www.city.toshima.lg.jp/machizukuri/index.html,
豊島区,road,2,道路・橋りょう,https://www.city.toshima.lg.jp/machizukuri/doro/index.html,まちづくり・環境・産業,https://www.city.toshima.lg.jp/machizukuri/index.html,
豊島区,road,2,道路・橋りょう,https://www.city.toshima.lg.jp/machizukuri/index.html#a267,まちづくり・環境・産業,https://www.city.toshima.lg.jp/machizukuri/index.html,
足立区,building_guidance,1,,https://www.city.adachi.tokyo.jp/kyoikushido/hutoukoujidouseitonitaisurushienn.html,公式トップ,https://www.city.adachi.tokyo.jp/,
足立区,building_guidance,2,「事業用大規模建築物における再利用計画書」の作成について,https://www.city.adachi.tokyo.jp/gomi/kurashi/kankyo/gomi-kekakusho.html,ごみの出し方,https://www.city.adachi.tokyo.jp/kurashi/kankyo/gomi/index.html,
足立区,building_guidance,2,建設リサイクル法のご案内（5月11日）,https://www.city.adachi.tokyo.jp/k-shinsa/machi/kaihatsushido/recycling.html,まちづくり・都市計画,https://www.city.adachi.tokyo.jp/machi/index.html,
足立区,building_guidance,2,足立区特別工業地区建築条例（平成16年4月1日施行）,https://www.city.adachi.tokyo.jp/k-shinsa/machi/toshi/kogyoh160401.html,都市計画情報,https://www.city.adachi.tokyo.jp/machi/toshi/index.html,
足立区,building_guidance,2,建築物の敷地面積の最低限度について,https://www.city.adachi.tokyo.jp/kaihatsu/machi/toshi/takuchikaihatsu.html,都市計画情報,https://www.city.adachi.tokyo.jp/machi/toshi/index.html,
足立区,building_guidance,2,開発指導,https://www.city.adachi.tokyo.jp/machi/kaihatsushido/index.html,まちづくり・都市計画,https://www.city.adachi.tokyo.jp/machi/index.html,
足立区,building_guidance,2,建築物の許可・検査・確認,https://www.city.adachi.tokyo.jp/machi/kenchikubutsu/index.html,まちづくり・都市計画,https://www.city.adachi.tokyo.jp/machi/index.html,
足立区,building_guidance,2,建築物の耐震化,https://www.city.adachi.tokyo.jp/machi/taishinka/index.html,まちづくり・都市計画,https://www.city.adachi.tokyo.jp/machi/index.html,
足立区,building_guidance,2,防災街区整備地区計画の区域内における建築等について,https://www.city.adachi.tokyo.jp/misshu/machi/toshi/bosaigaiku.html,都市計画情報,https://www.city.adachi.tokyo.jp/machi/toshi/index.html,
足立区,building_guidance,2,沿道地区計画の区域内における建築等について,https://www.city.adachi.tokyo.jp/toshi/machi/toshi/endo.html,都市計画情報,https://www.city.adachi.tokyo.jp/machi/toshi/index.html,
足立区,building_guidance,2,地区計画の区域内における建築等について,https://www.city.adachi.tokyo.jp/toshi/machi/toshi/kuikinai.html,都市計画情報,https://www.city.adachi.tokyo.jp/machi/toshi/index.html,
足立区,district_plan,1,まちづくり・都市計画,https://www.city.adachi.tokyo.jp/machi/index.html,公式トップ,https://www.city.adachi.tokyo.jp/,
足立区,district_plan,1,都市計画情報,https://www.city.adachi.tokyo.jp/machi/toshi/index.html,公式トップ,https://www.city.adachi.tokyo.jp/,
足立区,district_plan,2,上沼田南土地区画整理事業概要,https://www.city.adachi.tokyo.jp/d-jigyo/kukakuseri/machizukuri/k-numata-gaiyo.html,都市計画情報,https://www.city.adachi.tokyo.jp/machi/toshi/index.html,
足立区,district_plan,2,区施行による区画整理事業（完了地区）の換地図の閲覧,https://www.city.adachi.tokyo.jp/d-jigyo/kukakuseri/machizukuri/kanchizu2.html,都市計画情報,https://www.city.adachi.tokyo.jp/machi/toshi/index.html,
足立区,district_plan,2,土地区画整理事業の旧新地番対照表について,https://www.city.adachi.tokyo.jp/d-jigyo/kukakuseri/machizukuri/kouyakyuu-sinn.html,都市計画情報,https://www.city.adachi.tokyo.jp/machi/toshi/index.html,
足立区,district_plan,2,区画整理とは,https://www.city.adachi.tokyo.jp/d-jigyo/kukakuseri/machizukuri/kukakuseri.html,都市計画情報,https://www.city.adachi.tokyo.jp/machi/toshi/index.html,
足立区,district_plan,2,おしらせ（佐野六木地区）,https://www.city.adachi.tokyo.jp/d-jigyo/kukakuseri/machizukuri/oshirase-s.html,都市計画情報,https://www.city.adachi.tokyo.jp/machi/toshi/index.html,
足立区,district_plan,2,佐野六木土地区画整理事業概要,https://www.city.adachi.tokyo.jp/d-jigyo/kukakuseri/machizukuri/sano-gaiyo.html,都市計画情報,https://www.city.adachi.tokyo.jp/machi/toshi/index.html,
足立区,district_plan,2,足立区特別工業地区建築条例（平成16年4月1日施行）,https://www.city.adachi.tokyo.jp/k-shinsa/machi/toshi/kogyoh160401.html,都市計画情報,https://www.city.adachi.tokyo.jp/machi/toshi/index.html,
足立区,district_plan,2,建築物の敷地面積の最低限度について,https://www.city.adachi.tokyo.jp/kaihatsu/machi/toshi/takuchikaihatsu.html,都市計画情報,https://www.city.adachi.tokyo.jp/machi/toshi/index.html,
足立区,district_plan,2,まちづくり・景観,https://www.city.adachi.tokyo.jp/machi/machi-kekan/index.html,まちづくり・都市計画,https://www.city.adachi.tokyo.jp/machi/index.html,
足立区,district_plan,2,区画整理,https://www.city.adachi.tokyo.jp/machi/machizukuri/index.html,都市計画情報,https://www.city.adachi.tokyo.jp/machi/toshi/index.html,
足立区,district_plan,2,都市復興,https://www.city.adachi.tokyo.jp/machi/toshi/hukkou/index.html,都市計画情報,https://www.city.adachi.tokyo.jp/machi/toshi/index.html,
足立区,district_plan,2,ページの先頭へ戻る,https://www.city.adachi.tokyo.jp/machi/toshi/index.html#tmp_header,都市計画情報,https://www.city.adachi.tokyo.jp/machi/toshi/index.html,
足立区,district_plan,2,本文へスキップします。,https://www.city.adachi.tokyo.jp/machi/toshi/index.html#tmp_honbun,都市計画情報,https://www.city.adachi.tokyo.jp/machi/toshi/index.html,
足立区,district_plan,2,規制・制限,https://www.city.adachi.tokyo.jp/machi/toshi/kise/index.html,都市計画情報,https://www.city.adachi.tokyo.jp/machi/toshi/index.html,
足立区,district_plan,2,告示,https://www.city.adachi.tokyo.jp/machi/toshi/kokuji/index.html,都市計画情報,https://www.city.adachi.tokyo.jp/machi/toshi/index.html,
足立区,district_plan,2,お知らせ一覧を見る,https://www.city.adachi.tokyo.jp/machi/toshi/oshirase/index.html,都市計画情報,https://www.city.adachi.tokyo.jp/machi/toshi/index.html,
足立区,district_plan,2,市街地開発,https://www.city.adachi.tokyo.jp/machi/toshi/shigaichikaihatsu/index.html,都市計画情報,https://www.city.adachi.tokyo.jp/machi/toshi/index.html,
足立区,district_plan,2,「六町エコプチテラス事業の実績と評価のまとめ」を公表します,https://www.city.adachi.tokyo.jp/machizukuri/machi/machizukuri/ekopuchi.html,都市計画情報,https://www.city.adachi.tokyo.jp/machi/toshi/index.html,
足立区,district_plan,2,防災街区整備地区計画の区域内における建築等について,https://www.city.adachi.tokyo.jp/misshu/machi/toshi/bosaigaiku.html,都市計画情報,https://www.city.adachi.tokyo.jp/machi/toshi/index.html,
足立区,district_plan,2,宅地建物取引業法施行規則の改正に伴う洪水ハザードマップの取り扱いについて,https://www.city.adachi.tokyo.jp/toshi/200930.html,洪水ハザードマップ,https://www.city.adachi.tokyo.jp/kikaku/bosai/bosai/hazard-map-k.html,
足立区,district_plan,2,足立区都市復興マニュアルについて,https://www.city.adachi.tokyo.jp/toshi/adachikutosihukkoumanyuaru.html,都市計画情報,https://www.city.adachi.tokyo.jp/machi/toshi/index.html,
足立区,district_plan,2,足立区水害区域図（浸水履歴）について,https://www.city.adachi.tokyo.jp/toshi/bosai/bosai/hazard-map-suigai-h6.html,洪水ハザードマップ,https://www.city.adachi.tokyo.jp/kikaku/bosai/bosai/hazard-map-k.html,
足立区,district_plan,2,【音声版】足立区洪水・内水・高潮ハザードマップ,https://www.city.adachi.tokyo.jp/toshi/bosai/hm_audible.html,洪水ハザードマップ,https://www.city.adachi.tokyo.jp/kikaku/bosai/bosai/hazard-map-k.html,
足立区,district_plan,2,大雨時のアンダーパス等の冠水にご注意ください,https://www.city.adachi.tokyo.jp/toshi/bosai/underpass.html,洪水ハザードマップ,https://www.city.adachi.tokyo.jp/kikaku/bosai/bosai/hazard-map-k.html,
足立区,district_plan,2,景観法・足立区景観条例に基づく手続きについて（5月11日）,https://www.city.adachi.tokyo.jp/toshi/machi/kekan/tetsuzuki.html,まちづくり・都市計画,https://www.city.adachi.tokyo.jp/machi/index.html,
足立区,district_plan,2,都市計画案のお知らせ（決定前の案の公表）《２月１８日（水曜日）から３月４日（水曜日）》［北千住駅東口周辺地区関連］,https://www.city.adachi.tokyo.jp/toshi/machi/toshi/16jyou_senjyuasahityou.html,都市計画情報,https://www.city.adachi.tokyo.jp/machi/toshi/index.html,
足立区,district_plan,2,都市計画法第65条について,https://www.city.adachi.tokyo.jp/toshi/machi/toshi/65zyou.html,都市計画情報,https://www.city.adachi.tokyo.jp/machi/toshi/index.html,
足立区,district_plan,2,綾瀬一丁目地区第一種市街地再開発事業,https://www.city.adachi.tokyo.jp/toshi/machi/toshi/ayase1sai.html,都市計画情報,https://www.city.adachi.tokyo.jp/machi/toshi/index.html,
足立区,district_plan,2,足立区内の新たな防火規制区域および建替えルールについて（一部除外区域有）,https://www.city.adachi.tokyo.jp/toshi/machi/toshi/bokakise.html,都市計画情報,https://www.city.adachi.tokyo.jp/machi/toshi/index.html,
足立区,district_plan,2,都市計画法第５３条について,https://www.city.adachi.tokyo.jp/toshi/machi/toshi/dai53jo.html,都市計画情報,https://www.city.adachi.tokyo.jp/machi/toshi/index.html,
足立区,district_plan,2,沿道地区計画の区域内における建築等について,https://www.city.adachi.tokyo.jp/toshi/machi/toshi/endo.html,都市計画情報,https://www.city.adachi.tokyo.jp/machi/toshi/index.html,
足立区,district_plan,2,高度地区について,https://www.city.adachi.tokyo.jp/toshi/machi/toshi/kodochiku.html,都市計画情報,https://www.city.adachi.tokyo.jp/machi/toshi/index.html,
足立区,district_plan,2,都市計画の告示（1件）、特定生産緑地の解除の告示（令和7年11月19日付）,https://www.city.adachi.tokyo.jp/toshi/machi/toshi/kokuji1119.html,都市計画情報,https://www.city.adachi.tokyo.jp/machi/toshi/index.html,
足立区,district_plan,2,都市計画の告示（令和7年6月16日付）,https://www.city.adachi.tokyo.jp/toshi/machi/toshi/kokuji20250616.html,都市計画情報,https://www.city.adachi.tokyo.jp/machi/toshi/index.html,
足立区,district_plan,2,都市計画の告示（令和8年1月23日付）,https://www.city.adachi.tokyo.jp/toshi/machi/toshi/kokuji20260123.html,都市計画情報,https://www.city.adachi.tokyo.jp/machi/toshi/index.html,
足立区,district_plan,2,都市計画の告示（令和8年3月5日付）,https://www.city.adachi.tokyo.jp/toshi/machi/toshi/kokuji20260305.html,都市計画情報,https://www.city.adachi.tokyo.jp/machi/toshi/index.html,
足立区,district_plan,2,北千住駅西口地区第一種市街地再開発事業,https://www.city.adachi.tokyo.jp/toshi/machi/toshi/ks-nishi1sai.html,都市計画情報,https://www.city.adachi.tokyo.jp/machi/toshi/index.html,
足立区,district_plan,2,地区計画の区域内における建築等について,https://www.city.adachi.tokyo.jp/toshi/machi/toshi/kuikinai.html,都市計画情報,https://www.city.adachi.tokyo.jp/machi/toshi/index.html,
足立区,district_plan,2,千住一丁目地区第一種市街地再開発事業,https://www.city.adachi.tokyo.jp/toshi/machi/toshi/senjyu1saikaihatu.html,都市計画情報,https://www.city.adachi.tokyo.jp/machi/toshi/index.html,
足立区,district_plan,2,竹ノ塚駅西口南地区第一種市街地再開発事業,https://www.city.adachi.tokyo.jp/toshi/machi/toshi/t-minami-1sai.html,都市計画情報,https://www.city.adachi.tokyo.jp/machi/toshi/index.html,
足立区,district_plan,2,都市計画情報の提供について,https://www.city.adachi.tokyo.jp/toshi/machi/toshi/zu.html,都市計画情報,https://www.city.adachi.tokyo.jp/machi/toshi/index.html,
足立区,district_plan,2,日暮里・舎人ライナー沿線地区（特別景観形成地区）について（5月11日）,https://www.city.adachi.tokyo.jp/toshi/nipporitonriraina-ennsennchiku.html,まちづくり・都市計画,https://www.city.adachi.tokyo.jp/machi/index.html,
足立区,district_plan,2,大災害の前と後、復興にも備える。,https://www.city.adachi.tokyo.jp/toshi/seikatusaikengaidobukku.html,都市計画情報,https://www.city.adachi.tokyo.jp/machi/toshi/index.html,
足立区,district_plan,2,生産緑地地区について,https://www.city.adachi.tokyo.jp/toshi/seisanryokuchi.html,都市計画情報,https://www.city.adachi.tokyo.jp/machi/toshi/index.html,
足立区,district_plan,2,「地区復興手順書」,https://www.city.adachi.tokyo.jp/toshi/tikuhukkoutezyunnsyo.html,都市計画情報,https://www.city.adachi.tokyo.jp/machi/toshi/index.html,
足立区,district_plan,2,「公有地の拡大の推進に関する法律」の届出や申出,https://www.city.adachi.tokyo.jp/zaisan/machi/toshi/kokakuho.html,都市計画情報,https://www.city.adachi.tokyo.jp/machi/toshi/index.html,
足立区,district_plan,3,「河川氾濫を想定した個別避難計画書」をご返送ください,https://www.city.adachi.tokyo.jp/fukushi/documents/kasenhanrannwosouteisitakobetuhinannkeikakusyo.html,防災・災害対策,https://www.city.adachi.tokyo.jp/bosai/bosaisaigai/index.html,
足立区,district_plan,3,更新でさらに安心「防犯まちづくり推進地区」,https://www.city.adachi.tokyo.jp/kikikanri/bohan_kosinchiku.html,防犯,https://www.city.adachi.tokyo.jp/bosai/bohan/index.html,
足立区,district_plan,3,防犯まちづくりキャラクター等のデザインを使いたいとき,https://www.city.adachi.tokyo.jp/kikikanri/character_use.html,防犯,https://www.city.adachi.tokyo.jp/bosai/bohan/index.html,
足立区,district_plan,3,足立区防犯まちづくり推進地区について,https://www.city.adachi.tokyo.jp/kikikanri/suishinnchiku.html,防犯,https://www.city.adachi.tokyo.jp/bosai/bohan/index.html,
足立区,district_plan,3,ながら見守り参加者を募集します！,https://www.city.adachi.tokyo.jp/machizukuri/nagaramimamori.html,防犯,https://www.city.adachi.tokyo.jp/bosai/bohan/index.html,
足立区,district_plan,3,要配慮者利用施設の避難確保計画作成等の義務化について,https://www.city.adachi.tokyo.jp/saigai/bosai/bosai/hinankakuhokeikaku.html,防災・災害対策,https://www.city.adachi.tokyo.jp/bosai/bosaisaigai/index.html,
足立区,district_plan,3,東渕江小学校エリアの避難所が変わりました！,https://www.city.adachi.tokyo.jp/senryaku/bosai/weadachikukokuminhogokeikaku.html,防災・災害対策,https://www.city.adachi.tokyo.jp/bosai/bosaisaigai/index.html,
足立区,district_plan,3,国が管理する河川の重要水防箇所について,https://www.city.adachi.tokyo.jp/toshi/201023.html,防災・災害対策,https://www.city.adachi.tokyo.jp/bosai/bosaisaigai/index.html,
足立区,district_plan,3,止水板設置工事助成のご案内,https://www.city.adachi.tokyo.jp/toshi/20230401shisuiban.html,防災・災害対策,https://www.city.adachi.tokyo.jp/bosai/bosaisaigai/index.html,
足立区,district_plan,3,利根川水系中川・綾瀬川等が特定都市河川及び特定都市河川流域に指定されました。（令和６年３月２９日）,https://www.city.adachi.tokyo.jp/toshi/20240329.html,防災・災害対策,https://www.city.adachi.tokyo.jp/bosai/bosaisaigai/index.html,
足立区,district_plan,3,足立区のドローン事業,https://www.city.adachi.tokyo.jp/toshi/bosai/bosai/drone.html,防災・災害対策,https://www.city.adachi.tokyo.jp/bosai/bosaisaigai/index.html,
足立区,district_plan,3,水防災情報リンク一覧,https://www.city.adachi.tokyo.jp/toshi/bosai/bosai/saigai-link.html,防災・災害対策,https://www.city.adachi.tokyo.jp/bosai/bosaisaigai/index.html,
足立区,district_plan,3,都が管理する河川の水防上注意を要する箇所について,https://www.city.adachi.tokyo.jp/toshi/bosai/tokasentyuui.html,防災・災害対策,https://www.city.adachi.tokyo.jp/bosai/bosaisaigai/index.html,
足立区,district_plan,3,土のうを活用し浸水被害に備えましょう,https://www.city.adachi.tokyo.jp/toshi/donou.html,防災・災害対策,https://www.city.adachi.tokyo.jp/bosai/bosaisaigai/index.html,
足立区,district_plan,3,京成本線荒川橋梁部の越水対策,https://www.city.adachi.tokyo.jp/toshi/suibokunren.html,防災・災害対策,https://www.city.adachi.tokyo.jp/bosai/bosaisaigai/index.html,
足立区,hazard,1,防災・安全,https://www.city.adachi.tokyo.jp/bosai/index.html,公式トップ,https://www.city.adachi.tokyo.jp/,
足立区,hazard,1,洪水ハザードマップ,https://www.city.adachi.tokyo.jp/kikaku/bosai/bosai/hazard-map-k.html,公式トップ,https://www.city.adachi.tokyo.jp/,
足立区,hazard,1,,https://www.city.adachi.tokyo.jp/kikikanri/bosai/bohan/reiwa8bouhanhojyokin.html,公式トップ,https://www.city.adachi.tokyo.jp/,
足立区,hazard,1,避難手順・避難場所,https://www.city.adachi.tokyo.jp/saigai/bosai/bosai/hinanjo-tejun.html,公式トップ,https://www.city.adachi.tokyo.jp/,
足立区,hazard,2,地域防犯,https://www.city.adachi.tokyo.jp/bosai/bohan/chikibohan/index.html,防災・安全,https://www.city.adachi.tokyo.jp/bosai/index.html,
足立区,hazard,2,犯罪発生状況,https://www.city.adachi.tokyo.jp/bosai/bohan/hassejokyo/index.html,防災・安全,https://www.city.adachi.tokyo.jp/bosai/index.html,
足立区,hazard,2,防犯,https://www.city.adachi.tokyo.jp/bosai/bohan/index.html,防災・安全,https://www.city.adachi.tokyo.jp/bosai/index.html,
足立区,hazard,2,防犯啓発,https://www.city.adachi.tokyo.jp/bosai/bohan/kehatsu/index.html,防災・安全,https://www.city.adachi.tokyo.jp/bosai/index.html,
足立区,hazard,2,避難するときは,https://www.city.adachi.tokyo.jp/bosai/bosaisaigai/hinan/index.html,避難手順・避難場所,https://www.city.adachi.tokyo.jp/saigai/bosai/bosai/hinanjo-tejun.html,
足立区,hazard,2,一覧を見る,https://www.city.adachi.tokyo.jp/bosai/bosaisaigai/hisaishashien/index.html,防災・安全,https://www.city.adachi.tokyo.jp/bosai/index.html,
足立区,hazard,2,防災・災害対策,https://www.city.adachi.tokyo.jp/bosai/bosaisaigai/index.html,防災・安全,https://www.city.adachi.tokyo.jp/bosai/index.html,
足立区,hazard,2,水害情報の入手,https://www.city.adachi.tokyo.jp/bosai/bosaisaigai/joho/index.html,防災・安全,https://www.city.adachi.tokyo.jp/bosai/index.html,
足立区,hazard,2,各家庭・地域での災害対策,https://www.city.adachi.tokyo.jp/bosai/bosaisaigai/katei/index.html,防災・安全,https://www.city.adachi.tokyo.jp/bosai/index.html,
足立区,hazard,2,足立区の災害対策,https://www.city.adachi.tokyo.jp/bosai/bosaisaigai/kunotaisaku/index.html,防災・安全,https://www.city.adachi.tokyo.jp/bosai/index.html,
足立区,hazard,2,足立区洪水ハザードマップ,https://www.city.adachi.tokyo.jp/bosai/bosaisaigai/map/index.html,防災・安全,https://www.city.adachi.tokyo.jp/bosai/index.html,
足立区,hazard,2,一覧を見る,https://www.city.adachi.tokyo.jp/bosai/bosaisaigai/saigaisonae/index.html,防災・安全,https://www.city.adachi.tokyo.jp/bosai/index.html,
足立区,hazard,2,一覧を見る,https://www.city.adachi.tokyo.jp/bosai/bosaisaigai/suigaisonae/index.html,防災・安全,https://www.city.adachi.tokyo.jp/bosai/index.html,
足立区,hazard,2,ページの先頭へ戻る,https://www.city.adachi.tokyo.jp/bosai/index.html#tmp_header,防災・安全,https://www.city.adachi.tokyo.jp/bosai/index.html,
足立区,hazard,2,本文へスキップします。,https://www.city.adachi.tokyo.jp/bosai/index.html#tmp_honbun,防災・安全,https://www.city.adachi.tokyo.jp/bosai/index.html,
足立区,hazard,2,交通安全,https://www.city.adachi.tokyo.jp/bosai/kotsuanzen/index.html,防災・安全,https://www.city.adachi.tokyo.jp/bosai/index.html,
足立区,hazard,2,災害時の資源・ごみ収集運搬作業の中止基準（9月2日）,https://www.city.adachi.tokyo.jp/bosai/oshirase/cyuushikizyunn.html,防災・安全,https://www.city.adachi.tokyo.jp/bosai/index.html,
足立区,hazard,2,一覧を見る,https://www.city.adachi.tokyo.jp/bosai/oshirase/index.html,防災・安全,https://www.city.adachi.tokyo.jp/bosai/index.html,
足立区,hazard,2,地震・火災・風水害により被災された方へ,https://www.city.adachi.tokyo.jp/chiiki/bosai/bosai/hisaisha-hisai.html,防災・安全,https://www.city.adachi.tokyo.jp/bosai/index.html,
足立区,hazard,2,"荒川（浸水想定区域図・浸水継続時間）（PDF：4,055KB）",https://www.city.adachi.tokyo.jp/documents/2808/adachi_hm_05-08.pdf,洪水ハザードマップ,https://www.city.adachi.tokyo.jp/kikaku/bosai/bosai/hazard-map-k.html,
足立区,hazard,2,"荒川浸水継続時間（文字無し版）（PDF：5,032KB）",https://www.city.adachi.tokyo.jp/documents/2808/adachi_hm_07-08_notext.pdf,洪水ハザードマップ,https://www.city.adachi.tokyo.jp/kikaku/bosai/bosai/hazard-map-k.html,
足立区,hazard,2,"利根川（浸水想定区域図・浸水継続時間）（PDF：4,001KB）",https://www.city.adachi.tokyo.jp/documents/2808/adachi_hm_09-12.pdf,洪水ハザードマップ,https://www.city.adachi.tokyo.jp/kikaku/bosai/bosai/hazard-map-k.html,
足立区,hazard,2,"利根川浸水継続時間（文字無し版）（PDF：5,011KB）",https://www.city.adachi.tokyo.jp/documents/2808/adachi_hm_11-12_notext.pdf,洪水ハザードマップ,https://www.city.adachi.tokyo.jp/kikaku/bosai/bosai/hazard-map-k.html,
足立区,hazard,2,"江戸川（浸水想定区域図・浸水継続時間）（PDF：3,923KB）",https://www.city.adachi.tokyo.jp/documents/2808/adachi_hm_13-16.pdf,洪水ハザードマップ,https://www.city.adachi.tokyo.jp/kikaku/bosai/bosai/hazard-map-k.html,
足立区,hazard,2,"江戸川浸水継続時間（文字無し版）（PDF：4,454KB）",https://www.city.adachi.tokyo.jp/documents/2808/adachi_hm_15-16_notext.pdf,洪水ハザードマップ,https://www.city.adachi.tokyo.jp/kikaku/bosai/bosai/hazard-map-k.html,
足立区,hazard,2,"中川（浸水想定区域図・浸水継続時間）（PDF：3,991KB）",https://www.city.adachi.tokyo.jp/documents/2808/adachi_hm_17-20.pdf,洪水ハザードマップ,https://www.city.adachi.tokyo.jp/kikaku/bosai/bosai/hazard-map-k.html,
足立区,hazard,2,"中川浸水継続時間（文字無し版）（PDF：3,854KB）",https://www.city.adachi.tokyo.jp/documents/2808/adachi_hm_19-20_notext.pdf,洪水ハザードマップ,https://www.city.adachi.tokyo.jp/kikaku/bosai/bosai/hazard-map-k.html,
足立区,hazard,2,"綾瀬川（浸水想定区域図・浸水継続時間）（PDF：4,053KB）",https://www.city.adachi.tokyo.jp/documents/2808/adachi_hm_21-24.pdf,洪水ハザードマップ,https://www.city.adachi.tokyo.jp/kikaku/bosai/bosai/hazard-map-k.html,
足立区,hazard,2,"綾瀬川浸水継続時間（文字無し版）（PDF：3,590KB）",https://www.city.adachi.tokyo.jp/documents/2808/adachi_hm_23-24_notext.pdf,洪水ハザードマップ,https://www.city.adachi.tokyo.jp/kikaku/bosai/bosai/hazard-map-k.html,
足立区,hazard,2,"芝川・新芝川（浸水想定区域図・浸水継続時間）（PDF：4,072KB）",https://www.city.adachi.tokyo.jp/documents/2808/adachi_hm_25-28.pdf,洪水ハザードマップ,https://www.city.adachi.tokyo.jp/kikaku/bosai/bosai/hazard-map-k.html,
足立区,hazard,2,"芝川・新芝川浸水継続時間（文字無し版）（PDF：2,802KB）",https://www.city.adachi.tokyo.jp/documents/2808/adachi_hm_27-28_notext.pdf,洪水ハザードマップ,https://www.city.adachi.tokyo.jp/kikaku/bosai/bosai/hazard-map-k.html,
足立区,hazard,2,"内水氾濫及び中小河川の氾濫（浸水予想区域図）（PDF：1,975KB）（PDF：1,975KB）",https://www.city.adachi.tokyo.jp/documents/2808/adachi_hm_29-30.pdf,洪水ハザードマップ,https://www.city.adachi.tokyo.jp/kikaku/bosai/bosai/hazard-map-k.html,
足立区,hazard,2,"高潮による浸水が発生した場合（文字無し版）（PDF：5,360KB）",https://www.city.adachi.tokyo.jp/documents/2808/adachi_hm_31-32_notext.pdf,洪水ハザードマップ,https://www.city.adachi.tokyo.jp/kikaku/bosai/bosai/hazard-map-k.html,
足立区,hazard,2,"高潮（浸水想定区域図・浸水継続時間）（PDF：3,667KB）",https://www.city.adachi.tokyo.jp/documents/2808/adachi_hm_31-34.pdf,洪水ハザードマップ,https://www.city.adachi.tokyo.jp/kikaku/bosai/bosai/hazard-map-k.html,
足立区,hazard,2,"高潮浸水継続時間（文字無し版）（PDF：5,818KB）",https://www.city.adachi.tokyo.jp/documents/2808/adachi_hm_33-34_notext.pdf,洪水ハザードマップ,https://www.city.adachi.tokyo.jp/kikaku/bosai/bosai/hazard-map-k.html,
足立区,hazard,2,洪水ハザードマップ解説動画,https://www.city.adachi.tokyo.jp/kikaku/190901.html,洪水ハザードマップ,https://www.city.adachi.tokyo.jp/kikaku/bosai/bosai/hazard-map-k.html,
足立区,hazard,2,ページの先頭へ戻る,https://www.city.adachi.tokyo.jp/kikaku/bosai/bosai/hazard-map-k.html#tmp_header,洪水ハザードマップ,https://www.city.adachi.tokyo.jp/kikaku/bosai/bosai/hazard-map-k.html,
足立区,hazard,2,本文へスキップします。,https://www.city.adachi.tokyo.jp/kikaku/bosai/bosai/hazard-map-k.html#tmp_honbun,洪水ハザードマップ,https://www.city.adachi.tokyo.jp/kikaku/bosai/bosai/hazard-map-k.html,
足立区,hazard,2,ページトップに戻る,https://www.city.adachi.tokyo.jp/kikikanri/bosai/bohan/reiwa8bouhanhojyokin.html#pe-jitopu,,https://www.city.adachi.tokyo.jp/kikikanri/bosai/bohan/reiwa8bouhanhojyokin.html,
足立区,hazard,2,ページの先頭へ戻る,https://www.city.adachi.tokyo.jp/kikikanri/bosai/bohan/reiwa8bouhanhojyokin.html#tmp_header,,https://www.city.adachi.tokyo.jp/kikikanri/bosai/bohan/reiwa8bouhanhojyokin.html,
足立区,hazard,2,本文へスキップします。,https://www.city.adachi.tokyo.jp/kikikanri/bosai/bohan/reiwa8bouhanhojyokin.html#tmp_honbun,,https://www.city.adachi.tokyo.jp/kikikanri/bosai/bohan/reiwa8bouhanhojyokin.html,
足立区,hazard,2,全国瞬時警報システム （J-ALERT:ジェイアラート）,https://www.city.adachi.tokyo.jp/kikikanri/bosai/tsuho/j-alert.html,防災・安全,https://www.city.adachi.tokyo.jp/bosai/index.html,
足立区,hazard,2,足立区の防災関連の計画,https://www.city.adachi.tokyo.jp/ku/kuse/kekaku/kekaku/bosai/index.html,防災・安全,https://www.city.adachi.tokyo.jp/bosai/index.html,
足立区,hazard,2,足立区洪水・内水・高潮ハザードマップ（電子ブック版,https://www.city.adachi.tokyo.jp/miryoku/hon/ebook.html,洪水ハザードマップ,https://www.city.adachi.tokyo.jp/kikaku/bosai/bosai/hazard-map-k.html,
足立区,hazard,2,防災街区整備地区計画の区域内における建築等について,https://www.city.adachi.tokyo.jp/misshu/machi/toshi/bosaigaiku.html,都市計画情報,https://www.city.adachi.tokyo.jp/machi/toshi/index.html,
足立区,hazard,2,足立区防災アプリバージョンアップのお知らせ（リリース日：令和６年１０月９日）（10月9日）,https://www.city.adachi.tokyo.jp/saigai/20241003.html,防災・安全,https://www.city.adachi.tokyo.jp/bosai/index.html,
足立区,hazard,2,スマートフォン用の防災アプリ 「足立区防災アプリ」,https://www.city.adachi.tokyo.jp/saigai/bosai/bosai/bousai-application.html,防災・安全,https://www.city.adachi.tokyo.jp/bosai/index.html,
足立区,hazard,2,（3）第一次避難所,https://www.city.adachi.tokyo.jp/saigai/bosai/bosai/hinanjo-tejun-1hinan.html,避難手順・避難場所,https://www.city.adachi.tokyo.jp/saigai/bosai/bosai/hinanjo-tejun.html,
足立区,hazard,2,（4）第二次避難所（福祉避難所）,https://www.city.adachi.tokyo.jp/saigai/bosai/bosai/hinanjo-tejun-2hinan.html,避難手順・避難場所,https://www.city.adachi.tokyo.jp/saigai/bosai/bosai/hinanjo-tejun.html,
足立区,hazard,2,（2）避難場所,https://www.city.adachi.tokyo.jp/saigai/bosai/bosai/hinanjo-tejun-hinan.html,避難手順・避難場所,https://www.city.adachi.tokyo.jp/saigai/bosai/bosai/hinanjo-tejun.html,
足立区,hazard,2,（1）一時（いっとき）集合場所,https://www.city.adachi.tokyo.jp/saigai/bosai/bosai/hinanjo-tejun-ittoki.html,避難手順・避難場所,https://www.city.adachi.tokyo.jp/saigai/bosai/bosai/hinanjo-tejun.html,
足立区,hazard,2,ページの先頭へ戻る,https://www.city.adachi.tokyo.jp/saigai/bosai/bosai/hinanjo-tejun.html#tmp_header,避難手順・避難場所,https://www.city.adachi.tokyo.jp/saigai/bosai/bosai/hinanjo-tejun.html,
足立区,hazard,2,本文へスキップします。,https://www.city.adachi.tokyo.jp/saigai/bosai/bosai/hinanjo-tejun.html#tmp_honbun,避難手順・避難場所,https://www.city.adachi.tokyo.jp/saigai/bosai/bosai/hinanjo-tejun.html,
足立区,hazard,2,あだち防災マップ＆ガイド,https://www.city.adachi.tokyo.jp/saigai/bosai/bosai/taisaku-bosaimap.html,防災・安全,https://www.city.adachi.tokyo.jp/bosai/index.html,
足立区,hazard,2,江東5区大規模水害ハザードマップについて,https://www.city.adachi.tokyo.jp/senryaku/bosai/koto5ku300822.html,洪水ハザードマップ,https://www.city.adachi.tokyo.jp/kikaku/bosai/bosai/hazard-map-k.html,
足立区,hazard,2,宅地建物取引業法施行規則の改正に伴う洪水ハザードマップの取り扱いについて,https://www.city.adachi.tokyo.jp/toshi/200930.html,洪水ハザードマップ,https://www.city.adachi.tokyo.jp/kikaku/bosai/bosai/hazard-map-k.html,
足立区,hazard,2,足立区水害区域図（浸水履歴）について,https://www.city.adachi.tokyo.jp/toshi/bosai/bosai/hazard-map-suigai-h6.html,洪水ハザードマップ,https://www.city.adachi.tokyo.jp/kikaku/bosai/bosai/hazard-map-k.html,
足立区,hazard,2,【音声版】足立区洪水・内水・高潮ハザードマップ,https://www.city.adachi.tokyo.jp/toshi/bosai/hm_audible.html,洪水ハザードマップ,https://www.city.adachi.tokyo.jp/kikaku/bosai/bosai/hazard-map-k.html,
足立区,hazard,2,大雨時のアンダーパス等の冠水にご注意ください,https://www.city.adachi.tokyo.jp/toshi/bosai/underpass.html,洪水ハザードマップ,https://www.city.adachi.tokyo.jp/kikaku/bosai/bosai/hazard-map-k.html,
足立区,hazard,3,オウム真理教後継団体（アレフ ）に 対する区の対応,https://www.city.adachi.tokyo.jp/bosai/bohan/aleph/index.html,防犯,https://www.city.adachi.tokyo.jp/bosai/bohan/index.html,
足立区,hazard,3,ページの先頭へ戻る,https://www.city.adachi.tokyo.jp/bosai/bohan/index.html#tmp_header,防犯,https://www.city.adachi.tokyo.jp/bosai/bohan/index.html,
足立区,hazard,3,本文へスキップします。,https://www.city.adachi.tokyo.jp/bosai/bohan/index.html#tmp_honbun,防犯,https://www.city.adachi.tokyo.jp/bosai/bohan/index.html,
足立区,hazard,3,体感治安向上に向けた取り組み,https://www.city.adachi.tokyo.jp/bosai/bohan/taikan/index.html,防犯,https://www.city.adachi.tokyo.jp/bosai/bohan/index.html,
足立区,hazard,3,ページの先頭へ戻る,https://www.city.adachi.tokyo.jp/bosai/bosaisaigai/index.html#tmp_header,防災・災害対策,https://www.city.adachi.tokyo.jp/bosai/bosaisaigai/index.html,
足立区,hazard,3,本文へスキップします。,https://www.city.adachi.tokyo.jp/bosai/bosaisaigai/index.html#tmp_honbun,防災・災害対策,https://www.city.adachi.tokyo.jp/bosai/bosaisaigai/index.html,
足立区,hazard,3,区の防災設備を紹介します,https://www.city.adachi.tokyo.jp/bosai/bosaisaigai/kunotaisaku/shokai/index.html,防災・災害対策,https://www.city.adachi.tokyo.jp/bosai/bosaisaigai/index.html,
足立区,hazard,3,ページの先頭へ戻る,https://www.city.adachi.tokyo.jp/bosai/kotsuanzen/index.html#tmp_header,交通安全,https://www.city.adachi.tokyo.jp/bosai/kotsuanzen/index.html,
足立区,hazard,3,本文へスキップします。,https://www.city.adachi.tokyo.jp/bosai/kotsuanzen/index.html#tmp_honbun,交通安全,https://www.city.adachi.tokyo.jp/bosai/kotsuanzen/index.html,
足立区,hazard,3,ページの先頭へ戻る,https://www.city.adachi.tokyo.jp/bosai/oshirase/cyuushikizyunn.html#tmp_header,災害時の資源・ごみ収集運搬作業の中止基準（9月2日）,https://www.city.adachi.tokyo.jp/bosai/oshirase/cyuushikizyunn.html,
足立区,hazard,3,本文へスキップします。,https://www.city.adachi.tokyo.jp/bosai/oshirase/cyuushikizyunn.html#tmp_honbun,災害時の資源・ごみ収集運搬作業の中止基準（9月2日）,https://www.city.adachi.tokyo.jp/bosai/oshirase/cyuushikizyunn.html,
足立区,hazard,3,ページの先頭へ戻る,https://www.city.adachi.tokyo.jp/bosai/oshirase/index.html#tmp_header,一覧を見る,https://www.city.adachi.tokyo.jp/bosai/oshirase/index.html,
足立区,hazard,3,本文へスキップします。,https://www.city.adachi.tokyo.jp/bosai/oshirase/index.html#tmp_honbun,一覧を見る,https://www.city.adachi.tokyo.jp/bosai/oshirase/index.html,
足立区,hazard,3,令和2年区内の犯罪発生状況,https://www.city.adachi.tokyo.jp/kikikanri/bosai/bohan/02_ninchikensu.html,防犯,https://www.city.adachi.tokyo.jp/bosai/bohan/index.html,
足立区,hazard,3,オウム真理教後継団体（アレフ）に対する区の対応,https://www.city.adachi.tokyo.jp/kikikanri/bosai/bohan/02aleph.html,防犯,https://www.city.adachi.tokyo.jp/bosai/bohan/index.html,
足立区,hazard,3,令和3年区内の犯罪発生状況,https://www.city.adachi.tokyo.jp/kikikanri/bosai/bohan/03_ninchikensu.html,防犯,https://www.city.adachi.tokyo.jp/bosai/bohan/index.html,
足立区,hazard,3,地域の自主防犯パトロール活動を助成します,https://www.city.adachi.tokyo.jp/kikikanri/bosai/bohan/04_bouhankatudoujosei.html,防犯,https://www.city.adachi.tokyo.jp/bosai/bohan/index.html,
足立区,hazard,3,令和4年区内の犯罪発生状況,https://www.city.adachi.tokyo.jp/kikikanri/bosai/bohan/04_ninchikenshtml.html,防犯,https://www.city.adachi.tokyo.jp/bosai/bohan/index.html,
足立区,hazard,3,令和6年区内の犯罪発生状況,https://www.city.adachi.tokyo.jp/kikikanri/bosai/bohan/05_ninchikenshtml.html,防犯,https://www.city.adachi.tokyo.jp/bosai/bohan/index.html,
足立区,hazard,3,令和5年区内の犯罪発生状況,https://www.city.adachi.tokyo.jp/kikikanri/bosai/bohan/2023kensuu.html,防犯,https://www.city.adachi.tokyo.jp/bosai/bohan/index.html,
足立区,hazard,3,令和7年防犯・防火駅頭キャンペーンを開催します！,https://www.city.adachi.tokyo.jp/kikikanri/bosai/bohan/2024ekitoucampaign.html,防犯,https://www.city.adachi.tokyo.jp/bosai/bohan/index.html,
足立区,hazard,3,オートバイ盗対策,https://www.city.adachi.tokyo.jp/kikikanri/bosai/bohan/20250903_motorcycle.html,防犯,https://www.city.adachi.tokyo.jp/bosai/bohan/index.html,
足立区,hazard,3,「自動通話録音機」無料貸し出し中,https://www.city.adachi.tokyo.jp/kikikanri/bosai/bohan/28_jidoutsuwarokuonki.html,防犯,https://www.city.adachi.tokyo.jp/bosai/bohan/index.html,
足立区,hazard,3,平成30年区内の犯罪発生状況,https://www.city.adachi.tokyo.jp/kikikanri/bosai/bohan/30_nintikensu.html,防犯,https://www.city.adachi.tokyo.jp/bosai/bohan/index.html,
足立区,hazard,3,令和元年区内の犯罪発生状況,https://www.city.adachi.tokyo.jp/kikikanri/bosai/bohan/31_nintikensu.html,防犯,https://www.city.adachi.tokyo.jp/bosai/bohan/index.html,
足立区,hazard,3,【終了しました】令和7年度足立区防犯対策補助事業の実施について,https://www.city.adachi.tokyo.jp/kikikanri/bosai/bohan/bouhannhojyokin3.html,防犯,https://www.city.adachi.tokyo.jp/bosai/bohan/index.html,
足立区,hazard,3,ラッピングバスが足立区内を走行中です,https://www.city.adachi.tokyo.jp/kikikanri/bosai/bohan/bus.html,防犯,https://www.city.adachi.tokyo.jp/bosai/bohan/index.html,
足立区,hazard,3,毎月20日は「区民防犯の日」,https://www.city.adachi.tokyo.jp/kikikanri/bosai/bohan/chiiki-20bohan.html,防犯,https://www.city.adachi.tokyo.jp/bosai/bohan/index.html,
足立区,hazard,3,令和8年度足立区地域における見守り活動支援事業（町会・自治会向け防犯カメラなどの設置費用補助）,https://www.city.adachi.tokyo.jp/kikikanri/bosai/bohan/r4-boukame.html,防犯,https://www.city.adachi.tokyo.jp/bosai/bohan/index.html,
足立区,hazard,3,令和7年区内の犯罪発生状況,https://www.city.adachi.tokyo.jp/kikikanri/bosai/bohan/reiwananakeihouhann.html,防犯,https://www.city.adachi.tokyo.jp/bosai/bohan/index.html,
足立区,hazard,3,【令和3年11月1日開設】六町駅前安全安心ステーション「ろくまる」,https://www.city.adachi.tokyo.jp/kikikanri/bosai/bohan/rokumaru.html,防犯,https://www.city.adachi.tokyo.jp/bosai/bohan/index.html,
足立区,hazard,3,特殊詐欺の本物の予兆電話(アポ電)が聞ける「アポ電体験ダイヤル」をご利用ください,https://www.city.adachi.tokyo.jp/kikikanri/bosai/bohan/sagi-daial.html,防犯,https://www.city.adachi.tokyo.jp/bosai/bohan/index.html,
足立区,hazard,3,特殊詐欺対策：声優 高山みなみさんの声の音声パターンを追加,https://www.city.adachi.tokyo.jp/kikikanri/bosai/bohan/sagihasseijoukyou.html,防犯,https://www.city.adachi.tokyo.jp/bosai/bohan/index.html,
足立区,hazard,3,特殊詐欺にご用心！,https://www.city.adachi.tokyo.jp/kikikanri/bosai/bohan/tokusyusagi.html,防犯,https://www.city.adachi.tokyo.jp/bosai/bohan/index.html,
足立区,hazard,3,ページの先頭へ戻る,https://www.city.adachi.tokyo.jp/kikikanri/bosai/tsuho/j-alert.html#tmp_header,全国瞬時警報システム （J-ALERT:ジェイアラート）,https://www.city.adachi.tokyo.jp/kikikanri/bosai/tsuho/j-alert.html,
足立区,hazard,3,本文へスキップします。,https://www.city.adachi.tokyo.jp/kikikanri/bosai/tsuho/j-alert.html#tmp_honbun,全国瞬時警報システム （J-ALERT:ジェイアラート）,https://www.city.adachi.tokyo.jp/kikikanri/bosai/tsuho/j-alert.html,
足立区,hazard,3,飲酒運転は犯罪,https://www.city.adachi.tokyo.jp/kotsu/bosai/bohan/2024insyu.html,交通安全,https://www.city.adachi.tokyo.jp/bosai/kotsuanzen/index.html,
足立区,hazard,3,自転車の交通安全,https://www.city.adachi.tokyo.jp/kotsu/bosai/bohan/anzen-jitensha.html,交通安全,https://www.city.adachi.tokyo.jp/bosai/kotsuanzen/index.html,
足立区,hazard,3,子どもの交通事故を防止しましょう,https://www.city.adachi.tokyo.jp/kotsu/bosai/bohan/kodomokoutuujikobousi.html,交通安全,https://www.city.adachi.tokyo.jp/bosai/kotsuanzen/index.html,
足立区,hazard,3,区民交通傷害保険の加入について（金融機関でのお申し込みは令和８年２月２日から３月３１日まで）,https://www.city.adachi.tokyo.jp/kotsu/bosai/bohan/r7kuminnkoutuusyougaihokenn.html,交通安全,https://www.city.adachi.tokyo.jp/bosai/kotsuanzen/index.html,
足立区,hazard,3,区民交通傷害保険の加入について,https://www.city.adachi.tokyo.jp/kotsu/bosai/bohan/r8kuminnkoutuusyougaihokenn.html,交通安全,https://www.city.adachi.tokyo.jp/bosai/kotsuanzen/index.html,
足立区,hazard,3,防災士資格取得費用助成について,https://www.city.adachi.tokyo.jp/saigai/20240424bousaishihiyoujosei.html,防災・災害対策,https://www.city.adachi.tokyo.jp/bosai/bosaisaigai/index.html,
足立区,hazard,3,将来の防災リーダーへ！中学生消火隊,https://www.city.adachi.tokyo.jp/saigai/a-fire.html,防災・災害対策,https://www.city.adachi.tokyo.jp/bosai/bosaisaigai/index.html,
足立区,hazard,3,あだち防災リーダー認定・登録制度,https://www.city.adachi.tokyo.jp/saigai/adachibosaileader.html,防災・災害対策,https://www.city.adachi.tokyo.jp/bosai/bosaisaigai/index.html,
足立区,hazard,3,足立区消防団運営委員会,https://www.city.adachi.tokyo.jp/saigai/bosai/bosai/adachikusyouboudanuneiiinkai.html,防災・災害対策,https://www.city.adachi.tokyo.jp/bosai/bosaisaigai/index.html,
足立区,hazard,3,発災時に便利な多言語アプリとウェブサイト一覧,https://www.city.adachi.tokyo.jp/saigai/bosai/bosai/forforeignnationals.html,防災・災害対策,https://www.city.adachi.tokyo.jp/bosai/bosaisaigai/index.html,
足立区,hazard,3,要配慮者利用施設の避難確保計画作成等の義務化について,https://www.city.adachi.tokyo.jp/saigai/bosai/bosai/hinankakuhokeikaku.html,防災・災害対策,https://www.city.adachi.tokyo.jp/bosai/bosaisaigai/index.html,
足立区,hazard,3,足立区を流れる河川水位の確認方法について,https://www.city.adachi.tokyo.jp/saigai/bosai/bosai/kasen-suii.html,防災・災害対策,https://www.city.adachi.tokyo.jp/bosai/bosaisaigai/index.html,
足立区,hazard,3,日頃から都市型水害に備えよう,https://www.city.adachi.tokyo.jp/saigai/bosai/bosai/kehatsu-suigai.html,防災・災害対策,https://www.city.adachi.tokyo.jp/bosai/bosaisaigai/index.html,
足立区,hazard,3,「地震体験車」「煙体験テント」の運行について,https://www.city.adachi.tokyo.jp/saigai/bosai/bosai/sinntakunn.html,防災・災害対策,https://www.city.adachi.tokyo.jp/bosai/bosaisaigai/index.html,
足立区,hazard,3,災害時協力井戸の募集,https://www.city.adachi.tokyo.jp/saigai/bosai/bosai/taisaku-ido.html,防災・災害対策,https://www.city.adachi.tokyo.jp/bosai/bosaisaigai/index.html,
足立区,hazard,3,防災区民組織や区民消火隊、区民レスキュー隊を結成しましょう,https://www.city.adachi.tokyo.jp/saigai/bousaikuminsoshiki.html,防災・災害対策,https://www.city.adachi.tokyo.jp/bosai/bosaisaigai/index.html,
足立区,hazard,3,マンションの防災対策,https://www.city.adachi.tokyo.jp/saigai/manshonbosai.html,防災・災害対策,https://www.city.adachi.tokyo.jp/bosai/bosaisaigai/index.html,
足立区,hazard,3,防災無線テレホン案内の番号を変更しました（4月1日）,https://www.city.adachi.tokyo.jp/saigai/musentelephoneannai.html,一覧を見る,https://www.city.adachi.tokyo.jp/bosai/oshirase/index.html,
足立区,hazard,3,東京防災隣組,https://www.city.adachi.tokyo.jp/saigai/tonarigumi.html,防災・災害対策,https://www.city.adachi.tokyo.jp/bosai/bosaisaigai/index.html,
足立区,hazard,3,水害時の事後対策,https://www.city.adachi.tokyo.jp/sekatsuese/bosai/bosai/hisaisha-suigai.html,防災・災害対策,https://www.city.adachi.tokyo.jp/bosai/bosaisaigai/index.html,
足立区,hazard,3,『地区防災計画策定の手引き《地震編》《水害編》』,https://www.city.adachi.tokyo.jp/senryaku/20191118.html,防災・災害対策,https://www.city.adachi.tokyo.jp/bosai/bosaisaigai/index.html,
足立区,hazard,3,足立区防災会議,https://www.city.adachi.tokyo.jp/senryaku/adachikubousaikaigi.html,防災・災害対策,https://www.city.adachi.tokyo.jp/bosai/bosaisaigai/index.html,
足立区,hazard,3,避難所の備蓄物資,https://www.city.adachi.tokyo.jp/senryaku/bosai/bosai/bitiku-itiran.html,防災・災害対策,https://www.city.adachi.tokyo.jp/bosai/bosaisaigai/index.html,
足立区,hazard,3,荒川下流分散避難検討ワーキンググループ,https://www.city.adachi.tokyo.jp/senryaku/bosai/bosai/documents/bunsanwg.html,防災・災害対策,https://www.city.adachi.tokyo.jp/bosai/bosaisaigai/index.html,
足立区,hazard,3,避難所運営訓練に参加しよう！,https://www.city.adachi.tokyo.jp/senryaku/bosai/bosai/kehatsu-kunren5.html,防災・災害対策,https://www.city.adachi.tokyo.jp/bosai/bosaisaigai/index.html,
足立区,hazard,3,区の水害対策方針について,https://www.city.adachi.tokyo.jp/senryaku/bosai/bosai/suibo_info.html,防災・災害対策,https://www.city.adachi.tokyo.jp/bosai/bosaisaigai/index.html,
足立区,hazard,3,> 足立区地域防災計画,https://www.city.adachi.tokyo.jp/senryaku/bosai/bosai/taisaku-bosaikekaku.html,防災・災害対策,https://www.city.adachi.tokyo.jp/bosai/bosaisaigai/index.html,
足立区,hazard,3,災害時協定・覚書一覧,https://www.city.adachi.tokyo.jp/senryaku/bosai/bosai/taisaku-kyote.html,防災・災害対策,https://www.city.adachi.tokyo.jp/bosai/bosaisaigai/index.html,
足立区,hazard,3,ペット登録カードおよびペット動物同行避難者へのご案内,https://www.city.adachi.tokyo.jp/senryaku/bosai/hinanjopet.html,防災・災害対策,https://www.city.adachi.tokyo.jp/bosai/bosaisaigai/index.html,
足立区,hazard,3,江北エリアの避難所が変わりました！,https://www.city.adachi.tokyo.jp/senryaku/bosai/hinanjosaihenkouhokukouya.html,防災・災害対策,https://www.city.adachi.tokyo.jp/bosai/bosaisaigai/index.html,
足立区,hazard,3,本木・関原エリアの避難所が変わりました！,https://www.city.adachi.tokyo.jp/senryaku/bosai/hinanjosaihenkyuumotogihigashi.html,防災・災害対策,https://www.city.adachi.tokyo.jp/bosai/bosaisaigai/index.html,
足立区,hazard,3,避難者カードおよび避難者へのご案内について,https://www.city.adachi.tokyo.jp/senryaku/bosai/hinanjouketuke.html,防災・災害対策,https://www.city.adachi.tokyo.jp/bosai/bosaisaigai/index.html,
足立区,hazard,3,江東5区大規模水害避難等対応方針,https://www.city.adachi.tokyo.jp/senryaku/bosai/koutou5kusuigaitaisaku.html,防災・災害対策,https://www.city.adachi.tokyo.jp/bosai/bosaisaigai/index.html,
足立区,hazard,3,東渕江小学校エリアの避難所が変わりました！,https://www.city.adachi.tokyo.jp/senryaku/bosai/weadachikukokuminhogokeikaku.html,防災・災害対策,https://www.city.adachi.tokyo.jp/bosai/bosaisaigai/index.html,
足立区,hazard,3,新たな防災気象情報の運用について,https://www.city.adachi.tokyo.jp/senryaku/bousaikisyoujyouhou.html,防災・災害対策,https://www.city.adachi.tokyo.jp/bosai/bosaisaigai/index.html,
足立区,hazard,3,区内電柱に浸水深表示板を設置しています,https://www.city.adachi.tokyo.jp/senryaku/sinnsuihyouzi.html,防災・災害対策,https://www.city.adachi.tokyo.jp/bosai/bosaisaigai/index.html,
足立区,hazard,3,水害にあったときに　浸水被害からの生活再建の手引き,https://www.city.adachi.tokyo.jp/senryaku/suigai-seikatsusaiken.html,防災・災害対策,https://www.city.adachi.tokyo.jp/bosai/bosaisaigai/index.html,
足立区,hazard,3,足立区のドローン事業,https://www.city.adachi.tokyo.jp/toshi/bosai/bosai/drone.html,防災・災害対策,https://www.city.adachi.tokyo.jp/bosai/bosaisaigai/index.html,
足立区,hazard,3,水防災情報リンク一覧,https://www.city.adachi.tokyo.jp/toshi/bosai/bosai/saigai-link.html,防災・災害対策,https://www.city.adachi.tokyo.jp/bosai/bosaisaigai/index.html,
足立区,hazard,3,都が管理する河川の水防上注意を要する箇所について,https://www.city.adachi.tokyo.jp/toshi/bosai/tokasentyuui.html,防災・災害対策,https://www.city.adachi.tokyo.jp/bosai/bosaisaigai/index.html,
足立区,hazard,3,土のうを活用し浸水被害に備えましょう,https://www.city.adachi.tokyo.jp/toshi/donou.html,防災・災害対策,https://www.city.adachi.tokyo.jp/bosai/bosaisaigai/index.html,
足立区,road,2,公共交通・道路・橋梁,https://www.city.adachi.tokyo.jp/machi/kotsu/index.html,まちづくり・都市計画,https://www.city.adachi.tokyo.jp/machi/index.html,
足立区,road,3,私道防犯灯設置助成制度のご案内,https://www.city.adachi.tokyo.jp/doro/bouhantou_r8.html,防犯,https://www.city.adachi.tokyo.jp/bosai/bohan/index.html,
足立区,road,3,「河川氾濫を想定した個別避難計画書」をご返送ください,https://www.city.adachi.tokyo.jp/fukushi/documents/kasenhanrannwosouteisitakobetuhinannkeikakusyo.html,防災・災害対策,https://www.city.adachi.tokyo.jp/bosai/bosaisaigai/index.html,
足立区,road,3,足立区を流れる河川水位の確認方法について,https://www.city.adachi.tokyo.jp/saigai/bosai/bosai/kasen-suii.html,防災・災害対策,https://www.city.adachi.tokyo.jp/bosai/bosaisaigai/index.html,
足立区,road,3,都が管理する河川の水防上注意を要する箇所について,https://www.city.adachi.tokyo.jp/toshi/bosai/tokasentyuui.html,防災・災害対策,https://www.city.adachi.tokyo.jp/bosai/bosaisaigai/index.html,
