base_municipality,detected_category,depth,title,url,source_page_title,source_page_url,error,score,display_rank,category_label
世田谷区,hazard,1,ハザードマップ,https://www.city.setagaya.lg.jp/kurashi/kyuukyuu/category/12840.html,公式トップ,https://www.city.setagaya.lg.jp/,,35,関連確認,ハザード・災害リスク
世田谷区,hazard,2,水害時・土砂災害時避難所について,https://www.city.setagaya.lg.jp/02049/577.html,救急・防犯・防災,https://www.city.setagaya.lg.jp/kurashi/kyuukyuu/11536.html,,23,関連確認,ハザード・災害リスク
世田谷区,hazard,2,水害・雪害・土砂災害対策,https://www.city.setagaya.lg.jp/kurashi/kyuukyuu/category/12356.html,救急・防犯・防災,https://www.city.setagaya.lg.jp/kurashi/kyuukyuu/11536.html,,23,関連確認,ハザード・災害リスク
世田谷区,hazard,3,松沢地区防災マップ,https://www.city.setagaya.lg.jp/01018/10398.html,防災地域版,https://www.city.setagaya.lg.jp/kurashi/kyuukyuu/category/12359.html,,23,関連確認,ハザード・災害リスク
世田谷区,hazard,3,浸水確認箇所一覧／浸水確認箇所図,https://www.city.setagaya.lg.jp/02009/601.html,防災・災害対策,https://www.city.setagaya.lg.jp/kurashi/kyuukyuu/category/11692.html,,23,関連確認,ハザード・災害リスク
世田谷区,hazard,3,土砂災害防止法に基づく指定区域について,https://www.city.setagaya.lg.jp/02039/598.html,防災・災害対策,https://www.city.setagaya.lg.jp/kurashi/kyuukyuu/category/11692.html,,23,関連確認,ハザード・災害リスク
世田谷区,hazard,3,土砂災害特別警戒区域内への支援制度（その1）,https://www.city.setagaya.lg.jp/02039/620.html,防災・災害対策,https://www.city.setagaya.lg.jp/kurashi/kyuukyuu/category/11692.html,,23,関連確認,ハザード・災害リスク
世田谷区,hazard,3,土砂災害特別警戒区域内への支援制度（その2）,https://www.city.setagaya.lg.jp/02039/621.html,防災・災害対策,https://www.city.setagaya.lg.jp/kurashi/kyuukyuu/category/11692.html,,23,関連確認,ハザード・災害リスク
世田谷区,hazard,3,浸水被害にあってしまったら,https://www.city.setagaya.lg.jp/02049/20585.html,防災・災害対策,https://www.city.setagaya.lg.jp/kurashi/kyuukyuu/category/11692.html,,23,関連確認,ハザード・災害リスク
世田谷区,hazard,3,想定浸水深表示板の設置について,https://www.city.setagaya.lg.jp/02049/634.html,防災・災害対策,https://www.city.setagaya.lg.jp/kurashi/kyuukyuu/category/11692.html,,23,関連確認,ハザード・災害リスク
世田谷区,hazard,3,台風や大雨による土砂災害にご注意ください,https://www.city.setagaya.lg.jp/02049/638.html,防災・災害対策,https://www.city.setagaya.lg.jp/kurashi/kyuukyuu/category/11692.html,,23,関連確認,ハザード・災害リスク
世田谷区,hazard,3,世田谷区水害・土砂災害に関する避難情報の判断基準について,https://www.city.setagaya.lg.jp/02049/640.html,防災・災害対策,https://www.city.setagaya.lg.jp/kurashi/kyuukyuu/category/11692.html,,23,関連確認,ハザード・災害リスク
世田谷区,hazard,3,集中豪雨に注意しましょう　各自でできる浸水対策,https://www.city.setagaya.lg.jp/02401/580.html,防災・災害対策,https://www.city.setagaya.lg.jp/kurashi/kyuukyuu/category/11692.html,,23,関連確認,ハザード・災害リスク
世田谷区,hazard,3,令和元年台風第19号に伴う浸水被害検証委員会,https://www.city.setagaya.lg.jp/02401/706.html,防災・災害対策,https://www.city.setagaya.lg.jp/kurashi/kyuukyuu/category/11692.html,,23,関連確認,ハザード・災害リスク
世田谷区,hazard,3,令和元年台風第19号に伴う浸水被害の検証（最終報告）,https://www.city.setagaya.lg.jp/02401/707.html,防災・災害対策,https://www.city.setagaya.lg.jp/kurashi/kyuukyuu/category/11692.html,,23,関連確認,ハザード・災害リスク
世田谷区,hazard,3,水害・雪害・土砂災害対策,https://www.city.setagaya.lg.jp/kurashi/kyuukyuu/category/11692.html#a12356,防災・災害対策,https://www.city.setagaya.lg.jp/kurashi/kyuukyuu/category/11692.html,,23,関連確認,ハザード・災害リスク
世田谷区,hazard,3,水害時・土砂災害時避難所について,https://www.city.setagaya.lg.jp/kurashi/kyuukyuu/category/11692.html#a577,防災・災害対策,https://www.city.setagaya.lg.jp/kurashi/kyuukyuu/category/11692.html,,23,関連確認,ハザード・災害リスク
世田谷区,road,2,"地区の地図（PDF：8,361KB）",https://www.city.setagaya.lg.jp/documents/14936/todoroki_tikumap.pdf,等々力地区,https://www.city.setagaya.lg.jp/tamagawachiiki/todoroki/index.html,,36,関連確認,道路・接道確認
世田谷区,road,3,令和7年度地区アセスメント（等々力地区）（PDF：399KB）,https://www.city.setagaya.lg.jp/documents/10433/16_todorokitikuasesu.pdf,まちづくり活動の目標（地区ビジョン）と地区アセスメント,https://www.city.setagaya.lg.jp/01049/10433.html,,28,関連確認,道路・接道確認
世田谷区,road,2,等々力地区のできごと一覧を見る,https://www.city.setagaya.lg.jp/tamagawachiiki/todoroki/category/12178.html,等々力地区,https://www.city.setagaya.lg.jp/tamagawachiiki/todoroki/index.html,,23,関連確認,道路・接道確認
世田谷区,road,2,子ども・子育て,https://www.city.setagaya.lg.jp/tamagawachiiki/todoroki/category/12180.html,等々力地区,https://www.city.setagaya.lg.jp/tamagawachiiki/todoroki/index.html,,23,関連確認,道路・接道確認
世田谷区,road,2,地域の見守り（高齢者・障害者）,https://www.city.setagaya.lg.jp/tamagawachiiki/todoroki/category/12181.html,等々力地区,https://www.city.setagaya.lg.jp/tamagawachiiki/todoroki/index.html,,23,関連確認,道路・接道確認
世田谷区,road,2,健康・地域交流,https://www.city.setagaya.lg.jp/tamagawachiiki/todoroki/category/12182.html,等々力地区,https://www.city.setagaya.lg.jp/tamagawachiiki/todoroki/index.html,,23,関連確認,道路・接道確認
世田谷区,road,2,安全・安心・防災,https://www.city.setagaya.lg.jp/tamagawachiiki/todoroki/category/12183.html,等々力地区,https://www.city.setagaya.lg.jp/tamagawachiiki/todoroki/index.html,,23,関連確認,道路・接道確認
世田谷区,road,2,ごみ減量・リサイクル,https://www.city.setagaya.lg.jp/tamagawachiiki/todoroki/category/12184.html,等々力地区,https://www.city.setagaya.lg.jp/tamagawachiiki/todoroki/index.html,,23,関連確認,道路・接道確認
世田谷区,road,2,講習・講座,https://www.city.setagaya.lg.jp/tamagawachiiki/todoroki/category/12185.html,等々力地区,https://www.city.setagaya.lg.jp/tamagawachiiki/todoroki/index.html,,23,関連確認,道路・接道確認
世田谷区,road,2,,https://www.city.setagaya.lg.jp/tamagawachiiki/todoroki/index.html#tmp_header,等々力地区,https://www.city.setagaya.lg.jp/tamagawachiiki/todoroki/index.html,,23,関連確認,道路・接道確認
世田谷区,road,3,,https://www.city.setagaya.lg.jp/tamagawachiiki/todoroki/category/12176.html#tmp_header,等々力地区のお知らせ一覧を見る,https://www.city.setagaya.lg.jp/tamagawachiiki/todoroki/category/12176.html,,23,関連確認,道路・接道確認
世田谷区,road,3,,https://www.city.setagaya.lg.jp/tamagawachiiki/todoroki/category/12178.html#tmp_header,等々力地区のできごと一覧を見る,https://www.city.setagaya.lg.jp/tamagawachiiki/todoroki/category/12178.html,,23,関連確認,道路・接道確認
世田谷区,road,3,等々力中央保育園の紹介,https://www.city.setagaya.lg.jp/tamagawachiiki/todoroki/category/12180.html#a10437,子ども・子育て,https://www.city.setagaya.lg.jp/tamagawachiiki/todoroki/category/12180.html,,23,関連確認,道路・接道確認
世田谷区,road,3,,https://www.city.setagaya.lg.jp/tamagawachiiki/todoroki/category/12180.html#tmp_header,子ども・子育て,https://www.city.setagaya.lg.jp/tamagawachiiki/todoroki/category/12180.html,,23,関連確認,道路・接道確認
世田谷区,road,3,,https://www.city.setagaya.lg.jp/tamagawachiiki/todoroki/category/12181.html#tmp_header,地域の見守り（高齢者・障害者）,https://www.city.setagaya.lg.jp/tamagawachiiki/todoroki/category/12181.html,,23,関連確認,道路・接道確認
世田谷区,road,3,健康,https://www.city.setagaya.lg.jp/tamagawachiiki/todoroki/category/12182.html#a12804,健康・地域交流,https://www.city.setagaya.lg.jp/tamagawachiiki/todoroki/category/12182.html,,23,関連確認,道路・接道確認
世田谷区,road,3,地域交流・仲間づくり,https://www.city.setagaya.lg.jp/tamagawachiiki/todoroki/category/12182.html#a12805,健康・地域交流,https://www.city.setagaya.lg.jp/tamagawachiiki/todoroki/category/12182.html,,23,関連確認,道路・接道確認
世田谷区,road,3,,https://www.city.setagaya.lg.jp/tamagawachiiki/todoroki/category/12182.html#tmp_header,健康・地域交流,https://www.city.setagaya.lg.jp/tamagawachiiki/todoroki/category/12182.html,,23,関連確認,道路・接道確認
世田谷区,road,3,等々力地区の震災時の避難場所と防災情報,https://www.city.setagaya.lg.jp/tamagawachiiki/todoroki/category/12183.html#a10438,安全・安心・防災,https://www.city.setagaya.lg.jp/tamagawachiiki/todoroki/category/12183.html,,23,関連確認,道路・接道確認
世田谷区,road,3,,https://www.city.setagaya.lg.jp/tamagawachiiki/todoroki/category/12183.html#tmp_header,安全・安心・防災,https://www.city.setagaya.lg.jp/tamagawachiiki/todoroki/category/12183.html,,23,関連確認,道路・接道確認
世田谷区,road,3,,https://www.city.setagaya.lg.jp/tamagawachiiki/todoroki/category/12184.html#tmp_header,ごみ減量・リサイクル,https://www.city.setagaya.lg.jp/tamagawachiiki/todoroki/category/12184.html,,23,関連確認,道路・接道確認
世田谷区,road,3,,https://www.city.setagaya.lg.jp/tamagawachiiki/todoroki/category/12185.html#tmp_header,講習・講座,https://www.city.setagaya.lg.jp/tamagawachiiki/todoroki/category/12185.html,,23,関連確認,道路・接道確認
世田谷区,road,3,健康,https://www.city.setagaya.lg.jp/tamagawachiiki/todoroki/category/12804.html,健康・地域交流,https://www.city.setagaya.lg.jp/tamagawachiiki/todoroki/category/12182.html,,23,関連確認,道路・接道確認
世田谷区,road,3,地域交流・仲間づくり,https://www.city.setagaya.lg.jp/tamagawachiiki/todoroki/category/12805.html,健康・地域交流,https://www.city.setagaya.lg.jp/tamagawachiiki/todoroki/category/12182.html,,23,関連確認,道路・接道確認
世田谷区,road,1,等々力地区,https://www.city.setagaya.lg.jp/tamagawachiiki/todoroki/index.html,公式トップ,https://www.city.setagaya.lg.jp/,,20,関連確認,道路・接道確認
中央区,building_guidance,2,建築基準法の道路種別,https://www.city.chuo.lg.jp/a0043/machizukuri/kenchiku/user_kentiku_time_dourosyubetu.html,まちづくり・環境,https://www.city.chuo.lg.jp/machizukuri/index.html,,63,優先確認,建築指導・建築確認
中央区,building_guidance,2,建築確認・許可・認定,https://www.city.chuo.lg.jp/machizukuri/kenchiku/kyoka/index.html,まちづくり・環境,https://www.city.chuo.lg.jp/machizukuri/index.html,,43,優先確認,建築指導・建築確認
中央区,building_guidance,2,建築関係総合窓口（ワンストップ窓口）を開設しています,https://www.city.chuo.lg.jp/a0040/machizukuri/kenchiku/soumado.html,まちづくり・環境,https://www.city.chuo.lg.jp/machizukuri/index.html,,23,関連確認,建築指導・建築確認
中央区,building_guidance,2,建築紛争が生じたときは,https://www.city.chuo.lg.jp/a0043/machizukuri/kenchiku/hunso.html,まちづくり・環境,https://www.city.chuo.lg.jp/machizukuri/index.html,,23,関連確認,建築指導・建築確認
中央区,building_guidance,2,建築,https://www.city.chuo.lg.jp/machizukuri/kenchiku/index.html,まちづくり・環境,https://www.city.chuo.lg.jp/machizukuri/index.html,,23,関連確認,建築指導・建築確認
中央区,building_guidance,2,住居表示,https://www.city.chuo.lg.jp/machizukuri/kenchiku/jyukyohyozi/index.html,まちづくり・環境,https://www.city.chuo.lg.jp/machizukuri/index.html,,23,関連確認,建築指導・建築確認
中央区,building_guidance,2,既存の建築物に関する制度,https://www.city.chuo.lg.jp/machizukuri/kenchiku/kizon/index.html,まちづくり・環境,https://www.city.chuo.lg.jp/machizukuri/index.html,,23,関連確認,建築指導・建築確認
中央区,building_guidance,2,耐震に関する制度,https://www.city.chuo.lg.jp/machizukuri/kenchiku/taishin/index.html,まちづくり・環境,https://www.city.chuo.lg.jp/machizukuri/index.html,,23,関連確認,建築指導・建築確認
中央区,building_guidance,2,新築・増改築の事前手続き,https://www.city.chuo.lg.jp/machizukuri/kenchiku/kentikutetuzuki/index.html,まちづくり・環境,https://www.city.chuo.lg.jp/machizukuri/index.html,,13,参考,建築指導・建築確認
中央区,district_plan,2,都市計画情報等,https://www.city.chuo.lg.jp/machizukuri/toshikeikaku/jouhou/index.html,まちづくり・環境,https://www.city.chuo.lg.jp/machizukuri/index.html,,83,優先確認,都市計画・用途地域
中央区,district_plan,2,都市計画・まちづくり,https://www.city.chuo.lg.jp/machizukuri/toshikeikaku/index.html,まちづくり・環境,https://www.city.chuo.lg.jp/machizukuri/index.html,,43,優先確認,都市計画・用途地域
中央区,district_plan,2,景観,https://www.city.chuo.lg.jp/machizukuri/toshikeikaku/keikan/index.html,まちづくり・環境,https://www.city.chuo.lg.jp/machizukuri/index.html,,43,優先確認,都市計画・用途地域
中央区,district_plan,2,公告・縦覧,https://www.city.chuo.lg.jp/machizukuri/toshikeikaku/koukoku/index.html,まちづくり・環境,https://www.city.chuo.lg.jp/machizukuri/index.html,,43,優先確認,都市計画・用途地域
中央区,district_plan,2,中央区のまちづくり,https://www.city.chuo.lg.jp/machizukuri/toshikeikaku/machi/index.html,まちづくり・環境,https://www.city.chuo.lg.jp/machizukuri/index.html,,43,優先確認,都市計画・用途地域
中央区,district_plan,2,市街地再開発事業,https://www.city.chuo.lg.jp/machizukuri/toshikeikaku/shigaichi/index.html,まちづくり・環境,https://www.city.chuo.lg.jp/machizukuri/index.html,,43,優先確認,都市計画・用途地域
中央区,district_plan,2,都市の活性化に向けた取組,https://www.city.chuo.lg.jp/machizukuri/toshikeikaku/toshikasseika/index.html,まちづくり・環境,https://www.city.chuo.lg.jp/machizukuri/index.html,,43,優先確認,都市計画・用途地域
中央区,district_plan,2,都市再生特別措置法に基づく取組,https://www.city.chuo.lg.jp/machizukuri/toshikeikaku/toshisaisei/index.html,まちづくり・環境,https://www.city.chuo.lg.jp/machizukuri/index.html,,43,優先確認,都市計画・用途地域
中央区,district_plan,2,建築基準法の道路種別,https://www.city.chuo.lg.jp/a0043/machizukuri/kenchiku/user_kentiku_time_dourosyubetu.html,まちづくり・環境,https://www.city.chuo.lg.jp/machizukuri/index.html,,23,関連確認,都市計画・用途地域
中央区,road,2,建築基準法の道路種別,https://www.city.chuo.lg.jp/a0043/machizukuri/kenchiku/user_kentiku_time_dourosyubetu.html,まちづくり・環境,https://www.city.chuo.lg.jp/machizukuri/index.html,,63,優先確認,道路・接道確認
中央区,road,2,道路の管理,https://www.city.chuo.lg.jp/machizukuri/dourokyouryou/dourodaichou/index.html,まちづくり・環境,https://www.city.chuo.lg.jp/machizukuri/index.html,,23,関連確認,道路・接道確認
中央区,road,2,道路の整備,https://www.city.chuo.lg.jp/machizukuri/dourokyouryou/dourojigyou/index.html,まちづくり・環境,https://www.city.chuo.lg.jp/machizukuri/index.html,,23,関連確認,道路・接道確認
中央区,road,2,道路占用・承認工事,https://www.city.chuo.lg.jp/machizukuri/dourokyouryou/dourosenyou/index.html,まちづくり・環境,https://www.city.chuo.lg.jp/machizukuri/index.html,,23,関連確認,道路・接道確認
中央区,road,2,道路・橋りょう,https://www.city.chuo.lg.jp/machizukuri/dourokyouryou/index.html,まちづくり・環境,https://www.city.chuo.lg.jp/machizukuri/index.html,,23,関連確認,道路・接道確認
中央区,road,2,橋りょう,https://www.city.chuo.lg.jp/machizukuri/dourokyouryou/kyouryou/index.html,まちづくり・環境,https://www.city.chuo.lg.jp/machizukuri/index.html,,23,関連確認,道路・接道確認
中央区,road,3,工場・指定作業場関連,https://www.city.chuo.lg.jp/a0036/machizukuri/bika/kougai/koujyoshitei.html,環境,https://www.city.chuo.lg.jp/machizukuri/bika/index.html,,23,関連確認,道路・接道確認
中野区,building_guidance,2,多人数の居住実態がありながら防火関係規定などの建築基準法違反の疑いのある建築物（違法貸しルーム）に関する情報の受付窓口について,https://www.city.tokyo-nakano.lg.jp/machizukuri/kenchiku/taninzunokyojyu.html,まちづくり,https://www.city.tokyo-nakano.lg.jp/machizukuri/index.html,,63,優先確認,建築指導・建築確認
中野区,building_guidance,2,事業用建築物,https://www.city.tokyo-nakano.lg.jp/kurashi/gomi/syoten-jigyosyo/jigyoyokenchikubutsu.html,まちづくり,https://www.city.tokyo-nakano.lg.jp/machizukuri/index.html,,23,関連確認,建築指導・建築確認
中野区,building_guidance,2,安全安心な建物づくり,https://www.city.tokyo-nakano.lg.jp/machizukuri/kenchiku/anzenanshin-tatemono.html,まちづくり,https://www.city.tokyo-nakano.lg.jp/machizukuri/index.html,,23,関連確認,建築指導・建築確認
中野区,building_guidance,2,中野消防署と合同の繁華街査察を実施しました,https://www.city.tokyo-nakano.lg.jp/machizukuri/kenchiku/hannkagai-sasatu.html,まちづくり,https://www.city.tokyo-nakano.lg.jp/machizukuri/index.html,,23,関連確認,建築指導・建築確認
中野区,building_guidance,2,違反建築防止週間の実施について,https://www.city.tokyo-nakano.lg.jp/machizukuri/kenchiku/ihankenchikuboushisyuukan.html,まちづくり,https://www.city.tokyo-nakano.lg.jp/machizukuri/index.html,,23,関連確認,建築指導・建築確認
中野区,building_guidance,2,違反建築物に対する措置,https://www.city.tokyo-nakano.lg.jp/machizukuri/kenchiku/ihankenchikubutsu.html,まちづくり,https://www.city.tokyo-nakano.lg.jp/machizukuri/index.html,,23,関連確認,建築指導・建築確認
中野区,building_guidance,2,建築,https://www.city.tokyo-nakano.lg.jp/machizukuri/kenchiku/index.html,まちづくり,https://www.city.tokyo-nakano.lg.jp/machizukuri/index.html,,23,関連確認,建築指導・建築確認
中野区,building_guidance,2,狭あい道路の拡幅整備事業（2項道路等に面して建築するとき）,https://www.city.tokyo-nakano.lg.jp/machizukuri/kenchiku/kyoai.html,まちづくり,https://www.city.tokyo-nakano.lg.jp/machizukuri/index.html,,23,関連確認,建築指導・建築確認
中野区,building_guidance,2,埋蔵文化財包蔵地の確認,https://www.city.tokyo-nakano.lg.jp/machizukuri/kenchiku/maizobunkazaihozochi.html,まちづくり,https://www.city.tokyo-nakano.lg.jp/machizukuri/index.html,,23,関連確認,建築指導・建築確認
中野区,building_guidance,2,耐震・防災,https://www.city.tokyo-nakano.lg.jp/machizukuri/kenchiku/taishin/index.html,まちづくり,https://www.city.tokyo-nakano.lg.jp/machizukuri/index.html,,23,関連確認,建築指導・建築確認
中野区,building_guidance,2,羽田空港に係る建築物等の高さの制限について（航空法規定）,https://www.city.tokyo-nakano.lg.jp/machizukuri/kenchiku/takasanoseigen.html,まちづくり,https://www.city.tokyo-nakano.lg.jp/machizukuri/index.html,,23,関連確認,建築指導・建築確認
中野区,building_guidance,2,住居表示,https://www.city.tokyo-nakano.lg.jp/machizukuri/kenchiku/tetsuzuki/meisyou/jyutaku-hyouji.html,まちづくり,https://www.city.tokyo-nakano.lg.jp/machizukuri/index.html,,23,関連確認,建築指導・建築確認
中野区,building_guidance,2,雑居ビル等に関する安全対策,https://www.city.tokyo-nakano.lg.jp/machizukuri/kenchiku/zakkyobiru.html,まちづくり,https://www.city.tokyo-nakano.lg.jp/machizukuri/index.html,,23,関連確認,建築指導・建築確認
中野区,building_guidance,3,メニューを飛ばして本文へ,https://www.city.tokyo-nakano.lg.jp/machizukuri/machizukuri/kenchikuhi-jyosei/index.html#CONT,建築費等一部助成について,https://www.city.tokyo-nakano.lg.jp/machizukuri/machizukuri/kenchikuhi-jyosei/index.html,,23,関連確認,建築指導・建築確認
中野区,building_guidance,3,,https://www.city.tokyo-nakano.lg.jp/machizukuri/machizukuri/kenchikuhi-jyosei/index.html#PTOP,建築費等一部助成について,https://www.city.tokyo-nakano.lg.jp/machizukuri/machizukuri/kenchikuhi-jyosei/index.html,,23,関連確認,建築指導・建築確認
中野区,building_guidance,3,都心共同住宅供給事業・優良建築物等整備事業,https://www.city.tokyo-nakano.lg.jp/machizukuri/machizukuri/kenchikuhi-jyosei/kenchikuhi-jyosei.html,建築費等一部助成について,https://www.city.tokyo-nakano.lg.jp/machizukuri/machizukuri/kenchikuhi-jyosei/index.html,,23,関連確認,建築指導・建築確認
中野区,building_guidance,3,木造密集地域整備促進事業,https://www.city.tokyo-nakano.lg.jp/machizukuri/machizukuri/kenchikuhi-jyosei/mokuzomissyuchiki.html,建築費等一部助成について,https://www.city.tokyo-nakano.lg.jp/machizukuri/machizukuri/kenchikuhi-jyosei/index.html,,23,関連確認,建築指導・建築確認
中野区,building_guidance,2,建築に関する手続き等,https://www.city.tokyo-nakano.lg.jp/machizukuri/kenchiku/tetsuzuki/index.html,まちづくり,https://www.city.tokyo-nakano.lg.jp/machizukuri/index.html,,13,参考,建築指導・建築確認
中野区,district_plan,2,用途地域,https://www.city.tokyo-nakano.lg.jp/machizukuri/toshi/youtochiki/index.html,まちづくり,https://www.city.tokyo-nakano.lg.jp/machizukuri/index.html,,63,優先確認,都市計画・用途地域
中野区,district_plan,2,高度地区および最低限高度地区7mについて,https://www.city.tokyo-nakano.lg.jp/machizukuri/toshi/kodochiku.html,まちづくり,https://www.city.tokyo-nakano.lg.jp/machizukuri/index.html,,43,優先確認,都市計画・用途地域
中野区,district_plan,2,都市計画制度,https://www.city.tokyo-nakano.lg.jp/machizukuri/toshi/toshikeikaku/index.html,まちづくり,https://www.city.tokyo-nakano.lg.jp/machizukuri/index.html,,43,優先確認,都市計画・用途地域
中野区,district_plan,2,建築物を建築する場合の都市計画法第54条の許可基準について,https://www.city.tokyo-nakano.lg.jp/machizukuri/toshi/toshikeikakuho54jyo.html,まちづくり,https://www.city.tokyo-nakano.lg.jp/machizukuri/index.html,,43,優先確認,都市計画・用途地域
中野区,district_plan,3,中野区の市街地再開発事業各地区の紹介,https://www.city.tokyo-nakano.lg.jp/kusei/kousou/seido/toshikeikaku/shigaichisaikaihatsu/kakuchiku-syokai.html,まちづくり,https://www.city.tokyo-nakano.lg.jp/machizukuri/machizukuri/index.html,,43,優先確認,都市計画・用途地域
中野区,district_plan,3,東京都市計画道路区画街路中野区画街路第3号線について,https://www.city.tokyo-nakano.lg.jp/machizukuri/machizukuri/seibushinjyukusen/araiyakushichiku/tokyotoshikeikaku.html,上高田一・二丁目及び三丁目周辺地区防災まちづくり,https://www.city.tokyo-nakano.lg.jp/machizukuri/machizukuri/seibushinjyukusen/araiyakushichiku/kamitakadabousai.html,,43,優先確認,都市計画・用途地域
中野区,district_plan,3,西武新宿線沿線まちづくりに係る都市計画決定について,https://www.city.tokyo-nakano.lg.jp/machizukuri/machizukuri/seibushinjyukusen/toshikeikakukettei.html,西武新宿線沿線まちづくり,https://www.city.tokyo-nakano.lg.jp/machizukuri/machizukuri/seibushinjyukusen/index.html,,43,優先確認,都市計画・用途地域
中野区,district_plan,3,中野区都市計画マスタープラン,https://www.city.tokyo-nakano.lg.jp/machizukuri/toshi/toshikeikaku/masterplan/masterplan-kaitei.html,若宮地区の防災まちづくり,https://www.city.tokyo-nakano.lg.jp/machizukuri/machizukuri/wakamiya-bosai.html,,43,優先確認,都市計画・用途地域
中野区,district_plan,3,"都市防災不燃化促進事業パンフレット（PDF形式：16,836KB）",https://www.city.tokyo-nakano.lg.jp/machizukuri/machizukuri/toshibosaifunenka.files/pamph.pdf,都市防災不燃化促進事業（不燃化促進区域内で耐火建築物を建築する方、建築物を除却する方へ）,https://www.city.tokyo-nakano.lg.jp/machizukuri/machizukuri/toshibosaifunenka.html,,28,関連確認,都市計画・用途地域
中野区,district_plan,2,多人数の居住実態がありながら防火関係規定などの建築基準法違反の疑いのある建築物（違法貸しルーム）に関する情報の受付窓口について,https://www.city.tokyo-nakano.lg.jp/machizukuri/kenchiku/taninzunokyojyu.html,まちづくり,https://www.city.tokyo-nakano.lg.jp/machizukuri/index.html,,23,関連確認,都市計画・用途地域
中野区,district_plan,2,地区計画によるまちづくり,https://www.city.tokyo-nakano.lg.jp/machizukuri/machizukuri/chikukeikaku/index.html,まちづくり,https://www.city.tokyo-nakano.lg.jp/machizukuri/index.html,,23,関連確認,都市計画・用途地域
中野区,district_plan,2,都市防災不燃化促進事業（不燃化促進区域内で耐火建築物を建築する方、建築物を除却する方へ）,https://www.city.tokyo-nakano.lg.jp/machizukuri/machizukuri/toshibosaifunenka.html,まちづくり,https://www.city.tokyo-nakano.lg.jp/machizukuri/index.html,,23,関連確認,都市計画・用途地域
中野区,district_plan,2,盛土規制法に基づく規制,https://www.city.tokyo-nakano.lg.jp/machizukuri/toshi/0234499820231018091334101.html,まちづくり,https://www.city.tokyo-nakano.lg.jp/machizukuri/index.html,,23,関連確認,都市計画・用途地域
中野区,district_plan,2,建築物の建築に関わる参考データ集,https://www.city.tokyo-nakano.lg.jp/machizukuri/toshi/0234499820240321140317259.html,まちづくり,https://www.city.tokyo-nakano.lg.jp/machizukuri/index.html,,23,関連確認,都市計画・用途地域
中野区,district_plan,2,歩きたくなるまちづくり,https://www.city.tokyo-nakano.lg.jp/machizukuri/toshi/arukitakunarumatidukuri.html,まちづくり,https://www.city.tokyo-nakano.lg.jp/machizukuri/index.html,,23,関連確認,都市計画・用途地域
中野区,district_plan,2,バリアフリー基本構想,https://www.city.tokyo-nakano.lg.jp/machizukuri/toshi/barrierfreekisokoso/index.html,まちづくり,https://www.city.tokyo-nakano.lg.jp/machizukuri/index.html,,23,関連確認,都市計画・用途地域
中野区,district_plan,2,中野区ベンチ等設置補助について,https://www.city.tokyo-nakano.lg.jp/machizukuri/toshi/bentisettihozyo.html,まちづくり,https://www.city.tokyo-nakano.lg.jp/machizukuri/index.html,,23,関連確認,都市計画・用途地域
中野区,district_plan,2,都市計画,https://www.city.tokyo-nakano.lg.jp/machizukuri/toshi/index.html,まちづくり,https://www.city.tokyo-nakano.lg.jp/machizukuri/index.html,,23,関連確認,都市計画・用途地域
中野区,district_plan,2,都市計画、都市再開発、土地区画整理などに係る図書の公告、縦覧の一覧,https://www.city.tokyo-nakano.lg.jp/machizukuri/toshi/jyuranichiran/index.html,まちづくり,https://www.city.tokyo-nakano.lg.jp/machizukuri/index.html,,23,関連確認,都市計画・用途地域
中野区,district_plan,2,開発許可制度（都市計画法第29条関係）,https://www.city.tokyo-nakano.lg.jp/machizukuri/toshi/kaihatsukyoka.html,まちづくり,https://www.city.tokyo-nakano.lg.jp/machizukuri/index.html,,23,関連確認,都市計画・用途地域
中野区,district_plan,2,中野区景観方針,https://www.city.tokyo-nakano.lg.jp/machizukuri/toshi/nakanokukeikanhoshin/index.html,まちづくり,https://www.city.tokyo-nakano.lg.jp/machizukuri/index.html,,23,関連確認,都市計画・用途地域
中野区,district_plan,2,土地の取引と標準価格に関すること,https://www.city.tokyo-nakano.lg.jp/machizukuri/toshi/tochi-torihiki/index.html,まちづくり,https://www.city.tokyo-nakano.lg.jp/machizukuri/index.html,,23,関連確認,都市計画・用途地域
中野区,district_plan,3,防災街区整備地区計画の区域内における行為の変更届け出書,https://www.city.tokyo-nakano.lg.jp/kurashi/denshishinsei/machidukuri/machidukuri/bosaigaiku-henko.html,まちづくり,https://www.city.tokyo-nakano.lg.jp/machizukuri/machizukuri/index.html,,23,関連確認,都市計画・用途地域
中野区,district_plan,3,防災街区整備地区計画の区域内における行為の届け出書,https://www.city.tokyo-nakano.lg.jp/kurashi/denshishinsei/machidukuri/machidukuri/bosaigaiku.html,まちづくり,https://www.city.tokyo-nakano.lg.jp/machizukuri/machizukuri/index.html,,23,関連確認,都市計画・用途地域
中野区,district_plan,3,地区計画の区域内における行為の届け出書,https://www.city.tokyo-nakano.lg.jp/kurashi/denshishinsei/machidukuri/machidukuri/chikukeikaku.html,地区計画によるまちづくり,https://www.city.tokyo-nakano.lg.jp/machizukuri/machizukuri/chikukeikaku/index.html,,23,関連確認,都市計画・用途地域
中野区,district_plan,3,中野区都市計画マスタープラン,https://www.city.tokyo-nakano.lg.jp/kusei/kousou/bunyabetsu/machizukuri/toshimasterplan.html,都市防災不燃化促進事業（不燃化促進区域内で耐火建築物を建築する方、建築物を除却する方へ）,https://www.city.tokyo-nakano.lg.jp/machizukuri/machizukuri/toshibosaifunenka.html,,23,関連確認,都市計画・用途地域
中野区,district_plan,3,UR都市機構との大和町地区における防災まちづくりの推進に関する基本協定を締結しました,https://www.city.tokyo-nakano.lg.jp/kusei/kousou/seido/daigakuminkanrenkei/urtoshikiko-yamato.html,大和町地域のまちづくり,https://www.city.tokyo-nakano.lg.jp/machizukuri/machizukuri/yamatocyo/index.html,,23,関連確認,都市計画・用途地域
中野区,district_plan,3,地区計画によるまちづくり,https://www.city.tokyo-nakano.lg.jp/machizukuri/machizukuri/chikukeikaku/chikukeikaku.html,都市防災不燃化促進事業（不燃化促進区域内で耐火建築物を建築する方、建築物を除却する方へ）,https://www.city.tokyo-nakano.lg.jp/machizukuri/machizukuri/toshibosaifunenka.html,,23,関連確認,都市計画・用途地域
中野区,district_plan,3,平和の森公園周辺地区地区計画,https://www.city.tokyo-nakano.lg.jp/machizukuri/machizukuri/chikukeikaku/heiwanomorikoen1.html,地区計画によるまちづくり,https://www.city.tokyo-nakano.lg.jp/machizukuri/machizukuri/chikukeikaku/index.html,,23,関連確認,都市計画・用途地域
中野区,district_plan,3,上高田四丁目17番～19番地区地区計画及び関連都市計画の決定について,https://www.city.tokyo-nakano.lg.jp/machizukuri/machizukuri/chikukeikaku/kamitakada-keikaku.html,地区計画によるまちづくり,https://www.city.tokyo-nakano.lg.jp/machizukuri/machizukuri/chikukeikaku/index.html,,23,関連確認,都市計画・用途地域
中野区,district_plan,3,南台一・二丁目地区防災街区整備地区計画,https://www.city.tokyo-nakano.lg.jp/machizukuri/machizukuri/chikukeikaku/minamidai1-2.html,地区計画によるまちづくり,https://www.city.tokyo-nakano.lg.jp/machizukuri/machizukuri/chikukeikaku/index.html,,23,関連確認,都市計画・用途地域
中野区,district_plan,3,南台四丁目地区地区計画,https://www.city.tokyo-nakano.lg.jp/machizukuri/machizukuri/chikukeikaku/minamidai4.html,地区計画によるまちづくり,https://www.city.tokyo-nakano.lg.jp/machizukuri/machizukuri/chikukeikaku/index.html,,23,関連確認,都市計画・用途地域
中野区,district_plan,3,中野四丁目地区地区計画,https://www.city.tokyo-nakano.lg.jp/machizukuri/machizukuri/chikukeikaku/nakano4.html,地区計画によるまちづくり,https://www.city.tokyo-nakano.lg.jp/machizukuri/machizukuri/chikukeikaku/index.html,,23,関連確認,都市計画・用途地域
中野区,district_plan,3,中野区環七沿道地区地区計画,https://www.city.tokyo-nakano.lg.jp/machizukuri/machizukuri/chikukeikaku/nakanokukannana.html,地区計画によるまちづくり,https://www.city.tokyo-nakano.lg.jp/machizukuri/machizukuri/chikukeikaku/index.html,,23,関連確認,都市計画・用途地域
中野区,district_plan,3,中野坂上地区地区計画,https://www.city.tokyo-nakano.lg.jp/machizukuri/machizukuri/chikukeikaku/nakanosakaue.html,地区計画によるまちづくり,https://www.city.tokyo-nakano.lg.jp/machizukuri/machizukuri/chikukeikaku/index.html,,23,関連確認,都市計画・用途地域
中野区,district_plan,3,沼袋区画街路第4号線沿道地区地区計画,https://www.city.tokyo-nakano.lg.jp/machizukuri/machizukuri/chikukeikaku/numabukuro-gairo4.html,地区計画によるまちづくり,https://www.city.tokyo-nakano.lg.jp/machizukuri/machizukuri/chikukeikaku/index.html,,23,関連確認,都市計画・用途地域
中野区,district_plan,3,白鷺二・三丁目地区地区計画,https://www.city.tokyo-nakano.lg.jp/machizukuri/machizukuri/chikukeikaku/shirasagi2-3chome.html,地区計画によるまちづくり,https://www.city.tokyo-nakano.lg.jp/machizukuri/machizukuri/chikukeikaku/index.html,,23,関連確認,都市計画・用途地域
中野区,district_plan,3,地区計画にともなう届け出制度,https://www.city.tokyo-nakano.lg.jp/machizukuri/machizukuri/chikukeikaku/todokede/index.html,地区計画によるまちづくり,https://www.city.tokyo-nakano.lg.jp/machizukuri/machizukuri/chikukeikaku/index.html,,23,関連確認,都市計画・用途地域
中野区,district_plan,3,大和町中央通り沿道地区地区計画,https://www.city.tokyo-nakano.lg.jp/machizukuri/machizukuri/chikukeikaku/yamatocyocyuodori.html,大和町地域のまちづくり,https://www.city.tokyo-nakano.lg.jp/machizukuri/machizukuri/yamatocyo/index.html,,23,関連確認,都市計画・用途地域
中野区,district_plan,3,弥生町三丁目周辺地区地区計画,https://www.city.tokyo-nakano.lg.jp/machizukuri/machizukuri/chikukeikaku/yayoicyo3.html,地区計画によるまちづくり,https://www.city.tokyo-nakano.lg.jp/machizukuri/machizukuri/chikukeikaku/index.html,,23,関連確認,都市計画・用途地域
中野区,district_plan,3,メニューを飛ばして本文へ,https://www.city.tokyo-nakano.lg.jp/machizukuri/machizukuri/toshibosaifunenka.html#CONT,都市防災不燃化促進事業（不燃化促進区域内で耐火建築物を建築する方、建築物を除却する方へ）,https://www.city.tokyo-nakano.lg.jp/machizukuri/machizukuri/toshibosaifunenka.html,,23,関連確認,都市計画・用途地域
中野区,district_plan,3,,https://www.city.tokyo-nakano.lg.jp/machizukuri/machizukuri/toshibosaifunenka.html#PTOP,都市防災不燃化促進事業（不燃化促進区域内で耐火建築物を建築する方、建築物を除却する方へ）,https://www.city.tokyo-nakano.lg.jp/machizukuri/machizukuri/toshibosaifunenka.html,,23,関連確認,都市計画・用途地域
中野区,district_plan,3,申込み方法,https://www.city.tokyo-nakano.lg.jp/machizukuri/machizukuri/toshibosaifunenka.html#moushikomi,都市防災不燃化促進事業（不燃化促進区域内で耐火建築物を建築する方、建築物を除却する方へ）,https://www.city.tokyo-nakano.lg.jp/machizukuri/machizukuri/toshibosaifunenka.html,,23,関連確認,都市計画・用途地域
中野区,district_plan,3,お問合せ先,https://www.city.tokyo-nakano.lg.jp/machizukuri/machizukuri/toshibosaifunenka.html#toiawase,都市防災不燃化促進事業（不燃化促進区域内で耐火建築物を建築する方、建築物を除却する方へ）,https://www.city.tokyo-nakano.lg.jp/machizukuri/machizukuri/toshibosaifunenka.html,,23,関連確認,都市計画・用途地域
中野区,district_plan,3,UR都市機構との防災まちづくり等に係る協定締結について,https://www.city.tokyo-nakano.lg.jp/machizukuri/machizukuri/yayoicyo/urtoshikiko.html,弥生町地域のまちづくり,https://www.city.tokyo-nakano.lg.jp/machizukuri/machizukuri/yayoicyo/index.html,,23,関連確認,都市計画・用途地域
中野区,hazard,2,中野区ハザードマップ,https://www.city.tokyo-nakano.lg.jp/bosai/hazardmap/hazardmap.html,防災・安全情報,https://www.city.tokyo-nakano.lg.jp/bosai/index.html,,66,優先確認,ハザード・災害リスク
中野区,hazard,2,ハザードマップ,https://www.city.tokyo-nakano.lg.jp/bosai/hazardmap/index.html,防災・安全情報,https://www.city.tokyo-nakano.lg.jp/bosai/index.html,,66,優先確認,ハザード・災害リスク
中野区,road,2,道路の愛称,https://www.city.tokyo-nakano.lg.jp/machizukuri/douro/doro-aisyo.html,まちづくり,https://www.city.tokyo-nakano.lg.jp/machizukuri/index.html,,43,優先確認,道路・接道確認
中野区,road,2,公共基準点について,https://www.city.tokyo-nakano.lg.jp/machizukuri/douro/doro18.html,まちづくり,https://www.city.tokyo-nakano.lg.jp/machizukuri/index.html,,43,優先確認,道路・接道確認
中野区,road,2,道路管理課・道路建設課窓口案内,https://www.city.tokyo-nakano.lg.jp/machizukuri/douro/dorokamadoguchi.html,まちづくり,https://www.city.tokyo-nakano.lg.jp/machizukuri/index.html,,43,優先確認,道路・接道確認
中野区,road,2,狭あい道路の拡幅整備事業（2項道路等に面して建築するとき）,https://www.city.tokyo-nakano.lg.jp/machizukuri/kenchiku/kyoai.html,まちづくり,https://www.city.tokyo-nakano.lg.jp/machizukuri/index.html,,43,優先確認,道路・接道確認
中野区,road,2,安心して歩ける安全な道路環境をつくりましょう,https://www.city.tokyo-nakano.lg.jp/machizukuri/douro/anshinshitearukeru.html,まちづくり,https://www.city.tokyo-nakano.lg.jp/machizukuri/index.html,,23,関連確認,道路・接道確認
中野区,road,2,公共の場所での「歩きたばこ」はやめましょう！　中野駅周辺は路上喫煙禁止地区です。,https://www.city.tokyo-nakano.lg.jp/machizukuri/douro/arukitabako.html,まちづくり,https://www.city.tokyo-nakano.lg.jp/machizukuri/index.html,,23,関連確認,道路・接道確認
中野区,road,2,道路法第37条に基づく電柱等の新設禁止について,https://www.city.tokyo-nakano.lg.jp/machizukuri/douro/dai37.html,まちづくり,https://www.city.tokyo-nakano.lg.jp/machizukuri/index.html,,23,関連確認,道路・接道確認
中野区,road,2,補修・修繕・工事,https://www.city.tokyo-nakano.lg.jp/machizukuri/douro/hosyu/index.html,まちづくり,https://www.city.tokyo-nakano.lg.jp/machizukuri/index.html,,23,関連確認,道路・接道確認
中野区,road,2,道路・河川,https://www.city.tokyo-nakano.lg.jp/machizukuri/douro/index.html,まちづくり,https://www.city.tokyo-nakano.lg.jp/machizukuri/index.html,,23,関連確認,道路・接道確認
中野区,road,2,河川,https://www.city.tokyo-nakano.lg.jp/machizukuri/douro/kasen/index.html,まちづくり,https://www.city.tokyo-nakano.lg.jp/machizukuri/index.html,,23,関連確認,道路・接道確認
中野区,road,2,中野駅周辺の喫煙所について,https://www.city.tokyo-nakano.lg.jp/machizukuri/douro/kitsuenjyo.html,まちづくり,https://www.city.tokyo-nakano.lg.jp/machizukuri/index.html,,23,関連確認,道路・接道確認
中野区,road,2,道路の愛称名は、『中野四季の森通り』に決定しました！,https://www.city.tokyo-nakano.lg.jp/machizukuri/douro/kudouaisyou.html,まちづくり,https://www.city.tokyo-nakano.lg.jp/machizukuri/index.html,,23,関連確認,道路・接道確認
中野区,road,2,道路管理課・道路建設課の窓口混雑予想について,https://www.city.tokyo-nakano.lg.jp/machizukuri/douro/madoguchikonzatsu.html,まちづくり,https://www.city.tokyo-nakano.lg.jp/machizukuri/index.html,,23,関連確認,道路・接道確認
中野区,road,2,点検結果,https://www.city.tokyo-nakano.lg.jp/machizukuri/douro/tenkenkekka/index.html,まちづくり,https://www.city.tokyo-nakano.lg.jp/machizukuri/index.html,,23,関連確認,道路・接道確認
中野区,road,3,メニューを飛ばして本文へ,https://www.city.tokyo-nakano.lg.jp/machizukuri/douro/kitsuenjo-kouji.html#CONT,中野駅北口東西連絡路下喫煙所の一時利用停止のお知らせ,https://www.city.tokyo-nakano.lg.jp/machizukuri/douro/kitsuenjo-kouji.html,,23,関連確認,道路・接道確認
中野区,road,3,,https://www.city.tokyo-nakano.lg.jp/machizukuri/douro/kitsuenjo-kouji.html#PTOP,中野駅北口東西連絡路下喫煙所の一時利用停止のお知らせ,https://www.city.tokyo-nakano.lg.jp/machizukuri/douro/kitsuenjo-kouji.html,,23,関連確認,道路・接道確認
中野区,road,3,避難道路6号が開通しました！（弥生町三丁目）,https://www.city.tokyo-nakano.lg.jp/machizukuri/machizukuri/oshirase/hinandoro6gou.html,まちづくりに関するお知らせ,https://www.city.tokyo-nakano.lg.jp/machizukuri/machizukuri/oshirase/index.html,,23,関連確認,道路・接道確認
中野区,road,2,相談・お問い合わせ,https://www.city.tokyo-nakano.lg.jp/machizukuri/douro/otoiawase/index.html,まちづくり,https://www.city.tokyo-nakano.lg.jp/machizukuri/index.html,,13,参考,道路・接道確認
中野区,road,2,申請,https://www.city.tokyo-nakano.lg.jp/machizukuri/douro/shinsei/index.html,まちづくり,https://www.city.tokyo-nakano.lg.jp/machizukuri/index.html,,13,参考,道路・接道確認
中野区,road,3,地区施設道路（拡幅予定道路）部分を所有されている方へ,https://www.city.tokyo-nakano.lg.jp/machizukuri/machizukuri/chikukeikaku/chikushisetsudoro/index.html,地区計画によるまちづくり,https://www.city.tokyo-nakano.lg.jp/machizukuri/machizukuri/chikukeikaku/index.html,,13,参考,道路・接道確認
北区,road,1,道路・橋梁,https://www.city.kita.tokyo.jp/dev-environment/roads/index.html,公式トップ,https://www.city.kita.tokyo.jp/,,20,関連確認,道路・接道確認
台東区,building_guidance,2,このページの本文へ移動,https://www.city.taito.lg.jp/kenchiku/machibika/kosyu/webmap.html#CONT,公衆喫煙所ウェブマップ,https://www.city.taito.lg.jp/kenchiku/machibika/kosyu/webmap.html,,31,関連確認,建築指導・建築確認
台東区,building_guidance,2,,https://www.city.taito.lg.jp/kenchiku/machibika/kosyu/webmap.html#PTOP,公衆喫煙所ウェブマップ,https://www.city.taito.lg.jp/kenchiku/machibika/kosyu/webmap.html,,31,関連確認,建築指導・建築確認
台東区,building_guidance,1,公衆喫煙所ウェブマップ,https://www.city.taito.lg.jp/kenchiku/machibika/kosyu/webmap.html,公式トップ,https://www.city.taito.lg.jp/,,28,関連確認,建築指導・建築確認
台東区,building_guidance,2,"北めぐりん（浅草回り）臨時時刻表【5月16・17日】（PDF：1,512KB）",https://www.city.taito.lg.jp/kenchiku/kotsu/megurin/ukai/2025sanjaukai.files/kita-daiya.pdf,三社祭、小野照崎神社大祭、吉原神社例大祭に伴うめぐりんの迂回運行のお知らせ（5月16日及び17日）,https://www.city.taito.lg.jp/kenchiku/kotsu/megurin/ukai/2025sanjaukai.html,,28,関連確認,建築指導・建築確認
台東区,building_guidance,2,"南めぐりん臨時時刻表【5月16日・17日】（PDF：1,357KB）",https://www.city.taito.lg.jp/kenchiku/kotsu/megurin/ukai/2025sanjaukai.files/minami-daiya.pdf,三社祭、小野照崎神社大祭、吉原神社例大祭に伴うめぐりんの迂回運行のお知らせ（5月16日及び17日）,https://www.city.taito.lg.jp/kenchiku/kotsu/megurin/ukai/2025sanjaukai.html,,28,関連確認,建築指導・建築確認
台東区,building_guidance,2,"東西めぐりん臨時時刻表【5月16・17日】（PDF：1,124KB）",https://www.city.taito.lg.jp/kenchiku/kotsu/megurin/ukai/2025sanjaukai.files/tozai-daiya.pdf,三社祭、小野照崎神社大祭、吉原神社例大祭に伴うめぐりんの迂回運行のお知らせ（5月16日及び17日）,https://www.city.taito.lg.jp/kenchiku/kotsu/megurin/ukai/2025sanjaukai.html,,28,関連確認,建築指導・建築確認
台東区,building_guidance,2,道路の管理,https://www.city.taito.lg.jp/kenchiku/doro2/doro/index.html,,https://www.city.taito.lg.jp/kenchiku/index.html,,23,関連確認,建築指導・建築確認
台東区,building_guidance,2,道路工事,https://www.city.taito.lg.jp/kenchiku/doro2/doroijihoshu/index.html,,https://www.city.taito.lg.jp/kenchiku/index.html,,23,関連確認,建築指導・建築確認
台東区,building_guidance,2,標準構造図集,https://www.city.taito.lg.jp/kenchiku/doro2/hyoujunkouzouzu/index.html,,https://www.city.taito.lg.jp/kenchiku/index.html,,23,関連確認,建築指導・建築確認
台東区,building_guidance,2,道路,https://www.city.taito.lg.jp/kenchiku/doro2/index.html,,https://www.city.taito.lg.jp/kenchiku/index.html,,23,関連確認,建築指導・建築確認
台東区,building_guidance,2,道路に関する計画,https://www.city.taito.lg.jp/kenchiku/doro2/keikaku/index.html,,https://www.city.taito.lg.jp/kenchiku/index.html,,23,関連確認,建築指導・建築確認
台東区,building_guidance,2,無電柱化の推進,https://www.city.taito.lg.jp/kenchiku/doro2/mudentyuu/index.html,,https://www.city.taito.lg.jp/kenchiku/index.html,,23,関連確認,建築指導・建築確認
台東区,building_guidance,2,防災船着き場,https://www.city.taito.lg.jp/kenchiku/funatukiba/bosaihunatsukiba/index.html,,https://www.city.taito.lg.jp/kenchiku/index.html,,23,関連確認,建築指導・建築確認
台東区,building_guidance,2,船着き場,https://www.city.taito.lg.jp/kenchiku/funatukiba/index.html,,https://www.city.taito.lg.jp/kenchiku/index.html,,23,関連確認,建築指導・建築確認
台東区,building_guidance,2,道路のみどり,https://www.city.taito.lg.jp/kenchiku/hanamidori/doronomidori/index.html,,https://www.city.taito.lg.jp/kenchiku/index.html,,23,関連確認,建築指導・建築確認
台東区,building_guidance,2,花の心プロジェクト,https://www.city.taito.lg.jp/kenchiku/hanamidori/hananokokoro/index.html,,https://www.city.taito.lg.jp/kenchiku/index.html,,23,関連確認,建築指導・建築確認
台東区,building_guidance,2,花とみどり,https://www.city.taito.lg.jp/kenchiku/hanamidori/index.html,,https://www.city.taito.lg.jp/kenchiku/index.html,,23,関連確認,建築指導・建築確認
台東区,building_guidance,2,花とみどりに関する計画・方針,https://www.city.taito.lg.jp/kenchiku/hanamidori/keikaku/index.html,,https://www.city.taito.lg.jp/kenchiku/index.html,,23,関連確認,建築指導・建築確認
台東区,building_guidance,2,台東区の公園,https://www.city.taito.lg.jp/kenchiku/hanamidori/koen/index.html,,https://www.city.taito.lg.jp/kenchiku/index.html,,23,関連確認,建築指導・建築確認
台東区,building_guidance,2,本庁舎屋上モデルガーデンの出展企業を募集しています,https://www.city.taito.lg.jp/kenchiku/hanamidori/ryokukasuishin/03420130111111623073.html,あさがお展示会・あさがおコンテストを開催します,https://www.city.taito.lg.jp/kenchiku/hanamidori/ryokukasuishin/r5asagaotenji.html,,23,関連確認,建築指導・建築確認
台東区,building_guidance,2,花とみどりの園芸講習会「あさがお講習会」（全4講座）,https://www.city.taito.lg.jp/kenchiku/hanamidori/ryokukasuishin/asagaokoshu.html,あさがお展示会・あさがおコンテストを開催します,https://www.city.taito.lg.jp/kenchiku/hanamidori/ryokukasuishin/r5asagaotenji.html,,23,関連確認,建築指導・建築確認
台東区,building_guidance,2,区の花「あさがお」の育て方,https://www.city.taito.lg.jp/kenchiku/hanamidori/ryokukasuishin/asagaonosodatekata.html,あさがお展示会・あさがおコンテストを開催します,https://www.city.taito.lg.jp/kenchiku/hanamidori/ryokukasuishin/r5asagaotenji.html,,23,関連確認,建築指導・建築確認
台東区,building_guidance,2,令和7年度花とみどりのコンテスト受賞者決定,https://www.city.taito.lg.jp/kenchiku/hanamidori/ryokukasuishin/contest.html,あさがお展示会・あさがおコンテストを開催します,https://www.city.taito.lg.jp/kenchiku/hanamidori/ryokukasuishin/r5asagaotenji.html,,23,関連確認,建築指導・建築確認
台東区,building_guidance,2,グリーン・リーダー 令和8年度以前の活動について,https://www.city.taito.lg.jp/kenchiku/hanamidori/ryokukasuishin/green-leader.html,あさがお展示会・あさがおコンテストを開催します,https://www.city.taito.lg.jp/kenchiku/hanamidori/ryokukasuishin/r5asagaotenji.html,,23,関連確認,建築指導・建築確認
台東区,building_guidance,2,保護樹木制度,https://www.city.taito.lg.jp/kenchiku/hanamidori/ryokukasuishin/hogojumoku-seido.html,あさがお展示会・あさがおコンテストを開催します,https://www.city.taito.lg.jp/kenchiku/hanamidori/ryokukasuishin/r5asagaotenji.html,,23,関連確認,建築指導・建築確認
台東区,building_guidance,2,台東区庁舎屋上ガーデン・壁面緑化モデル,https://www.city.taito.lg.jp/kenchiku/hanamidori/ryokukasuishin/ikoino-garden.html,あさがお展示会・あさがおコンテストを開催します,https://www.city.taito.lg.jp/kenchiku/hanamidori/ryokukasuishin/r5asagaotenji.html,,23,関連確認,建築指導・建築確認
台東区,building_guidance,2,緑化推進,https://www.city.taito.lg.jp/kenchiku/hanamidori/ryokukasuishin/index.html,,https://www.city.taito.lg.jp/kenchiku/index.html,,23,関連確認,建築指導・建築確認
台東区,building_guidance,2,園芸講習会～野菜や花を育てる～「コンテナガーデンを楽しもう」,https://www.city.taito.lg.jp/kenchiku/hanamidori/ryokukasuishin/kontenagarden.html,あさがお展示会・あさがおコンテストを開催します,https://www.city.taito.lg.jp/kenchiku/hanamidori/ryokukasuishin/r5asagaotenji.html,,23,関連確認,建築指導・建築確認
台東区,building_guidance,2,このページの本文へ移動,https://www.city.taito.lg.jp/kenchiku/hanamidori/ryokukasuishin/r5asagaotenji.html#CONT,あさがお展示会・あさがおコンテストを開催します,https://www.city.taito.lg.jp/kenchiku/hanamidori/ryokukasuishin/r5asagaotenji.html,,23,関連確認,建築指導・建築確認
台東区,building_guidance,2,,https://www.city.taito.lg.jp/kenchiku/hanamidori/ryokukasuishin/r5asagaotenji.html#PTOP,あさがお展示会・あさがおコンテストを開催します,https://www.city.taito.lg.jp/kenchiku/hanamidori/ryokukasuishin/r5asagaotenji.html,,23,関連確認,建築指導・建築確認
台東区,building_guidance,2,このページの本文へ移動,https://www.city.taito.lg.jp/kenchiku/hanamidori/ryokukasuishin/reiwa8.html#CONT,グリーン・リーダー「今年度の主な活動」を更新しました,https://www.city.taito.lg.jp/kenchiku/hanamidori/ryokukasuishin/reiwa8.html,,23,関連確認,建築指導・建築確認
台東区,building_guidance,2,,https://www.city.taito.lg.jp/kenchiku/hanamidori/ryokukasuishin/reiwa8.html#PTOP,グリーン・リーダー「今年度の主な活動」を更新しました,https://www.city.taito.lg.jp/kenchiku/hanamidori/ryokukasuishin/reiwa8.html,,23,関連確認,建築指導・建築確認
台東区,building_guidance,2,このページの本文へ移動,https://www.city.taito.lg.jp/kenchiku/index.html#CONT,,https://www.city.taito.lg.jp/kenchiku/index.html,,23,関連確認,建築指導・建築確認
台東区,building_guidance,2,,https://www.city.taito.lg.jp/kenchiku/index.html#PTOP,,https://www.city.taito.lg.jp/kenchiku/index.html,,23,関連確認,建築指導・建築確認
台東区,building_guidance,2,10月から放置自転車対策の強化と自転車駐車場をより利用しやすくします,https://www.city.taito.lg.jp/kenchiku/jitensha/20250905.html,,https://www.city.taito.lg.jp/kenchiku/index.html,,23,関連確認,建築指導・建築確認
台東区,building_guidance,2,放置自転車対策,https://www.city.taito.lg.jp/kenchiku/jitensha/hochijitensha/index.html,,https://www.city.taito.lg.jp/kenchiku/index.html,,23,関連確認,建築指導・建築確認
台東区,building_guidance,2,自転車対策,https://www.city.taito.lg.jp/kenchiku/jitensha/index.html,,https://www.city.taito.lg.jp/kenchiku/index.html,,23,関連確認,建築指導・建築確認
台東区,building_guidance,2,駐輪場,https://www.city.taito.lg.jp/kenchiku/jitensha/parking/index.html,,https://www.city.taito.lg.jp/kenchiku/index.html,,23,関連確認,建築指導・建築確認
台東区,building_guidance,2,コミュニティサイクル・レンタサイクル,https://www.city.taito.lg.jp/kenchiku/jitensha/rental/index.html,,https://www.city.taito.lg.jp/kenchiku/index.html,,23,関連確認,建築指導・建築確認
台東区,building_guidance,2,空き家対策,https://www.city.taito.lg.jp/kenchiku/jutaku/akiya/index.html,,https://www.city.taito.lg.jp/kenchiku/index.html,,23,関連確認,建築指導・建築確認
台東区,building_guidance,2,環境衛生・飲み水・住まい・特定建築物の衛生,https://www.city.taito.lg.jp/kenchiku/jutaku/eisei/index.html,,https://www.city.taito.lg.jp/kenchiku/index.html,,23,関連確認,建築指導・建築確認
台東区,building_guidance,2,建築,https://www.city.taito.lg.jp/kenchiku/jutaku/kenchiku/index.html,,https://www.city.taito.lg.jp/kenchiku/index.html,,23,関連確認,建築指導・建築確認
台東区,building_guidance,2,盛土規制法に基づく規制,https://www.city.taito.lg.jp/kenchiku/jutaku/moridokisei/index.html,,https://www.city.taito.lg.jp/kenchiku/index.html,,23,関連確認,建築指導・建築確認
台東区,building_guidance,2,住まい,https://www.city.taito.lg.jp/kenchiku/jutaku/sumai/index.html,,https://www.city.taito.lg.jp/kenchiku/index.html,,23,関連確認,建築指導・建築確認
台東区,building_guidance,2,住まい・建築に関する計画・方針等,https://www.city.taito.lg.jp/kenchiku/jutaku/sumaikeikaku/index.html,,https://www.city.taito.lg.jp/kenchiku/index.html,,23,関連確認,建築指導・建築確認
台東区,building_guidance,2,耐震支援,https://www.city.taito.lg.jp/kenchiku/jutaku/taishinsien/index.html,,https://www.city.taito.lg.jp/kenchiku/index.html,,23,関連確認,建築指導・建築確認
台東区,building_guidance,2,耐震・アスベスト対策,https://www.city.taito.lg.jp/kenchiku/jutaku/taishinsien/taishin/index.html,,https://www.city.taito.lg.jp/bosai/index.html,,23,関連確認,建築指導・建築確認
台東区,building_guidance,2,省エネルギー・再生可能エネルギーの普及促進,https://www.city.taito.lg.jp/kenchiku/kankyo/hukyusokushin/index.html,,https://www.city.taito.lg.jp/kenchiku/index.html,,23,関連確認,建築指導・建築確認
台東区,building_guidance,2,環境学習・環境行動,https://www.city.taito.lg.jp/kenchiku/kankyo/index.html,,https://www.city.taito.lg.jp/kenchiku/index.html,,23,関連確認,建築指導・建築確認
台東区,building_guidance,2,環境学習,https://www.city.taito.lg.jp/kenchiku/kankyo/kankyogakushu/index.html,,https://www.city.taito.lg.jp/kenchiku/index.html,,23,関連確認,建築指導・建築確認
台東区,building_guidance,2,環境情報など,https://www.city.taito.lg.jp/kenchiku/kankyo/kankyojyoho/index.html,,https://www.city.taito.lg.jp/kenchiku/index.html,,23,関連確認,建築指導・建築確認
台東区,building_guidance,2,環境に関する計画など,https://www.city.taito.lg.jp/kenchiku/kankyo/kankyokeikaku/index.html,,https://www.city.taito.lg.jp/kenchiku/index.html,,23,関連確認,建築指導・建築確認
台東区,building_guidance,2,環境保全,https://www.city.taito.lg.jp/kenchiku/kankyohozen/index.html,,https://www.city.taito.lg.jp/kenchiku/index.html,,23,関連確認,建築指導・建築確認
台東区,building_guidance,2,公害対策,https://www.city.taito.lg.jp/kenchiku/kankyohozen/kogaitaisaku/index.html,,https://www.city.taito.lg.jp/kenchiku/index.html,,23,関連確認,建築指導・建築確認
台東区,building_guidance,2,生活環境,https://www.city.taito.lg.jp/kenchiku/kankyohozen/seikatsukankyo/index.html,,https://www.city.taito.lg.jp/kenchiku/index.html,,23,関連確認,建築指導・建築確認
台東区,building_guidance,2,自動車駐車場・二輪駐車場,https://www.city.taito.lg.jp/kenchiku/kotsu/carbikeparking/index.html,,https://www.city.taito.lg.jp/kenchiku/index.html,,23,関連確認,建築指導・建築確認
台東区,building_guidance,2,交通,https://www.city.taito.lg.jp/kenchiku/kotsu/index.html,,https://www.city.taito.lg.jp/kenchiku/index.html,,23,関連確認,建築指導・建築確認
台東区,building_guidance,2,観光バス駐車場・乗降場,https://www.city.taito.lg.jp/kenchiku/kotsu/kankobuschushajo/index.html,,https://www.city.taito.lg.jp/kenchiku/index.html,,23,関連確認,建築指導・建築確認
台東区,building_guidance,2,交通に関する計画・方針等,https://www.city.taito.lg.jp/kenchiku/kotsu/keikaku/index.html,,https://www.city.taito.lg.jp/kenchiku/index.html,,23,関連確認,建築指導・建築確認
台東区,building_guidance,2,このページの本文へ移動,https://www.city.taito.lg.jp/kenchiku/kotsu/kotsuanzen/TS-mark.html#CONT,5月は自転車月間です〜自転車保険の加入と自転車の点検・整備を〜,https://www.city.taito.lg.jp/kenchiku/kotsu/kotsuanzen/TS-mark.html,,23,関連確認,建築指導・建築確認
台東区,building_guidance,2,,https://www.city.taito.lg.jp/kenchiku/kotsu/kotsuanzen/TS-mark.html#PTOP,5月は自転車月間です〜自転車保険の加入と自転車の点検・整備を〜,https://www.city.taito.lg.jp/kenchiku/kotsu/kotsuanzen/TS-mark.html,,23,関連確認,建築指導・建築確認
台東区,building_guidance,2,自転車安全利用五則,https://www.city.taito.lg.jp/kenchiku/kotsu/kotsuanzen/anzenriyougosoku.html,5月は自転車月間です〜自転車保険の加入と自転車の点検・整備を〜,https://www.city.taito.lg.jp/kenchiku/kotsu/kotsuanzen/TS-mark.html,,23,関連確認,建築指導・建築確認
台東区,building_guidance,2,自転車にも交通反則通告制度（いわゆる青切符）が導入されます,https://www.city.taito.lg.jp/kenchiku/kotsu/kotsuanzen/aokippu.html,5月は自転車月間です〜自転車保険の加入と自転車の点検・整備を〜,https://www.city.taito.lg.jp/kenchiku/kotsu/kotsuanzen/TS-mark.html,,23,関連確認,建築指導・建築確認
台東区,building_guidance,2,電動キックボード等（特定小型原動機付自転車）の交通ルール,https://www.city.taito.lg.jp/kenchiku/kotsu/kotsuanzen/dendoukikkubo-do.html,5月は自転車月間です〜自転車保険の加入と自転車の点検・整備を〜,https://www.city.taito.lg.jp/kenchiku/kotsu/kotsuanzen/TS-mark.html,,23,関連確認,建築指導・建築確認
台東区,building_guidance,2,自転車乗車中のヘルメット着用が努力義務となります,https://www.city.taito.lg.jp/kenchiku/kotsu/kotsuanzen/helmetgimuka.html,5月は自転車月間です〜自転車保険の加入と自転車の点検・整備を〜,https://www.city.taito.lg.jp/kenchiku/kotsu/kotsuanzen/TS-mark.html,,23,関連確認,建築指導・建築確認
台東区,building_guidance,2,交通安全,https://www.city.taito.lg.jp/kenchiku/kotsu/kotsuanzen/index.html,,https://www.city.taito.lg.jp/kenchiku/index.html,,23,関連確認,建築指導・建築確認
台東区,building_guidance,2,「東京都台東区自転車安全利用促進条例」について,https://www.city.taito.lg.jp/kenchiku/kotsu/kotsuanzen/jitennsha.html,5月は自転車月間です〜自転車保険の加入と自転車の点検・整備を〜,https://www.city.taito.lg.jp/kenchiku/kotsu/kotsuanzen/TS-mark.html,,23,関連確認,建築指導・建築確認
台東区,building_guidance,2,自転車保険等への加入が義務化されています,https://www.city.taito.lg.jp/kenchiku/kotsu/kotsuanzen/jitensya_hoken.html,5月は自転車月間です〜自転車保険の加入と自転車の点検・整備を〜,https://www.city.taito.lg.jp/kenchiku/kotsu/kotsuanzen/TS-mark.html,,23,関連確認,建築指導・建築確認
台東区,building_guidance,2,自転車の点検整備が義務化されています,https://www.city.taito.lg.jp/kenchiku/kotsu/kotsuanzen/jitensya_jourei.html,5月は自転車月間です〜自転車保険の加入と自転車の点検・整備を〜,https://www.city.taito.lg.jp/kenchiku/kotsu/kotsuanzen/TS-mark.html,,23,関連確認,建築指導・建築確認
台東区,building_guidance,2,第11次台東区交通安全計画,https://www.city.taito.lg.jp/kenchiku/kotsu/kotsuanzen/kotsuanzenkeikaku.html,5月は自転車月間です〜自転車保険の加入と自転車の点検・整備を〜,https://www.city.taito.lg.jp/kenchiku/kotsu/kotsuanzen/TS-mark.html,,23,関連確認,建築指導・建築確認
台東区,building_guidance,2,運転免許の自主返納制度をご利用ください,https://www.city.taito.lg.jp/kenchiku/kotsu/kotsuanzen/menkyohennnou.html,5月は自転車月間です〜自転車保険の加入と自転車の点検・整備を〜,https://www.city.taito.lg.jp/kenchiku/kotsu/kotsuanzen/TS-mark.html,,23,関連確認,建築指導・建築確認
台東区,building_guidance,2,ペダル付き電動バイク（通称：モペット）は、自転車ではありません！,https://www.city.taito.lg.jp/kenchiku/kotsu/kotsuanzen/moppet.html,5月は自転車月間です〜自転車保険の加入と自転車の点検・整備を〜,https://www.city.taito.lg.jp/kenchiku/kotsu/kotsuanzen/TS-mark.html,,23,関連確認,建築指導・建築確認
台東区,building_guidance,2,歩きながらスマートフォン等の使用はやめましょう,https://www.city.taito.lg.jp/kenchiku/kotsu/kotsuanzen/smartphone.html,5月は自転車月間です〜自転車保険の加入と自転車の点検・整備を〜,https://www.city.taito.lg.jp/kenchiku/kotsu/kotsuanzen/TS-mark.html,,23,関連確認,建築指導・建築確認
台東区,building_guidance,2,区民交通傷害保険,https://www.city.taito.lg.jp/kenchiku/kotsu/kotsuanzen/syougaihoken.html,5月は自転車月間です〜自転車保険の加入と自転車の点検・整備を〜,https://www.city.taito.lg.jp/kenchiku/kotsu/kotsuanzen/TS-mark.html,,23,関連確認,建築指導・建築確認
台東区,building_guidance,2,交通安全区民のつどい,https://www.city.taito.lg.jp/kenchiku/kotsu/kotsuanzen/tudoi.html,5月は自転車月間です〜自転車保険の加入と自転車の点検・整備を〜,https://www.city.taito.lg.jp/kenchiku/kotsu/kotsuanzen/TS-mark.html,,23,関連確認,建築指導・建築確認
台東区,building_guidance,2,幼児用ヘルメット無償配布について,https://www.city.taito.lg.jp/kenchiku/kotsu/kotsuanzen/youjiyouhelmet.html,5月は自転車月間です〜自転車保険の加入と自転車の点検・整備を〜,https://www.city.taito.lg.jp/kenchiku/kotsu/kotsuanzen/TS-mark.html,,23,関連確認,建築指導・建築確認
台東区,building_guidance,2,運行概要,https://www.city.taito.lg.jp/kenchiku/kotsu/megurin/gaiyou/gaiyo.html,めぐりん,https://www.city.taito.lg.jp/kenchiku/kotsu/megurin/index.html,,23,関連確認,建築指導・建築確認
台東区,building_guidance,2,概要,https://www.city.taito.lg.jp/kenchiku/kotsu/megurin/gaiyou/index.html,めぐりん,https://www.city.taito.lg.jp/kenchiku/kotsu/megurin/index.html,,23,関連確認,建築指導・建築確認
台東区,building_guidance,2,時刻表,https://www.city.taito.lg.jp/kenchiku/kotsu/megurin/gaiyou/jikokuhyo.html,めぐりん,https://www.city.taito.lg.jp/kenchiku/kotsu/megurin/index.html,,23,関連確認,建築指導・建築確認
台東区,building_guidance,2,おすすめリンク集,https://www.city.taito.lg.jp/kenchiku/kotsu/megurin/gaiyou/link.html,めぐりん,https://www.city.taito.lg.jp/kenchiku/kotsu/megurin/index.html,,23,関連確認,建築指導・建築確認
台東区,building_guidance,2,Q＆A（質問集）,https://www.city.taito.lg.jp/kenchiku/kotsu/megurin/gaiyou/qa.html,めぐりん,https://www.city.taito.lg.jp/kenchiku/kotsu/megurin/index.html,,23,関連確認,建築指導・建築確認
台東区,building_guidance,2,路線図,https://www.city.taito.lg.jp/kenchiku/kotsu/megurin/gaiyou/rosenzu.html,めぐりん,https://www.city.taito.lg.jp/kenchiku/kotsu/megurin/index.html,,23,関連確認,建築指導・建築確認
台東区,building_guidance,2,「台東・墨田　東京下町周遊きっぷ」が発売中です,https://www.city.taito.lg.jp/kenchiku/kotsu/megurin/gaiyou/ryoukin/kikakukippu.html,めぐりん,https://www.city.taito.lg.jp/kenchiku/kotsu/megurin/index.html,,23,関連確認,建築指導・建築確認
台東区,building_guidance,2,台東区無料公衆無線LAN（Taito Free Wi-Fi）が利用できます,https://www.city.taito.lg.jp/kenchiku/kotsu/megurin/gaiyou/taito_free_wi-fi.html,めぐりん,https://www.city.taito.lg.jp/kenchiku/kotsu/megurin/index.html,,23,関連確認,建築指導・建築確認
台東区,building_guidance,2,お問い合わせ先一覧,https://www.city.taito.lg.jp/kenchiku/kotsu/megurin/gaiyou/toiawasesakiichiran.html,めぐりん,https://www.city.taito.lg.jp/kenchiku/kotsu/megurin/index.html,,23,関連確認,建築指導・建築確認
台東区,building_guidance,2,このページの本文へ移動,https://www.city.taito.lg.jp/kenchiku/kotsu/megurin/index.html#CONT,めぐりん,https://www.city.taito.lg.jp/kenchiku/kotsu/megurin/index.html,,23,関連確認,建築指導・建築確認
台東区,building_guidance,2,,https://www.city.taito.lg.jp/kenchiku/kotsu/megurin/index.html#PTOP,めぐりん,https://www.city.taito.lg.jp/kenchiku/kotsu/megurin/index.html,,23,関連確認,建築指導・建築確認
台東区,building_guidance,2,台東区地域公共交通会議,https://www.city.taito.lg.jp/kenchiku/kotsu/megurin/koukyoukoutsukaigi.html,めぐりん,https://www.city.taito.lg.jp/kenchiku/kotsu/megurin/index.html,,23,関連確認,建築指導・建築確認
台東区,building_guidance,2,台東区循環バス「めぐりん」停留所名の変更について,https://www.city.taito.lg.jp/kenchiku/kotsu/megurin/oshirase/2025meisyouhenkou.html,めぐりん,https://www.city.taito.lg.jp/kenchiku/kotsu/megurin/index.html,,23,関連確認,建築指導・建築確認
台東区,building_guidance,2,"台東区循環バス「めぐりん」が累計乗客数3,000万人を達成しました！",https://www.city.taito.lg.jp/kenchiku/kotsu/megurin/oshirase/3000manninn.html,めぐりん,https://www.city.taito.lg.jp/kenchiku/kotsu/megurin/index.html,,23,関連確認,建築指導・建築確認
台東区,building_guidance,2,めぐりんのダイヤ改正について（令和7年8月15日）,https://www.city.taito.lg.jp/kenchiku/kotsu/megurin/oshirase/megurindaiyakaisei.html,めぐりん,https://www.city.taito.lg.jp/kenchiku/kotsu/megurin/index.html,,23,関連確認,建築指導・建築確認
台東区,building_guidance,2,台東区循環バス「めぐりん」の運転士を募集しています！,https://www.city.taito.lg.jp/kenchiku/kotsu/megurin/oshirase/untenshibosyuu.html,めぐりん,https://www.city.taito.lg.jp/kenchiku/kotsu/megurin/index.html,,23,関連確認,建築指導・建築確認
台東区,building_guidance,2,めぐりん撮影情報,https://www.city.taito.lg.jp/kenchiku/kotsu/megurin/promotion/bangumihoso.html,めぐりん,https://www.city.taito.lg.jp/kenchiku/kotsu/megurin/index.html,,23,関連確認,建築指導・建築確認
台東区,building_guidance,2,キャラクター紹介,https://www.city.taito.lg.jp/kenchiku/kotsu/megurin/promotion/character.html,めぐりん,https://www.city.taito.lg.jp/kenchiku/kotsu/megurin/index.html,,23,関連確認,建築指導・建築確認
台東区,building_guidance,2,プロモーション,https://www.city.taito.lg.jp/kenchiku/kotsu/megurin/promotion/index.html,めぐりん,https://www.city.taito.lg.jp/kenchiku/kotsu/megurin/index.html,,23,関連確認,建築指導・建築確認
台東区,building_guidance,2,バス車両紹介,https://www.city.taito.lg.jp/kenchiku/kotsu/megurin/promotion/sharyo.html,めぐりん,https://www.city.taito.lg.jp/kenchiku/kotsu/megurin/index.html,,23,関連確認,建築指導・建築確認
台東区,building_guidance,2,北めぐりん（根岸回り）「入谷駅入口」停留所を臨時移設いたします（令和7年3月1日から）,https://www.city.taito.lg.jp/kenchiku/kotsu/megurin/ukai/20250301rinjiisetsu.html,めぐりん,https://www.city.taito.lg.jp/kenchiku/kotsu/megurin/index.html,,23,関連確認,建築指導・建築確認
台東区,building_guidance,2,このページの本文へ移動,https://www.city.taito.lg.jp/kenchiku/kotsu/megurin/ukai/2025sanjaukai.html#CONT,三社祭、小野照崎神社大祭、吉原神社例大祭に伴うめぐりんの迂回運行のお知らせ（5月16日及び17日）,https://www.city.taito.lg.jp/kenchiku/kotsu/megurin/ukai/2025sanjaukai.html,,23,関連確認,建築指導・建築確認
台東区,building_guidance,2,,https://www.city.taito.lg.jp/kenchiku/kotsu/megurin/ukai/2025sanjaukai.html#PTOP,三社祭、小野照崎神社大祭、吉原神社例大祭に伴うめぐりんの迂回運行のお知らせ（5月16日及び17日）,https://www.city.taito.lg.jp/kenchiku/kotsu/megurin/ukai/2025sanjaukai.html,,23,関連確認,建築指導・建築確認
台東区,building_guidance,2,悪天候時等のバスの運行について,https://www.city.taito.lg.jp/kenchiku/kotsu/megurin/ukai/akutennkoujiunnkou.html,めぐりん,https://www.city.taito.lg.jp/kenchiku/kotsu/megurin/index.html,,23,関連確認,建築指導・建築確認
台東区,building_guidance,2,ぐるーりめぐりん「浅草病院前」停留所を臨時移設いたします（令和3年3月12日から）,https://www.city.taito.lg.jp/kenchiku/kotsu/megurin/ukai/guru14isetsu.html,めぐりん,https://www.city.taito.lg.jp/kenchiku/kotsu/megurin/index.html,,23,関連確認,建築指導・建築確認
台東区,building_guidance,2,迂回・運休・停留所移設について,https://www.city.taito.lg.jp/kenchiku/kotsu/megurin/ukai/index.html,めぐりん,https://www.city.taito.lg.jp/kenchiku/kotsu/megurin/index.html,,23,関連確認,建築指導・建築確認
台東区,building_guidance,2,東西めぐりん・南めぐりん「北上野二丁目」停留所を移設します（令和7年9月13日から）,https://www.city.taito.lg.jp/kenchiku/kotsu/megurin/ukai/kitaueno2isetsu.html,めぐりん,https://www.city.taito.lg.jp/kenchiku/kotsu/megurin/index.html,,23,関連確認,建築指導・建築確認
台東区,building_guidance,2,年末年始の「めぐりん」の運行について,https://www.city.taito.lg.jp/kenchiku/kotsu/megurin/ukai/nenmatsunenshi.html,めぐりん,https://www.city.taito.lg.jp/kenchiku/kotsu/megurin/index.html,,23,関連確認,建築指導・建築確認
台東区,building_guidance,2,「千束二丁目」停留所を臨時移設いたします（令和7年5月1日から）,https://www.city.taito.lg.jp/kenchiku/kotsu/megurin/ukai/senzoku2chome.html,めぐりん,https://www.city.taito.lg.jp/kenchiku/kotsu/megurin/index.html,,23,関連確認,建築指導・建築確認
台東区,building_guidance,2,「新御徒町駅」停留所を臨時移設いたします（令和8年2月16日から）,https://www.city.taito.lg.jp/kenchiku/kotsu/megurin/ukai/shinokachimachi.html,めぐりん,https://www.city.taito.lg.jp/kenchiku/kotsu/megurin/index.html,,23,関連確認,建築指導・建築確認
台東区,building_guidance,2,まちづくりカレッジ,https://www.city.taito.lg.jp/kenchiku/koumin/college/index.html,,https://www.city.taito.lg.jp/kenchiku/index.html,,23,関連確認,建築指導・建築確認
台東区,building_guidance,2,公民連携まちづくり,https://www.city.taito.lg.jp/kenchiku/koumin/index.html,,https://www.city.taito.lg.jp/kenchiku/index.html,,23,関連確認,建築指導・建築確認
台東区,building_guidance,2,公共空間を活用したい方へ,https://www.city.taito.lg.jp/kenchiku/koumin/katsuyou/index.html,,https://www.city.taito.lg.jp/kenchiku/index.html,,23,関連確認,建築指導・建築確認
台東区,building_guidance,2,鶯谷公園アーバンファーミング植付体験会参加者を募集します,https://www.city.taito.lg.jp/kenchiku/koumin/katsuyou/torikumi.html,,https://www.city.taito.lg.jp/kenchiku/index.html,,23,関連確認,建築指導・建築確認
台東区,building_guidance,2,公民連携プロジェクトチームについて,https://www.city.taito.lg.jp/kenchiku/koumin/project_team/index.html,,https://www.city.taito.lg.jp/kenchiku/index.html,,23,関連確認,建築指導・建築確認
台東区,building_guidance,2,まちづくり条例に係る総合的な条例,https://www.city.taito.lg.jp/kenchiku/koumin/seido/index.html,,https://www.city.taito.lg.jp/kenchiku/index.html,,23,関連確認,建築指導・建築確認
台東区,building_guidance,2,台東区まちづくり誘導方針とは,https://www.city.taito.lg.jp/kenchiku/koumin/yuudouhousin/index.html,,https://www.city.taito.lg.jp/kenchiku/index.html,,23,関連確認,建築指導・建築確認
台東区,building_guidance,2,まちの美化,https://www.city.taito.lg.jp/kenchiku/machibika/index.html,,https://www.city.taito.lg.jp/kenchiku/index.html,,23,関連確認,建築指導・建築確認
台東区,building_guidance,2,清掃用具等の貸出,https://www.city.taito.lg.jp/kenchiku/machibika/kashidashi/index.html,,https://www.city.taito.lg.jp/kenchiku/index.html,,23,関連確認,建築指導・建築確認
台東区,building_guidance,2,公衆喫煙所の整備（令和2年度）,https://www.city.taito.lg.jp/kenchiku/machibika/kosyu/01584413202153.html,公衆喫煙所ウェブマップ,https://www.city.taito.lg.jp/kenchiku/machibika/kosyu/webmap.html,,23,関連確認,建築指導・建築確認
台東区,building_guidance,2,公衆喫煙所の整備（令和3年9月）,https://www.city.taito.lg.jp/kenchiku/machibika/kosyu/ikenohata.html,公衆喫煙所ウェブマップ,https://www.city.taito.lg.jp/kenchiku/machibika/kosyu/webmap.html,,23,関連確認,建築指導・建築確認
台東区,building_guidance,2,公衆喫煙所,https://www.city.taito.lg.jp/kenchiku/machibika/kosyu/index.html,,https://www.city.taito.lg.jp/kenchiku/index.html,,23,関連確認,建築指導・建築確認
台東区,building_guidance,2,公衆喫煙所の整備（令和6年10月）,https://www.city.taito.lg.jp/kenchiku/machibika/kosyu/kitsuenjoseibi.html,公衆喫煙所ウェブマップ,https://www.city.taito.lg.jp/kenchiku/machibika/kosyu/webmap.html,,23,関連確認,建築指導・建築確認
台東区,building_guidance,2,公衆喫煙所の整備（令和6年12月）,https://www.city.taito.lg.jp/kenchiku/machibika/kosyu/kitsuenjoseibi202412.html,公衆喫煙所ウェブマップ,https://www.city.taito.lg.jp/kenchiku/machibika/kosyu/webmap.html,,23,関連確認,建築指導・建築確認
台東区,building_guidance,2,公衆喫煙所の整備（令和7年1月）,https://www.city.taito.lg.jp/kenchiku/machibika/kosyu/kitsuenjoseibi202501.html,公衆喫煙所ウェブマップ,https://www.city.taito.lg.jp/kenchiku/machibika/kosyu/webmap.html,,23,関連確認,建築指導・建築確認
台東区,building_guidance,2,公衆喫煙所の整備（令和7年8月）,https://www.city.taito.lg.jp/kenchiku/machibika/kosyu/kitsuenjoseibi202508.html,公衆喫煙所ウェブマップ,https://www.city.taito.lg.jp/kenchiku/machibika/kosyu/webmap.html,,23,関連確認,建築指導・建築確認
台東区,building_guidance,2,公衆喫煙所の整備（令和3年12月）,https://www.city.taito.lg.jp/kenchiku/machibika/kosyu/kituennjoseibi.html,公衆喫煙所ウェブマップ,https://www.city.taito.lg.jp/kenchiku/machibika/kosyu/webmap.html,,23,関連確認,建築指導・建築確認
台東区,building_guidance,2,公衆喫煙所の整備（令和6年3月）,https://www.city.taito.lg.jp/kenchiku/machibika/kosyu/koushuukitsuenjo.html,公衆喫煙所ウェブマップ,https://www.city.taito.lg.jp/kenchiku/machibika/kosyu/webmap.html,,23,関連確認,建築指導・建築確認
台東区,building_guidance,2,既存喫煙所を公衆喫煙所に指定,https://www.city.taito.lg.jp/kenchiku/machibika/kosyu/minkansmoking.html,公衆喫煙所ウェブマップ,https://www.city.taito.lg.jp/kenchiku/machibika/kosyu/webmap.html,,23,関連確認,建築指導・建築確認
台東区,building_guidance,2,大江戸清掃隊,https://www.city.taito.lg.jp/kenchiku/machibika/oedoseisotai/index.html,,https://www.city.taito.lg.jp/kenchiku/index.html,,23,関連確認,建築指導・建築確認
台東区,building_guidance,2,公衆喫煙環境の整備指針,https://www.city.taito.lg.jp/kenchiku/machibika/shisin/index.html,,https://www.city.taito.lg.jp/kenchiku/index.html,,23,関連確認,建築指導・建築確認
台東区,building_guidance,2,SNSを活用した清掃活動の推進,https://www.city.taito.lg.jp/kenchiku/machibika/snsclean/index.html,,https://www.city.taito.lg.jp/kenchiku/index.html,,23,関連確認,建築指導・建築確認
台東区,building_guidance,2,喫煙等マナー向上の推進,https://www.city.taito.lg.jp/kenchiku/machibika/suishin/index.html,,https://www.city.taito.lg.jp/kenchiku/index.html,,23,関連確認,建築指導・建築確認
台東区,building_guidance,2,防災まちづくり,https://www.city.taito.lg.jp/kenchiku/machidukuri/bosaimachizukuri/index.html,,https://www.city.taito.lg.jp/bosai/index.html,,23,関連確認,建築指導・建築確認
台東区,building_guidance,2,地区まちづくり,https://www.city.taito.lg.jp/kenchiku/machidukuri/chikumachizukuri/index.html,,https://www.city.taito.lg.jp/kenchiku/index.html,,23,関連確認,建築指導・建築確認
台東区,building_guidance,2,データを活用したまちづくり,https://www.city.taito.lg.jp/kenchiku/machidukuri/data/index.html,,https://www.city.taito.lg.jp/kenchiku/index.html,,23,関連確認,建築指導・建築確認
台東区,building_guidance,2,福祉のまちづくり,https://www.city.taito.lg.jp/kenchiku/machidukuri/fukushi/index.html,,https://www.city.taito.lg.jp/kenchiku/index.html,,23,関連確認,建築指導・建築確認
台東区,building_guidance,2,まちづくり,https://www.city.taito.lg.jp/kenchiku/machidukuri/index.html,,https://www.city.taito.lg.jp/kenchiku/index.html,,23,関連確認,建築指導・建築確認
台東区,building_guidance,2,景観まちづくり,https://www.city.taito.lg.jp/kenchiku/machidukuri/keikan/index.html,,https://www.city.taito.lg.jp/kenchiku/index.html,,23,関連確認,建築指導・建築確認
台東区,building_guidance,2,バリアフリーの推進,https://www.city.taito.lg.jp/kenchiku/machidukuri/kotsubarrier-free/index.html,,https://www.city.taito.lg.jp/kenchiku/index.html,,23,関連確認,建築指導・建築確認
台東区,building_guidance,2,都市計画,https://www.city.taito.lg.jp/kenchiku/toshikeikaku/index.html,,https://www.city.taito.lg.jp/kenchiku/index.html,,23,関連確認,建築指導・建築確認
台東区,building_guidance,2,各種計画など,https://www.city.taito.lg.jp/kenchiku/toshikeikaku/keikaku/index.html,,https://www.city.taito.lg.jp/kenchiku/index.html,,23,関連確認,建築指導・建築確認
台東区,building_guidance,1,グリーン・リーダー「今年度の主な活動」を更新しました,https://www.city.taito.lg.jp/kenchiku/hanamidori/ryokukasuishin/reiwa8.html,公式トップ,https://www.city.taito.lg.jp/,,20,関連確認,建築指導・建築確認
台東区,building_guidance,1,,https://www.city.taito.lg.jp/kenchiku/index.html,公式トップ,https://www.city.taito.lg.jp/,,20,関連確認,建築指導・建築確認
台東区,building_guidance,1,5月は自転車月間です〜自転車保険の加入と自転車の点検・整備を〜,https://www.city.taito.lg.jp/kenchiku/kotsu/kotsuanzen/TS-mark.html,公式トップ,https://www.city.taito.lg.jp/,,20,関連確認,建築指導・建築確認
台東区,building_guidance,1,めぐりん,https://www.city.taito.lg.jp/kenchiku/kotsu/megurin/index.html,公式トップ,https://www.city.taito.lg.jp/,,20,関連確認,建築指導・建築確認
台東区,building_guidance,2,【記入例】(第1号様式）交付申請書　（PDF：526KB）,https://www.city.taito.lg.jp/kenchiku/kotsu/kotsuanzen/TS-mark.files/202601kisairei.pdf,5月は自転車月間です〜自転車保険の加入と自転車の点検・整備を〜,https://www.city.taito.lg.jp/kenchiku/kotsu/kotsuanzen/TS-mark.html,,18,参考,建築指導・建築確認
台東区,building_guidance,2,住まい・建築・区施設整備,https://www.city.taito.lg.jp/kenchiku/jutaku/index.html,,https://www.city.taito.lg.jp/kenchiku/index.html,,13,参考,建築指導・建築確認
台東区,building_guidance,2,区有施設の整備,https://www.city.taito.lg.jp/kenchiku/jutaku/seibi/index.html,,https://www.city.taito.lg.jp/kenchiku/index.html,,13,参考,建築指導・建築確認
台東区,building_guidance,2,料金,https://www.city.taito.lg.jp/kenchiku/kotsu/megurin/gaiyou/ryoukin/index.html,めぐりん,https://www.city.taito.lg.jp/kenchiku/kotsu/megurin/index.html,,13,参考,建築指導・建築確認
台東区,district_plan,2,都市計画,https://www.city.taito.lg.jp/kenchiku/toshikeikaku/index.html,,https://www.city.taito.lg.jp/kenchiku/index.html,,43,優先確認,都市計画・用途地域
台東区,district_plan,2,各種計画など,https://www.city.taito.lg.jp/kenchiku/toshikeikaku/keikaku/index.html,,https://www.city.taito.lg.jp/kenchiku/index.html,,43,優先確認,都市計画・用途地域
台東区,district_plan,2,(別紙1)仕様書（PDF：507KB）,https://www.city.taito.lg.jp/jigyosha/keiyaku/proposal/asakusatoshikibann.files/besshi1-siyousyo.pdf,浅草地区都市基盤整備に向けた予備検討等業務委託 に係る公募型プロポーザルを実施します。,https://www.city.taito.lg.jp/jigyosha/keiyaku/proposal/asakusatoshikibann.html,,28,関連確認,都市計画・用途地域
台東区,district_plan,2,"(別紙2)既往調査（PDF：4,178KB）",https://www.city.taito.lg.jp/jigyosha/keiyaku/proposal/asakusatoshikibann.files/besshi2-kifukutyousa.pdf,浅草地区都市基盤整備に向けた予備検討等業務委託 に係る公募型プロポーザルを実施します。,https://www.city.taito.lg.jp/jigyosha/keiyaku/proposal/asakusatoshikibann.html,,28,関連確認,都市計画・用途地域
台東区,district_plan,2,(別紙3)プロポーザル日程（PDF：163KB）,https://www.city.taito.lg.jp/jigyosha/keiyaku/proposal/asakusatoshikibann.files/besshi3-puropo-zalnittei.pdf,浅草地区都市基盤整備に向けた予備検討等業務委託 に係る公募型プロポーザルを実施します。,https://www.city.taito.lg.jp/jigyosha/keiyaku/proposal/asakusatoshikibann.html,,28,関連確認,都市計画・用途地域
台東区,district_plan,2,(別紙4)企画提案書の構成（PDF：194KB）,https://www.city.taito.lg.jp/jigyosha/keiyaku/proposal/asakusatoshikibann.files/besshi4-kikakuteiannsyonokousei.pdf,浅草地区都市基盤整備に向けた予備検討等業務委託 に係る公募型プロポーザルを実施します。,https://www.city.taito.lg.jp/jigyosha/keiyaku/proposal/asakusatoshikibann.html,,28,関連確認,都市計画・用途地域
台東区,district_plan,2,(別紙5)プロポーザル審査基準（PDF：161KB）,https://www.city.taito.lg.jp/jigyosha/keiyaku/proposal/asakusatoshikibann.files/besshi5-asakusatikumatidukuris.pdf,浅草地区都市基盤整備に向けた予備検討等業務委託 に係る公募型プロポーザルを実施します。,https://www.city.taito.lg.jp/jigyosha/keiyaku/proposal/asakusatoshikibann.html,,28,関連確認,都市計画・用途地域
台東区,district_plan,2,浅草地区都市基盤整備に向けた予備検討等業務委託 に係る公募型プロポーザル募集要項（PDF：482KB）,https://www.city.taito.lg.jp/jigyosha/keiyaku/proposal/asakusatoshikibann.files/siryou1-bosyuyoukou.pdf,浅草地区都市基盤整備に向けた予備検討等業務委託 に係る公募型プロポーザルを実施します。,https://www.city.taito.lg.jp/jigyosha/keiyaku/proposal/asakusatoshikibann.html,,28,関連確認,都市計画・用途地域
台東区,district_plan,2,電算処理の個人情報を取り扱う業務委託契約の 特記事項（PDF：312KB）,https://www.city.taito.lg.jp/jigyosha/keiyaku/proposal/asakusatoshikibann.files/siyousyobesshi1-dennsannsyoritokkijikou.pdf,浅草地区都市基盤整備に向けた予備検討等業務委託 に係る公募型プロポーザルを実施します。,https://www.city.taito.lg.jp/jigyosha/keiyaku/proposal/asakusatoshikibann.html,,28,関連確認,都市計画・用途地域
台東区,district_plan,2,個人情報を取り扱う業務委託契約の 特記事項（PDF：245KB）,https://www.city.taito.lg.jp/jigyosha/keiyaku/proposal/asakusatoshikibann.files/siyousyobesshi1-kojinnjyouhoutokki.pdf,浅草地区都市基盤整備に向けた予備検討等業務委託 に係る公募型プロポーザルを実施します。,https://www.city.taito.lg.jp/jigyosha/keiyaku/proposal/asakusatoshikibann.html,,28,関連確認,都市計画・用途地域
台東区,district_plan,2,資源とごみの分け方出し方　表紙（PDF：625KB）,https://www.city.taito.lg.jp/kurashi/gomi/keikaku/kakusyupanfuretto/gomitoshigen.files/00.pdf,ごみと資源の分け方・出し方,https://www.city.taito.lg.jp/kurashi/gomi/keikaku/kakusyupanfuretto/gomitoshigen.html,,28,関連確認,都市計画・用途地域
台東区,district_plan,2,地域別収集曜日一覧（PDF：447KB）,https://www.city.taito.lg.jp/kurashi/gomi/keikaku/kakusyupanfuretto/gomitoshigen.files/02.pdf,ごみと資源の分け方・出し方,https://www.city.taito.lg.jp/kurashi/gomi/keikaku/kakusyupanfuretto/gomitoshigen.html,,28,関連確認,都市計画・用途地域
台東区,district_plan,2,"ごみ減量のために（PDF：1,299KB）",https://www.city.taito.lg.jp/kurashi/gomi/keikaku/kakusyupanfuretto/gomitoshigen.files/03.pdf,ごみと資源の分け方・出し方,https://www.city.taito.lg.jp/kurashi/gomi/keikaku/kakusyupanfuretto/gomitoshigen.html,,28,関連確認,都市計画・用途地域
台東区,district_plan,2,燃やすごみ（戸別収集）（PDF：604KB）,https://www.city.taito.lg.jp/kurashi/gomi/keikaku/kakusyupanfuretto/gomitoshigen.files/04.pdf,ごみと資源の分け方・出し方,https://www.city.taito.lg.jp/kurashi/gomi/keikaku/kakusyupanfuretto/gomitoshigen.html,,28,関連確認,都市計画・用途地域
台東区,district_plan,2,燃やさないごみ（戸別収集）（PDF：784KB）,https://www.city.taito.lg.jp/kurashi/gomi/keikaku/kakusyupanfuretto/gomitoshigen.files/05.pdf,ごみと資源の分け方・出し方,https://www.city.taito.lg.jp/kurashi/gomi/keikaku/kakusyupanfuretto/gomitoshigen.html,,28,関連確認,都市計画・用途地域
台東区,district_plan,2,プラスチック（戸別回収）（PDF：804KB）,https://www.city.taito.lg.jp/kurashi/gomi/keikaku/kakusyupanfuretto/gomitoshigen.files/06.pdf,ごみと資源の分け方・出し方,https://www.city.taito.lg.jp/kurashi/gomi/keikaku/kakusyupanfuretto/gomitoshigen.html,,28,関連確認,都市計画・用途地域
台東区,district_plan,2,"資源（集積所回収）（PDF：1,056KB）",https://www.city.taito.lg.jp/kurashi/gomi/keikaku/kakusyupanfuretto/gomitoshigen.files/07.pdf,ごみと資源の分け方・出し方,https://www.city.taito.lg.jp/kurashi/gomi/keikaku/kakusyupanfuretto/gomitoshigen.html,,28,関連確認,都市計画・用途地域
台東区,district_plan,2,"資源（拠点回収）（PDF：1,140KB）",https://www.city.taito.lg.jp/kurashi/gomi/keikaku/kakusyupanfuretto/gomitoshigen.files/08.pdf,ごみと資源の分け方・出し方,https://www.city.taito.lg.jp/kurashi/gomi/keikaku/kakusyupanfuretto/gomitoshigen.html,,28,関連確認,都市計画・用途地域
台東区,district_plan,2,集団回収（PDF：594KB）,https://www.city.taito.lg.jp/kurashi/gomi/keikaku/kakusyupanfuretto/gomitoshigen.files/09.pdf,ごみと資源の分け方・出し方,https://www.city.taito.lg.jp/kurashi/gomi/keikaku/kakusyupanfuretto/gomitoshigen.html,,28,関連確認,都市計画・用途地域
台東区,district_plan,2,粗大ごみ（PDF：838KB）,https://www.city.taito.lg.jp/kurashi/gomi/keikaku/kakusyupanfuretto/gomitoshigen.files/10.pdf,ごみと資源の分け方・出し方,https://www.city.taito.lg.jp/kurashi/gomi/keikaku/kakusyupanfuretto/gomitoshigen.html,,28,関連確認,都市計画・用途地域
台東区,district_plan,2,家電リサイクル法対象製品（PDF：531KB）,https://www.city.taito.lg.jp/kurashi/gomi/keikaku/kakusyupanfuretto/gomitoshigen.files/11.pdf,ごみと資源の分け方・出し方,https://www.city.taito.lg.jp/kurashi/gomi/keikaku/kakusyupanfuretto/gomitoshigen.html,,28,関連確認,都市計画・用途地域
台東区,district_plan,2,充電式電池（リチウムイオン電池等）（PDF：575KB）,https://www.city.taito.lg.jp/kurashi/gomi/keikaku/kakusyupanfuretto/gomitoshigen.files/12.pdf,ごみと資源の分け方・出し方,https://www.city.taito.lg.jp/kurashi/gomi/keikaku/kakusyupanfuretto/gomitoshigen.html,,28,関連確認,都市計画・用途地域
台東区,district_plan,2,メーカーによる自主回収（パソコン等）（PDF：720KB）,https://www.city.taito.lg.jp/kurashi/gomi/keikaku/kakusyupanfuretto/gomitoshigen.files/13.pdf,ごみと資源の分け方・出し方,https://www.city.taito.lg.jp/kurashi/gomi/keikaku/kakusyupanfuretto/gomitoshigen.html,,28,関連確認,都市計画・用途地域
台東区,district_plan,2,"事業所からのごみと資源（PDF：1,196KB）",https://www.city.taito.lg.jp/kurashi/gomi/keikaku/kakusyupanfuretto/gomitoshigen.files/14.pdf,ごみと資源の分け方・出し方,https://www.city.taito.lg.jp/kurashi/gomi/keikaku/kakusyupanfuretto/gomitoshigen.html,,28,関連確認,都市計画・用途地域
台東区,district_plan,2,区では収集できないもの／動物死体（PDF：589KB）,https://www.city.taito.lg.jp/kurashi/gomi/keikaku/kakusyupanfuretto/gomitoshigen.files/15.pdf,ごみと資源の分け方・出し方,https://www.city.taito.lg.jp/kurashi/gomi/keikaku/kakusyupanfuretto/gomitoshigen.html,,28,関連確認,都市計画・用途地域
台東区,district_plan,2,"一廃計画　災害時のごみ処理　ごみの流れ　資源の流れ（PDF：1,621KB）",https://www.city.taito.lg.jp/kurashi/gomi/keikaku/kakusyupanfuretto/gomitoshigen.files/16.pdf,ごみと資源の分け方・出し方,https://www.city.taito.lg.jp/kurashi/gomi/keikaku/kakusyupanfuretto/gomitoshigen.html,,28,関連確認,都市計画・用途地域
台東区,district_plan,2,"資源とごみの分別表（五十音順）（PDF：3,218KB）",https://www.city.taito.lg.jp/kurashi/gomi/keikaku/kakusyupanfuretto/gomitoshigen.files/17.pdf,ごみと資源の分け方・出し方,https://www.city.taito.lg.jp/kurashi/gomi/keikaku/kakusyupanfuretto/gomitoshigen.html,,28,関連確認,都市計画・用途地域
台東区,district_plan,2,台東清掃事務所のご案内・環境ふれあい館ひまわりのご案内（PDF：641KB）,https://www.city.taito.lg.jp/kurashi/gomi/keikaku/kakusyupanfuretto/gomitoshigen.files/18.pdf,ごみと資源の分け方・出し方,https://www.city.taito.lg.jp/kurashi/gomi/keikaku/kakusyupanfuretto/gomitoshigen.html,,28,関連確認,都市計画・用途地域
台東区,district_plan,2,裏表紙　不法投棄は犯罪です（PDF：617KB）,https://www.city.taito.lg.jp/kurashi/gomi/keikaku/kakusyupanfuretto/gomitoshigen.files/19.pdf,ごみと資源の分け方・出し方,https://www.city.taito.lg.jp/kurashi/gomi/keikaku/kakusyupanfuretto/gomitoshigen.html,,28,関連確認,都市計画・用途地域
台東区,district_plan,2,"全頁（PDF：9,124KB）",https://www.city.taito.lg.jp/kurashi/gomi/keikaku/kakusyupanfuretto/gomitoshigen.files/99.pdf,ごみと資源の分け方・出し方,https://www.city.taito.lg.jp/kurashi/gomi/keikaku/kakusyupanfuretto/gomitoshigen.html,,28,関連確認,都市計画・用途地域
台東区,district_plan,2,"ふるさと交流ショップ 台東チラシ（令和8年4月～令和8年6月）(PDF:9,147KB)",https://www.city.taito.lg.jp/kusei/shokai/shimaitoshi/oshirase/30shop.files/202604chirashi.pdf,「ふるさと交流ショップ 台東」に茨城県筑西市が出店します！！,https://www.city.taito.lg.jp/kusei/shokai/shimaitoshi/oshirase/30shop.html,,28,関連確認,都市計画・用途地域
台東区,district_plan,2,(様式10)質問書（ワード：30KB）,https://www.city.taito.lg.jp/jigyosha/keiyaku/proposal/asakusatoshikibann.files/youshiki10-situmonnhyou.doc,浅草地区都市基盤整備に向けた予備検討等業務委託 に係る公募型プロポーザルを実施します。,https://www.city.taito.lg.jp/jigyosha/keiyaku/proposal/asakusatoshikibann.html,,23,関連確認,都市計画・用途地域
台東区,district_plan,2,(様式2)誓約書（ワード：37KB）,https://www.city.taito.lg.jp/jigyosha/keiyaku/proposal/asakusatoshikibann.files/youshiki2-senyakusyo.doc,浅草地区都市基盤整備に向けた予備検討等業務委託 に係る公募型プロポーザルを実施します。,https://www.city.taito.lg.jp/jigyosha/keiyaku/proposal/asakusatoshikibann.html,,23,関連確認,都市計画・用途地域
台東区,district_plan,2,(様式3)共同事業体協定書兼委任状（ワード：52KB）,https://www.city.taito.lg.jp/jigyosha/keiyaku/proposal/asakusatoshikibann.files/youshiki3-kyoudoujigyoutai.doc,浅草地区都市基盤整備に向けた予備検討等業務委託 に係る公募型プロポーザルを実施します。,https://www.city.taito.lg.jp/jigyosha/keiyaku/proposal/asakusatoshikibann.html,,23,関連確認,都市計画・用途地域
台東区,district_plan,2,(様式4)委任状(復代理人用)（ワード：18KB）,https://www.city.taito.lg.jp/jigyosha/keiyaku/proposal/asakusatoshikibann.files/youshiki4-fukudairininnyouininnjyou.docx,浅草地区都市基盤整備に向けた予備検討等業務委託 に係る公募型プロポーザルを実施します。,https://www.city.taito.lg.jp/jigyosha/keiyaku/proposal/asakusatoshikibann.html,,23,関連確認,都市計画・用途地域
台東区,district_plan,2,(様式5)会社概要（ワード：67KB）,https://www.city.taito.lg.jp/jigyosha/keiyaku/proposal/asakusatoshikibann.files/youshiki5-kaisyagaiyou.doc,浅草地区都市基盤整備に向けた予備検討等業務委託 に係る公募型プロポーザルを実施します。,https://www.city.taito.lg.jp/jigyosha/keiyaku/proposal/asakusatoshikibann.html,,23,関連確認,都市計画・用途地域
台東区,district_plan,2,(様式6)業務の実施体制（ワード：31KB）,https://www.city.taito.lg.jp/jigyosha/keiyaku/proposal/asakusatoshikibann.files/youshiki6-gyoumunojissitaisei.doc,浅草地区都市基盤整備に向けた予備検討等業務委託 に係る公募型プロポーザルを実施します。,https://www.city.taito.lg.jp/jigyosha/keiyaku/proposal/asakusatoshikibann.html,,23,関連確認,都市計画・用途地域
台東区,district_plan,2,(様式7)予定技術者の経歴等（ワード：27KB）,https://www.city.taito.lg.jp/jigyosha/keiyaku/proposal/asakusatoshikibann.files/youshiki7-yoteigijyutusyanokeirekitou.docx,浅草地区都市基盤整備に向けた予備検討等業務委託 に係る公募型プロポーザルを実施します。,https://www.city.taito.lg.jp/jigyosha/keiyaku/proposal/asakusatoshikibann.html,,23,関連確認,都市計画・用途地域
台東区,district_plan,2,(様式8)企画提案書（ワード：30KB）,https://www.city.taito.lg.jp/jigyosha/keiyaku/proposal/asakusatoshikibann.files/youshiki8-kikakurituansyo.doc,浅草地区都市基盤整備に向けた予備検討等業務委託 に係る公募型プロポーザルを実施します。,https://www.city.taito.lg.jp/jigyosha/keiyaku/proposal/asakusatoshikibann.html,,23,関連確認,都市計画・用途地域
台東区,district_plan,2,(様式9)プロポーザル参加辞退届出書（ワード：30KB）,https://www.city.taito.lg.jp/jigyosha/keiyaku/proposal/asakusatoshikibann.files/youshiki9-puropo-zalsankajitai.doc,浅草地区都市基盤整備に向けた予備検討等業務委託 に係る公募型プロポーザルを実施します。,https://www.city.taito.lg.jp/jigyosha/keiyaku/proposal/asakusatoshikibann.html,,23,関連確認,都市計画・用途地域
台東区,district_plan,2,このページの本文へ移動,https://www.city.taito.lg.jp/jigyosha/keiyaku/proposal/asakusatoshikibann.html#CONT,浅草地区都市基盤整備に向けた予備検討等業務委託 に係る公募型プロポーザルを実施します。,https://www.city.taito.lg.jp/jigyosha/keiyaku/proposal/asakusatoshikibann.html,,23,関連確認,都市計画・用途地域
台東区,district_plan,2,,https://www.city.taito.lg.jp/jigyosha/keiyaku/proposal/asakusatoshikibann.html#PTOP,浅草地区都市基盤整備に向けた予備検討等業務委託 に係る公募型プロポーザルを実施します。,https://www.city.taito.lg.jp/jigyosha/keiyaku/proposal/asakusatoshikibann.html,,23,関連確認,都市計画・用途地域
台東区,district_plan,2,このページの本文へ移動,https://www.city.taito.lg.jp/kurashi/gomi/keikaku/kakusyupanfuretto/gomitoshigen.html#CONT,ごみと資源の分け方・出し方,https://www.city.taito.lg.jp/kurashi/gomi/keikaku/kakusyupanfuretto/gomitoshigen.html,,23,関連確認,都市計画・用途地域
台東区,district_plan,2,,https://www.city.taito.lg.jp/kurashi/gomi/keikaku/kakusyupanfuretto/gomitoshigen.html#PTOP,ごみと資源の分け方・出し方,https://www.city.taito.lg.jp/kurashi/gomi/keikaku/kakusyupanfuretto/gomitoshigen.html,,23,関連確認,都市計画・用途地域
台東区,district_plan,2,姉妹・友好都市など,https://www.city.taito.lg.jp/kusei/shokai/shimaitoshi/index.html,「ふるさと交流ショップ 台東」に茨城県筑西市が出店します！！,https://www.city.taito.lg.jp/kusei/shokai/shimaitoshi/oshirase/30shop.html,,23,関連確認,都市計画・用途地域
台東区,district_plan,2,「ふるさと交流ショップ 台東」令和6年度に出店した自治体をご紹介します！,https://www.city.taito.lg.jp/kusei/shokai/shimaitoshi/oshirase/06schedule.html,「ふるさと交流ショップ 台東」に茨城県筑西市が出店します！！,https://www.city.taito.lg.jp/kusei/shokai/shimaitoshi/oshirase/30shop.html,,23,関連確認,都市計画・用途地域
台東区,district_plan,2,令和7年度出店自治体はこちら,https://www.city.taito.lg.jp/kusei/shokai/shimaitoshi/oshirase/07schedule.html,「ふるさと交流ショップ 台東」に茨城県筑西市が出店します！！,https://www.city.taito.lg.jp/kusei/shokai/shimaitoshi/oshirase/30shop.html,,23,関連確認,都市計画・用途地域
台東区,district_plan,2,こちら,https://www.city.taito.lg.jp/kusei/shokai/shimaitoshi/oshirase/08schedule.html,「ふるさと交流ショップ 台東」に茨城県筑西市が出店します！！,https://www.city.taito.lg.jp/kusei/shokai/shimaitoshi/oshirase/30shop.html,,23,関連確認,都市計画・用途地域
台東区,district_plan,2,令和8年度「ふるさと交流ショップ 台東」に出店しませんか?,https://www.city.taito.lg.jp/kusei/shokai/shimaitoshi/oshirase/08shopsyutten.html,「ふるさと交流ショップ 台東」に茨城県筑西市が出店します！！,https://www.city.taito.lg.jp/kusei/shokai/shimaitoshi/oshirase/30shop.html,,23,関連確認,都市計画・用途地域
台東区,district_plan,2,このページの本文へ移動,https://www.city.taito.lg.jp/kusei/shokai/shimaitoshi/oshirase/30shop.html#CONT,「ふるさと交流ショップ 台東」に茨城県筑西市が出店します！！,https://www.city.taito.lg.jp/kusei/shokai/shimaitoshi/oshirase/30shop.html,,23,関連確認,都市計画・用途地域
台東区,district_plan,2,,https://www.city.taito.lg.jp/kusei/shokai/shimaitoshi/oshirase/30shop.html#PTOP,「ふるさと交流ショップ 台東」に茨城県筑西市が出店します！！,https://www.city.taito.lg.jp/kusei/shokai/shimaitoshi/oshirase/30shop.html,,23,関連確認,都市計画・用途地域
台東区,district_plan,2,ふるさと交流ショップ台東,https://www.city.taito.lg.jp/kusei/shokai/shimaitoshi/oshirase/index.html,「ふるさと交流ショップ 台東」に茨城県筑西市が出店します！！,https://www.city.taito.lg.jp/kusei/shokai/shimaitoshi/oshirase/30shop.html,,23,関連確認,都市計画・用途地域
台東区,district_plan,2,「ふるさと交流ショップ 台東」の概要はこちら,https://www.city.taito.lg.jp/kusei/shokai/shimaitoshi/oshirase/shop_about.html,「ふるさと交流ショップ 台東」に茨城県筑西市が出店します！！,https://www.city.taito.lg.jp/kusei/shokai/shimaitoshi/oshirase/30shop.html,,23,関連確認,都市計画・用途地域
台東区,district_plan,2,こちら,https://www.city.taito.lg.jp/kusei/shokai/shimaitoshi/oshirase/shoptaitosns.html,「ふるさと交流ショップ 台東」に茨城県筑西市が出店します！！,https://www.city.taito.lg.jp/kusei/shokai/shimaitoshi/oshirase/30shop.html,,23,関連確認,都市計画・用途地域
台東区,district_plan,2,災害時相互応援協定,https://www.city.taito.lg.jp/kusei/shokai/shimaitoshi/saigaijikyoutei.html,,https://www.city.taito.lg.jp/bosai/index.html,,23,関連確認,都市計画・用途地域
台東区,district_plan,1,浅草地区都市基盤整備に向けた予備検討等業務委託 に係る公募型プロポーザルを実施します。,https://www.city.taito.lg.jp/jigyosha/keiyaku/proposal/asakusatoshikibann.html,公式トップ,https://www.city.taito.lg.jp/,,20,関連確認,都市計画・用途地域
台東区,district_plan,1,ごみと資源の分け方・出し方,https://www.city.taito.lg.jp/kurashi/gomi/keikaku/kakusyupanfuretto/gomitoshigen.html,公式トップ,https://www.city.taito.lg.jp/,,20,関連確認,都市計画・用途地域
台東区,district_plan,1,「ふるさと交流ショップ 台東」に茨城県筑西市が出店します！！,https://www.city.taito.lg.jp/kusei/shokai/shimaitoshi/oshirase/30shop.html,公式トップ,https://www.city.taito.lg.jp/,,20,関連確認,都市計画・用途地域
台東区,district_plan,2,(様式1)プロポーザル参加申請書（ワード：30KB）,https://www.city.taito.lg.jp/jigyosha/keiyaku/proposal/asakusatoshikibann.files/youshiki1-puropo-zalsannkasinnseisyo.doc,浅草地区都市基盤整備に向けた予備検討等業務委託 に係る公募型プロポーザルを実施します。,https://www.city.taito.lg.jp/jigyosha/keiyaku/proposal/asakusatoshikibann.html,,13,参考,都市計画・用途地域
台東区,hazard,2,ハザードマップ（水害・土砂災害）,https://www.city.taito.lg.jp/bosai/map/saigai/hazardmap.html,ハザードマップ,https://www.city.taito.lg.jp/bosai/map/saigai/index.html,,86,優先確認,ハザード・災害リスク
台東区,hazard,2,宅地建物取引業者の方へ（台東区ハザードマップ作成状況）,https://www.city.taito.lg.jp/bosai/map/saigai/gyosha.html,ハザードマップ,https://www.city.taito.lg.jp/bosai/map/saigai/index.html,,46,優先確認,ハザード・災害リスク
台東区,hazard,1,ハザードマップ,https://www.city.taito.lg.jp/bosai/map/saigai/index.html,公式トップ,https://www.city.taito.lg.jp/,,43,優先確認,ハザード・災害リスク
台東区,hazard,2,「実感！ハザードマップ」ポスターについて,https://www.city.taito.lg.jp/bosai/suigaibousai/bosaiinfo/arposter.html,ハザードマップ,https://www.city.taito.lg.jp/bosai/map/saigai/index.html,,38,関連確認,ハザード・災害リスク
台東区,hazard,2,水害・土砂災害に関する防災・災害対策,https://www.city.taito.lg.jp/bosai/suigaibousai/index.html,,https://www.city.taito.lg.jp/bosai/index.html,,23,関連確認,ハザード・災害リスク
台東区,hazard,2,災害に関するマップ・ハンドブック等,https://www.city.taito.lg.jp/bosai/map/index.html,,https://www.city.taito.lg.jp/bosai/index.html,,11,参考,ハザード・災害リスク
台東区,hazard,2,地震に関するもの,https://www.city.taito.lg.jp/bosai/map/jishin/index.html,,https://www.city.taito.lg.jp/bosai/index.html,,11,参考,ハザード・災害リスク
台東区,hazard,2,動画日本語ナレーション　地震編,https://www.city.taito.lg.jp/bosai/map/jishin/jishinjp.html,,https://www.city.taito.lg.jp/bosai/index.html,,11,参考,ハザード・災害リスク
台東区,hazard,2,このページの本文へ移動,https://www.city.taito.lg.jp/bosai/map/saigai/index.html#CONT,ハザードマップ,https://www.city.taito.lg.jp/bosai/map/saigai/index.html,,11,参考,ハザード・災害リスク
台東区,hazard,2,,https://www.city.taito.lg.jp/bosai/map/saigai/index.html#PTOP,ハザードマップ,https://www.city.taito.lg.jp/bosai/map/saigai/index.html,,11,参考,ハザード・災害リスク
台東区,hazard,2,動画日本語ナレーション　風水害編,https://www.city.taito.lg.jp/bosai/map/saigai/suigaijp.html,,https://www.city.taito.lg.jp/bosai/index.html,,11,参考,ハザード・災害リスク
台東区,hazard,2,たいとう区安全・安心ハンドブック,https://www.city.taito.lg.jp/bosai/map/saigaitaisaku/anzen_ansin_handbook.html,ハザードマップ,https://www.city.taito.lg.jp/bosai/map/saigai/index.html,,11,参考,ハザード・災害リスク
台東区,hazard,2,避難行動要支援者避難支援の手引き,https://www.city.taito.lg.jp/bosai/map/saigaitaisaku/hinansien20221101.html,,https://www.city.taito.lg.jp/bosai/index.html,,11,参考,ハザード・災害リスク
台東区,hazard,2,災害対策全般に関するもの,https://www.city.taito.lg.jp/bosai/map/saigaitaisaku/index.html,,https://www.city.taito.lg.jp/bosai/index.html,,11,参考,ハザード・災害リスク
台東区,hazard,2,マニュアル・マップ等,https://www.city.taito.lg.jp/bosai/suigaibousai/map/index.html,,https://www.city.taito.lg.jp/bosai/index.html,,11,参考,ハザード・災害リスク
台東区,hazard,2,マニュアル・マップ等,https://www.city.taito.lg.jp/bosai/taisaku/map/index.html,,https://www.city.taito.lg.jp/bosai/index.html,,11,参考,ハザード・災害リスク
台東区,road,2,道路の管理,https://www.city.taito.lg.jp/kenchiku/doro2/doro/index.html,,https://www.city.taito.lg.jp/kenchiku/index.html,,23,関連確認,道路・接道確認
台東区,road,2,道路工事,https://www.city.taito.lg.jp/kenchiku/doro2/doroijihoshu/index.html,,https://www.city.taito.lg.jp/kenchiku/index.html,,23,関連確認,道路・接道確認
台東区,road,2,標準構造図集,https://www.city.taito.lg.jp/kenchiku/doro2/hyoujunkouzouzu/index.html,,https://www.city.taito.lg.jp/kenchiku/index.html,,23,関連確認,道路・接道確認
台東区,road,2,道路,https://www.city.taito.lg.jp/kenchiku/doro2/index.html,,https://www.city.taito.lg.jp/kenchiku/index.html,,23,関連確認,道路・接道確認
台東区,road,2,道路に関する計画,https://www.city.taito.lg.jp/kenchiku/doro2/keikaku/index.html,,https://www.city.taito.lg.jp/kenchiku/index.html,,23,関連確認,道路・接道確認
台東区,road,2,無電柱化の推進,https://www.city.taito.lg.jp/kenchiku/doro2/mudentyuu/index.html,,https://www.city.taito.lg.jp/kenchiku/index.html,,23,関連確認,道路・接道確認
台東区,road,2,道路のみどり,https://www.city.taito.lg.jp/kenchiku/hanamidori/doronomidori/index.html,,https://www.city.taito.lg.jp/kenchiku/index.html,,23,関連確認,道路・接道確認
品川区,building_guidance,2,491_ 指定道路図（建築基準法上の道路種別）,https://www.city.shinagawa.tokyo.jp/PC/kankyo/kankyo-kenchiku/hpg000016085.html,建築・住宅関連,https://www.city.shinagawa.tokyo.jp/PC/kankyo/kankyo-kenchiku/index.html,,83,優先確認,建築指導・建築確認
品川区,building_guidance,2,9999_ 建築基準法等の取扱いについて,https://www.city.shinagawa.tokyo.jp/PC/kankyo/kankyo-kenchiku/20190417140152.html,建築・住宅関連,https://www.city.shinagawa.tokyo.jp/PC/kankyo/kankyo-kenchiku/index.html,,63,優先確認,建築指導・建築確認
品川区,building_guidance,2,1_ 建築確認に関わるご相談の留意点について,https://www.city.shinagawa.tokyo.jp/PC/kankyo/kankyo-kenchiku/20180517153834.html,建築・住宅関連,https://www.city.shinagawa.tokyo.jp/PC/kankyo/kankyo-kenchiku/index.html,,33,関連確認,建築指導・建築確認
品川区,building_guidance,2,281_ 建築確認申請前に行っていただく主な手続,https://www.city.shinagawa.tokyo.jp/PC/kankyo/kankyo-kenchiku/hpg000001483.html,建築・住宅関連,https://www.city.shinagawa.tokyo.jp/PC/kankyo/kankyo-kenchiku/index.html,,33,関連確認,建築指導・建築確認
品川区,building_guidance,2,531_ マンション支援,https://www.city.shinagawa.tokyo.jp/PC/kankyo/kankyo-kenchiku/20200330205827.html,建築・住宅関連,https://www.city.shinagawa.tokyo.jp/PC/kankyo/kankyo-kenchiku/index.html,,23,関連確認,建築指導・建築確認
品川区,building_guidance,2,531_ 【令和7年度より更新届出が始まります】マンション管理状況の届出をお願いします,https://www.city.shinagawa.tokyo.jp/PC/kankyo/kankyo-kenchiku/20200608133116.html,建築・住宅関連,https://www.city.shinagawa.tokyo.jp/PC/kankyo/kankyo-kenchiku/index.html,,23,関連確認,建築指導・建築確認
品川区,building_guidance,2,461_ 【よくある質問】住宅用家屋証明Ｑ&Ａ,https://www.city.shinagawa.tokyo.jp/PC/kankyo/kankyo-kenchiku/20211126152907.html,建築・住宅関連,https://www.city.shinagawa.tokyo.jp/PC/kankyo/kankyo-kenchiku/index.html,,23,関連確認,建築指導・建築確認
品川区,building_guidance,2,9999_ 住居表示実施証明書について,https://www.city.shinagawa.tokyo.jp/PC/kankyo/kankyo-kenchiku/20220311192824.html,建築・住宅関連,https://www.city.shinagawa.tokyo.jp/PC/kankyo/kankyo-kenchiku/index.html,,23,関連確認,建築指導・建築確認
品川区,building_guidance,2,529_ マンション管理計画認定制度（令和5年4月1日開始）,https://www.city.shinagawa.tokyo.jp/PC/kankyo/kankyo-kenchiku/20230323180819.html,建築・住宅関連,https://www.city.shinagawa.tokyo.jp/PC/kankyo/kankyo-kenchiku/index.html,,23,関連確認,建築指導・建築確認
品川区,building_guidance,2,530_ マンション管理計画認定マンション一覧,https://www.city.shinagawa.tokyo.jp/PC/kankyo/kankyo-kenchiku/20230921160132.html,建築・住宅関連,https://www.city.shinagawa.tokyo.jp/PC/kankyo/kankyo-kenchiku/index.html,,23,関連確認,建築指導・建築確認
品川区,building_guidance,2,9999_ 旅館業への用途変更について,https://www.city.shinagawa.tokyo.jp/PC/kankyo/kankyo-kenchiku/20240322160018.html,建築・住宅関連,https://www.city.shinagawa.tokyo.jp/PC/kankyo/kankyo-kenchiku/index.html,,23,関連確認,建築指導・建築確認
品川区,building_guidance,2,9999_ 越境した木の枝の切取りルールの改正について,https://www.city.shinagawa.tokyo.jp/PC/kankyo/kankyo-kenchiku/20250902093556.html,建築・住宅関連,https://www.city.shinagawa.tokyo.jp/PC/kankyo/kankyo-kenchiku/index.html,,23,関連確認,建築指導・建築確認
品川区,building_guidance,2,9999_ 品川区の居住支援について,https://www.city.shinagawa.tokyo.jp/PC/kankyo/kankyo-kenchiku/20251022111445.html,建築・住宅関連,https://www.city.shinagawa.tokyo.jp/PC/kankyo/kankyo-kenchiku/index.html,,23,関連確認,建築指導・建築確認
品川区,building_guidance,2,371_ 新築・増改築時の住居表示の届け出について　※同一敷地内での建替も届け出が必要,https://www.city.shinagawa.tokyo.jp/PC/kankyo/kankyo-kenchiku/hpg000001163.html,建築・住宅関連,https://www.city.shinagawa.tokyo.jp/PC/kankyo/kankyo-kenchiku/index.html,,23,関連確認,建築指導・建築確認
品川区,building_guidance,2,431_ 東京都地域住宅計画,https://www.city.shinagawa.tokyo.jp/PC/kankyo/kankyo-kenchiku/hpg000003358.html,建築・住宅関連,https://www.city.shinagawa.tokyo.jp/PC/kankyo/kankyo-kenchiku/index.html,,23,関連確認,建築指導・建築確認
品川区,building_guidance,2,441_ 長期優良住宅について,https://www.city.shinagawa.tokyo.jp/PC/kankyo/kankyo-kenchiku/hpg000008314.html,建築・住宅関連,https://www.city.shinagawa.tokyo.jp/PC/kankyo/kankyo-kenchiku/index.html,,23,関連確認,建築指導・建築確認
品川区,building_guidance,2,71_ 建築課で発行する各種証明書の郵送請求について,https://www.city.shinagawa.tokyo.jp/PC/kankyo/kankyo-kenchiku/hpg000008543.html,建築・住宅関連,https://www.city.shinagawa.tokyo.jp/PC/kankyo/kankyo-kenchiku/index.html,,23,関連確認,建築指導・建築確認
品川区,building_guidance,2,451_ 住宅用家屋証明,https://www.city.shinagawa.tokyo.jp/PC/kankyo/kankyo-kenchiku/hpg000008795.html,建築・住宅関連,https://www.city.shinagawa.tokyo.jp/PC/kankyo/kankyo-kenchiku/index.html,,23,関連確認,建築指導・建築確認
品川区,building_guidance,2,501_ 平成23年度品川区住宅市場動向基礎調査報告書,https://www.city.shinagawa.tokyo.jp/PC/kankyo/kankyo-kenchiku/hpg000016868.html,建築・住宅関連,https://www.city.shinagawa.tokyo.jp/PC/kankyo/kankyo-kenchiku/index.html,,23,関連確認,建築指導・建築確認
品川区,building_guidance,2,131_ 低炭素建築物関係,https://www.city.shinagawa.tokyo.jp/PC/kankyo/kankyo-kenchiku/hpg000020165.html,建築・住宅関連,https://www.city.shinagawa.tokyo.jp/PC/kankyo/kankyo-kenchiku/index.html,,23,関連確認,建築指導・建築確認
品川区,building_guidance,2,541_ 品川区の空き家対策,https://www.city.shinagawa.tokyo.jp/PC/kankyo/kankyo-kenchiku/hpg000025056.html,建築・住宅関連,https://www.city.shinagawa.tokyo.jp/PC/kankyo/kankyo-kenchiku/index.html,,23,関連確認,建築指導・建築確認
品川区,building_guidance,2,541_ 住宅確保要配慮者入居促進事業,https://www.city.shinagawa.tokyo.jp/PC/kankyo/kankyo-kenchiku/hpg00002511.html,建築・住宅関連,https://www.city.shinagawa.tokyo.jp/PC/kankyo/kankyo-kenchiku/index.html,,23,関連確認,建築指導・建築確認
品川区,building_guidance,2,362_ 特定建築基準適合判定資格者（ルート2建築主事）の設置について,https://www.city.shinagawa.tokyo.jp/PC/kankyo/kankyo-kenchiku/hpg000025423.html,建築・住宅関連,https://www.city.shinagawa.tokyo.jp/PC/kankyo/kankyo-kenchiku/index.html,,23,関連確認,建築指導・建築確認
品川区,building_guidance,2,581_ 空き家および低未利用土地等に関する税制措置,https://www.city.shinagawa.tokyo.jp/PC/kankyo/kankyo-kenchiku/hpg000029857.html,建築・住宅関連,https://www.city.shinagawa.tokyo.jp/PC/kankyo/kankyo-kenchiku/index.html,,23,関連確認,建築指導・建築確認
品川区,building_guidance,2,1_ コンクリートブロック塀等安全化支援について,https://www.city.shinagawa.tokyo.jp/PC/kankyo/kankyo-kenchiku/hpg000031082.html,建築・住宅関連,https://www.city.shinagawa.tokyo.jp/PC/kankyo/kankyo-kenchiku/index.html,,23,関連確認,建築指導・建築確認
品川区,building_guidance,2,621_ 半地下家屋や地下室では浸水被害に注意,https://www.city.shinagawa.tokyo.jp/PC/kankyo/kankyo-kenchiku/hpg000031278.html,建築・住宅関連,https://www.city.shinagawa.tokyo.jp/PC/kankyo/kankyo-kenchiku/index.html,,23,関連確認,建築指導・建築確認
品川区,building_guidance,2,631_ 建築物省エネ法に基づく適合性判定,https://www.city.shinagawa.tokyo.jp/PC/kankyo/kankyo-kenchiku/hpg000031369.html,建築・住宅関連,https://www.city.shinagawa.tokyo.jp/PC/kankyo/kankyo-kenchiku/index.html,,23,関連確認,建築指導・建築確認
品川区,building_guidance,2,651_ 平成28年度品川区分譲マンション実態調査報告書,https://www.city.shinagawa.tokyo.jp/PC/kankyo/kankyo-kenchiku/hpg000031529.html,建築・住宅関連,https://www.city.shinagawa.tokyo.jp/PC/kankyo/kankyo-kenchiku/index.html,,23,関連確認,建築指導・建築確認
品川区,building_guidance,2,スマホ表示,https://www.city.shinagawa.tokyo.jp/PC/kankyo/kankyo-kenchiku/index.html#,建築・住宅関連,https://www.city.shinagawa.tokyo.jp/PC/kankyo/kankyo-kenchiku/index.html,,23,関連確認,建築指導・建築確認
品川区,building_guidance,2,PAGE TOPへ,https://www.city.shinagawa.tokyo.jp/PC/kankyo/kankyo-kenchiku/index.html#contents,建築・住宅関連,https://www.city.shinagawa.tokyo.jp/PC/kankyo/kankyo-kenchiku/index.html,,23,関連確認,建築指導・建築確認
品川区,building_guidance,2,本文へ移動します。,https://www.city.shinagawa.tokyo.jp/PC/kankyo/kankyo-kenchiku/index.html#jump,建築・住宅関連,https://www.city.shinagawa.tokyo.jp/PC/kankyo/kankyo-kenchiku/index.html,,23,関連確認,建築指導・建築確認
品川区,building_guidance,2,591_ がけ擁壁安全化支援,https://www.city.shinagawa.tokyo.jp/PC/kankyo/kankyo-kenchiku/kankyo-kenchiku-gakeyouheki/index.html,建築・住宅関連,https://www.city.shinagawa.tokyo.jp/PC/kankyo/kankyo-kenchiku/index.html,,23,関連確認,建築指導・建築確認
品川区,building_guidance,2,401_ 高齢者の住宅,https://www.city.shinagawa.tokyo.jp/PC/kankyo/kankyo-kenchiku/kankyo-kenchiku-koureisya/index.html,建築・住宅関連,https://www.city.shinagawa.tokyo.jp/PC/kankyo/kankyo-kenchiku/index.html,,23,関連確認,建築指導・建築確認
品川区,building_guidance,2,381_ 区営・区民住宅など公的住宅,https://www.city.shinagawa.tokyo.jp/PC/kankyo/kankyo-kenchiku/kankyo-kenchiku-koutekizyutaku/index.html,建築・住宅関連,https://www.city.shinagawa.tokyo.jp/PC/kankyo/kankyo-kenchiku/index.html,,23,関連確認,建築指導・建築確認
品川区,building_guidance,2,61_ 建築のてびき,https://www.city.shinagawa.tokyo.jp/PC/kankyo/kankyo-kenchiku/kankyo-kenchiku-tebiki/index.html,建築・住宅関連,https://www.city.shinagawa.tokyo.jp/PC/kankyo/kankyo-kenchiku/index.html,,23,関連確認,建築指導・建築確認
品川区,building_guidance,2,9999_ 建築計画概要書・台帳記載事項証明の閲覧・交付について,https://www.city.shinagawa.tokyo.jp/PC/kankyo/kankyo-kenchiku/kisaizikousyoumei.html,建築・住宅関連,https://www.city.shinagawa.tokyo.jp/PC/kankyo/kankyo-kenchiku/index.html,,23,関連確認,建築指導・建築確認
品川区,building_guidance,2,品川区居住支援協議会の開催状況,https://www.city.shinagawa.tokyo.jp/PC/kankyo/kankyo-kenchiku/kyojushien/20240227161843.html,環境 まちづくり,https://www.city.shinagawa.tokyo.jp/PC/kankyo/index.html,,23,関連確認,建築指導・建築確認
品川区,building_guidance,2,1181_ 建築紛争の予防と調整等（中高層建築物の建築、解体工事、建築審査会、調停委員会）,https://www.city.shinagawa.tokyo.jp/PC/kankyo/kankyo-toshiseibi/kankyo-toshiseibi-hunnsouyobou/index.html,都市整備,https://www.city.shinagawa.tokyo.jp/PC/kankyo/kankyo-toshiseibi/index.html,,23,関連確認,建築指導・建築確認
品川区,building_guidance,1,建築・住宅関連,https://www.city.shinagawa.tokyo.jp/PC/kankyo/kankyo-kenchiku/index.html,公式トップ,https://www.city.shinagawa.tokyo.jp/,,20,関連確認,建築指導・建築確認
品川区,building_guidance,2,9999_ 昇降機改修の手続きについて,https://www.city.shinagawa.tokyo.jp/PC/kankyo/kankyo-kenchiku/20190110140637.html,建築・住宅関連,https://www.city.shinagawa.tokyo.jp/PC/kankyo/kankyo-kenchiku/index.html,,13,参考,建築指導・建築確認
品川区,building_guidance,2,471_ 住宅相談会の開催,https://www.city.shinagawa.tokyo.jp/PC/kankyo/kankyo-kenchiku/20200330210811.html,建築・住宅関連,https://www.city.shinagawa.tokyo.jp/PC/kankyo/kankyo-kenchiku/index.html,,13,参考,建築指導・建築確認
品川区,building_guidance,2,531_ マンション管理計画認定申請のアドバイザー派遣,https://www.city.shinagawa.tokyo.jp/PC/kankyo/kankyo-kenchiku/20231226091207.html,建築・住宅関連,https://www.city.shinagawa.tokyo.jp/PC/kankyo/kankyo-kenchiku/index.html,,13,参考,建築指導・建築確認
品川区,building_guidance,2,51_ 地区計画の認定申請について,https://www.city.shinagawa.tokyo.jp/PC/kankyo/kankyo-kenchiku/hpg000000263.html,建築・住宅関連,https://www.city.shinagawa.tokyo.jp/PC/kankyo/kankyo-kenchiku/index.html,,13,参考,建築指導・建築確認
品川区,building_guidance,2,361_ 新築・増改築等のときは確認申請を,https://www.city.shinagawa.tokyo.jp/PC/kankyo/kankyo-kenchiku/hpg000001162.html,建築・住宅関連,https://www.city.shinagawa.tokyo.jp/PC/kankyo/kankyo-kenchiku/index.html,,13,参考,建築指導・建築確認
品川区,district_plan,2,9999_ 戸越六丁目地区地区計画について,https://www.city.shinagawa.tokyo.jp/PC/kankyo/kankyo-toshiseibi/20210219092120.html,都市整備,https://www.city.shinagawa.tokyo.jp/PC/kankyo/kankyo-toshiseibi/index.html,,43,優先確認,都市計画・用途地域
品川区,district_plan,2,9999_ 西品川二・三丁目地区地区計画について,https://www.city.shinagawa.tokyo.jp/PC/kankyo/kankyo-toshiseibi/20251014165418.html,都市整備,https://www.city.shinagawa.tokyo.jp/PC/kankyo/kankyo-toshiseibi/index.html,,43,優先確認,都市計画・用途地域
品川区,district_plan,2,9999_ 小山台一丁目地区防災街区整備地区計画について,https://www.city.shinagawa.tokyo.jp/PC/kankyo/kankyo-toshiseibi/20251111103608.html,都市整備,https://www.city.shinagawa.tokyo.jp/PC/kankyo/kankyo-toshiseibi/index.html,,43,優先確認,都市計画・用途地域
品川区,district_plan,2,1221_ 地域地区・地区計画等,https://www.city.shinagawa.tokyo.jp/PC/kankyo/kankyo-toshiseibi/hpg000019087.html,都市整備,https://www.city.shinagawa.tokyo.jp/PC/kankyo/kankyo-toshiseibi/index.html,,43,優先確認,都市計画・用途地域
品川区,district_plan,2,1141_ 品川区景観計画について,https://www.city.shinagawa.tokyo.jp/PC/kankyo/kankyo-toshiseibi/kankyo-toshiseibi-keikankeikaku/index.html,都市整備,https://www.city.shinagawa.tokyo.jp/PC/kankyo/kankyo-toshiseibi/index.html,,43,優先確認,都市計画・用途地域
品川区,district_plan,2,11_ 都市計画,https://www.city.shinagawa.tokyo.jp/PC/kankyo/kankyo-toshiseibi/toshikeikaku/index.html,都市整備,https://www.city.shinagawa.tokyo.jp/PC/kankyo/kankyo-toshiseibi/index.html,,43,優先確認,都市計画・用途地域
品川区,district_plan,2,9999_ しながわのまちづくり,https://www.city.shinagawa.tokyo.jp/PC/kankyo/kankyo-toshiseibi/20210128141435.html,都市整備,https://www.city.shinagawa.tokyo.jp/PC/kankyo/kankyo-toshiseibi/index.html,,23,関連確認,都市計画・用途地域
品川区,district_plan,2,コミュニティバス「しなバス」,https://www.city.shinagawa.tokyo.jp/PC/kankyo/kankyo-toshiseibi/20211220205530.html,環境 まちづくり,https://www.city.shinagawa.tokyo.jp/PC/kankyo/index.html,,23,関連確認,都市計画・用途地域
品川区,district_plan,2,9999_ 事業予定地の土地の有償譲渡の届出について（小山三丁目第1地区、小山三丁目第2地区）,https://www.city.shinagawa.tokyo.jp/PC/kankyo/kankyo-toshiseibi/20220629160811.html,都市整備,https://www.city.shinagawa.tokyo.jp/PC/kankyo/kankyo-toshiseibi/index.html,,23,関連確認,都市計画・用途地域
品川区,district_plan,2,1231_ 品川区自転車活用推進計画について,https://www.city.shinagawa.tokyo.jp/PC/kankyo/kankyo-toshiseibi/20221208211137.html,都市整備,https://www.city.shinagawa.tokyo.jp/PC/kankyo/kankyo-toshiseibi/index.html,,23,関連確認,都市計画・用途地域
品川区,district_plan,2,9999_ 大井・西大井地区防災まちづくりについて,https://www.city.shinagawa.tokyo.jp/PC/kankyo/kankyo-toshiseibi/20231128094516.html,都市整備,https://www.city.shinagawa.tokyo.jp/PC/kankyo/kankyo-toshiseibi/index.html,,23,関連確認,都市計画・用途地域
品川区,district_plan,2,11_ 宅地造成及び特定盛土等規制法（盛土規制法）に基づく宅地造成等工事許可など,https://www.city.shinagawa.tokyo.jp/PC/kankyo/kankyo-toshiseibi/20240227150703.html,都市整備,https://www.city.shinagawa.tokyo.jp/PC/kankyo/kankyo-toshiseibi/index.html,,23,関連確認,都市計画・用途地域
品川区,district_plan,2,9999_ 市街地再開発事業の状況,https://www.city.shinagawa.tokyo.jp/PC/kankyo/kankyo-toshiseibi/20250204142521.html,都市整備,https://www.city.shinagawa.tokyo.jp/PC/kankyo/kankyo-toshiseibi/index.html,,23,関連確認,都市計画・用途地域
品川区,district_plan,2,9999_ 事業予定地の土地の有償譲渡の届出について（戸越公園駅北地区第一種市街地再開発事業）,https://www.city.shinagawa.tokyo.jp/PC/kankyo/kankyo-toshiseibi/20250204161422.html,都市整備,https://www.city.shinagawa.tokyo.jp/PC/kankyo/kankyo-toshiseibi/index.html,,23,関連確認,都市計画・用途地域
品川区,district_plan,2,9999_ 「東京における都市計画道路の整備方針（仮称） 中間のまとめ」の公表について,https://www.city.shinagawa.tokyo.jp/PC/kankyo/kankyo-toshiseibi/20250723110434.html,都市整備,https://www.city.shinagawa.tokyo.jp/PC/kankyo/kankyo-toshiseibi/index.html,,23,関連確認,都市計画・用途地域
品川区,district_plan,2,1222_ 土地区画整理事業、市街地再開発事業、防災街区整備事業,https://www.city.shinagawa.tokyo.jp/PC/kankyo/kankyo-toshiseibi/20250728160642.html,都市整備,https://www.city.shinagawa.tokyo.jp/PC/kankyo/kankyo-toshiseibi/index.html,,23,関連確認,都市計画・用途地域
品川区,district_plan,2,9999_ 「東京における都市計画道路の整備方針（案）」の公表について,https://www.city.shinagawa.tokyo.jp/PC/kankyo/kankyo-toshiseibi/20251216143714.html,都市整備,https://www.city.shinagawa.tokyo.jp/PC/kankyo/kankyo-toshiseibi/index.html,,23,関連確認,都市計画・用途地域
品川区,district_plan,2,9999_ 戸越六丁目18･20番東地区防災街区整備事業組合設立認可に係る事業計画の縦覧について,https://www.city.shinagawa.tokyo.jp/PC/kankyo/kankyo-toshiseibi/20260424164817.html,都市整備,https://www.city.shinagawa.tokyo.jp/PC/kankyo/kankyo-toshiseibi/index.html,,23,関連確認,都市計画・用途地域
品川区,district_plan,2,羽田空港の機能強化について,https://www.city.shinagawa.tokyo.jp/PC/kankyo/kankyo-toshiseibi/haneda/hpg000023398.html,環境 まちづくり,https://www.city.shinagawa.tokyo.jp/PC/kankyo/index.html,,23,関連確認,都市計画・用途地域
品川区,district_plan,2,51_ 羽田空港の新飛行経路について,https://www.city.shinagawa.tokyo.jp/PC/kankyo/kankyo-toshiseibi/haneda/index.html,都市整備,https://www.city.shinagawa.tokyo.jp/PC/kankyo/kankyo-toshiseibi/index.html,,23,関連確認,都市計画・用途地域
品川区,district_plan,2,1081_ あなたの土地は地球のどこにありますか,https://www.city.shinagawa.tokyo.jp/PC/kankyo/kankyo-toshiseibi/hpg000001155.html,都市整備,https://www.city.shinagawa.tokyo.jp/PC/kankyo/kankyo-toshiseibi/index.html,,23,関連確認,都市計画・用途地域
品川区,district_plan,2,1091_ 環境の届け出,https://www.city.shinagawa.tokyo.jp/PC/kankyo/kankyo-toshiseibi/hpg000001330.html,都市整備,https://www.city.shinagawa.tokyo.jp/PC/kankyo/kankyo-toshiseibi/index.html,,23,関連確認,都市計画・用途地域
品川区,district_plan,2,1161_ 区役所第二駐車場内で、遮熱塗装工事による路面の温度低減効果を確認しました,https://www.city.shinagawa.tokyo.jp/PC/kankyo/kankyo-toshiseibi/hpg000012547.html,都市整備,https://www.city.shinagawa.tokyo.jp/PC/kankyo/kankyo-toshiseibi/index.html,,23,関連確認,都市計画・用途地域
品川区,district_plan,2,1171_ 東海道貨物支線貨客併用化,https://www.city.shinagawa.tokyo.jp/PC/kankyo/kankyo-toshiseibi/hpg000015256.html,都市整備,https://www.city.shinagawa.tokyo.jp/PC/kankyo/kankyo-toshiseibi/index.html,,23,関連確認,都市計画・用途地域
品川区,district_plan,2,1201_ 沿道の整備事業のご案内,https://www.city.shinagawa.tokyo.jp/PC/kankyo/kankyo-toshiseibi/hpg000017297.html,都市整備,https://www.city.shinagawa.tokyo.jp/PC/kankyo/kankyo-toshiseibi/index.html,,23,関連確認,都市計画・用途地域
品川区,district_plan,2,1231_ 品川区地域交通検討会（令和2年に「品川区地域公共交通会議」に移行）,https://www.city.shinagawa.tokyo.jp/PC/kankyo/kankyo-toshiseibi/hpg000021818.html,都市整備,https://www.city.shinagawa.tokyo.jp/PC/kankyo/kankyo-toshiseibi/index.html,,23,関連確認,都市計画・用途地域
品川区,district_plan,2,1231_ 品川区地域公共交通会議,https://www.city.shinagawa.tokyo.jp/PC/kankyo/kankyo-toshiseibi/hpg000021819.html,都市整備,https://www.city.shinagawa.tokyo.jp/PC/kankyo/kankyo-toshiseibi/index.html,,23,関連確認,都市計画・用途地域
品川区,district_plan,2,1361_ 「東京における都市計画道路の整備方針」について,https://www.city.shinagawa.tokyo.jp/PC/kankyo/kankyo-toshiseibi/hpg000027802.html,都市整備,https://www.city.shinagawa.tokyo.jp/PC/kankyo/kankyo-toshiseibi/index.html,,23,関連確認,都市計画・用途地域
品川区,district_plan,2,スマホ表示,https://www.city.shinagawa.tokyo.jp/PC/kankyo/kankyo-toshiseibi/index.html#,都市整備,https://www.city.shinagawa.tokyo.jp/PC/kankyo/kankyo-toshiseibi/index.html,,23,関連確認,都市計画・用途地域
品川区,district_plan,2,PAGE TOPへ,https://www.city.shinagawa.tokyo.jp/PC/kankyo/kankyo-toshiseibi/index.html#contents,都市整備,https://www.city.shinagawa.tokyo.jp/PC/kankyo/kankyo-toshiseibi/index.html,,23,関連確認,都市計画・用途地域
品川区,district_plan,2,本文へ移動します。,https://www.city.shinagawa.tokyo.jp/PC/kankyo/kankyo-toshiseibi/index.html#jump,都市整備,https://www.city.shinagawa.tokyo.jp/PC/kankyo/kankyo-toshiseibi/index.html,,23,関連確認,都市計画・用途地域
品川区,district_plan,2,1181_ 建築紛争の予防と調整等（中高層建築物の建築、解体工事、建築審査会、調停委員会）,https://www.city.shinagawa.tokyo.jp/PC/kankyo/kankyo-toshiseibi/kankyo-toshiseibi-hunnsouyobou/index.html,都市整備,https://www.city.shinagawa.tokyo.jp/PC/kankyo/kankyo-toshiseibi/index.html,,23,関連確認,都市計画・用途地域
品川区,district_plan,2,1111_ 都市計画法に基づく開発許可、土砂災害防止法に基づく特定開発許可,https://www.city.shinagawa.tokyo.jp/PC/kankyo/kankyo-toshiseibi/kankyo-toshiseibi-kaihatsukyoka/index.html,都市整備,https://www.city.shinagawa.tokyo.jp/PC/kankyo/kankyo-toshiseibi/index.html,,23,関連確認,都市計画・用途地域
品川区,district_plan,2,1371_ 特定整備路線沿道の都市計画変更について,https://www.city.shinagawa.tokyo.jp/PC/kankyo/kankyo-toshiseibi/kankyo-toshiseibi-keikakuhenkou/index.html,都市整備,https://www.city.shinagawa.tokyo.jp/PC/kankyo/kankyo-toshiseibi/index.html,,23,関連確認,都市計画・用途地域
品川区,district_plan,2,20_ 品川区まちづくりマスタープラン,https://www.city.shinagawa.tokyo.jp/PC/kankyo/kankyo-toshiseibi/kankyo-toshiseibi-masterplan/index.html,都市整備,https://www.city.shinagawa.tokyo.jp/PC/kankyo/kankyo-toshiseibi/index.html,,23,関連確認,都市計画・用途地域
品川区,district_plan,2,令和7年　大井町駅前中央通り社会実験,https://www.city.shinagawa.tokyo.jp/PC/kankyo/kankyo-toshiseibi/kankyo-toshiseibi-project/202510251114.html,環境 まちづくり,https://www.city.shinagawa.tokyo.jp/PC/kankyo/index.html,,23,関連確認,都市計画・用途地域
品川区,district_plan,2,1071_ プロジェクト,https://www.city.shinagawa.tokyo.jp/PC/kankyo/kankyo-toshiseibi/kankyo-toshiseibi-project/index.html,都市整備,https://www.city.shinagawa.tokyo.jp/PC/kankyo/kankyo-toshiseibi/index.html,,23,関連確認,都市計画・用途地域
品川区,district_plan,2,不燃化特区支援制度の事業延伸について,https://www.city.shinagawa.tokyo.jp/PC/kankyo/kankyo-toshiseibi/kankyo-toshiseibi-shien/20210114142924.html,環境 まちづくり,https://www.city.shinagawa.tokyo.jp/PC/kankyo/index.html,,23,関連確認,都市計画・用途地域
品川区,district_plan,2,1051_ まちづくりの支援,https://www.city.shinagawa.tokyo.jp/PC/kankyo/kankyo-toshiseibi/kankyo-toshiseibi-shien/index.html,都市整備,https://www.city.shinagawa.tokyo.jp/PC/kankyo/kankyo-toshiseibi/index.html,,23,関連確認,都市計画・用途地域
品川区,district_plan,2,1061_ 市街地整備,https://www.city.shinagawa.tokyo.jp/PC/kankyo/kankyo-toshiseibi/kankyo-toshiseibi-shigaichi/index.html,都市整備,https://www.city.shinagawa.tokyo.jp/PC/kankyo/kankyo-toshiseibi/index.html,,23,関連確認,都市計画・用途地域
品川区,district_plan,2,1191_ 開発環境指導要綱関係（宅地の区画割、中高層建築物、ワンルーム建築物、葬祭場等）,https://www.city.shinagawa.tokyo.jp/PC/kankyo/kankyo-toshiseibi/kankyo-toshiseibi-sidouyoukou/index.html,都市整備,https://www.city.shinagawa.tokyo.jp/PC/kankyo/kankyo-toshiseibi/index.html,,23,関連確認,都市計画・用途地域
品川区,district_plan,2,1101_ まちづくりの届け出,https://www.city.shinagawa.tokyo.jp/PC/kankyo/kankyo-toshiseibi/kankyo-toshiseibi-todokede/index.html,都市整備,https://www.city.shinagawa.tokyo.jp/PC/kankyo/kankyo-toshiseibi/index.html,,23,関連確認,都市計画・用途地域
品川区,district_plan,2,1111_ リニア中央新幹線（品川・名古屋間）について,https://www.city.shinagawa.tokyo.jp/PC/kankyo/kankyo-toshiseibi/riniashinkansenn/index.html,都市整備,https://www.city.shinagawa.tokyo.jp/PC/kankyo/kankyo-toshiseibi/index.html,,23,関連確認,都市計画・用途地域
品川区,district_plan,2,9999_ 八潮地区のまちづくり,https://www.city.shinagawa.tokyo.jp/PC/kankyo/kankyo-toshiseibi/yashio_machizukuri.html,都市整備,https://www.city.shinagawa.tokyo.jp/PC/kankyo/kankyo-toshiseibi/index.html,,23,関連確認,都市計画・用途地域
品川区,district_plan,2,国保医療年金課,https://www.city.shinagawa.tokyo.jp/PC/kuseizyoho/kuseizyoho-soshikitoshigoto/20190301171228.html,組織と仕事・お問い合わせ,https://www.city.shinagawa.tokyo.jp/PC/kuseizyoho/kuseizyoho-soshikitoshigoto/index.html,,23,関連確認,都市計画・用途地域
品川区,district_plan,2,子ども家庭支援センター,https://www.city.shinagawa.tokyo.jp/PC/kuseizyoho/kuseizyoho-soshikitoshigoto/20200401101603.html,組織と仕事・お問い合わせ,https://www.city.shinagawa.tokyo.jp/PC/kuseizyoho/kuseizyoho-soshikitoshigoto/index.html,,23,関連確認,都市計画・用途地域
品川区,district_plan,2,新庁舎整備課,https://www.city.shinagawa.tokyo.jp/PC/kuseizyoho/kuseizyoho-soshikitoshigoto/20220401114336.html,組織と仕事・お問い合わせ,https://www.city.shinagawa.tokyo.jp/PC/kuseizyoho/kuseizyoho-soshikitoshigoto/index.html,,23,関連確認,都市計画・用途地域
品川区,district_plan,2,障害者施策推進課,https://www.city.shinagawa.tokyo.jp/PC/kuseizyoho/kuseizyoho-soshikitoshigoto/20220401144834.html,組織と仕事・お問い合わせ,https://www.city.shinagawa.tokyo.jp/PC/kuseizyoho/kuseizyoho-soshikitoshigoto/index.html,,23,関連確認,都市計画・用途地域
品川区,district_plan,2,保育入園調整課,https://www.city.shinagawa.tokyo.jp/PC/kuseizyoho/kuseizyoho-soshikitoshigoto/20240328200109.html,組織と仕事・お問い合わせ,https://www.city.shinagawa.tokyo.jp/PC/kuseizyoho/kuseizyoho-soshikitoshigoto/index.html,,23,関連確認,都市計画・用途地域
品川区,district_plan,2,地域交通政策課,https://www.city.shinagawa.tokyo.jp/PC/kuseizyoho/kuseizyoho-soshikitoshigoto/20240328200829.html,組織と仕事・お問い合わせ,https://www.city.shinagawa.tokyo.jp/PC/kuseizyoho/kuseizyoho-soshikitoshigoto/index.html,,23,関連確認,都市計画・用途地域
品川区,district_plan,2,地域医療連携課,https://www.city.shinagawa.tokyo.jp/PC/kuseizyoho/kuseizyoho-soshikitoshigoto/20240328201948.html,組織と仕事・お問い合わせ,https://www.city.shinagawa.tokyo.jp/PC/kuseizyoho/kuseizyoho-soshikitoshigoto/index.html,,23,関連確認,都市計画・用途地域
品川区,district_plan,2,デジタル推進課,https://www.city.shinagawa.tokyo.jp/PC/kuseizyoho/kuseizyoho-soshikitoshigoto/hpg000008158.html,組織と仕事・お問い合わせ,https://www.city.shinagawa.tokyo.jp/PC/kuseizyoho/kuseizyoho-soshikitoshigoto/index.html,,23,関連確認,都市計画・用途地域
品川区,district_plan,2,総務課,https://www.city.shinagawa.tokyo.jp/PC/kuseizyoho/kuseizyoho-soshikitoshigoto/hpg000008159.html,組織と仕事・お問い合わせ,https://www.city.shinagawa.tokyo.jp/PC/kuseizyoho/kuseizyoho-soshikitoshigoto/index.html,,23,関連確認,都市計画・用途地域
品川区,district_plan,2,人権・ジェンダー平等推進課,https://www.city.shinagawa.tokyo.jp/PC/kuseizyoho/kuseizyoho-soshikitoshigoto/hpg000008160.html,組織と仕事・お問い合わせ,https://www.city.shinagawa.tokyo.jp/PC/kuseizyoho/kuseizyoho-soshikitoshigoto/index.html,,23,関連確認,都市計画・用途地域
品川区,district_plan,2,人事課,https://www.city.shinagawa.tokyo.jp/PC/kuseizyoho/kuseizyoho-soshikitoshigoto/hpg000008161.html,組織と仕事・お問い合わせ,https://www.city.shinagawa.tokyo.jp/PC/kuseizyoho/kuseizyoho-soshikitoshigoto/index.html,,23,関連確認,都市計画・用途地域
品川区,district_plan,2,経理課,https://www.city.shinagawa.tokyo.jp/PC/kuseizyoho/kuseizyoho-soshikitoshigoto/hpg000008162.html,組織と仕事・お問い合わせ,https://www.city.shinagawa.tokyo.jp/PC/kuseizyoho/kuseizyoho-soshikitoshigoto/index.html,,23,関連確認,都市計画・用途地域
品川区,district_plan,2,税務課,https://www.city.shinagawa.tokyo.jp/PC/kuseizyoho/kuseizyoho-soshikitoshigoto/hpg000008163.html,組織と仕事・お問い合わせ,https://www.city.shinagawa.tokyo.jp/PC/kuseizyoho/kuseizyoho-soshikitoshigoto/index.html,,23,関連確認,都市計画・用途地域
品川区,district_plan,2,地域活動課,https://www.city.shinagawa.tokyo.jp/PC/kuseizyoho/kuseizyoho-soshikitoshigoto/hpg000008164.html,組織と仕事・お問い合わせ,https://www.city.shinagawa.tokyo.jp/PC/kuseizyoho/kuseizyoho-soshikitoshigoto/index.html,,23,関連確認,都市計画・用途地域
品川区,district_plan,2,戸籍住民課,https://www.city.shinagawa.tokyo.jp/PC/kuseizyoho/kuseizyoho-soshikitoshigoto/hpg000008168.html,組織と仕事・お問い合わせ,https://www.city.shinagawa.tokyo.jp/PC/kuseizyoho/kuseizyoho-soshikitoshigoto/index.html,,23,関連確認,都市計画・用途地域
品川区,district_plan,2,高齢者地域支援課,https://www.city.shinagawa.tokyo.jp/PC/kuseizyoho/kuseizyoho-soshikitoshigoto/hpg000008173.html,組織と仕事・お問い合わせ,https://www.city.shinagawa.tokyo.jp/PC/kuseizyoho/kuseizyoho-soshikitoshigoto/index.html,,23,関連確認,都市計画・用途地域
品川区,district_plan,2,都市計画課,https://www.city.shinagawa.tokyo.jp/PC/kuseizyoho/kuseizyoho-soshikitoshigoto/hpg000008175.html,組織と仕事・お問い合わせ,https://www.city.shinagawa.tokyo.jp/PC/kuseizyoho/kuseizyoho-soshikitoshigoto/index.html,,23,関連確認,都市計画・用途地域
品川区,district_plan,2,生活福祉課,https://www.city.shinagawa.tokyo.jp/PC/kuseizyoho/kuseizyoho-soshikitoshigoto/hpg000008176.html,組織と仕事・お問い合わせ,https://www.city.shinagawa.tokyo.jp/PC/kuseizyoho/kuseizyoho-soshikitoshigoto/index.html,,23,関連確認,都市計画・用途地域
品川区,district_plan,2,健康課,https://www.city.shinagawa.tokyo.jp/PC/kuseizyoho/kuseizyoho-soshikitoshigoto/hpg000008179.html,組織と仕事・お問い合わせ,https://www.city.shinagawa.tokyo.jp/PC/kuseizyoho/kuseizyoho-soshikitoshigoto/index.html,,23,関連確認,都市計画・用途地域
品川区,district_plan,2,都市開発課,https://www.city.shinagawa.tokyo.jp/PC/kuseizyoho/kuseizyoho-soshikitoshigoto/hpg000008180.html,組織と仕事・お問い合わせ,https://www.city.shinagawa.tokyo.jp/PC/kuseizyoho/kuseizyoho-soshikitoshigoto/index.html,,23,関連確認,都市計画・用途地域
品川区,district_plan,2,生活衛生課,https://www.city.shinagawa.tokyo.jp/PC/kuseizyoho/kuseizyoho-soshikitoshigoto/hpg000008181.html,組織と仕事・お問い合わせ,https://www.city.shinagawa.tokyo.jp/PC/kuseizyoho/kuseizyoho-soshikitoshigoto/index.html,,23,関連確認,都市計画・用途地域
品川区,district_plan,2,保健予防課,https://www.city.shinagawa.tokyo.jp/PC/kuseizyoho/kuseizyoho-soshikitoshigoto/hpg000008182.html,組織と仕事・お問い合わせ,https://www.city.shinagawa.tokyo.jp/PC/kuseizyoho/kuseizyoho-soshikitoshigoto/index.html,,23,関連確認,都市計画・用途地域
品川区,district_plan,2,河川下水道課,https://www.city.shinagawa.tokyo.jp/PC/kuseizyoho/kuseizyoho-soshikitoshigoto/hpg000008183.html,組織と仕事・お問い合わせ,https://www.city.shinagawa.tokyo.jp/PC/kuseizyoho/kuseizyoho-soshikitoshigoto/index.html,,23,関連確認,都市計画・用途地域
品川区,district_plan,2,大井保健センター,https://www.city.shinagawa.tokyo.jp/PC/kuseizyoho/kuseizyoho-soshikitoshigoto/hpg000008185.html,組織と仕事・お問い合わせ,https://www.city.shinagawa.tokyo.jp/PC/kuseizyoho/kuseizyoho-soshikitoshigoto/index.html,,23,関連確認,都市計画・用途地域
品川区,district_plan,2,建築課,https://www.city.shinagawa.tokyo.jp/PC/kuseizyoho/kuseizyoho-soshikitoshigoto/hpg000008187.html,組織と仕事・お問い合わせ,https://www.city.shinagawa.tokyo.jp/PC/kuseizyoho/kuseizyoho-soshikitoshigoto/index.html,,23,関連確認,都市計画・用途地域
品川区,district_plan,2,公園課,https://www.city.shinagawa.tokyo.jp/PC/kuseizyoho/kuseizyoho-soshikitoshigoto/hpg000008188.html,組織と仕事・お問い合わせ,https://www.city.shinagawa.tokyo.jp/PC/kuseizyoho/kuseizyoho-soshikitoshigoto/index.html,,23,関連確認,都市計画・用途地域
品川区,district_plan,2,会計管理室,https://www.city.shinagawa.tokyo.jp/PC/kuseizyoho/kuseizyoho-soshikitoshigoto/hpg000008189.html,組織と仕事・お問い合わせ,https://www.city.shinagawa.tokyo.jp/PC/kuseizyoho/kuseizyoho-soshikitoshigoto/index.html,,23,関連確認,都市計画・用途地域
品川区,district_plan,2,環境課,https://www.city.shinagawa.tokyo.jp/PC/kuseizyoho/kuseizyoho-soshikitoshigoto/hpg000008190.html,組織と仕事・お問い合わせ,https://www.city.shinagawa.tokyo.jp/PC/kuseizyoho/kuseizyoho-soshikitoshigoto/index.html,,23,関連確認,都市計画・用途地域
品川区,district_plan,2,区議会事務局,https://www.city.shinagawa.tokyo.jp/PC/kuseizyoho/kuseizyoho-soshikitoshigoto/hpg000008191.html,組織と仕事・お問い合わせ,https://www.city.shinagawa.tokyo.jp/PC/kuseizyoho/kuseizyoho-soshikitoshigoto/index.html,,23,関連確認,都市計画・用途地域
品川区,district_plan,2,土木管理課,https://www.city.shinagawa.tokyo.jp/PC/kuseizyoho/kuseizyoho-soshikitoshigoto/hpg000008192.html,組織と仕事・お問い合わせ,https://www.city.shinagawa.tokyo.jp/PC/kuseizyoho/kuseizyoho-soshikitoshigoto/index.html,,23,関連確認,都市計画・用途地域
品川区,district_plan,2,庶務課,https://www.city.shinagawa.tokyo.jp/PC/kuseizyoho/kuseizyoho-soshikitoshigoto/hpg000008193.html,組織と仕事・お問い合わせ,https://www.city.shinagawa.tokyo.jp/PC/kuseizyoho/kuseizyoho-soshikitoshigoto/index.html,,23,関連確認,都市計画・用途地域
品川区,district_plan,2,道路課,https://www.city.shinagawa.tokyo.jp/PC/kuseizyoho/kuseizyoho-soshikitoshigoto/hpg000008194.html,組織と仕事・お問い合わせ,https://www.city.shinagawa.tokyo.jp/PC/kuseizyoho/kuseizyoho-soshikitoshigoto/index.html,,23,関連確認,都市計画・用途地域
品川区,district_plan,2,品川区清掃事務所,https://www.city.shinagawa.tokyo.jp/PC/kuseizyoho/kuseizyoho-soshikitoshigoto/hpg000008195.html,組織と仕事・お問い合わせ,https://www.city.shinagawa.tokyo.jp/PC/kuseizyoho/kuseizyoho-soshikitoshigoto/index.html,,23,関連確認,都市計画・用途地域
品川区,district_plan,2,学務課,https://www.city.shinagawa.tokyo.jp/PC/kuseizyoho/kuseizyoho-soshikitoshigoto/hpg000008196.html,組織と仕事・お問い合わせ,https://www.city.shinagawa.tokyo.jp/PC/kuseizyoho/kuseizyoho-soshikitoshigoto/index.html,,23,関連確認,都市計画・用途地域
品川区,district_plan,2,指導課,https://www.city.shinagawa.tokyo.jp/PC/kuseizyoho/kuseizyoho-soshikitoshigoto/hpg000008197.html,組織と仕事・お問い合わせ,https://www.city.shinagawa.tokyo.jp/PC/kuseizyoho/kuseizyoho-soshikitoshigoto/index.html,,23,関連確認,都市計画・用途地域
品川区,district_plan,2,選挙管理委員会事務局,https://www.city.shinagawa.tokyo.jp/PC/kuseizyoho/kuseizyoho-soshikitoshigoto/hpg000008199.html,組織と仕事・お問い合わせ,https://www.city.shinagawa.tokyo.jp/PC/kuseizyoho/kuseizyoho-soshikitoshigoto/index.html,,23,関連確認,都市計画・用途地域
品川区,district_plan,2,監査委員事務局,https://www.city.shinagawa.tokyo.jp/PC/kuseizyoho/kuseizyoho-soshikitoshigoto/hpg000008200.html,組織と仕事・お問い合わせ,https://www.city.shinagawa.tokyo.jp/PC/kuseizyoho/kuseizyoho-soshikitoshigoto/index.html,,23,関連確認,都市計画・用途地域
品川区,district_plan,2,福祉計画課,https://www.city.shinagawa.tokyo.jp/PC/kuseizyoho/kuseizyoho-soshikitoshigoto/hpg000021809.html,組織と仕事・お問い合わせ,https://www.city.shinagawa.tokyo.jp/PC/kuseizyoho/kuseizyoho-soshikitoshigoto/index.html,,23,関連確認,都市計画・用途地域
品川区,district_plan,2,企画課,https://www.city.shinagawa.tokyo.jp/PC/kuseizyoho/kuseizyoho-soshikitoshigoto/hpg000024860.html,組織と仕事・お問い合わせ,https://www.city.shinagawa.tokyo.jp/PC/kuseizyoho/kuseizyoho-soshikitoshigoto/index.html,,23,関連確認,都市計画・用途地域
品川区,district_plan,2,財政課,https://www.city.shinagawa.tokyo.jp/PC/kuseizyoho/kuseizyoho-soshikitoshigoto/hpg000024861.html,組織と仕事・お問い合わせ,https://www.city.shinagawa.tokyo.jp/PC/kuseizyoho/kuseizyoho-soshikitoshigoto/index.html,,23,関連確認,都市計画・用途地域
品川区,district_plan,2,教育総合支援センター,https://www.city.shinagawa.tokyo.jp/PC/kuseizyoho/kuseizyoho-soshikitoshigoto/hpg000024881.html,組織と仕事・お問い合わせ,https://www.city.shinagawa.tokyo.jp/PC/kuseizyoho/kuseizyoho-soshikitoshigoto/index.html,,23,関連確認,都市計画・用途地域
品川区,district_plan,2,文化観光戦略課,https://www.city.shinagawa.tokyo.jp/PC/kuseizyoho/kuseizyoho-soshikitoshigoto/hpg000024883.html,組織と仕事・お問い合わせ,https://www.city.shinagawa.tokyo.jp/PC/kuseizyoho/kuseizyoho-soshikitoshigoto/index.html,,23,関連確認,都市計画・用途地域
品川区,district_plan,2,スポーツ推進課,https://www.city.shinagawa.tokyo.jp/PC/kuseizyoho/kuseizyoho-soshikitoshigoto/hpg000024884.html,組織と仕事・お問い合わせ,https://www.city.shinagawa.tokyo.jp/PC/kuseizyoho/kuseizyoho-soshikitoshigoto/index.html,,23,関連確認,都市計画・用途地域
品川区,district_plan,2,子ども育成課,https://www.city.shinagawa.tokyo.jp/PC/kuseizyoho/kuseizyoho-soshikitoshigoto/hpg000024886.html,組織と仕事・お問い合わせ,https://www.city.shinagawa.tokyo.jp/PC/kuseizyoho/kuseizyoho-soshikitoshigoto/index.html,,23,関連確認,都市計画・用途地域
品川区,district_plan,2,木密整備推進課,https://www.city.shinagawa.tokyo.jp/PC/kuseizyoho/kuseizyoho-soshikitoshigoto/hpg000024888.html,組織と仕事・お問い合わせ,https://www.city.shinagawa.tokyo.jp/PC/kuseizyoho/kuseizyoho-soshikitoshigoto/index.html,,23,関連確認,都市計画・用途地域
品川区,district_plan,2,品川保健センター,https://www.city.shinagawa.tokyo.jp/PC/kuseizyoho/kuseizyoho-soshikitoshigoto/hpg000024955.html,組織と仕事・お問い合わせ,https://www.city.shinagawa.tokyo.jp/PC/kuseizyoho/kuseizyoho-soshikitoshigoto/index.html,,23,関連確認,都市計画・用途地域
品川区,district_plan,2,住宅課,https://www.city.shinagawa.tokyo.jp/PC/kuseizyoho/kuseizyoho-soshikitoshigoto/hpg000027754.html,組織と仕事・お問い合わせ,https://www.city.shinagawa.tokyo.jp/PC/kuseizyoho/kuseizyoho-soshikitoshigoto/index.html,,23,関連確認,都市計画・用途地域
品川区,district_plan,2,荏原保健センター,https://www.city.shinagawa.tokyo.jp/PC/kuseizyoho/kuseizyoho-soshikitoshigoto/hpg000030761.html,組織と仕事・お問い合わせ,https://www.city.shinagawa.tokyo.jp/PC/kuseizyoho/kuseizyoho-soshikitoshigoto/index.html,,23,関連確認,都市計画・用途地域
品川区,district_plan,2,地域産業振興課,https://www.city.shinagawa.tokyo.jp/PC/kuseizyoho/kuseizyoho-soshikitoshigoto/hpg000030818.html,組織と仕事・お問い合わせ,https://www.city.shinagawa.tokyo.jp/PC/kuseizyoho/kuseizyoho-soshikitoshigoto/index.html,,23,関連確認,都市計画・用途地域
品川区,district_plan,2,子育て応援課,https://www.city.shinagawa.tokyo.jp/PC/kuseizyoho/kuseizyoho-soshikitoshigoto/hpg000030876.html,組織と仕事・お問い合わせ,https://www.city.shinagawa.tokyo.jp/PC/kuseizyoho/kuseizyoho-soshikitoshigoto/index.html,,23,関連確認,都市計画・用途地域
品川区,district_plan,2,防災課,https://www.city.shinagawa.tokyo.jp/PC/kuseizyoho/kuseizyoho-soshikitoshigoto/hpg000033418.html,組織と仕事・お問い合わせ,https://www.city.shinagawa.tokyo.jp/PC/kuseizyoho/kuseizyoho-soshikitoshigoto/index.html,,23,関連確認,都市計画・用途地域
品川区,district_plan,2,高齢者福祉課,https://www.city.shinagawa.tokyo.jp/PC/kuseizyoho/kuseizyoho-soshikitoshigoto/hpg000033482.html,組織と仕事・お問い合わせ,https://www.city.shinagawa.tokyo.jp/PC/kuseizyoho/kuseizyoho-soshikitoshigoto/index.html,,23,関連確認,都市計画・用途地域
品川区,district_plan,2,障害者支援課,https://www.city.shinagawa.tokyo.jp/PC/kuseizyoho/kuseizyoho-soshikitoshigoto/hpg000033576.html,組織と仕事・お問い合わせ,https://www.city.shinagawa.tokyo.jp/PC/kuseizyoho/kuseizyoho-soshikitoshigoto/index.html,,23,関連確認,都市計画・用途地域
品川区,district_plan,2,スマホ表示,https://www.city.shinagawa.tokyo.jp/PC/kuseizyoho/kuseizyoho-soshikitoshigoto/index.html#,組織と仕事・お問い合わせ,https://www.city.shinagawa.tokyo.jp/PC/kuseizyoho/kuseizyoho-soshikitoshigoto/index.html,,23,関連確認,都市計画・用途地域
品川区,district_plan,2,PAGE TOPへ,https://www.city.shinagawa.tokyo.jp/PC/kuseizyoho/kuseizyoho-soshikitoshigoto/index.html#contents,組織と仕事・お問い合わせ,https://www.city.shinagawa.tokyo.jp/PC/kuseizyoho/kuseizyoho-soshikitoshigoto/index.html,,23,関連確認,都市計画・用途地域
品川区,district_plan,2,本文へ移動します。,https://www.city.shinagawa.tokyo.jp/PC/kuseizyoho/kuseizyoho-soshikitoshigoto/index.html#jump,組織と仕事・お問い合わせ,https://www.city.shinagawa.tokyo.jp/PC/kuseizyoho/kuseizyoho-soshikitoshigoto/index.html,,23,関連確認,都市計画・用途地域
品川区,district_plan,1,都市整備,https://www.city.shinagawa.tokyo.jp/PC/kankyo/kankyo-toshiseibi/index.html,公式トップ,https://www.city.shinagawa.tokyo.jp/,,20,関連確認,都市計画・用途地域
品川区,district_plan,1,図書館,https://www.city.shinagawa.tokyo.jp/PC/kuseizyoho/kuseizyoho-soshikitoshigoto/hpg000008198.html,公式トップ,https://www.city.shinagawa.tokyo.jp/,,20,関連確認,都市計画・用途地域
品川区,district_plan,1,組織と仕事・お問い合わせ,https://www.city.shinagawa.tokyo.jp/PC/kuseizyoho/kuseizyoho-soshikitoshigoto/index.html,公式トップ,https://www.city.shinagawa.tokyo.jp/,,20,関連確認,都市計画・用途地域
品川区,district_plan,2,51_ 地区計画の認定申請について,https://www.city.shinagawa.tokyo.jp/PC/kankyo/kankyo-kenchiku/hpg000000263.html,建築・住宅関連,https://www.city.shinagawa.tokyo.jp/PC/kankyo/kankyo-kenchiku/index.html,,13,参考,都市計画・用途地域
品川区,district_plan,2,9999_ 屋外広告物許可申請の手続き,https://www.city.shinagawa.tokyo.jp/PC/kankyo/kankyo-toshiseibi/20181130175438.html,都市整備,https://www.city.shinagawa.tokyo.jp/PC/kankyo/kankyo-toshiseibi/index.html,,13,参考,都市計画・用途地域
品川区,district_plan,2,保育施設運営課,https://www.city.shinagawa.tokyo.jp/PC/kuseizyoho/kuseizyoho-soshikitoshigoto/20240328200411.html,組織と仕事・お問い合わせ,https://www.city.shinagawa.tokyo.jp/PC/kuseizyoho/kuseizyoho-soshikitoshigoto/index.html,,13,参考,都市計画・用途地域
品川区,district_plan,2,施設整備課,https://www.city.shinagawa.tokyo.jp/PC/kuseizyoho/kuseizyoho-soshikitoshigoto/hpg000008156.html,組織と仕事・お問い合わせ,https://www.city.shinagawa.tokyo.jp/PC/kuseizyoho/kuseizyoho-soshikitoshigoto/index.html,,13,参考,都市計画・用途地域
品川区,district_plan,2,品川区児童相談所,https://www.city.shinagawa.tokyo.jp/PC/kuseizyoho/kuseizyoho-soshikitoshigoto/hpg000008533.html,組織と仕事・お問い合わせ,https://www.city.shinagawa.tokyo.jp/PC/kuseizyoho/kuseizyoho-soshikitoshigoto/index.html,,13,参考,都市計画・用途地域
品川区,hazard,1,浸水に関するハザードマップと浸水実績,https://www.city.shinagawa.tokyo.jp/PC/bosai/bosai2/taihu/hpg000020939.html,公式トップ,https://www.city.shinagawa.tokyo.jp/,,55,優先確認,ハザード・災害リスク
品川区,hazard,2,耳で聴くハザードマップについて,https://www.city.shinagawa.tokyo.jp/PC/bosai/bosai2/20240617084413.html,防災,https://www.city.shinagawa.tokyo.jp/PC/bosai/bosai2/index.html,,38,関連確認,ハザード・災害リスク
品川区,hazard,2,621_ 半地下家屋や地下室では浸水被害に注意,https://www.city.shinagawa.tokyo.jp/PC/kankyo/kankyo-kenchiku/hpg000031278.html,建築・住宅関連,https://www.city.shinagawa.tokyo.jp/PC/kankyo/kankyo-kenchiku/index.html,,23,関連確認,ハザード・災害リスク
品川区,hazard,2,101_ 品川区が取り組む浸水対策事業,https://www.city.shinagawa.tokyo.jp/PC/kankyo/kankyo-mizube/hpg000022396.html,水辺・下水道,https://www.city.shinagawa.tokyo.jp/PC/kankyo/kankyo-mizube/index.html,,23,関連確認,ハザード・災害リスク
品川区,hazard,2,1111_ 都市計画法に基づく開発許可、土砂災害防止法に基づく特定開発許可,https://www.city.shinagawa.tokyo.jp/PC/kankyo/kankyo-toshiseibi/kankyo-toshiseibi-kaihatsukyoka/index.html,都市整備,https://www.city.shinagawa.tokyo.jp/PC/kankyo/kankyo-toshiseibi/index.html,,23,関連確認,ハザード・災害リスク
品川区,hazard,2,,https://www.city.shinagawa.tokyo.jp/PC/bosai/bosai2/panfu/map/hpg000022947.html,救急・防災・防犯,https://www.city.shinagawa.tokyo.jp/PC/search/security_safety.html,,11,参考,ハザード・災害リスク
品川区,road,2,491_ 指定道路図（建築基準法上の道路種別）,https://www.city.shinagawa.tokyo.jp/PC/kankyo/kankyo-kenchiku/hpg000016085.html,建築・住宅関連,https://www.city.shinagawa.tokyo.jp/PC/kankyo/kankyo-kenchiku/index.html,,83,優先確認,道路・接道確認
品川区,road,2,9999_ デザインマンホール、マンホールカードについて,https://www.city.shinagawa.tokyo.jp/PC/kankyo/kankyo-doro/20181016161115.html,道路,https://www.city.shinagawa.tokyo.jp/PC/kankyo/kankyo-doro/index.html,,23,関連確認,道路・接道確認
品川区,road,2,9999_ 区有地との境界確定等に関すること,https://www.city.shinagawa.tokyo.jp/PC/kankyo/kankyo-doro/20190618172539.html,道路,https://www.city.shinagawa.tokyo.jp/PC/kankyo/kankyo-doro/index.html,,23,関連確認,道路・接道確認
品川区,road,2,9999_ しながわ景観美化隊（違反広告物除却協力員）に関すること,https://www.city.shinagawa.tokyo.jp/PC/kankyo/kankyo-doro/20190621161846.html,道路,https://www.city.shinagawa.tokyo.jp/PC/kankyo/kankyo-doro/index.html,,23,関連確認,道路・接道確認
品川区,road,2,9999_ 品川区無電柱化推進事業について,https://www.city.shinagawa.tokyo.jp/PC/kankyo/kankyo-doro/20190719092258.html,道路,https://www.city.shinagawa.tokyo.jp/PC/kankyo/kankyo-doro/index.html,,23,関連確認,道路・接道確認
品川区,road,2,9999_ 公共基準点等各種届出,https://www.city.shinagawa.tokyo.jp/PC/kankyo/kankyo-doro/20190719142443.html,道路,https://www.city.shinagawa.tokyo.jp/PC/kankyo/kankyo-doro/index.html,,23,関連確認,道路・接道確認
品川区,road,2,9999_ 道路占用料等の納付期限の猶予について,https://www.city.shinagawa.tokyo.jp/PC/kankyo/kankyo-doro/20200423141403.html,道路,https://www.city.shinagawa.tokyo.jp/PC/kankyo/kankyo-doro/index.html,,23,関連確認,道路・接道確認
品川区,road,2,651_ 沿道掘削届出書,https://www.city.shinagawa.tokyo.jp/PC/kankyo/kankyo-doro/20200907101517.html,道路,https://www.city.shinagawa.tokyo.jp/PC/kankyo/kankyo-doro/index.html,,23,関連確認,道路・接道確認
品川区,road,2,9999_ 強風などに備えた工事用仮囲いや看板等の点検について,https://www.city.shinagawa.tokyo.jp/PC/kankyo/kankyo-doro/20210105082535.html,道路,https://www.city.shinagawa.tokyo.jp/PC/kankyo/kankyo-doro/index.html,,23,関連確認,道路・接道確認
品川区,road,2,9999_ 春季の強風などに備えた工事用足場等の点検について,https://www.city.shinagawa.tokyo.jp/PC/kankyo/kankyo-doro/20210304172853.html,道路,https://www.city.shinagawa.tokyo.jp/PC/kankyo/kankyo-doro/index.html,,23,関連確認,道路・接道確認
品川区,road,2,9999_ 標準構造図（道路編）,https://www.city.shinagawa.tokyo.jp/PC/kankyo/kankyo-doro/20210708153341.html,道路,https://www.city.shinagawa.tokyo.jp/PC/kankyo/kankyo-doro/index.html,,23,関連確認,道路・接道確認
品川区,road,2,9999_ ユニバーサルデザインガイドライン,https://www.city.shinagawa.tokyo.jp/PC/kankyo/kankyo-doro/20210708155926.html,道路,https://www.city.shinagawa.tokyo.jp/PC/kankyo/kankyo-doro/index.html,,23,関連確認,道路・接道確認
品川区,road,2,9999_ 工事等で境界標等に近接または支障がある場合の届出,https://www.city.shinagawa.tokyo.jp/PC/kankyo/kankyo-doro/20230317133905.html,道路,https://www.city.shinagawa.tokyo.jp/PC/kankyo/kankyo-doro/index.html,,23,関連確認,道路・接道確認
品川区,road,2,1151_ 橋梁長寿命化修繕計画,https://www.city.shinagawa.tokyo.jp/PC/kankyo/kankyo-doro/20251226171500.html,道路,https://www.city.shinagawa.tokyo.jp/PC/kankyo/kankyo-doro/index.html,,23,関連確認,道路・接道確認
品川区,road,2,621_ 道路・公園等に関する問い合わせ先,https://www.city.shinagawa.tokyo.jp/PC/kankyo/kankyo-doro/hpg000001166.html,道路,https://www.city.shinagawa.tokyo.jp/PC/kankyo/kankyo-doro/index.html,,23,関連確認,道路・接道確認
品川区,road,2,691_ 道路上工事等の施工に関する注意事項についてお願い,https://www.city.shinagawa.tokyo.jp/PC/kankyo/kankyo-doro/hpg000004075.html,道路,https://www.city.shinagawa.tokyo.jp/PC/kankyo/kankyo-doro/index.html,,23,関連確認,道路・接道確認
品川区,road,2,701_ 区道を調べるには,https://www.city.shinagawa.tokyo.jp/PC/kankyo/kankyo-doro/hpg000009459.html,道路,https://www.city.shinagawa.tokyo.jp/PC/kankyo/kankyo-doro/index.html,,23,関連確認,道路・接道確認
品川区,road,2,721_ 通学路緊急合同点検結果,https://www.city.shinagawa.tokyo.jp/PC/kankyo/kankyo-doro/hpg000019086.html,道路,https://www.city.shinagawa.tokyo.jp/PC/kankyo/kankyo-doro/index.html,,23,関連確認,道路・接道確認
品川区,road,2,731_ 道路平面図・公園案内図,https://www.city.shinagawa.tokyo.jp/PC/kankyo/kankyo-doro/hpg000019994.html,道路,https://www.city.shinagawa.tokyo.jp/PC/kankyo/kankyo-doro/index.html,,23,関連確認,道路・接道確認
品川区,road,2,11_ 品川区道路愛称名,https://www.city.shinagawa.tokyo.jp/PC/kankyo/kankyo-doro/hpg000022720.html,道路,https://www.city.shinagawa.tokyo.jp/PC/kankyo/kankyo-doro/index.html,,23,関連確認,道路・接道確認
品川区,road,2,スマホ表示,https://www.city.shinagawa.tokyo.jp/PC/kankyo/kankyo-doro/index.html#,道路,https://www.city.shinagawa.tokyo.jp/PC/kankyo/kankyo-doro/index.html,,23,関連確認,道路・接道確認
品川区,road,2,PAGE TOPへ,https://www.city.shinagawa.tokyo.jp/PC/kankyo/kankyo-doro/index.html#contents,道路,https://www.city.shinagawa.tokyo.jp/PC/kankyo/kankyo-doro/index.html,,23,関連確認,道路・接道確認
品川区,road,2,本文へ移動します。,https://www.city.shinagawa.tokyo.jp/PC/kankyo/kankyo-doro/index.html#jump,道路,https://www.city.shinagawa.tokyo.jp/PC/kankyo/kankyo-doro/index.html,,23,関連確認,道路・接道確認
品川区,road,2,761_ よくある質問（道路）,https://www.city.shinagawa.tokyo.jp/PC/kankyo/kankyo-doro/kankyo-doro-shitsumon/index.html,道路,https://www.city.shinagawa.tokyo.jp/PC/kankyo/kankyo-doro/index.html,,23,関連確認,道路・接道確認
品川区,road,2,9999_ 道路や公園の損傷・不具合をスマートフォンで投稿できる「しなみちレポート」について,https://www.city.shinagawa.tokyo.jp/PC/kankyo/kankyo-doro/mcr.html,道路,https://www.city.shinagawa.tokyo.jp/PC/kankyo/kankyo-doro/index.html,,23,関連確認,道路・接道確認
品川区,road,2,9999_ 品川区舗装修繕計画,https://www.city.shinagawa.tokyo.jp/PC/kankyo/kankyo-doro/shinagawahosousyuzenkeikaku2021.html,道路,https://www.city.shinagawa.tokyo.jp/PC/kankyo/kankyo-doro/index.html,,23,関連確認,道路・接道確認
品川区,road,2,631_ 品川区の主な坂,https://www.city.shinagawa.tokyo.jp/PC/kankyo/kankyo-doro/shinagawasaka.html,道路,https://www.city.shinagawa.tokyo.jp/PC/kankyo/kankyo-doro/index.html,,23,関連確認,道路・接道確認
品川区,road,1,道路,https://www.city.shinagawa.tokyo.jp/PC/kankyo/kankyo-doro/index.html,公式トップ,https://www.city.shinagawa.tokyo.jp/,,20,関連確認,道路・接道確認
品川区,road,2,9999_ 屋外広告物許可申請の手続き,https://www.city.shinagawa.tokyo.jp/PC/kankyo/kankyo-doro/20181130153822.html,道路,https://www.city.shinagawa.tokyo.jp/PC/kankyo/kankyo-doro/index.html,,13,参考,道路・接道確認
品川区,road,2,611_ 占用許可申請等の手続き,https://www.city.shinagawa.tokyo.jp/PC/kankyo/kankyo-doro/hpg000001165.html,道路,https://www.city.shinagawa.tokyo.jp/PC/kankyo/kankyo-doro/index.html,,13,参考,道路・接道確認
品川区,road,2,641_ 道路工事施行承認申請書,https://www.city.shinagawa.tokyo.jp/PC/kankyo/kankyo-doro/hpg000001367.html,道路,https://www.city.shinagawa.tokyo.jp/PC/kankyo/kankyo-doro/index.html,,13,参考,道路・接道確認
墨田区,building_guidance,2,指定道路図（建築基準法上の道路種別）及び道路位置指定申請図（5号道路の指定図）の閲覧について,https://www.city.sumida.lg.jp/matizukuri/douro/annai/siteidourozu-koukai.html,道路,https://www.city.sumida.lg.jp/matizukuri/douro/index.html,,53,優先確認,建築指導・建築確認
墨田区,building_guidance,2,建築基準法上の道路について,https://www.city.sumida.lg.jp/matizukuri/kentiku/keikaku/douro/index.html,建築,https://www.city.sumida.lg.jp/matizukuri/kentiku/index.html,,43,優先確認,建築指導・建築確認
墨田区,building_guidance,2,主な建築基準法関連規定,https://www.city.sumida.lg.jp/matizukuri/kentiku/keikaku/kanren_kitei.html,建築,https://www.city.sumida.lg.jp/matizukuri/kentiku/index.html,,43,優先確認,建築指導・建築確認
墨田区,building_guidance,2,被災被害地における建築制限（建築基準法第84条）,https://www.city.sumida.lg.jp/matizukuri/matizukuri_suisin/hukkou_matizukuri/kennchikuseigen.html,まちづくりの推進,https://www.city.sumida.lg.jp/matizukuri/matizukuri_suisin/index.html,,43,優先確認,建築指導・建築確認
墨田区,building_guidance,2,建築審査会の開催,https://www.city.sumida.lg.jp/matizukuri/kentiku/goannai/sinsakai/index.html,建築,https://www.city.sumida.lg.jp/matizukuri/kentiku/index.html,,23,関連確認,建築指導・建築確認
墨田区,building_guidance,2,超高層建築物等における長周期地震動対策の検討について,https://www.city.sumida.lg.jp/matizukuri/kentiku/goannai/tyoukousoukenchikubu.html,建築,https://www.city.sumida.lg.jp/matizukuri/kentiku/index.html,,23,関連確認,建築指導・建築確認
墨田区,building_guidance,2,東京都内における液状化について,https://www.city.sumida.lg.jp/matizukuri/kentiku/keikaku/kenchiku.html,建築,https://www.city.sumida.lg.jp/matizukuri/kentiku/index.html,,23,関連確認,建築指導・建築確認
墨田区,building_guidance,2,旅館・ホテル、民泊の検討について,https://www.city.sumida.lg.jp/matizukuri/kentiku/keikaku/kenchiku1.html,建築,https://www.city.sumida.lg.jp/matizukuri/kentiku/index.html,,23,関連確認,建築指導・建築確認
墨田区,building_guidance,2,建築確認申請の受付について,https://www.city.sumida.lg.jp/matizukuri/kentiku/keikaku/sinsei_uketuke_tuuti.html,建築,https://www.city.sumida.lg.jp/matizukuri/kentiku/index.html,,13,参考,建築指導・建築確認
墨田区,district_plan,2,都市計画図,https://www.city.sumida.lg.jp/matizukuri/tosi_keikaku/tosi_keikaku/test--toshikeikakuzu.html,都市計画・土地利用,https://www.city.sumida.lg.jp/matizukuri/tosi_keikaku/index.html,,63,優先確認,都市計画・用途地域
墨田区,district_plan,2,都市計画図（平成25年3月版）変更概要と新旧対照表,https://www.city.sumida.lg.jp/matizukuri/tosi_keikaku/tosi_keikaku/toshikeikakuH260307.html,都市計画・土地利用,https://www.city.sumida.lg.jp/matizukuri/tosi_keikaku/index.html,,63,優先確認,都市計画・用途地域
墨田区,district_plan,2,亀沢地区景観まちづくりに係る「墨田区景観計画」及び「亀沢地区地区計画」の変更を行いました,https://www.city.sumida.lg.jp/matizukuri/matizukuri_suisin/keikan_matizukuri/2811kamezawasoan.html,都市計画・土地利用,https://www.city.sumida.lg.jp/matizukuri/tosi_keikaku/index.html,,43,優先確認,都市計画・用途地域
墨田区,district_plan,2,用途地域等の概要,https://www.city.sumida.lg.jp/matizukuri/tosi_keikaku/tosi_keikaku/youtitiiki_gaiyou/index.html,都市計画・土地利用,https://www.city.sumida.lg.jp/matizukuri/tosi_keikaku/index.html,,43,優先確認,都市計画・用途地域
墨田区,district_plan,2,都市計画施設,https://www.city.sumida.lg.jp/matizukuri/tosi_keikaku/tosi_keikaku/toshikeikakushisetu.html,都市計画・土地利用,https://www.city.sumida.lg.jp/matizukuri/tosi_keikaku/index.html,,33,関連確認,都市計画・用途地域
墨田区,district_plan,2,墨田区景観計画（平成29年6月改定）,https://www.city.sumida.lg.jp/kuseijoho/sumida_kihon/ku_kakusyukeikaku/keikan_plan.html,まちづくりの推進,https://www.city.sumida.lg.jp/matizukuri/matizukuri_suisin/index.html,,23,関連確認,都市計画・用途地域
墨田区,district_plan,2,「墨田区道路台帳現況図」検索・閲覧システムは「すみだまちづくりマップ」に移行しました,https://www.city.sumida.lg.jp/matizukuri/douro/dourowoshiraberu/douro_daicho.html,道路,https://www.city.sumida.lg.jp/matizukuri/douro/index.html,,23,関連確認,都市計画・用途地域
墨田区,district_plan,2,建築基準法上の道路について,https://www.city.sumida.lg.jp/matizukuri/kentiku/keikaku/douro/index.html,建築,https://www.city.sumida.lg.jp/matizukuri/kentiku/index.html,,23,関連確認,都市計画・用途地域
墨田区,district_plan,2,主な建築基準法関連規定,https://www.city.sumida.lg.jp/matizukuri/kentiku/keikaku/kanren_kitei.html,建築,https://www.city.sumida.lg.jp/matizukuri/kentiku/index.html,,23,関連確認,都市計画・用途地域
墨田区,district_plan,2,景観計画区域について,https://www.city.sumida.lg.jp/matizukuri/matizukuri_suisin/keikan_matizukuri/keikankeikakukuiki.html,まちづくりの推進,https://www.city.sumida.lg.jp/matizukuri/matizukuri_suisin/index.html,,23,関連確認,都市計画・用途地域
墨田区,district_plan,2,地区計画制度,https://www.city.sumida.lg.jp/matizukuri/tosi_keikaku/tosi_keikaku/tikukeikaku/index.html,都市計画・土地利用,https://www.city.sumida.lg.jp/matizukuri/tosi_keikaku/index.html,,23,関連確認,都市計画・用途地域
墨田区,district_plan,2,地区計画制度（一覧）,https://www.city.sumida.lg.jp/matizukuri/tosi_keikaku/tosi_keikaku/tikukeikaku/tiku_keikaku_seido.html,建築,https://www.city.sumida.lg.jp/matizukuri/kentiku/index.html,,23,関連確認,都市計画・用途地域
墨田区,hazard,2,墨田区水害ハザードマップ,https://www.city.sumida.lg.jp/anzen_anshin/bousai/suigai/suigai.html,防災・安全,https://www.city.sumida.lg.jp/anzen_anshin/index.html,,38,関連確認,ハザード・災害リスク
墨田区,hazard,2,宅地建物取引業者の方へ（墨田区水害ハザードマップ）,https://www.city.sumida.lg.jp/anzen_anshin/bousai/suigai/takutikatemono.html,防災・安全,https://www.city.sumida.lg.jp/anzen_anshin/index.html,,38,関連確認,ハザード・災害リスク
墨田区,hazard,3,"【英語版】墨田区防災マップ（令和8年4月改訂版）（PDF：3,183KB）",https://www.city.sumida.lg.jp/anzen_anshin/bousai/pamphlet-map/sumidakubousaitizu.files/English_map_s.pdf,墨田区防災マップ,https://www.city.sumida.lg.jp/anzen_anshin/bousai/pamphlet-map/sumidakubousaitizu.html,,36,関連確認,ハザード・災害リスク
墨田区,hazard,3,"墨田区防災マップ（令和8年4月改訂版）（PDF：6,367KB）",https://www.city.sumida.lg.jp/anzen_anshin/bousai/pamphlet-map/sumidakubousaitizu.files/Japanese_map_s.pdf,墨田区防災マップ,https://www.city.sumida.lg.jp/anzen_anshin/bousai/pamphlet-map/sumidakubousaitizu.html,,36,関連確認,ハザード・災害リスク
墨田区,hazard,3,"【中国語簡体字版】墨田区防災マップ（令和8年4月改訂版）（PDF：4,823KB）",https://www.city.sumida.lg.jp/anzen_anshin/bousai/pamphlet-map/sumidakubousaitizu.files/SimplifiedChinese_map_s.pdf,墨田区防災マップ,https://www.city.sumida.lg.jp/anzen_anshin/bousai/pamphlet-map/sumidakubousaitizu.html,,36,関連確認,ハザード・災害リスク
墨田区,hazard,3,"【中国語繁体字版】墨田区防災マップ（令和8年4月改訂版）（PDF：3,936KB）",https://www.city.sumida.lg.jp/anzen_anshin/bousai/pamphlet-map/sumidakubousaitizu.files/TraditionalChinese_map_s.pdf,墨田区防災マップ,https://www.city.sumida.lg.jp/anzen_anshin/bousai/pamphlet-map/sumidakubousaitizu.html,,36,関連確認,ハザード・災害リスク
墨田区,hazard,3,"【韓国語版】墨田区防災マップ（令和8年4月改訂版）（PDF：4,468KB）",https://www.city.sumida.lg.jp/anzen_anshin/bousai/pamphlet-map/sumidakubousaitizu.files/korean_map_s.pdf,墨田区防災マップ,https://www.city.sumida.lg.jp/anzen_anshin/bousai/pamphlet-map/sumidakubousaitizu.html,,36,関連確認,ハザード・災害リスク
墨田区,hazard,2,防災マップ・ガイドブック,https://www.city.sumida.lg.jp/anzen_anshin/bousai/pamphlet-map/index.html,防災・安全,https://www.city.sumida.lg.jp/anzen_anshin/index.html,,31,関連確認,ハザード・災害リスク
墨田区,hazard,2,墨田区防災マップ,https://www.city.sumida.lg.jp/anzen_anshin/bousai/pamphlet-map/sumidakubousaitizu.html,防災・安全,https://www.city.sumida.lg.jp/anzen_anshin/index.html,,31,関連確認,ハザード・災害リスク
墨田区,road,2,指定道路図（建築基準法上の道路種別）及び道路位置指定申請図（5号道路の指定図）の閲覧について,https://www.city.sumida.lg.jp/matizukuri/douro/annai/siteidourozu-koukai.html,道路,https://www.city.sumida.lg.jp/matizukuri/douro/index.html,,93,優先確認,道路・接道確認
墨田区,road,2,「墨田区道路台帳現況図」検索・閲覧システムは「すみだまちづくりマップ」に移行しました,https://www.city.sumida.lg.jp/matizukuri/douro/dourowoshiraberu/douro_daicho.html,道路,https://www.city.sumida.lg.jp/matizukuri/douro/index.html,,63,優先確認,道路・接道確認
墨田区,road,2,道路関係資料の閲覧・取得（道路台帳現況図など）,https://www.city.sumida.lg.jp/matizukuri/douro/dourowoshiraberu/index.html,道路,https://www.city.sumida.lg.jp/matizukuri/douro/index.html,,63,優先確認,道路・接道確認
墨田区,road,2,区道の幅員証明,https://www.city.sumida.lg.jp/matizukuri/douro/annai/hukuin_syoumei.html,道路,https://www.city.sumida.lg.jp/matizukuri/douro/index.html,,43,優先確認,道路・接道確認
墨田区,road,2,主な道路工事等について,https://www.city.sumida.lg.jp/matizukuri/douro/keikaku/road.html,道路,https://www.city.sumida.lg.jp/matizukuri/douro/index.html,,43,優先確認,道路・接道確認
墨田区,road,2,建築基準法上の道路について,https://www.city.sumida.lg.jp/matizukuri/kentiku/keikaku/douro/index.html,建築,https://www.city.sumida.lg.jp/matizukuri/kentiku/index.html,,43,優先確認,道路・接道確認
墨田区,road,2,墨田区ベンチマップ,https://www.city.sumida.lg.jp/matizukuri/douro/annai/benchmap.html,道路,https://www.city.sumida.lg.jp/matizukuri/douro/index.html,,31,関連確認,道路・接道確認
墨田区,road,2,道路ふれあい月間（8月1日から8月31日）,https://www.city.sumida.lg.jp/matizukuri/douro/annai/dourofureai-2020.html,道路,https://www.city.sumida.lg.jp/matizukuri/douro/index.html,,23,関連確認,道路・接道確認
墨田区,road,2,土地境界図等の複写、証明,https://www.city.sumida.lg.jp/matizukuri/douro/annai/hukusya_syoumei.html,道路,https://www.city.sumida.lg.jp/matizukuri/douro/index.html,,23,関連確認,道路・接道確認
墨田区,road,2,東京スカイツリータウン(R)へお越しの皆様へ,https://www.city.sumida.lg.jp/matizukuri/douro/annai/konzatsuyosou.html,道路,https://www.city.sumida.lg.jp/matizukuri/douro/index.html,,23,関連確認,道路・接道確認
墨田区,road,2,東京スカイツリータウン(R)へお越しの皆様へ,https://www.city.sumida.lg.jp/matizukuri/douro/annai/kotsujutai.html,道路,https://www.city.sumida.lg.jp/matizukuri/douro/index.html,,23,関連確認,道路・接道確認
墨田区,road,2,道路の不正使用はやめましょう！,https://www.city.sumida.lg.jp/matizukuri/douro/annai/senyou.html,道路,https://www.city.sumida.lg.jp/matizukuri/douro/index.html,,23,関連確認,道路・接道確認
墨田区,road,2,台風や大雨の被害を防ぐには？,https://www.city.sumida.lg.jp/matizukuri/douro/annai/suibou.html,道路,https://www.city.sumida.lg.jp/matizukuri/douro/index.html,,23,関連確認,道路・接道確認
墨田区,road,2,本所・石原地区におけるゾーン30プラスの概要について,https://www.city.sumida.lg.jp/matizukuri/douro/annai/tac04000202401121.html,道路,https://www.city.sumida.lg.jp/matizukuri/douro/index.html,,23,関連確認,道路・接道確認
墨田区,road,2,トップへ,https://www.city.sumida.lg.jp/matizukuri/douro/index.html#base,道路,https://www.city.sumida.lg.jp/matizukuri/douro/index.html,,23,関連確認,道路・接道確認
墨田区,road,2,このページの本文へ移動,https://www.city.sumida.lg.jp/matizukuri/douro/index.html#contents,道路,https://www.city.sumida.lg.jp/matizukuri/douro/index.html,,23,関連確認,道路・接道確認
墨田区,road,2,細街路拡幅整備事業,https://www.city.sumida.lg.jp/matizukuri/douro/keikaku/H25saigairo.html,道路,https://www.city.sumida.lg.jp/matizukuri/douro/index.html,,23,関連確認,道路・接道確認
墨田区,road,2,【受注者の皆様へ】令和8年度以降の土木工事等で情報共有システムを導入します,https://www.city.sumida.lg.jp/matizukuri/douro/keikaku/Notice_ASP_Implement.html,道路,https://www.city.sumida.lg.jp/matizukuri/douro/index.html,,23,関連確認,道路・接道確認
墨田区,road,2,地籍調査事業,https://www.city.sumida.lg.jp/matizukuri/douro/keikaku/chiseki.html,道路,https://www.city.sumida.lg.jp/matizukuri/douro/index.html,,23,関連確認,道路・接道確認
墨田区,road,2,防護柵（ガードパイプ）の新設要望について,https://www.city.sumida.lg.jp/matizukuri/douro/keikaku/guardrail.html,道路,https://www.city.sumida.lg.jp/matizukuri/douro/index.html,,23,関連確認,道路・接道確認
墨田区,road,2,計画、事業等に関すること,https://www.city.sumida.lg.jp/matizukuri/douro/keikaku/index.html,道路,https://www.city.sumida.lg.jp/matizukuri/douro/index.html,,23,関連確認,道路・接道確認
墨田区,road,2,見番通り無電柱化整備事業について,https://www.city.sumida.lg.jp/matizukuri/douro/keikaku/kenbanst.html,道路,https://www.city.sumida.lg.jp/matizukuri/douro/index.html,,23,関連確認,道路・接道確認
墨田区,road,2,基準点及び境界点の保全に関する提出フォームを更新しました。,https://www.city.sumida.lg.jp/matizukuri/douro/keikaku/kijunten-hozen.html,まちづくり,https://www.city.sumida.lg.jp/matizukuri/index.html,,23,関連確認,道路・接道確認
墨田区,road,2,墨田区無電柱化基本方針・墨田区無電柱化整備計画について,https://www.city.sumida.lg.jp/matizukuri/douro/keikaku/mudencyukahoushin.html,道路,https://www.city.sumida.lg.jp/matizukuri/douro/index.html,,23,関連確認,道路・接道確認
墨田区,road,2,道路ストック総点検事業,https://www.city.sumida.lg.jp/matizukuri/douro/keikaku/tac04000dk20210401.html,道路,https://www.city.sumida.lg.jp/matizukuri/douro/index.html,,23,関連確認,道路・接道確認
墨田区,road,2,道路の維持管理・通報,https://www.city.sumida.lg.jp/matizukuri/douro/sinsei/iji.html,道路,https://www.city.sumida.lg.jp/matizukuri/douro/index.html,,23,関連確認,道路・接道確認
墨田区,road,2,沿道掘さく工事施工届関連,https://www.city.sumida.lg.jp/matizukuri/douro/sinsei/kussakukouji.html,道路,https://www.city.sumida.lg.jp/matizukuri/douro/index.html,,23,関連確認,道路・接道確認
墨田区,road,2,屋外広告物を設置するとき,https://www.city.sumida.lg.jp/matizukuri/douro/sinsei/okugai_koukokubutu.html,道路,https://www.city.sumida.lg.jp/matizukuri/douro/index.html,,23,関連確認,道路・接道確認
墨田区,road,2,路外駐車場の届出,https://www.city.sumida.lg.jp/matizukuri/douro/sinsei/rogaichushazyou.html,道路,https://www.city.sumida.lg.jp/matizukuri/douro/index.html,,23,関連確認,道路・接道確認
墨田区,road,2,土地境界確定について,https://www.city.sumida.lg.jp/matizukuri/douro/sinsei/tochikyokai.html,道路,https://www.city.sumida.lg.jp/matizukuri/douro/index.html,,23,関連確認,道路・接道確認
墨田区,road,2,特殊車両通行許可及び通行認定について,https://www.city.sumida.lg.jp/matizukuri/douro/sinsei/tokusyasinsei.html,道路,https://www.city.sumida.lg.jp/matizukuri/douro/index.html,,23,関連確認,道路・接道確認
墨田区,road,2,特定路外駐車場の届出,https://www.city.sumida.lg.jp/matizukuri/douro/sinsei/tokuteirogai.html,道路,https://www.city.sumida.lg.jp/matizukuri/douro/index.html,,23,関連確認,道路・接道確認
墨田区,road,1,道路,https://www.city.sumida.lg.jp/matizukuri/douro/index.html,公式トップ,https://www.city.sumida.lg.jp/,,20,関連確認,道路・接道確認
墨田区,road,2,案内、相談等に関すること,https://www.city.sumida.lg.jp/matizukuri/douro/annai/index.html,道路,https://www.city.sumida.lg.jp/matizukuri/douro/index.html,,13,参考,道路・接道確認
墨田区,road,2,道路自費工事施行承認申請関連,https://www.city.sumida.lg.jp/matizukuri/douro/sinsei/dourojihikouji.html,道路,https://www.city.sumida.lg.jp/matizukuri/douro/index.html,,13,参考,道路・接道確認
墨田区,road,2,道路占用許可申請（足場板囲、落下物防護用施設（朝がお）等）,https://www.city.sumida.lg.jp/matizukuri/douro/sinsei/dourosenyouasiba.html,道路,https://www.city.sumida.lg.jp/matizukuri/douro/index.html,,13,参考,道路・接道確認
墨田区,road,2,道路位置指定の申請について,https://www.city.sumida.lg.jp/matizukuri/douro/sinsei/ichisitei_sinsei.html,道路,https://www.city.sumida.lg.jp/matizukuri/douro/index.html,,13,参考,道路・接道確認
墨田区,road,2,申請、届出等に関すること,https://www.city.sumida.lg.jp/matizukuri/douro/sinsei/index.html,道路,https://www.city.sumida.lg.jp/matizukuri/douro/index.html,,13,参考,道路・接道確認
墨田区,road,2,突き出し看板や日よけ・雨よけの設置（道路占用許可申請）について,https://www.city.sumida.lg.jp/matizukuri/douro/sinsei/use.html,道路,https://www.city.sumida.lg.jp/matizukuri/douro/index.html,,13,参考,道路・接道確認
大田区,building_guidance,3,建築審査課,https://www.city.ota.tokyo.jp/kuseijoho/soshiki/gyoumu/kenchikushinsa.html,環境政策課,https://www.city.ota.tokyo.jp/kuseijoho/soshiki/gyoumu/kan-kei.html,,43,優先確認,建築指導・建築確認
大田区,building_guidance,2,建築物・建築計画,https://www.city.ota.tokyo.jp/seikatsu/sumaimachinami/kenchiku/index.html,住まい・まちなみ 環境,https://www.city.ota.tokyo.jp/seikatsu/sumaimachinami/index.html,,23,関連確認,建築指導・建築確認
大田区,building_guidance,3,建築調整課,https://www.city.ota.tokyo.jp/kuseijoho/soshiki/gyoumu/kenchikuchousei.html,環境政策課,https://www.city.ota.tokyo.jp/kuseijoho/soshiki/gyoumu/kan-kei.html,,23,関連確認,建築指導・建築確認
大田区,district_plan,2,,https://www.city.ota.tokyo.jp/seikatsu/sumaimachinami/machizukuri/toshikeikaku/chiikichikuzu.html,まちづくり・都市計画新空港線「蒲蒲線」,https://www.city.ota.tokyo.jp/kusei/index.html,,43,優先確認,都市計画・用途地域
大田区,district_plan,2,,https://www.city.ota.tokyo.jp/seikatsu/sumaimachinami/machizukuri/toshikeikaku/toshikeikakudoro/index.html,まちづくり・都市計画新空港線「蒲蒲線」,https://www.city.ota.tokyo.jp/kusei/index.html,,43,優先確認,都市計画・用途地域
大田区,district_plan,2,・大田第9号蒲田駅東口地下自転車駐車場整備工事について,https://www.city.ota.tokyo.jp/seikatsu/sumaimachinami/machizukuri/toshikeikaku/toshikeikakudoro/koujisetsumei_kamatahigasiguti.html,,https://www.city.ota.tokyo.jp/seikatsu/sumaimachinami/machizukuri/ekishuuhen/kamata/kamata_VR.html,,43,優先確認,都市計画・用途地域
大田区,district_plan,2,,https://www.city.ota.tokyo.jp/seikatsu/sumaimachinami/machizukuri/toshikeikaku/toshikeikakushisetsuzu.html,まちづくり・都市計画新空港線「蒲蒲線」,https://www.city.ota.tokyo.jp/kusei/index.html,,43,優先確認,都市計画・用途地域
大田区,district_plan,2,,https://www.city.ota.tokyo.jp/kokusaitoshi/book/index.html,国際都市 おおた（外国人の方へ）,https://www.city.ota.tokyo.jp/kokusaitoshi/index.html,,23,関連確認,都市計画・用途地域
大田区,district_plan,2,,https://www.city.ota.tokyo.jp/kokusaitoshi/connection/index.html,国際都市 おおた（外国人の方へ）,https://www.city.ota.tokyo.jp/kokusaitoshi/index.html,,23,関連確認,都市計画・用途地域
大田区,district_plan,2,特定技能制度における地域の共生施策に関する連携について,https://www.city.ota.tokyo.jp/kokusaitoshi/connection/kokusai_link/tokuteiginou.html,国際都市 おおた（外国人の方へ）,https://www.city.ota.tokyo.jp/kokusaitoshi/index.html,,23,関連確認,都市計画・用途地域
大田区,district_plan,2,,https://www.city.ota.tokyo.jp/kokusaitoshi/consultation/index.html,国際都市 おおた（外国人の方へ）,https://www.city.ota.tokyo.jp/kokusaitoshi/index.html,,23,関連確認,都市計画・用途地域
大田区,district_plan,2,このページの本文へ移動,https://www.city.ota.tokyo.jp/kokusaitoshi/index.html#CONT,国際都市 おおた（外国人の方へ）,https://www.city.ota.tokyo.jp/kokusaitoshi/index.html,,23,関連確認,都市計画・用途地域
大田区,district_plan,2,,https://www.city.ota.tokyo.jp/kokusaitoshi/index.html#PTOP,国際都市 おおた（外国人の方へ）,https://www.city.ota.tokyo.jp/kokusaitoshi/index.html,,23,関連確認,都市計画・用途地域
大田区,district_plan,2,,https://www.city.ota.tokyo.jp/kokusaitoshi/japanese_class/index.html,国際都市 おおた（外国人の方へ）,https://www.city.ota.tokyo.jp/kokusaitoshi/index.html,,23,関連確認,都市計画・用途地域
大田区,district_plan,2,,https://www.city.ota.tokyo.jp/kokusaitoshi/koremadenotorikumi.html,国際都市 おおた（外国人の方へ）,https://www.city.ota.tokyo.jp/kokusaitoshi/index.html,,23,関連確認,都市計画・用途地域
大田区,district_plan,2,国際交流員（CIR）,https://www.city.ota.tokyo.jp/kokusaitoshi/kouryu/cir.html,国際都市 おおた（外国人の方へ）,https://www.city.ota.tokyo.jp/kokusaitoshi/index.html,,23,関連確認,都市計画・用途地域
大田区,district_plan,2,,https://www.city.ota.tokyo.jp/kokusaitoshi/kouryu/index.html,国際都市 おおた（外国人の方へ）,https://www.city.ota.tokyo.jp/kokusaitoshi/index.html,,23,関連確認,都市計画・用途地域
大田区,district_plan,2,多文化共生,https://www.city.ota.tokyo.jp/kokusaitoshi/kyousei/index.html,地域社会 防災・防犯,https://www.city.ota.tokyo.jp/seikatsu/chiiki/index.html,,23,関連確認,都市計画・用途地域
大田区,district_plan,2,,https://www.city.ota.tokyo.jp/kokusaitoshi/minto_friends.html,国際都市 おおた（外国人の方へ）,https://www.city.ota.tokyo.jp/kokusaitoshi/index.html,,23,関連確認,都市計画・用途地域
大田区,district_plan,2,,https://www.city.ota.tokyo.jp/kokusaitoshi/ota_ambassador/index.html,国際都市 おおた（外国人の方へ）,https://www.city.ota.tokyo.jp/kokusaitoshi/index.html,,23,関連確認,都市計画・用途地域
大田区,district_plan,2,2025年度の国際都市おおた大使活動レポート（2025年4月～）,https://www.city.ota.tokyo.jp/kokusaitoshi/ota_ambassador/katsudoureport/2025_report.html,国際都市 おおた（外国人の方へ）,https://www.city.ota.tokyo.jp/kokusaitoshi/index.html,,23,関連確認,都市計画・用途地域
大田区,district_plan,2,,https://www.city.ota.tokyo.jp/kokusaitoshi/other_life/index.html,国際都市 おおた（外国人の方へ）,https://www.city.ota.tokyo.jp/kokusaitoshi/index.html,,23,関連確認,都市計画・用途地域
大田区,district_plan,2,,https://www.city.ota.tokyo.jp/kokusaitoshi/sightseeing_industry/index.html,国際都市 おおた（外国人の方へ）,https://www.city.ota.tokyo.jp/kokusaitoshi/index.html,,23,関連確認,都市計画・用途地域
大田区,district_plan,2,,https://www.city.ota.tokyo.jp/kokusaitoshi/sports_culture/index.html,国際都市 おおた（外国人の方へ）,https://www.city.ota.tokyo.jp/kokusaitoshi/index.html,,23,関連確認,都市計画・用途地域
大田区,district_plan,2,トピックスの一覧へ,https://www.city.ota.tokyo.jp/kokusaitoshi/topics/index.html,国際都市 おおた（外国人の方へ）,https://www.city.ota.tokyo.jp/kokusaitoshi/index.html,,23,関連確認,都市計画・用途地域
大田区,district_plan,2,鉄道・都市づくり課,https://www.city.ota.tokyo.jp/kuseijoho/soshiki/gyoumu/toshikaihatsu.html,,https://www.city.ota.tokyo.jp/seikatsu/sumaimachinami/machizukuri/ekishuuhen/kamata/kamata_VR.html,,23,関連確認,都市計画・用途地域
大田区,district_plan,2,蒲田都市づくり推進会議,https://www.city.ota.tokyo.jp/seikatsu/sumaimachinami/machizukuri/ekishuuhen/kamata/kamata_toshi/index.html,,https://www.city.ota.tokyo.jp/seikatsu/sumaimachinami/machizukuri/ekishuuhen/kamata/kamata_VR.html,,23,関連確認,都市計画・用途地域
大田区,district_plan,1,国際都市 おおた（外国人の方へ）,https://www.city.ota.tokyo.jp/kokusaitoshi/index.html,公式トップ,https://www.city.ota.tokyo.jp/,,20,関連確認,都市計画・用途地域
大田区,district_plan,2,大田区多言語相談窓口,https://www.city.ota.tokyo.jp/kokusaitoshi/consultation/multilingual.html,国際都市 おおた（外国人の方へ）,https://www.city.ota.tokyo.jp/kokusaitoshi/index.html,,13,参考,都市計画・用途地域
大田区,hazard,2,"大田区防災ハザードマップ（PDF：17,750KB）",https://www.city.ota.tokyo.jp/seikatsu/chiiki/bousai/suigai/hazardmap.files/20260226_ALL.pdf,大田区防災ハザードマップ,https://www.city.ota.tokyo.jp/seikatsu/chiiki/bousai/suigai/hazardmap.html,,71,優先確認,ハザード・災害リスク
大田区,hazard,2,"大田区防災ハザードマップ（英語・中国語併記版）（PDF：20,723KB）",https://www.city.ota.tokyo.jp/seikatsu/chiiki/bousai/suigai/hazardmap.files/20260226_EC_ALL.pdf,大田区防災ハザードマップ,https://www.city.ota.tokyo.jp/seikatsu/chiiki/bousai/suigai/hazardmap.html,,71,優先確認,ハザード・災害リスク
大田区,hazard,2,"大田区防災ハザードマップ（やさしい日本語版）（PDF：18,644KB）",https://www.city.ota.tokyo.jp/seikatsu/chiiki/bousai/suigai/hazardmap.files/20260226_Yasashi_ALL.pdf,大田区防災ハザードマップ,https://www.city.ota.tokyo.jp/seikatsu/chiiki/bousai/suigai/hazardmap.html,,71,優先確認,ハザード・災害リスク
大田区,hazard,2,宅地建物取引業者の方へ（水防法に基づく大田区ハザードマップの作成状況）,https://www.city.ota.tokyo.jp/seikatsu/chiiki/bousai/topics/takken-jigyousha_hazardmap.html,防災アプリ,https://www.city.ota.tokyo.jp/seikatsu/chiiki/bousai/topics/bosaiapp.html,,66,優先確認,ハザード・災害リスク
大田区,hazard,1,大田区防災ハザードマップ,https://www.city.ota.tokyo.jp/seikatsu/chiiki/bousai/suigai/hazardmap.html,公式トップ,https://www.city.ota.tokyo.jp/,,63,優先確認,ハザード・災害リスク
大田区,hazard,2,ハザードマップや災害情報の収集方法の確認,https://www.city.ota.tokyo.jp/seikatsu/chiiki/bousai/suigai/joho-syuusyu.html,大田区防災ハザードマップ,https://www.city.ota.tokyo.jp/seikatsu/chiiki/bousai/suigai/hazardmap.html,,38,関連確認,ハザード・災害リスク
大田区,hazard,2,このページの本文へ移動,https://www.city.ota.tokyo.jp/seikatsu/chiiki/bousai/suigai/hazardmap.html#CONT,大田区防災ハザードマップ,https://www.city.ota.tokyo.jp/seikatsu/chiiki/bousai/suigai/hazardmap.html,,31,関連確認,ハザード・災害リスク
大田区,hazard,2,,https://www.city.ota.tokyo.jp/seikatsu/chiiki/bousai/suigai/hazardmap.html#PTOP,大田区防災ハザードマップ,https://www.city.ota.tokyo.jp/seikatsu/chiiki/bousai/suigai/hazardmap.html,,31,関連確認,ハザード・災害リスク
大田区,hazard,2,「大雨警報（土砂災害）」発表基準が変更になりました,https://www.city.ota.tokyo.jp/seikatsu/chiiki/bousai/suigai/dosya-saigai-kijyun_henkou.html,大田区防災ハザードマップ,https://www.city.ota.tokyo.jp/seikatsu/chiiki/bousai/suigai/hazardmap.html,,23,関連確認,ハザード・災害リスク
大田区,hazard,2,土砂災害（特別）警戒区域の指定について,https://www.city.ota.tokyo.jp/seikatsu/chiiki/bousai/suigai/keikai-kuiki_shitei.html,大田区防災ハザードマップ,https://www.city.ota.tokyo.jp/seikatsu/chiiki/bousai/suigai/hazardmap.html,,23,関連確認,ハザード・災害リスク
大田区,hazard,2,大田区「浸水実績図」,https://www.city.ota.tokyo.jp/seikatsu/chiiki/bousai/suigai/shinsui.html,大田区防災ハザードマップ,https://www.city.ota.tokyo.jp/seikatsu/chiiki/bousai/suigai/hazardmap.html,,23,関連確認,ハザード・災害リスク
大田区,road,2,土砂災害（特別）警戒区域の指定について,https://www.city.ota.tokyo.jp/seikatsu/chiiki/bousai/suigai/keikai-kuiki_shitei.html,大田区防災ハザードマップ,https://www.city.ota.tokyo.jp/seikatsu/chiiki/bousai/suigai/hazardmap.html,,23,関連確認,道路・接道確認
大田区,road,2,道路・公園・河川,https://www.city.ota.tokyo.jp/seikatsu/sumaimachinami/douro_kouen_kasen/index.html,住まい・まちなみ 環境,https://www.city.ota.tokyo.jp/seikatsu/sumaimachinami/index.html,,23,関連確認,道路・接道確認
大田区,road,2,,https://www.city.ota.tokyo.jp/seikatsu/sumaimachinami/machizukuri/toshikeikaku/toshikeikakudoro/index.html,まちづくり・都市計画新空港線「蒲蒲線」,https://www.city.ota.tokyo.jp/kusei/index.html,,23,関連確認,道路・接道確認
大田区,road,2,・大田第9号蒲田駅東口地下自転車駐車場整備工事について,https://www.city.ota.tokyo.jp/seikatsu/sumaimachinami/machizukuri/toshikeikaku/toshikeikakudoro/koujisetsumei_kamatahigasiguti.html,,https://www.city.ota.tokyo.jp/seikatsu/sumaimachinami/machizukuri/ekishuuhen/kamata/kamata_VR.html,,23,関連確認,道路・接道確認
大田区,road,3,道路課,https://www.city.ota.tokyo.jp/kuseijoho/soshiki/gyoumu/doro.html,環境政策課,https://www.city.ota.tokyo.jp/kuseijoho/soshiki/gyoumu/kan-kei.html,,23,関連確認,道路・接道確認
大田区,road,3,都市基盤管理課,https://www.city.ota.tokyo.jp/kuseijoho/soshiki/gyoumu/dourokouen.html,環境政策課,https://www.city.ota.tokyo.jp/kuseijoho/soshiki/gyoumu/kan-kei.html,,23,関連確認,道路・接道確認
文京区,building_guidance,2,建築確認・許可に関すること,https://www.city.bunkyo.lg.jp/machizukuri/tochi/kenchikukakunin/index.html,まちづくり・環境,https://www.city.bunkyo.lg.jp/machizukuri/index.html,,43,優先確認,建築指導・建築確認
文京区,building_guidance,2,建築審査会,https://www.city.bunkyo.lg.jp/b032/p004759.html,まちづくり・環境,https://www.city.bunkyo.lg.jp/machizukuri/index.html,,23,関連確認,建築指導・建築確認
文京区,building_guidance,2,建築確認等の手続きの改正について,https://www.city.bunkyo.lg.jp/b033/p007602.html,まちづくり・環境,https://www.city.bunkyo.lg.jp/machizukuri/index.html,,13,参考,建築指導・建築確認
文京区,building_guidance,3,建築確認申請・許可・認定関連(書類等),https://www.city.bunkyo.lg.jp/b033/p004709.html,建築確認等の手続きの改正について,https://www.city.bunkyo.lg.jp/b033/p007602.html,,13,参考,建築指導・建築確認
文京区,building_guidance,3,建築確認申請等手数料一覧,https://www.city.bunkyo.lg.jp/b033/p004710.html,建築確認等の手続きの改正について,https://www.city.bunkyo.lg.jp/b033/p007602.html,,13,参考,建築指導・建築確認
文京区,district_plan,2,まちづくり・都市計画,https://www.city.bunkyo.lg.jp/machizukuri/toshikeikaku/index.html,まちづくり・環境,https://www.city.bunkyo.lg.jp/machizukuri/index.html,,43,優先確認,都市計画・用途地域
文京区,district_plan,2,住宅・住環境の計画に関すること,https://www.city.bunkyo.lg.jp/machizukuri/toshikeikaku/juutaku/index.html,まちづくり・環境,https://www.city.bunkyo.lg.jp/machizukuri/index.html,,43,優先確認,都市計画・用途地域
文京区,district_plan,2,景観,https://www.city.bunkyo.lg.jp/machizukuri/toshikeikaku/keikan/index.html,まちづくり・環境,https://www.city.bunkyo.lg.jp/machizukuri/index.html,,43,優先確認,都市計画・用途地域
文京区,district_plan,2,まちづくり,https://www.city.bunkyo.lg.jp/machizukuri/toshikeikaku/machizukuri/index.html,まちづくり・環境,https://www.city.bunkyo.lg.jp/machizukuri/index.html,,43,優先確認,都市計画・用途地域
文京区,district_plan,2,都市計画図検索システム,https://www.city.bunkyo.lg.jp/b030/p004499.html,まちづくり・環境,https://www.city.bunkyo.lg.jp/machizukuri/index.html,,23,関連確認,都市計画・用途地域
文京区,hazard,1,ハザードマップ,https://www.city.bunkyo.lg.jp/bousaianzen/bousai/kinkyuusaigai/map/index.html,公式トップ,https://www.city.bunkyo.lg.jp/,,43,優先確認,ハザード・災害リスク
文京区,hazard,3,文京区浸水履歴,https://www.city.bunkyo.lg.jp/b009/p000031.html,防災,https://www.city.bunkyo.lg.jp/bousaianzen/bousai/index.html,,23,関連確認,ハザード・災害リスク
文京区,hazard,3,文京区水害・土砂災害対策実施要領（Ver.4.1),https://www.city.bunkyo.lg.jp/b009/p000109.html,防災,https://www.city.bunkyo.lg.jp/bousaianzen/bousai/index.html,,23,関連確認,ハザード・災害リスク
文京区,road,2,道路台帳平面図の閲覧について,https://www.city.bunkyo.lg.jp/b034/p004775/index.html,まちづくり・環境,https://www.city.bunkyo.lg.jp/machizukuri/index.html,,43,優先確認,道路・接道確認
文京区,road,2,道路,https://www.city.bunkyo.lg.jp/machizukuri/douro/index.html,まちづくり・環境,https://www.city.bunkyo.lg.jp/machizukuri/index.html,,23,関連確認,道路・接道確認
文京区,road,2,道路に関する事業,https://www.city.bunkyo.lg.jp/machizukuri/douro/jigyou/index.html,まちづくり・環境,https://www.city.bunkyo.lg.jp/machizukuri/index.html,,23,関連確認,道路・接道確認
文京区,road,2,道路に関する手続き・届出,https://www.city.bunkyo.lg.jp/machizukuri/douro/tetsuzuki/index.html,まちづくり・環境,https://www.city.bunkyo.lg.jp/machizukuri/index.html,,13,参考,道路・接道確認
新宿区,building_guidance,2,,https://www.city.shinjuku.lg.jp/kusei/index13.html#section2-3-5その他建築基準法令に関する基準等を調べたい方,まちづくり・都市計画,https://www.city.shinjuku.lg.jp/kusei/index13.html,,43,優先確認,建築指導・建築確認
新宿区,building_guidance,2,こちらの様式集,https://www.city.shinjuku.lg.jp/seikatsu/kenchikuc01_000103.html,まちづくり・都市計画,https://www.city.shinjuku.lg.jp/kusei/index13.html,,23,関連確認,建築指導・建築確認
新宿区,building_guidance,2,こちらの案内,https://www.city.shinjuku.lg.jp/seikatsu/kenchikuc01_001009.html,まちづくり・都市計画,https://www.city.shinjuku.lg.jp/kusei/index13.html,,23,関連確認,建築指導・建築確認
新宿区,building_guidance,3,高度地区について,https://www.city.shinjuku.lg.jp/kusei/kenchikus01_000001_00006.html,都市計画,https://www.city.shinjuku.lg.jp/kusei/index13_12.html,,23,関連確認,建築指導・建築確認
新宿区,district_plan,2,都市計画情報提供（用途地域等）,https://www.city.shinjuku.lg.jp/kusei/index13_08.html,まちづくり・都市計画,https://www.city.shinjuku.lg.jp/kusei/index13.html,,83,優先確認,都市計画・用途地域
新宿区,district_plan,3,過去の用途地域等都市計画図の誤記について,https://www.city.shinjuku.lg.jp/kusei/toshikei01_000003_00001.html,都市計画情報提供（用途地域等）,https://www.city.shinjuku.lg.jp/kusei/index13_08.html,,83,優先確認,都市計画・用途地域
新宿区,district_plan,3,都市計画図（用途地域等、都市施設等）の閲覧（PDF形式）,https://www.city.shinjuku.lg.jp/kusei/toshikei01_002180.html,都市計画情報提供（用途地域等）,https://www.city.shinjuku.lg.jp/kusei/index13_08.html,,73,優先確認,都市計画・用途地域
新宿区,district_plan,3,用途地域等の一括変更に係る都市計画変更の決定,https://www.city.shinjuku.lg.jp/kusei/toshikei01_000001_00022.html,都市計画情報提供（用途地域等）,https://www.city.shinjuku.lg.jp/kusei/index13_08.html,,63,優先確認,都市計画・用途地域
新宿区,district_plan,3,都市計画図（用途地域等、都市施設等）の閲覧（ＧＩＳ形式）,https://www.city.shinjuku.lg.jp/kusei/file13_08_00001.html,都市計画情報提供（用途地域等）,https://www.city.shinjuku.lg.jp/kusei/index13_08.html,,53,優先確認,都市計画・用途地域
新宿区,district_plan,2,,https://www.city.shinjuku.lg.jp/kusei/index13.html#section3-1都市計画情報・地域ごとのルールを調べたい方,まちづくり・都市計画,https://www.city.shinjuku.lg.jp/kusei/index13.html,,43,優先確認,都市計画・用途地域
新宿区,district_plan,3,都市計画部-都市計画課,https://www.city.shinjuku.lg.jp/soshiki/400100toshikeikaku.html,都市計画情報提供（用途地域等）,https://www.city.shinjuku.lg.jp/kusei/index13_08.html,,43,優先確認,都市計画・用途地域
新宿区,district_plan,3,地区計画・建築協定,https://www.city.shinjuku.lg.jp/kusei/index13_38.html,都市計画,https://www.city.shinjuku.lg.jp/kusei/index13_12.html,,23,関連確認,都市計画・用途地域
新宿区,district_plan,3,航空法による高さの制限について,https://www.city.shinjuku.lg.jp/kusei/toshikei01_000001_00003.html,都市計画情報提供（用途地域等）,https://www.city.shinjuku.lg.jp/kusei/index13_08.html,,23,関連確認,都市計画・用途地域
新宿区,district_plan,3,都市計画道路・公園の区域図,https://www.city.shinjuku.lg.jp/kusei/toshikei01_000001_00074.html,都市計画情報提供（用途地域等）,https://www.city.shinjuku.lg.jp/kusei/index13_08.html,,23,関連確認,都市計画・用途地域
新宿区,district_plan,3,地域冷暖房区域,https://www.city.shinjuku.lg.jp/kusei/toshikei01_000001_00079.html,都市計画情報提供（用途地域等）,https://www.city.shinjuku.lg.jp/kusei/index13_08.html,,23,関連確認,都市計画・用途地域
新宿区,district_plan,3,都市計画道路・河川の整備状況等や計画線の調べ方,https://www.city.shinjuku.lg.jp/kusei/toshikei01_000001_00090.html,都市計画情報提供（用途地域等）,https://www.city.shinjuku.lg.jp/kusei/index13_08.html,,23,関連確認,都市計画・用途地域
新宿区,district_plan,3,都市計画道路 補助220号線の計画線位置図,https://www.city.shinjuku.lg.jp/kusei/toshikei01_000001_00097.html,都市計画情報提供（用途地域等）,https://www.city.shinjuku.lg.jp/kusei/index13_08.html,,23,関連確認,都市計画・用途地域
新宿区,hazard,2,ハザードマップ（災害危険個所図）,https://www.city.shinjuku.lg.jp/anzen/anshin00_100002.html,防災,https://www.city.shinjuku.lg.jp/anzen/index03.html,,38,関連確認,ハザード・災害リスク
新宿区,hazard,2,耳で聴くハザードマップ,https://www.city.shinjuku.lg.jp/anzen/kikikanri01_000001_00232.html,防災,https://www.city.shinjuku.lg.jp/anzen/index03.html,,38,関連確認,ハザード・災害リスク
新宿区,hazard,2,,https://www.city.shinjuku.lg.jp/kusei/index13.html#section3-2ハザードマップ・開発許可の履歴を調べたい方,まちづくり・都市計画,https://www.city.shinjuku.lg.jp/kusei/index13.html,,38,関連確認,ハザード・災害リスク
新宿区,road,2,,https://www.city.shinjuku.lg.jp/kusei/index13.html#section2-3-1斜線制限や容積算定上の幅員等ボリュームチェックを行いたい方,まちづくり・都市計画,https://www.city.shinjuku.lg.jp/kusei/index13.html,,23,関連確認,道路・接道確認
新宿区,road,2,,https://www.city.shinjuku.lg.jp/kusei/index13.html#section3-3容積算定幅員、最低敷地面積などを調べたい方,まちづくり・都市計画,https://www.city.shinjuku.lg.jp/kusei/index13.html,,23,関連確認,道路・接道確認
杉並区,building_guidance,2,建築,https://www.city.suginami.tokyo.jp/machizukuri/toshiseibi/kenchiku/index.html,まちづくり・環境,https://www.city.suginami.tokyo.jp/machizukuri/index.html,,23,関連確認,建築指導・建築確認
杉並区,building_guidance,3,建築審査会,https://www.city.suginami.tokyo.jp/s092/1893.html,新着情報一覧,https://www.city.suginami.tokyo.jp/machizukuri/shinchaku/index.html,,23,関連確認,建築指導・建築確認
杉並区,building_guidance,3,建築確認台帳記載事項証明書,https://www.city.suginami.tokyo.jp/s096/1870.html,新着情報一覧,https://www.city.suginami.tokyo.jp/machizukuri/shinchaku/index.html,,23,関連確認,建築指導・建築確認
杉並区,building_guidance,3,建築確認申請,https://www.city.suginami.tokyo.jp/s096/1878.html,新着情報一覧,https://www.city.suginami.tokyo.jp/machizukuri/shinchaku/index.html,,13,参考,建築指導・建築確認
杉並区,district_plan,2,都市計画,https://www.city.suginami.tokyo.jp/machizukuri/toshiseibi/toshikeikaku/index.html,まちづくり・環境,https://www.city.suginami.tokyo.jp/machizukuri/index.html,,43,優先確認,都市計画・用途地域
杉並区,district_plan,2,総合治水対策,https://www.city.suginami.tokyo.jp/machizukuri/toshiseibi/chisui/index.html,まちづくり・環境,https://www.city.suginami.tokyo.jp/machizukuri/index.html,,23,関連確認,都市計画・用途地域
杉並区,district_plan,2,都市整備,https://www.city.suginami.tokyo.jp/machizukuri/toshiseibi/index.html,まちづくり・環境,https://www.city.suginami.tokyo.jp/machizukuri/index.html,,23,関連確認,都市計画・用途地域
杉並区,district_plan,2,開発,https://www.city.suginami.tokyo.jp/machizukuri/toshiseibi/kaihatsu/index.html,まちづくり・環境,https://www.city.suginami.tokyo.jp/machizukuri/index.html,,23,関連確認,都市計画・用途地域
杉並区,district_plan,2,建築,https://www.city.suginami.tokyo.jp/machizukuri/toshiseibi/kenchiku/index.html,まちづくり・環境,https://www.city.suginami.tokyo.jp/machizukuri/index.html,,23,関連確認,都市計画・用途地域
杉並区,district_plan,2,まちづくり,https://www.city.suginami.tokyo.jp/machizukuri/toshiseibi/machizukuri/index.html,まちづくり・環境,https://www.city.suginami.tokyo.jp/machizukuri/index.html,,23,関連確認,都市計画・用途地域
杉並区,district_plan,2,土地,https://www.city.suginami.tokyo.jp/machizukuri/toshiseibi/tochi/index.html,まちづくり・環境,https://www.city.suginami.tokyo.jp/machizukuri/index.html,,23,関連確認,都市計画・用途地域
杉並区,district_plan,3,杉並区景観計画について,https://www.city.suginami.tokyo.jp/s094/22306.html,景観まちづくり,https://www.city.suginami.tokyo.jp/machizukuri/keikan/keikanmachizukuri/index.html,,23,関連確認,都市計画・用途地域
杉並区,hazard,2,ハザードマップ・地震被害シミュレーション,https://www.city.suginami.tokyo.jp/bousai/bousai/hazardmap/index.html,防災・安全,https://www.city.suginami.tokyo.jp/bousai/index.html,,66,優先確認,ハザード・災害リスク
杉並区,hazard,2,土砂災害ハザードマップ,https://www.city.suginami.tokyo.jp/s015/1526.html,救急医療・防災・防犯,https://www.city.suginami.tokyo.jp/anzen/index.html,,58,優先確認,ハザード・災害リスク
杉並区,hazard,2,わが家の水害ハザードマップ,https://www.city.suginami.tokyo.jp/s098/462.html,救急医療・防災・防犯,https://www.city.suginami.tokyo.jp/anzen/index.html,,38,関連確認,ハザード・災害リスク
杉並区,hazard,1,ハザードマップほか,https://www.city.suginami.tokyo.jp/bousai/bousai/index.html,公式トップ,https://www.city.suginami.tokyo.jp/,,35,関連確認,ハザード・災害リスク
杉並区,hazard,3,土砂災害警戒情報,https://www.city.suginami.tokyo.jp/s015/1492.html,防災関連の情報・行事のお知らせ,https://www.city.suginami.tokyo.jp/bousai/bousai/gyouji/index.html,,23,関連確認,ハザード・災害リスク
杉並区,hazard,3,半地下家屋、地下室では浸水被害に十分なご注意をお願いします,https://www.city.suginami.tokyo.jp/s098/1575.html,新着情報一覧,https://www.city.suginami.tokyo.jp/machizukuri/shinchaku/index.html,,23,関連確認,ハザード・災害リスク
杉並区,road,2,狭あい道路拡幅整備事業,https://www.city.suginami.tokyo.jp/machizukuri/douro/kyouai/index.html,まちづくり・環境,https://www.city.suginami.tokyo.jp/machizukuri/index.html,,43,優先確認,道路・接道確認
杉並区,road,3,道路台帳の閲覧,https://www.city.suginami.tokyo.jp/s097/1586.html,新着情報一覧,https://www.city.suginami.tokyo.jp/machizukuri/shinchaku/index.html,,43,優先確認,道路・接道確認
杉並区,road,2,路外駐車場,https://www.city.suginami.tokyo.jp/machizukuri/douro/chuushajou/index.html,まちづくり・環境,https://www.city.suginami.tokyo.jp/machizukuri/index.html,,23,関連確認,道路・接道確認
杉並区,road,2,道路・街路灯,https://www.city.suginami.tokyo.jp/machizukuri/douro/dourogairotou/index.html,まちづくり・環境,https://www.city.suginami.tokyo.jp/machizukuri/index.html,,23,関連確認,道路・接道確認
杉並区,road,2,道路,https://www.city.suginami.tokyo.jp/machizukuri/douro/index.html,まちづくり・環境,https://www.city.suginami.tokyo.jp/machizukuri/index.html,,23,関連確認,道路・接道確認
杉並区,road,3,区道の幅員証明,https://www.city.suginami.tokyo.jp/s097/1597.html,新着情報一覧,https://www.city.suginami.tokyo.jp/machizukuri/shinchaku/index.html,,23,関連確認,道路・接道確認
杉並区,road,3,狭あい道路拡幅整備事業,https://www.city.suginami.tokyo.jp/s099/1885.html,新着情報一覧,https://www.city.suginami.tokyo.jp/machizukuri/shinchaku/index.html,,23,関連確認,道路・接道確認
杉並区,road,3,施策の実施状況（狭あい道路拡幅整備事業）,https://www.city.suginami.tokyo.jp/s099/6417.html,新着情報一覧,https://www.city.suginami.tokyo.jp/machizukuri/shinchaku/index.html,,23,関連確認,道路・接道確認
杉並区,road,3,私道の整備,https://www.city.suginami.tokyo.jp/s101/1591.html,新着情報一覧,https://www.city.suginami.tokyo.jp/machizukuri/shinchaku/index.html,,23,関連確認,道路・接道確認
板橋区,building_guidance,2,建築審査会・地域住宅計画,https://www.city.itabashi.tokyo.jp/bousai/tochi/sonota/index.html,防災・環境・まちづくり トップ,https://www.city.itabashi.tokyo.jp/bousai/index.html,,23,関連確認,建築指導・建築確認
板橋区,district_plan,2,景観計画,https://www.city.itabashi.tokyo.jp/bousai/toshikeiakku/keikan/index.html,防災・環境・まちづくり トップ,https://www.city.itabashi.tokyo.jp/bousai/index.html,,43,優先確認,都市計画・用途地域
板橋区,district_plan,1,都市計画・景観計画・交通政策,https://www.city.itabashi.tokyo.jp/bousai/toshikeiakku/index.html,公式トップ,https://www.city.itabashi.tokyo.jp/,,40,優先確認,都市計画・用途地域
板橋区,district_plan,2,エンターキーを押すと、ナビゲーション部分をスキップし本文へ移動します。,https://www.city.itabashi.tokyo.jp/bousai/toshikeiakku/index.html#HONBUN,都市計画・景観計画・交通政策,https://www.city.itabashi.tokyo.jp/bousai/toshikeiakku/index.html,,23,関連確認,都市計画・用途地域
板橋区,district_plan,2,,https://www.city.itabashi.tokyo.jp/bousai/toshikeiakku/index.html#wrap,都市計画・景観計画・交通政策,https://www.city.itabashi.tokyo.jp/bousai/toshikeiakku/index.html,,23,関連確認,都市計画・用途地域
板橋区,district_plan,2,都市計画,https://www.city.itabashi.tokyo.jp/bousai/toshikeiakku/keikaku/index.html,防災・環境・まちづくり トップ,https://www.city.itabashi.tokyo.jp/bousai/index.html,,23,関連確認,都市計画・用途地域
板橋区,district_plan,2,交通政策,https://www.city.itabashi.tokyo.jp/bousai/toshikeiakku/kotsu/index.html,防災・環境・まちづくり トップ,https://www.city.itabashi.tokyo.jp/bousai/index.html,,23,関連確認,都市計画・用途地域
板橋区,hazard,2,防災マップ・各種ハザードマップ,https://www.city.itabashi.tokyo.jp/bousai/bousai/map/index.html,防災・環境・まちづくり トップ,https://www.city.itabashi.tokyo.jp/bousai/index.html,,66,優先確認,ハザード・災害リスク
板橋区,hazard,3,板橋区洪水ハザードマップ,https://www.city.itabashi.tokyo.jp/bousai/bousai/map/1005633.html,防災マップ・各種ハザードマップ,https://www.city.itabashi.tokyo.jp/bousai/bousai/map/index.html,,66,優先確認,ハザード・災害リスク
板橋区,hazard,3,板橋区土砂災害ハザードマップ,https://www.city.itabashi.tokyo.jp/bousai/bousai/map/1005634.html,防災マップ・各種ハザードマップ,https://www.city.itabashi.tokyo.jp/bousai/bousai/map/index.html,,66,優先確認,ハザード・災害リスク
板橋区,hazard,3,板橋区高潮ハザードマップ,https://www.city.itabashi.tokyo.jp/bousai/bousai/map/1026389.html,防災マップ・各種ハザードマップ,https://www.city.itabashi.tokyo.jp/bousai/bousai/map/index.html,,66,優先確認,ハザード・災害リスク
板橋区,hazard,3,板橋区防災マップ・ハザードマップ（外国語版）,https://www.city.itabashi.tokyo.jp/bousai/bousai/map/1050391.html,防災マップ・各種ハザードマップ,https://www.city.itabashi.tokyo.jp/bousai/bousai/map/index.html,,66,優先確認,ハザード・災害リスク
板橋区,hazard,3,宅地建物取引業者の方へ（板橋区ハザードマップ作成状況）,https://www.city.itabashi.tokyo.jp/bousai/bousai/map/1027812.html,防災マップ・各種ハザードマップ,https://www.city.itabashi.tokyo.jp/bousai/bousai/map/index.html,,46,優先確認,ハザード・災害リスク
板橋区,hazard,3,耳で聴くハザードマップ,https://www.city.itabashi.tokyo.jp/bousai/bousai/map/1057105.html,防災マップ・各種ハザードマップ,https://www.city.itabashi.tokyo.jp/bousai/bousai/map/index.html,,46,優先確認,ハザード・災害リスク
板橋区,hazard,2,浸水・土砂災害対策,https://www.city.itabashi.tokyo.jp/bousai/bousai/shinsu/index.html,防災・環境・まちづくり トップ,https://www.city.itabashi.tokyo.jp/bousai/index.html,,43,優先確認,ハザード・災害リスク
板橋区,hazard,3,実感！ハザードマップ 実感！ハザードマップを作成しました. ぜひご活用ください！,https://www.city.itabashi.tokyo.jp/bousai/bousai/1029032/1038225.html,いたばし防災＋プロジェクト,https://www.city.itabashi.tokyo.jp/bousai/bousai/1029032/index.html,,38,関連確認,ハザード・災害リスク
板橋区,hazard,2,避難所看板・浸水深表示板,https://www.city.itabashi.tokyo.jp/bousai/bousai/1055759/index.html,防災・環境・まちづくり トップ,https://www.city.itabashi.tokyo.jp/bousai/index.html,,23,関連確認,ハザード・災害リスク
板橋区,hazard,2,地区別防災対策マニュアル・防災マップ,https://www.city.itabashi.tokyo.jp/bousai/bousai/manual/index.html,防災・環境・まちづくり トップ,https://www.city.itabashi.tokyo.jp/bousai/index.html,,23,関連確認,ハザード・災害リスク
板橋区,hazard,3,【大谷口地区】防災対策マニュアル・防災マップ,https://www.city.itabashi.tokyo.jp/bousai/bousai/manual/1005640.html,地区別防災対策マニュアル・防災マップ,https://www.city.itabashi.tokyo.jp/bousai/bousai/manual/index.html,,23,関連確認,ハザード・災害リスク
板橋区,hazard,3,【高島平地区】防災マニュアル・防災マップ,https://www.city.itabashi.tokyo.jp/bousai/bousai/manual/1005641.html,地区別防災対策マニュアル・防災マップ,https://www.city.itabashi.tokyo.jp/bousai/bousai/manual/index.html,,23,関連確認,ハザード・災害リスク
板橋区,hazard,3,【熊野地区】防災対策マニュアル・防災ガイドブック・防災マップ,https://www.city.itabashi.tokyo.jp/bousai/bousai/manual/1005642.html,地区別防災対策マニュアル・防災マップ,https://www.city.itabashi.tokyo.jp/bousai/bousai/manual/index.html,,23,関連確認,ハザード・災害リスク
板橋区,hazard,3,【舟渡地区】防災マニュアル・防災マップ,https://www.city.itabashi.tokyo.jp/bousai/bousai/manual/1005643.html,地区別防災対策マニュアル・防災マップ,https://www.city.itabashi.tokyo.jp/bousai/bousai/manual/index.html,,23,関連確認,ハザード・災害リスク
板橋区,hazard,3,【前野地区】防災マニュアル・防災マップ,https://www.city.itabashi.tokyo.jp/bousai/bousai/manual/1005644.html,地区別防災対策マニュアル・防災マップ,https://www.city.itabashi.tokyo.jp/bousai/bousai/manual/index.html,,23,関連確認,ハザード・災害リスク
板橋区,hazard,3,【中台地区】防災マニュアル・防災マップ,https://www.city.itabashi.tokyo.jp/bousai/bousai/manual/1005645.html,地区別防災対策マニュアル・防災マップ,https://www.city.itabashi.tokyo.jp/bousai/bousai/manual/index.html,,23,関連確認,ハザード・災害リスク
板橋区,hazard,3,【仲宿地区】防災対策マニュアル・防災ガイドブック・防災マップ,https://www.city.itabashi.tokyo.jp/bousai/bousai/manual/1005646.html,地区別防災対策マニュアル・防災マップ,https://www.city.itabashi.tokyo.jp/bousai/bousai/manual/index.html,,23,関連確認,ハザード・災害リスク
板橋区,hazard,3,【徳丸地区】防災マニュアル・防災マップ,https://www.city.itabashi.tokyo.jp/bousai/bousai/manual/1005647.html,地区別防災対策マニュアル・防災マップ,https://www.city.itabashi.tokyo.jp/bousai/bousai/manual/index.html,,23,関連確認,ハザード・災害リスク
板橋区,hazard,3,【富士見地区】防災対策マニュアル防災ガイドブック防災マップ,https://www.city.itabashi.tokyo.jp/bousai/bousai/manual/1005648.html,地区別防災対策マニュアル・防災マップ,https://www.city.itabashi.tokyo.jp/bousai/bousai/manual/index.html,,23,関連確認,ハザード・災害リスク
板橋区,hazard,3,【蓮根地区】防災マニュアル・防災マップ,https://www.city.itabashi.tokyo.jp/bousai/bousai/manual/1005649.html,地区別防災対策マニュアル・防災マップ,https://www.city.itabashi.tokyo.jp/bousai/bousai/manual/index.html,,23,関連確認,ハザード・災害リスク
板橋区,hazard,3,【板橋地区】防災マニュアル・防災マップ,https://www.city.itabashi.tokyo.jp/bousai/bousai/manual/1005650.html,地区別防災対策マニュアル・防災マップ,https://www.city.itabashi.tokyo.jp/bousai/bousai/manual/index.html,,23,関連確認,ハザード・災害リスク
板橋区,hazard,3,【下赤塚地区】防災マニュアル・防災マップ,https://www.city.itabashi.tokyo.jp/bousai/bousai/manual/1005651.html,地区別防災対策マニュアル・防災マップ,https://www.city.itabashi.tokyo.jp/bousai/bousai/manual/index.html,,23,関連確認,ハザード・災害リスク
板橋区,hazard,3,【成増地区】防災マニュアル・防災マップ,https://www.city.itabashi.tokyo.jp/bousai/bousai/manual/1005652.html,地区別防災対策マニュアル・防災マップ,https://www.city.itabashi.tokyo.jp/bousai/bousai/manual/index.html,,23,関連確認,ハザード・災害リスク
板橋区,hazard,3,【桜川地区】防災マニュアル・防災マップ,https://www.city.itabashi.tokyo.jp/bousai/bousai/manual/1005653.html,地区別防災対策マニュアル・防災マップ,https://www.city.itabashi.tokyo.jp/bousai/bousai/manual/index.html,,23,関連確認,ハザード・災害リスク
板橋区,hazard,3,【仲町地区】防災マニュアル・防災マップ,https://www.city.itabashi.tokyo.jp/bousai/bousai/manual/1005654.html,地区別防災対策マニュアル・防災マップ,https://www.city.itabashi.tokyo.jp/bousai/bousai/manual/index.html,,23,関連確認,ハザード・災害リスク
板橋区,hazard,3,【志村坂上地区】防災マニュアル・防災マップ,https://www.city.itabashi.tokyo.jp/bousai/bousai/manual/1005655.html,地区別防災対策マニュアル・防災マップ,https://www.city.itabashi.tokyo.jp/bousai/bousai/manual/index.html,,23,関連確認,ハザード・災害リスク
板橋区,hazard,3,【清水地区】防災マニュアル・防災マップ,https://www.city.itabashi.tokyo.jp/bousai/bousai/manual/1005656.html,地区別防災対策マニュアル・防災マップ,https://www.city.itabashi.tokyo.jp/bousai/bousai/manual/index.html,,23,関連確認,ハザード・災害リスク
板橋区,hazard,3,【常盤台地区】防災マニュアル・防災マップ,https://www.city.itabashi.tokyo.jp/bousai/bousai/manual/1005657.html,地区別防災対策マニュアル・防災マップ,https://www.city.itabashi.tokyo.jp/bousai/bousai/manual/index.html,,23,関連確認,ハザード・災害リスク
板橋区,hazard,3,地区別防災対策マニュアル・防災マップ【平成25年度～平成27年度策定】,https://www.city.itabashi.tokyo.jp/bousai/bousai/manual/1054545/index.html,地区別防災対策マニュアル・防災マップ,https://www.city.itabashi.tokyo.jp/bousai/bousai/manual/index.html,,23,関連確認,ハザード・災害リスク
板橋区,road,2,道路台帳平面図の閲覧,https://www.city.itabashi.tokyo.jp/bousai/douro/1038299/index.html,防災・環境・まちづくり トップ,https://www.city.itabashi.tokyo.jp/bousai/index.html,,63,優先確認,道路・接道確認
板橋区,road,2,土地境界図等証明・道路台帳平面図等写し交付,https://www.city.itabashi.tokyo.jp/bousai/douro/kyoukai/index.html,防災・環境・まちづくり トップ,https://www.city.itabashi.tokyo.jp/bousai/index.html,,63,優先確認,道路・接道確認
板橋区,road,2,区道の番号・区域・幅員証明,https://www.city.itabashi.tokyo.jp/bousai/douro/kudou/index.html,防災・環境・まちづくり トップ,https://www.city.itabashi.tokyo.jp/bousai/index.html,,43,優先確認,道路・接道確認
板橋区,road,2,地籍調査,https://www.city.itabashi.tokyo.jp/bousai/douro/1006472.html,防災・環境・まちづくり トップ,https://www.city.itabashi.tokyo.jp/bousai/index.html,,23,関連確認,道路・接道確認
板橋区,road,2,公共基準点,https://www.city.itabashi.tokyo.jp/bousai/douro/1043710/index.html,防災・環境・まちづくり トップ,https://www.city.itabashi.tokyo.jp/bousai/index.html,,23,関連確認,道路・接道確認
板橋区,road,2,街灯,https://www.city.itabashi.tokyo.jp/bousai/douro/gairotou/index.html,防災・環境・まちづくり トップ,https://www.city.itabashi.tokyo.jp/bousai/index.html,,23,関連確認,道路・接道確認
板橋区,road,2,舗装構造ほか,https://www.city.itabashi.tokyo.jp/bousai/douro/hsou/index.html,防災・環境・まちづくり トップ,https://www.city.itabashi.tokyo.jp/bousai/index.html,,23,関連確認,道路・接道確認
板橋区,road,2,道路の維持,https://www.city.itabashi.tokyo.jp/bousai/douro/iji/index.html,防災・環境・まちづくり トップ,https://www.city.itabashi.tokyo.jp/bousai/index.html,,23,関連確認,道路・接道確認
板橋区,road,2,エンターキーを押すと、ナビゲーション部分をスキップし本文へ移動します。,https://www.city.itabashi.tokyo.jp/bousai/douro/index.html#HONBUN,道路,https://www.city.itabashi.tokyo.jp/bousai/douro/index.html,,23,関連確認,道路・接道確認
板橋区,road,2,,https://www.city.itabashi.tokyo.jp/bousai/douro/index.html#wrap,道路,https://www.city.itabashi.tokyo.jp/bousai/douro/index.html,,23,関連確認,道路・接道確認
板橋区,road,2,自費工事・沿道掘削施行協議,https://www.city.itabashi.tokyo.jp/bousai/douro/jihi/index.html,防災・環境・まちづくり トップ,https://www.city.itabashi.tokyo.jp/bousai/index.html,,23,関連確認,道路・接道確認
板橋区,road,2,道路などに関する計画・事業,https://www.city.itabashi.tokyo.jp/bousai/douro/keiakku/index.html,防災・環境・まちづくり トップ,https://www.city.itabashi.tokyo.jp/bousai/index.html,,23,関連確認,道路・接道確認
板橋区,road,1,道路,https://www.city.itabashi.tokyo.jp/bousai/douro/index.html,公式トップ,https://www.city.itabashi.tokyo.jp/,,20,関連確認,道路・接道確認
板橋区,road,1,指定管理者,https://www.city.itabashi.tokyo.jp/kusei/shiteikanri/index.html,公式トップ,https://www.city.itabashi.tokyo.jp/,,20,関連確認,道路・接道確認
板橋区,road,2,道路占用許可申請・屋外広告物許可申請,https://www.city.itabashi.tokyo.jp/bousai/douro/senyou/index.html,防災・環境・まちづくり トップ,https://www.city.itabashi.tokyo.jp/bousai/index.html,,13,参考,道路・接道確認
板橋区,road,2,相談ほか（道路）,https://www.city.itabashi.tokyo.jp/bousai/douro/soudan/index.html,防災・環境・まちづくり トップ,https://www.city.itabashi.tokyo.jp/bousai/index.html,,13,参考,道路・接道確認
江戸川区,building_guidance,2,用途地域等都市計画情報・建築基準法による指定道路情報提供サービス,https://www.city.edogawa.tokyo.jp/e016/toshikeikaku/kenchiku/toshikeikakuteikyo.html,まちづくり・ 環境,https://www.city.edogawa.tokyo.jp/toshikeikaku/index.html,,123,優先確認,建築指導・建築確認
江戸川区,building_guidance,2,許可・認定・届出（建築基準法・都市計画法第53条）,https://www.city.edogawa.tokyo.jp/toshikeikaku/kenchiku/nintei_todoke/index.html,まちづくり・ 環境,https://www.city.edogawa.tokyo.jp/toshikeikaku/index.html,,63,優先確認,建築指導・建築確認
江戸川区,building_guidance,2,建築確認・検査・施工計画,https://www.city.edogawa.tokyo.jp/toshikeikaku/kenchiku/kensa_keikau/index.html,まちづくり・ 環境,https://www.city.edogawa.tokyo.jp/toshikeikaku/index.html,,43,優先確認,建築指導・建築確認
江戸川区,building_guidance,2,定期報告・維持管理・液状化・事故報告,https://www.city.edogawa.tokyo.jp/toshikeikaku/kenchiku/hokoku/index.html,まちづくり・ 環境,https://www.city.edogawa.tokyo.jp/toshikeikaku/index.html,,23,関連確認,建築指導・建築確認
江戸川区,building_guidance,2,建築に関すること,https://www.city.edogawa.tokyo.jp/toshikeikaku/kenchiku/index.html,まちづくり・ 環境,https://www.city.edogawa.tokyo.jp/toshikeikaku/index.html,,23,関連確認,建築指導・建築確認
江戸川区,building_guidance,2,長期優良住宅・低炭素建築物,https://www.city.edogawa.tokyo.jp/toshikeikaku/kenchiku/jutaku/index.html,まちづくり・ 環境,https://www.city.edogawa.tokyo.jp/toshikeikaku/index.html,,23,関連確認,建築指導・建築確認
江戸川区,building_guidance,2,住宅用家屋証明書・建築計画概要書,https://www.city.edogawa.tokyo.jp/toshikeikaku/kenchiku/kaokushomei/index.html,まちづくり・ 環境,https://www.city.edogawa.tokyo.jp/toshikeikaku/index.html,,23,関連確認,建築指導・建築確認
江戸川区,building_guidance,2,建築に関する規制・事前調査,https://www.city.edogawa.tokyo.jp/toshikeikaku/kenchiku/kisei_chosa/index.html,まちづくり・ 環境,https://www.city.edogawa.tokyo.jp/toshikeikaku/index.html,,23,関連確認,建築指導・建築確認
江戸川区,building_guidance,2,建設リサイクル法に基づく届出等・建築物除却届,https://www.city.edogawa.tokyo.jp/toshikeikaku/kenchiku/recycle/index.html,まちづくり・ 環境,https://www.city.edogawa.tokyo.jp/toshikeikaku/index.html,,23,関連確認,建築指導・建築確認
江戸川区,building_guidance,2,まちづくりのルールと協議,https://www.city.edogawa.tokyo.jp/toshikeikaku/kenchiku/ruletokyogi/index.html,まちづくり・ 環境,https://www.city.edogawa.tokyo.jp/toshikeikaku/index.html,,23,関連確認,建築指導・建築確認
江戸川区,building_guidance,2,建築物の省エネ・エネルギー消費性能の向上,https://www.city.edogawa.tokyo.jp/toshikeikaku/kenchiku/shoene/index.html,まちづくり・ 環境,https://www.city.edogawa.tokyo.jp/toshikeikaku/index.html,,23,関連確認,建築指導・建築確認
江戸川区,building_guidance,2,バリアフリー法・福祉のまちづくり条例に関する手続き,https://www.city.edogawa.tokyo.jp/toshikeikaku/kenchiku/barrier_free/index.html,まちづくり・ 環境,https://www.city.edogawa.tokyo.jp/toshikeikaku/index.html,,13,参考,建築指導・建築確認
江戸川区,building_guidance,2,取り扱い基準・オンライン申請・窓口時間,https://www.city.edogawa.tokyo.jp/toshikeikaku/kenchiku/shinsei/index.html,まちづくり・ 環境,https://www.city.edogawa.tokyo.jp/toshikeikaku/index.html,,13,参考,建築指導・建築確認
江戸川区,district_plan,2,用途地域等都市計画情報・建築基準法による指定道路情報提供サービス,https://www.city.edogawa.tokyo.jp/e016/toshikeikaku/kenchiku/toshikeikakuteikyo.html,まちづくり・ 環境,https://www.city.edogawa.tokyo.jp/toshikeikaku/index.html,,163,優先確認,都市計画・用途地域
江戸川区,district_plan,2,景観計画,https://www.city.edogawa.tokyo.jp/toshikeikaku/keikan/keikan_keikaku/index.html,まちづくり・ 環境,https://www.city.edogawa.tokyo.jp/toshikeikaku/index.html,,63,優先確認,都市計画・用途地域
江戸川区,district_plan,2,許可・認定・届出（建築基準法・都市計画法第53条）,https://www.city.edogawa.tokyo.jp/toshikeikaku/kenchiku/nintei_todoke/index.html,まちづくり・ 環境,https://www.city.edogawa.tokyo.jp/toshikeikaku/index.html,,63,優先確認,都市計画・用途地域
江戸川区,district_plan,2,公有地の拡大の推進に関する法律,https://www.city.edogawa.tokyo.jp/e012/toshikeikaku/sonota/kouyuuchikakudai.html,まちづくり・ 環境,https://www.city.edogawa.tokyo.jp/toshikeikaku/index.html,,43,優先確認,都市計画・用途地域
江戸川区,district_plan,2,葛西沖周辺のまちづくり,https://www.city.edogawa.tokyo.jp/e016/toshikeikaku/chiki/kasaiokinorekishi.html,まちづくり・ 環境,https://www.city.edogawa.tokyo.jp/toshikeikaku/index.html,,43,優先確認,都市計画・用途地域
江戸川区,district_plan,2,都市再生推進法人,https://www.city.edogawa.tokyo.jp/e016/toshikeikaku/chiki/toshisaisei/index.html,まちづくり・ 環境,https://www.city.edogawa.tokyo.jp/toshikeikaku/index.html,,43,優先確認,都市計画・用途地域
江戸川区,district_plan,2,低未利用土地利用促進協定,https://www.city.edogawa.tokyo.jp/e016/toshikeikaku/chiki/toshisaisei/teimiriyou.html,まちづくり・ 環境,https://www.city.edogawa.tokyo.jp/toshikeikaku/index.html,,43,優先確認,都市計画・用途地域
江戸川区,district_plan,2,都市利便増進協定,https://www.city.edogawa.tokyo.jp/e016/toshikeikaku/chiki/toshisaisei/toshiribenzoshin.html,まちづくり・ 環境,https://www.city.edogawa.tokyo.jp/toshikeikaku/index.html,,43,優先確認,都市計画・用途地域
江戸川区,district_plan,2,景観まちづくり賞,https://www.city.edogawa.tokyo.jp/e016/toshikeikaku/keikan/keikanmatidukurisyo/index.html,まちづくり・ 環境,https://www.city.edogawa.tokyo.jp/toshikeikaku/index.html,,43,優先確認,都市計画・用途地域
江戸川区,district_plan,2,景観法及び江戸川区景観条例に基づく届出,https://www.city.edogawa.tokyo.jp/e016/toshikeikaku/keikan/kekanjore.html,まちづくり・ 環境,https://www.city.edogawa.tokyo.jp/toshikeikaku/index.html,,43,優先確認,都市計画・用途地域
江戸川区,district_plan,2,農の風景育成地区,https://www.city.edogawa.tokyo.jp/e016/toshikeikaku/keikan/nou_fukei.html,まちづくり・ 環境,https://www.city.edogawa.tokyo.jp/toshikeikaku/index.html,,43,優先確認,都市計画・用途地域
江戸川区,district_plan,2,都市計画事業データ,https://www.city.edogawa.tokyo.jp/e016/toshikeikaku/sonota/keikakujigyo/index.html,まちづくり・ 環境,https://www.city.edogawa.tokyo.jp/toshikeikaku/index.html,,43,優先確認,都市計画・用途地域
江戸川区,district_plan,2,京成小岩駅周辺のまちづくり,https://www.city.edogawa.tokyo.jp/e018/toshikeikaku/chiki/keiseikoiwa/index.html,まちづくり・ 環境,https://www.city.edogawa.tokyo.jp/toshikeikaku/index.html,,43,優先確認,都市計画・用途地域
江戸川区,district_plan,2,京成本線立体化と周辺まちづくり,https://www.city.edogawa.tokyo.jp/e018/toshikeikaku/toshikotsu/keiseihonsen/index.html,まちづくり・ 環境,https://www.city.edogawa.tokyo.jp/toshikeikaku/index.html,,43,優先確認,都市計画・用途地域
江戸川区,district_plan,2,メトロセブン構想（メトロセブン促進協議会）,https://www.city.edogawa.tokyo.jp/e018/toshikeikaku/toshikotsu/metroseven.html,まちづくり・ 環境,https://www.city.edogawa.tokyo.jp/toshikeikaku/index.html,,43,優先確認,都市計画・用途地域
江戸川区,district_plan,2,不燃化推進特定整備事業（不燃化特区制度）,https://www.city.edogawa.tokyo.jp/e019/toshikeikaku/saigainitsuyoi/funenka/index.html,まちづくり・ 環境,https://www.city.edogawa.tokyo.jp/toshikeikaku/index.html,,43,優先確認,都市計画・用途地域
江戸川区,district_plan,2,密集住宅市街地整備促進事業（密集事業）,https://www.city.edogawa.tokyo.jp/e019/toshikeikaku/saigainitsuyoi/missyuu/index.html,まちづくり・ 環境,https://www.city.edogawa.tokyo.jp/toshikeikaku/index.html,,43,優先確認,都市計画・用途地域
江戸川区,district_plan,2,都市防災不燃化促進事業,https://www.city.edogawa.tokyo.jp/e019/toshikeikaku/saigainitsuyoi/tosibousai.html,まちづくり・ 環境,https://www.city.edogawa.tokyo.jp/toshikeikaku/index.html,,43,優先確認,都市計画・用途地域
江戸川区,district_plan,2,環境をよくする絵画コンクール,https://www.city.edogawa.tokyo.jp/e024/toshikeikaku/kankyo/kaiga/index.html,まちづくり・ 環境,https://www.city.edogawa.tokyo.jp/toshikeikaku/index.html,,43,優先確認,都市計画・用途地域
江戸川区,district_plan,2,えどがわ環境財団,https://www.city.edogawa.tokyo.jp/e024/toshikeikaku/kankyo/kankyozaidan.html,まちづくり・ 環境,https://www.city.edogawa.tokyo.jp/toshikeikaku/index.html,,43,優先確認,都市計画・用途地域
江戸川区,district_plan,2,江戸川区環境みらい基金,https://www.city.edogawa.tokyo.jp/e024/toshikeikaku/kankyo/miraikikin.html,まちづくり・ 環境,https://www.city.edogawa.tokyo.jp/toshikeikaku/index.html,,43,優先確認,都市計画・用途地域
江戸川区,district_plan,2,江戸川区舗装種別図・掘削規制図（6管内）,https://www.city.edogawa.tokyo.jp/e058/toshikeikaku/doro/20210518hosoushubetu.html,まちづくり・ 環境,https://www.city.edogawa.tokyo.jp/toshikeikaku/index.html,,43,優先確認,都市計画・用途地域
江戸川区,district_plan,2,乗り入れ（段差解消）ブロックについて,https://www.city.edogawa.tokyo.jp/e058/toshikeikaku/doro/dansakaisyo.html,まちづくり・ 環境,https://www.city.edogawa.tokyo.jp/toshikeikaku/index.html,,43,優先確認,都市計画・用途地域
江戸川区,district_plan,2,江戸川区道路愛称名,https://www.city.edogawa.tokyo.jp/e058/toshikeikaku/doro/doroaishou.html,まちづくり・ 環境,https://www.city.edogawa.tokyo.jp/toshikeikaku/index.html,,43,優先確認,都市計画・用途地域
江戸川区,district_plan,2,道路法による道路情報提供サービス,https://www.city.edogawa.tokyo.jp/e058/toshikeikaku/doro/dorodaicho.html,まちづくり・ 環境,https://www.city.edogawa.tokyo.jp/toshikeikaku/index.html,,43,優先確認,都市計画・用途地域
江戸川区,district_plan,2,「道路ふれあい月間」推進標語を募集します,https://www.city.edogawa.tokyo.jp/e058/toshikeikaku/doro/hyogoboshu.html,まちづくり・ 環境,https://www.city.edogawa.tokyo.jp/toshikeikaku/index.html,,43,優先確認,都市計画・用途地域
江戸川区,district_plan,2,8月は「道路ふれあい月間」・8月10日は「道の日」道路ふれあい月間推進標語受賞作品のご紹介,https://www.city.edogawa.tokyo.jp/e058/toshikeikaku/doro/hyougo.html,まちづくり・ 環境,https://www.city.edogawa.tokyo.jp/toshikeikaku/index.html,,43,優先確認,都市計画・用途地域
江戸川区,district_plan,2,建築等に伴う道路後退(セットバック)敷地の寄附及び無償使用契約,https://www.city.edogawa.tokyo.jp/e058/toshikeikaku/doro/kihumusyousiyou.html,まちづくり・ 環境,https://www.city.edogawa.tokyo.jp/toshikeikaku/index.html,,43,優先確認,都市計画・用途地域
江戸川区,district_plan,2,道路工事の抑制,https://www.city.edogawa.tokyo.jp/e058/toshikeikaku/doro/koujiyokuse.html,まちづくり・ 環境,https://www.city.edogawa.tokyo.jp/toshikeikaku/index.html,,43,優先確認,都市計画・用途地域
江戸川区,district_plan,2,特殊車両通行許可及び通行認定について,https://www.city.edogawa.tokyo.jp/e058/toshikeikaku/doro/tuukou01.html,まちづくり・ 環境,https://www.city.edogawa.tokyo.jp/toshikeikaku/index.html,,43,優先確認,都市計画・用途地域
江戸川区,district_plan,2,「高台まちづくり整備の基本的な考え方」が公表されました,https://www.city.edogawa.tokyo.jp/e059/toshikeikaku/saigainitsuyoi/takadai.html,まちづくり・ 環境,https://www.city.edogawa.tokyo.jp/toshikeikaku/index.html,,43,優先確認,都市計画・用途地域
江戸川区,district_plan,2,「東京における都市計画道路の整備方針」の改定,https://www.city.edogawa.tokyo.jp/e059/toshikeikaku/sonota/houshin-ann.html,まちづくり・ 環境,https://www.city.edogawa.tokyo.jp/toshikeikaku/index.html,,43,優先確認,都市計画・用途地域
江戸川区,district_plan,2,年間の工事予定箇所図の公表（土木部・環境部）,https://www.city.edogawa.tokyo.jp/e059/toshikeikaku/sonota/kouziyoteikashozu.html,まちづくり・ 環境,https://www.city.edogawa.tokyo.jp/toshikeikaku/index.html,,43,優先確認,都市計画・用途地域
江戸川区,district_plan,2,中川・綾瀬川流域水害対策計画（素案）の縦覧及び意見募集の実施、公聴会の開催に伴う公述人募集,https://www.city.edogawa.tokyo.jp/e059/toshikeikaku/sonota/nakaaya.html,まちづくり・ 環境,https://www.city.edogawa.tokyo.jp/toshikeikaku/index.html,,43,優先確認,都市計画・用途地域
江戸川区,district_plan,2,中川・綾瀬川等が特定都市河川に指定されました,https://www.city.edogawa.tokyo.jp/e059/toshikeikaku/sonota/tokuteitoshikasen.html,まちづくり・ 環境,https://www.city.edogawa.tokyo.jp/toshikeikaku/index.html,,43,優先確認,都市計画・用途地域
江戸川区,district_plan,2,道路照明設備工事登録者の皆様へ,https://www.city.edogawa.tokyo.jp/e065/toshikeikaku/sonota/denkikouji.html,まちづくり・ 環境,https://www.city.edogawa.tokyo.jp/toshikeikaku/index.html,,43,優先確認,都市計画・用途地域
江戸川区,district_plan,2,【保全課】土木維持工事等登録者の皆様へ,https://www.city.edogawa.tokyo.jp/e065/toshikeikaku/sonota/dobokuiji.html,まちづくり・ 環境,https://www.city.edogawa.tokyo.jp/toshikeikaku/index.html,,43,優先確認,都市計画・用途地域
江戸川区,district_plan,2,【水とみどりの課】年間単価契約の発注方法,https://www.city.edogawa.tokyo.jp/e066/toshikeikaku/sonota/nenkantankakeiyaku.html,まちづくり・ 環境,https://www.city.edogawa.tokyo.jp/toshikeikaku/index.html,,43,優先確認,都市計画・用途地域
江戸川区,district_plan,2,えどがわエコセンター,https://www.city.edogawa.tokyo.jp/e086/toshikeikaku/kankyo/ecocenter.html,まちづくり・ 環境,https://www.city.edogawa.tokyo.jp/toshikeikaku/index.html,,43,優先確認,都市計画・用途地域
江戸川区,district_plan,2,環境フェア2026　サイエンスショー＆セミナー参加者募集　6月7日開催,https://www.city.edogawa.tokyo.jp/e086/toshikeikaku/kankyo/inochi/kankyoufair/kankyoufair2026.html,まちづくり・ 環境,https://www.city.edogawa.tokyo.jp/toshikeikaku/index.html,,43,優先確認,都市計画・用途地域
江戸川区,district_plan,2,アキラのズバッとお天気解説,https://www.city.edogawa.tokyo.jp/e086/toshikeikaku/kankyo/otenki/index.html,まちづくり・ 環境,https://www.city.edogawa.tokyo.jp/toshikeikaku/index.html,,43,優先確認,都市計画・用途地域
江戸川区,district_plan,2,船堀駅周辺のまちづくり,https://www.city.edogawa.tokyo.jp/toshikeikaku/chiki/funabori/index.html,まちづくり・ 環境,https://www.city.edogawa.tokyo.jp/toshikeikaku/index.html,,43,優先確認,都市計画・用途地域
江戸川区,district_plan,2,平井駅周辺のまちづくり,https://www.city.edogawa.tokyo.jp/toshikeikaku/chiki/hirai/index.html,まちづくり・ 環境,https://www.city.edogawa.tokyo.jp/toshikeikaku/index.html,,43,優先確認,都市計画・用途地域
江戸川区,district_plan,2,地域のまちづくり,https://www.city.edogawa.tokyo.jp/toshikeikaku/chiki/index.html,まちづくり・ 環境,https://www.city.edogawa.tokyo.jp/toshikeikaku/index.html,,43,優先確認,都市計画・用途地域
江戸川区,district_plan,2,JR小岩駅周辺地区のまちづくり,https://www.city.edogawa.tokyo.jp/toshikeikaku/chiki/koiwaekishuhen/index.html,まちづくり・ 環境,https://www.city.edogawa.tokyo.jp/toshikeikaku/index.html,,43,優先確認,都市計画・用途地域
江戸川区,district_plan,2,地域まちづくり活動,https://www.city.edogawa.tokyo.jp/toshikeikaku/chiki/machidukurikeikaku/index.html,まちづくり・ 環境,https://www.city.edogawa.tokyo.jp/toshikeikaku/index.html,,43,優先確認,都市計画・用途地域
江戸川区,district_plan,2,まちづくり活動の紹介,https://www.city.edogawa.tokyo.jp/toshikeikaku/chiki/machidukurishokai/index.html,まちづくり・ 環境,https://www.city.edogawa.tokyo.jp/toshikeikaku/index.html,,43,優先確認,都市計画・用途地域
江戸川区,district_plan,2,橋梁架替,https://www.city.edogawa.tokyo.jp/toshikeikaku/doro/hashi/index.html,まちづくり・ 環境,https://www.city.edogawa.tokyo.jp/toshikeikaku/index.html,,43,優先確認,都市計画・用途地域
江戸川区,district_plan,2,道路に関すること,https://www.city.edogawa.tokyo.jp/toshikeikaku/doro/index.html,まちづくり・ 環境,https://www.city.edogawa.tokyo.jp/toshikeikaku/index.html,,43,優先確認,都市計画・用途地域
江戸川区,district_plan,2,都市計画道路事業について,https://www.city.edogawa.tokyo.jp/toshikeikaku/doro/toshikeikaku/index.html,まちづくり・ 環境,https://www.city.edogawa.tokyo.jp/toshikeikaku/index.html,,43,優先確認,都市計画・用途地域
江戸川区,district_plan,2,安全で快適な環境に向けて,https://www.city.edogawa.tokyo.jp/toshikeikaku/kankyo/anzen_kaiteki/index.html,まちづくり・ 環境,https://www.city.edogawa.tokyo.jp/toshikeikaku/index.html,,43,優先確認,都市計画・用途地域
江戸川区,district_plan,2,歩きたばこ・ポイ捨て,https://www.city.edogawa.tokyo.jp/toshikeikaku/kankyo/arukitabako/index.html,まちづくり・ 環境,https://www.city.edogawa.tokyo.jp/toshikeikaku/index.html,,43,優先確認,都市計画・用途地域
江戸川区,district_plan,2,まちの美化,https://www.city.edogawa.tokyo.jp/toshikeikaku/kankyo/bika/index.html,まちづくり・ 環境,https://www.city.edogawa.tokyo.jp/toshikeikaku/index.html,,43,優先確認,都市計画・用途地域
江戸川区,district_plan,2,環境,https://www.city.edogawa.tokyo.jp/toshikeikaku/kankyo/index.html,まちづくり・ 環境,https://www.city.edogawa.tokyo.jp/toshikeikaku/index.html,,43,優先確認,都市計画・用途地域
江戸川区,district_plan,2,いまのいのち と みらいの地球（気候変動対策）,https://www.city.edogawa.tokyo.jp/toshikeikaku/kankyo/inochi/index.html,まちづくり・ 環境,https://www.city.edogawa.tokyo.jp/toshikeikaku/index.html,,43,優先確認,都市計画・用途地域
江戸川区,district_plan,2,環境情報・調査,https://www.city.edogawa.tokyo.jp/toshikeikaku/kankyo/johochosa/index.html,まちづくり・ 環境,https://www.city.edogawa.tokyo.jp/toshikeikaku/index.html,,43,優先確認,都市計画・用途地域
江戸川区,district_plan,2,公害規制等,https://www.city.edogawa.tokyo.jp/toshikeikaku/kankyo/kogai/index.html,まちづくり・ 環境,https://www.city.edogawa.tokyo.jp/toshikeikaku/index.html,,43,優先確認,都市計画・用途地域
江戸川区,district_plan,2,航空機による区内への影響について,https://www.city.edogawa.tokyo.jp/toshikeikaku/kankyo/koukuuki/index.html,まちづくり・ 環境,https://www.city.edogawa.tokyo.jp/toshikeikaku/index.html,,43,優先確認,都市計画・用途地域
江戸川区,district_plan,2,江戸川区のみどり,https://www.city.edogawa.tokyo.jp/toshikeikaku/kankyo/midori/index.html,まちづくり・ 環境,https://www.city.edogawa.tokyo.jp/toshikeikaku/index.html,,43,優先確認,都市計画・用途地域
江戸川区,district_plan,2,その他,https://www.city.edogawa.tokyo.jp/toshikeikaku/kankyo/sonota/index.html,まちづくり・ 環境,https://www.city.edogawa.tokyo.jp/toshikeikaku/index.html,,43,優先確認,都市計画・用途地域
江戸川区,district_plan,2,環境をよくする運動,https://www.city.edogawa.tokyo.jp/toshikeikaku/kankyo/undou/index.html,まちづくり・ 環境,https://www.city.edogawa.tokyo.jp/toshikeikaku/index.html,,43,優先確認,都市計画・用途地域
江戸川区,district_plan,2,景観まちづくり,https://www.city.edogawa.tokyo.jp/toshikeikaku/keikan/index.html,まちづくり・ 環境,https://www.city.edogawa.tokyo.jp/toshikeikaku/index.html,,43,優先確認,都市計画・用途地域
江戸川区,district_plan,2,景観シンポジウム,https://www.city.edogawa.tokyo.jp/toshikeikaku/keikan/keikan_symposium/index.html,まちづくり・ 環境,https://www.city.edogawa.tokyo.jp/toshikeikaku/index.html,,43,優先確認,都市計画・用途地域
江戸川区,district_plan,2,景観まちづくりワークショップ,https://www.city.edogawa.tokyo.jp/toshikeikaku/keikan/keikan_workshop/index.html,まちづくり・ 環境,https://www.city.edogawa.tokyo.jp/toshikeikaku/index.html,,43,優先確認,都市計画・用途地域
江戸川区,district_plan,2,景観地区,https://www.city.edogawa.tokyo.jp/toshikeikaku/keikan/keikanchiku/index.html,まちづくり・ 環境,https://www.city.edogawa.tokyo.jp/toshikeikaku/index.html,,43,優先確認,都市計画・用途地域
江戸川区,district_plan,2,江戸川区景観条例及び施行規則,https://www.city.edogawa.tokyo.jp/toshikeikaku/keikan/keikanjorei_kisoku/index.html,まちづくり・ 環境,https://www.city.edogawa.tokyo.jp/toshikeikaku/index.html,,43,優先確認,都市計画・用途地域
江戸川区,district_plan,2,江戸川区全体のまちづくり計画,https://www.city.edogawa.tokyo.jp/toshikeikaku/kekakunitsuite/index.html,まちづくり・ 環境,https://www.city.edogawa.tokyo.jp/toshikeikaku/index.html,,43,優先確認,都市計画・用途地域
江戸川区,district_plan,2,江戸川区住宅マスタープラン,https://www.city.edogawa.tokyo.jp/toshikeikaku/kekakunitsuite/kihonkeikaku/index.html,まちづくり・ 環境,https://www.city.edogawa.tokyo.jp/toshikeikaku/index.html,,43,優先確認,都市計画・用途地域
江戸川区,district_plan,2,江戸川区都市計画マスタープラン,https://www.city.edogawa.tokyo.jp/toshikeikaku/kekakunitsuite/kihonplan/index.html,まちづくり・ 環境,https://www.city.edogawa.tokyo.jp/toshikeikaku/index.html,,43,優先確認,都市計画・用途地域
江戸川区,district_plan,2,定期報告・維持管理・液状化・事故報告,https://www.city.edogawa.tokyo.jp/toshikeikaku/kenchiku/hokoku/index.html,まちづくり・ 環境,https://www.city.edogawa.tokyo.jp/toshikeikaku/index.html,,43,優先確認,都市計画・用途地域
江戸川区,district_plan,2,建築に関すること,https://www.city.edogawa.tokyo.jp/toshikeikaku/kenchiku/index.html,まちづくり・ 環境,https://www.city.edogawa.tokyo.jp/toshikeikaku/index.html,,43,優先確認,都市計画・用途地域
江戸川区,district_plan,2,長期優良住宅・低炭素建築物,https://www.city.edogawa.tokyo.jp/toshikeikaku/kenchiku/jutaku/index.html,まちづくり・ 環境,https://www.city.edogawa.tokyo.jp/toshikeikaku/index.html,,43,優先確認,都市計画・用途地域
江戸川区,district_plan,2,住宅用家屋証明書・建築計画概要書,https://www.city.edogawa.tokyo.jp/toshikeikaku/kenchiku/kaokushomei/index.html,まちづくり・ 環境,https://www.city.edogawa.tokyo.jp/toshikeikaku/index.html,,43,優先確認,都市計画・用途地域
江戸川区,district_plan,2,建築確認・検査・施工計画,https://www.city.edogawa.tokyo.jp/toshikeikaku/kenchiku/kensa_keikau/index.html,まちづくり・ 環境,https://www.city.edogawa.tokyo.jp/toshikeikaku/index.html,,43,優先確認,都市計画・用途地域
江戸川区,district_plan,2,建築に関する規制・事前調査,https://www.city.edogawa.tokyo.jp/toshikeikaku/kenchiku/kisei_chosa/index.html,まちづくり・ 環境,https://www.city.edogawa.tokyo.jp/toshikeikaku/index.html,,43,優先確認,都市計画・用途地域
江戸川区,district_plan,2,建設リサイクル法に基づく届出等・建築物除却届,https://www.city.edogawa.tokyo.jp/toshikeikaku/kenchiku/recycle/index.html,まちづくり・ 環境,https://www.city.edogawa.tokyo.jp/toshikeikaku/index.html,,43,優先確認,都市計画・用途地域
江戸川区,district_plan,2,まちづくりのルールと協議,https://www.city.edogawa.tokyo.jp/toshikeikaku/kenchiku/ruletokyogi/index.html,まちづくり・ 環境,https://www.city.edogawa.tokyo.jp/toshikeikaku/index.html,,43,優先確認,都市計画・用途地域
江戸川区,district_plan,2,建築物の省エネ・エネルギー消費性能の向上,https://www.city.edogawa.tokyo.jp/toshikeikaku/kenchiku/shoene/index.html,まちづくり・ 環境,https://www.city.edogawa.tokyo.jp/toshikeikaku/index.html,,43,優先確認,都市計画・用途地域
江戸川区,district_plan,2,江戸川区の公共交通,https://www.city.edogawa.tokyo.jp/toshikeikaku/kokyokotsu/index.html,まちづくり・ 環境,https://www.city.edogawa.tokyo.jp/toshikeikaku/index.html,,43,優先確認,都市計画・用途地域
江戸川区,district_plan,2,安全・安心まちづくり,https://www.city.edogawa.tokyo.jp/toshikeikaku/saigainitsuyoi/anshinmachidukuri/index.html,まちづくり・ 環境,https://www.city.edogawa.tokyo.jp/toshikeikaku/index.html,,43,優先確認,都市計画・用途地域
江戸川区,district_plan,2,災害に強いまちづくり,https://www.city.edogawa.tokyo.jp/toshikeikaku/saigainitsuyoi/index.html,まちづくり・ 環境,https://www.city.edogawa.tokyo.jp/toshikeikaku/index.html,,43,優先確認,都市計画・用途地域
江戸川区,district_plan,2,スーパー堤防とまちづくり情報,https://www.city.edogawa.tokyo.jp/toshikeikaku/saigainitsuyoi/machidukurijoho/index.html,まちづくり・ 環境,https://www.city.edogawa.tokyo.jp/toshikeikaku/index.html,,43,優先確認,都市計画・用途地域
江戸川区,district_plan,2,篠崎地区まちづくり,https://www.city.edogawa.tokyo.jp/toshikeikaku/saigainitsuyoi/shinozakitiku/index.html,まちづくり・ 環境,https://www.city.edogawa.tokyo.jp/toshikeikaku/index.html,,43,優先確認,都市計画・用途地域
江戸川区,district_plan,2,その他,https://www.city.edogawa.tokyo.jp/toshikeikaku/sonota/index.html,まちづくり・ 環境,https://www.city.edogawa.tokyo.jp/toshikeikaku/index.html,,43,優先確認,都市計画・用途地域
江戸川区,district_plan,2,まちづくり窓口,https://www.city.edogawa.tokyo.jp/toshikeikaku/sonota/madoguchi/index.html,まちづくり・ 環境,https://www.city.edogawa.tokyo.jp/toshikeikaku/index.html,,43,優先確認,都市計画・用途地域
江戸川区,district_plan,2,まちづくり用語集,https://www.city.edogawa.tokyo.jp/toshikeikaku/sonota/matidukuriyogoshu/index.html,まちづくり・ 環境,https://www.city.edogawa.tokyo.jp/toshikeikaku/index.html,,43,優先確認,都市計画・用途地域
江戸川区,district_plan,2,その他,https://www.city.edogawa.tokyo.jp/toshikeikaku/sonota/sonota/index.html,まちづくり・ 環境,https://www.city.edogawa.tokyo.jp/toshikeikaku/index.html,,43,優先確認,都市計画・用途地域
江戸川区,district_plan,2,都市交通計画・交通事業,https://www.city.edogawa.tokyo.jp/toshikeikaku/toshikotsu/index.html,まちづくり・ 環境,https://www.city.edogawa.tokyo.jp/toshikeikaku/index.html,,43,優先確認,都市計画・用途地域
江戸川区,district_plan,2,江戸川区地域公共交通活性化協議会,https://www.city.edogawa.tokyo.jp/toshikeikaku/toshikotsu/kokyokotsu/index.html,まちづくり・ 環境,https://www.city.edogawa.tokyo.jp/toshikeikaku/index.html,,43,優先確認,都市計画・用途地域
江戸川区,district_plan,1,まちづくり・ 環境,https://www.city.edogawa.tokyo.jp/toshikeikaku/index.html,公式トップ,https://www.city.edogawa.tokyo.jp/,,40,優先確認,都市計画・用途地域
江戸川区,district_plan,2,公害相談,https://www.city.edogawa.tokyo.jp/toshikeikaku/kankyo/kogaisoudan/index.html,まちづくり・ 環境,https://www.city.edogawa.tokyo.jp/toshikeikaku/index.html,,33,関連確認,都市計画・用途地域
江戸川区,district_plan,2,バリアフリー法・福祉のまちづくり条例に関する手続き,https://www.city.edogawa.tokyo.jp/toshikeikaku/kenchiku/barrier_free/index.html,まちづくり・ 環境,https://www.city.edogawa.tokyo.jp/toshikeikaku/index.html,,33,関連確認,都市計画・用途地域
江戸川区,district_plan,2,取り扱い基準・オンライン申請・窓口時間,https://www.city.edogawa.tokyo.jp/toshikeikaku/kenchiku/shinsei/index.html,まちづくり・ 環境,https://www.city.edogawa.tokyo.jp/toshikeikaku/index.html,,33,関連確認,都市計画・用途地域
江戸川区,hazard,3,水害 洪水 高潮 ハザードマップ 詳しく見る,https://www.city.edogawa.tokyo.jp/e007/bosaianzen/bosai/kanrenmap/hazardmap/index.html,防災,https://www.city.edogawa.tokyo.jp/e007/bosaianzen/bosai/index.html,,106,優先確認,ハザード・災害リスク
江戸川区,hazard,3,国土交通省ハザードマップポータル,https://www.city.edogawa.tokyo.jp/e007/bosaianzen/bosai/kanrenlink/haza-domap.html,防災,https://www.city.edogawa.tokyo.jp/e007/bosaianzen/bosai/index.html,,46,優先確認,ハザード・災害リスク
江戸川区,hazard,3,3D都市モデルで高潮浸水リスクが確認できます,https://www.city.edogawa.tokyo.jp/e007/bosaianzen/bosai/jijo/saigairisuku3d.html,避難所・避難場所検索,https://www.city.edogawa.tokyo.jp/e007/bosaianzen/bosai/jijo/search-1/index.html,,43,優先確認,ハザード・災害リスク
江戸川区,hazard,3,防災マップ,https://www.city.edogawa.tokyo.jp/e007/bosaianzen/bosai/kanrenmap/n_bousai_map.html,防災,https://www.city.edogawa.tokyo.jp/e007/bosaianzen/bosai/index.html,,31,関連確認,ハザード・災害リスク
江戸川区,hazard,3,東京都防災アプリで浸水の深さを確認しましょう,https://www.city.edogawa.tokyo.jp/e007/bosaianzen/bosai/jijo/bousaiappli.html,避難所・避難場所検索,https://www.city.edogawa.tokyo.jp/e007/bosaianzen/bosai/jijo/search-1/index.html,,23,関連確認,ハザード・災害リスク
江戸川区,hazard,3,自宅の浸水状況を確認,https://www.city.edogawa.tokyo.jp/e007/bosaianzen/bosai/jijo/shinsuijokyo.html,避難所・避難場所検索,https://www.city.edogawa.tokyo.jp/e007/bosaianzen/bosai/jijo/search-1/index.html,,23,関連確認,ハザード・災害リスク
江戸川区,hazard,3,大雨等による浸水被害発生時の消毒方法,https://www.city.edogawa.tokyo.jp/e055/kenko/eisei/kankyo/sumaieisei/shinnsui.html,2024年台風7号,https://www.city.edogawa.tokyo.jp/bosaianzen/saigaitaio/2024_typhoon7/index.html,,23,関連確認,ハザード・災害リスク
江戸川区,hazard,3,防災関連マップ,https://www.city.edogawa.tokyo.jp/bosaianzen/bosai/kanrenmap/index.html,防災行政無線,https://www.city.edogawa.tokyo.jp/bosaianzen/bosai/musen/index.html,,11,参考,ハザード・災害リスク
江戸川区,road,2,用途地域等都市計画情報・建築基準法による指定道路情報提供サービス,https://www.city.edogawa.tokyo.jp/e016/toshikeikaku/kenchiku/toshikeikakuteikyo.html,まちづくり・ 環境,https://www.city.edogawa.tokyo.jp/toshikeikaku/index.html,,103,優先確認,道路・接道確認
江戸川区,road,2,江戸川区舗装種別図・掘削規制図（6管内）,https://www.city.edogawa.tokyo.jp/e058/toshikeikaku/doro/20210518hosoushubetu.html,まちづくり・ 環境,https://www.city.edogawa.tokyo.jp/toshikeikaku/index.html,,23,関連確認,道路・接道確認
江戸川区,road,2,乗り入れ（段差解消）ブロックについて,https://www.city.edogawa.tokyo.jp/e058/toshikeikaku/doro/dansakaisyo.html,まちづくり・ 環境,https://www.city.edogawa.tokyo.jp/toshikeikaku/index.html,,23,関連確認,道路・接道確認
江戸川区,road,2,江戸川区道路愛称名,https://www.city.edogawa.tokyo.jp/e058/toshikeikaku/doro/doroaishou.html,まちづくり・ 環境,https://www.city.edogawa.tokyo.jp/toshikeikaku/index.html,,23,関連確認,道路・接道確認
江戸川区,road,2,道路法による道路情報提供サービス,https://www.city.edogawa.tokyo.jp/e058/toshikeikaku/doro/dorodaicho.html,まちづくり・ 環境,https://www.city.edogawa.tokyo.jp/toshikeikaku/index.html,,23,関連確認,道路・接道確認
江戸川区,road,2,「道路ふれあい月間」推進標語を募集します,https://www.city.edogawa.tokyo.jp/e058/toshikeikaku/doro/hyogoboshu.html,まちづくり・ 環境,https://www.city.edogawa.tokyo.jp/toshikeikaku/index.html,,23,関連確認,道路・接道確認
江戸川区,road,2,8月は「道路ふれあい月間」・8月10日は「道の日」道路ふれあい月間推進標語受賞作品のご紹介,https://www.city.edogawa.tokyo.jp/e058/toshikeikaku/doro/hyougo.html,まちづくり・ 環境,https://www.city.edogawa.tokyo.jp/toshikeikaku/index.html,,23,関連確認,道路・接道確認
江戸川区,road,2,建築等に伴う道路後退(セットバック)敷地の寄附及び無償使用契約,https://www.city.edogawa.tokyo.jp/e058/toshikeikaku/doro/kihumusyousiyou.html,まちづくり・ 環境,https://www.city.edogawa.tokyo.jp/toshikeikaku/index.html,,23,関連確認,道路・接道確認
江戸川区,road,2,道路工事の抑制,https://www.city.edogawa.tokyo.jp/e058/toshikeikaku/doro/koujiyokuse.html,まちづくり・ 環境,https://www.city.edogawa.tokyo.jp/toshikeikaku/index.html,,23,関連確認,道路・接道確認
江戸川区,road,2,特殊車両通行許可及び通行認定について,https://www.city.edogawa.tokyo.jp/e058/toshikeikaku/doro/tuukou01.html,まちづくり・ 環境,https://www.city.edogawa.tokyo.jp/toshikeikaku/index.html,,23,関連確認,道路・接道確認
江戸川区,road,2,「道路ふれあい月間」推進標語募集【メールフォーム】,https://www.city.edogawa.tokyo.jp/form/dorofureai.html,まちづくり・ 環境,https://www.city.edogawa.tokyo.jp/toshikeikaku/index.html,,23,関連確認,道路・接道確認
江戸川区,road,2,橋梁架替,https://www.city.edogawa.tokyo.jp/toshikeikaku/doro/hashi/index.html,まちづくり・ 環境,https://www.city.edogawa.tokyo.jp/toshikeikaku/index.html,,23,関連確認,道路・接道確認
江戸川区,road,2,道路に関すること,https://www.city.edogawa.tokyo.jp/toshikeikaku/doro/index.html,まちづくり・ 環境,https://www.city.edogawa.tokyo.jp/toshikeikaku/index.html,,23,関連確認,道路・接道確認
江戸川区,road,2,都市計画道路事業について,https://www.city.edogawa.tokyo.jp/toshikeikaku/doro/toshikeikaku/index.html,まちづくり・ 環境,https://www.city.edogawa.tokyo.jp/toshikeikaku/index.html,,23,関連確認,道路・接道確認
江戸川区,road,3,道路冠水履歴マップ,https://www.city.edogawa.tokyo.jp/e059/map/kansui_map.html,防災,https://www.city.edogawa.tokyo.jp/e007/bosaianzen/bosai/index.html,,11,参考,道路・接道確認
江東区,building_guidance,2,江東区建築審査会,https://www.city.koto.lg.jp/395107/machizukuri/kenchiku/7190.html,環境・まちづくり,https://www.city.koto.lg.jp/machizukuri/index.html,,43,優先確認,建築指導・建築確認
江東区,building_guidance,2,建物の維持管理,https://www.city.koto.lg.jp/machizukuri/kenchiku/iji/index.html,環境・まちづくり,https://www.city.koto.lg.jp/machizukuri/index.html,,23,関連確認,建築指導・建築確認
江東区,building_guidance,2,建築,https://www.city.koto.lg.jp/machizukuri/kenchiku/index.html,環境・まちづくり,https://www.city.koto.lg.jp/machizukuri/index.html,,23,関連確認,建築指導・建築確認
江東区,building_guidance,2,建物を壊すとき,https://www.city.koto.lg.jp/machizukuri/kenchiku/kowasu/index.html,環境・まちづくり,https://www.city.koto.lg.jp/machizukuri/index.html,,23,関連確認,建築指導・建築確認
江東区,building_guidance,2,各種証明書,https://www.city.koto.lg.jp/machizukuri/kenchiku/shomesho/index.html,環境・まちづくり,https://www.city.koto.lg.jp/machizukuri/index.html,,23,関連確認,建築指導・建築確認
江東区,building_guidance,2,建物の耐震化,https://www.city.koto.lg.jp/machizukuri/kenchiku/taishinka/index.html,環境・まちづくり,https://www.city.koto.lg.jp/machizukuri/index.html,,23,関連確認,建築指導・建築確認
江東区,building_guidance,2,建物を建てるとき,https://www.city.koto.lg.jp/machizukuri/kenchiku/tatemono/index.html,環境・まちづくり,https://www.city.koto.lg.jp/machizukuri/index.html,,23,関連確認,建築指導・建築確認
江東区,district_plan,2,都市計画・用途地域等について,https://www.city.koto.lg.jp/machizukuri/toshi/toshikekaku/index.html,環境・まちづくり,https://www.city.koto.lg.jp/machizukuri/index.html,,63,優先確認,都市計画・用途地域
江東区,district_plan,2,道路台帳・資料,https://www.city.koto.lg.jp/machizukuri/dorokyoryo/dorodaicho/index.html,環境・まちづくり,https://www.city.koto.lg.jp/machizukuri/index.html,,23,関連確認,都市計画・用途地域
江東区,district_plan,2,地区のまちづくり,https://www.city.koto.lg.jp/machizukuri/toshi/chiku/index.html,環境・まちづくり,https://www.city.koto.lg.jp/machizukuri/index.html,,23,関連確認,都市計画・用途地域
江東区,district_plan,2,都市整備,https://www.city.koto.lg.jp/machizukuri/toshi/index.html,環境・まちづくり,https://www.city.koto.lg.jp/machizukuri/index.html,,23,関連確認,都市計画・用途地域
江東区,district_plan,2,まちづくりの事業,https://www.city.koto.lg.jp/machizukuri/toshi/jigyo/index.html,環境・まちづくり,https://www.city.koto.lg.jp/machizukuri/index.html,,23,関連確認,都市計画・用途地域
江東区,district_plan,2,まちづくりの方針・計画・会議,https://www.city.koto.lg.jp/machizukuri/toshi/kaigi/index.html,環境・まちづくり,https://www.city.koto.lg.jp/machizukuri/index.html,,23,関連確認,都市計画・用途地域
江東区,district_plan,2,都市景観,https://www.city.koto.lg.jp/machizukuri/toshi/kekan/index.html,環境・まちづくり,https://www.city.koto.lg.jp/machizukuri/index.html,,23,関連確認,都市計画・用途地域
江東区,district_plan,2,マンション対策・建設指導,https://www.city.koto.lg.jp/machizukuri/toshi/shido/index.html,環境・まちづくり,https://www.city.koto.lg.jp/machizukuri/index.html,,23,関連確認,都市計画・用途地域
江東区,district_plan,2,土地の取引の際には,https://www.city.koto.lg.jp/machizukuri/toshi/torihiki/index.html,環境・まちづくり,https://www.city.koto.lg.jp/machizukuri/index.html,,23,関連確認,都市計画・用途地域
江東区,district_plan,2,ユニバーサルデザイン,https://www.city.koto.lg.jp/machizukuri/toshi/yasashii/index.html,環境・まちづくり,https://www.city.koto.lg.jp/machizukuri/index.html,,23,関連確認,都市計画・用途地域
江東区,district_plan,3,街頭消火器,https://www.city.koto.lg.jp/057102/bosai/bosai-top/taisakukeikaku/map_7055_7061.html,防災,https://www.city.koto.lg.jp/bosai-top/index.html,,11,参考,都市計画・用途地域
江東区,district_plan,3,被災者への支援,https://www.city.koto.lg.jp/057102/bosai/bosai-top/taisakukeikaku/map_7077_5001.html,防災,https://www.city.koto.lg.jp/bosai-top/index.html,,11,参考,都市計画・用途地域
江東区,hazard,2,防災マップ・ハザードマップ,https://www.city.koto.lg.jp/bosai-top/bosaimap/index.html,防災・安全,https://www.city.koto.lg.jp/bosai/index.html,,66,優先確認,ハザード・災害リスク
江東区,hazard,3,江東区音声版・点字版水害ハザードマップ,https://www.city.koto.lg.jp/470601/hazard-map/audio-version.html,防災,https://www.city.koto.lg.jp/bosai-top/index.html,,66,優先確認,ハザード・災害リスク
江東区,hazard,1,ハザードマップ,https://www.city.koto.lg.jp/470601/20200701.html,公式トップ,https://www.city.koto.lg.jp/,,35,関連確認,ハザード・災害リスク
江東区,hazard,3,江東区防災マップ,https://www.city.koto.lg.jp/057101/bosai/bosai-top/higoro/topics_0001.html,防災,https://www.city.koto.lg.jp/bosai-top/index.html,,23,関連確認,ハザード・災害リスク
江東区,hazard,3,避難場所,https://www.city.koto.lg.jp/057101/bosai/bosai-top/taiou/map_7077_7080/index.html,防災,https://www.city.koto.lg.jp/bosai-top/index.html,,11,参考,ハザード・災害リスク
江東区,hazard,3,街頭消火器,https://www.city.koto.lg.jp/057102/bosai/bosai-top/taisakukeikaku/map_7055_7061.html,防災,https://www.city.koto.lg.jp/bosai-top/index.html,,11,参考,ハザード・災害リスク
江東区,hazard,3,被災者への支援,https://www.city.koto.lg.jp/057102/bosai/bosai-top/taisakukeikaku/map_7077_5001.html,防災,https://www.city.koto.lg.jp/bosai-top/index.html,,11,参考,ハザード・災害リスク
江東区,hazard,3,ページの先頭へ戻る,https://www.city.koto.lg.jp/bosai-top/bosaimap/index.html#tmp_header,防災マップ・ハザードマップ,https://www.city.koto.lg.jp/bosai-top/bosaimap/index.html,,11,参考,ハザード・災害リスク
江東区,road,2,道路台帳・資料,https://www.city.koto.lg.jp/machizukuri/dorokyoryo/dorodaicho/index.html,環境・まちづくり,https://www.city.koto.lg.jp/machizukuri/index.html,,63,優先確認,道路・接道確認
江東区,road,2,道路の損傷連絡・要望システム,https://www.city.koto.lg.jp/470708/machizukuri/dorohashi/hozen/dorohozen-logoform.html,環境・まちづくり,https://www.city.koto.lg.jp/machizukuri/index.html,,23,関連確認,道路・接道確認
江東区,road,2,維持管理・補修,https://www.city.koto.lg.jp/machizukuri/dorokyoryo/ijikanri/index.html,環境・まちづくり,https://www.city.koto.lg.jp/machizukuri/index.html,,23,関連確認,道路・接道確認
江東区,road,2,道路・橋,https://www.city.koto.lg.jp/machizukuri/dorokyoryo/index.html,環境・まちづくり,https://www.city.koto.lg.jp/machizukuri/index.html,,23,関連確認,道路・接道確認
江東区,road,2,計画・方針,https://www.city.koto.lg.jp/machizukuri/dorokyoryo/keikaku/index.html,環境・まちづくり,https://www.city.koto.lg.jp/machizukuri/index.html,,23,関連確認,道路・接道確認
江東区,road,2,工事現場,https://www.city.koto.lg.jp/machizukuri/dorokyoryo/kojigenba/index.html,環境・まちづくり,https://www.city.koto.lg.jp/machizukuri/index.html,,23,関連確認,道路・接道確認
江東区,road,2,橋一覧,https://www.city.koto.lg.jp/machizukuri/dorokyoryo/kyoryoitiran/index.html,環境・まちづくり,https://www.city.koto.lg.jp/machizukuri/index.html,,23,関連確認,道路・接道確認
江東区,road,2,道路の手続き,https://www.city.koto.lg.jp/machizukuri/dorokyoryo/dorotetsuduki/index.html,環境・まちづくり,https://www.city.koto.lg.jp/machizukuri/index.html,,13,参考,道路・接道確認
渋谷区,building_guidance,2,建築審査会,https://www.city.shibuya.tokyo.jp/kankyo/kenchiku/kenchiku-shinsakai/,環境・まちづくり,https://www.city.shibuya.tokyo.jp/kankyo/,,43,優先確認,建築指導・建築確認
渋谷区,building_guidance,2,建築・工事（事業者向け）,https://www.city.shibuya.tokyo.jp/jigyosha/#jigyo-kenchiku,2026年5月11日 「渋谷区小中一貫教育校（猿楽小学校・鉢山中学校）（仮称）」および「渋谷区小中一貫教育校（千駄谷小学校・原宿外苑中学校）（仮称）」の建て替え事業に関する施工者アンケートを実施します 事業者向け情報,https://www.city.shibuya.tokyo.jp/jigyosha/jigyo-kenchiku/keikaku-kenchiku/hachiyamaharagai_tatekae_sounding.html,,23,関連確認,建築指導・建築確認
渋谷区,building_guidance,2,都市計画・建築・工事,https://www.city.shibuya.tokyo.jp/jigyosha/jigyo-kenchiku/keikaku-kenchiku/,2026年5月11日 「渋谷区小中一貫教育校（猿楽小学校・鉢山中学校）（仮称）」および「渋谷区小中一貫教育校（千駄谷小学校・原宿外苑中学校）（仮称）」の建て替え事業に関する施工者アンケートを実施します 事業者向け情報,https://www.city.shibuya.tokyo.jp/jigyosha/jigyo-kenchiku/keikaku-kenchiku/hachiyamaharagai_tatekae_sounding.html,,23,関連確認,建築指導・建築確認
渋谷区,building_guidance,2,建築,https://www.city.shibuya.tokyo.jp/kankyo/#kenchiku,環境・まちづくり,https://www.city.shibuya.tokyo.jp/kankyo/,,23,関連確認,建築指導・建築確認
渋谷区,building_guidance,2,条例・要綱,https://www.city.shibuya.tokyo.jp/kankyo/kenchiku/kenchiku-jorei/,環境・まちづくり,https://www.city.shibuya.tokyo.jp/kankyo/,,23,関連確認,建築指導・建築確認
渋谷区,building_guidance,2,建築の制限,https://www.city.shibuya.tokyo.jp/kankyo/kenchiku/kenchiku-seigen/,環境・まちづくり,https://www.city.shibuya.tokyo.jp/kankyo/,,23,関連確認,建築指導・建築確認
渋谷区,building_guidance,2,手続き・届け出・相談,https://www.city.shibuya.tokyo.jp/kankyo/kenchiku/kenchiku-tetsuzuki/,環境・まちづくり,https://www.city.shibuya.tokyo.jp/kankyo/,,13,参考,建築指導・建築確認
渋谷区,district_plan,2,都市計画情報,https://www.city.shibuya.tokyo.jp/kankyo/toshikeikaku/keikaku-info/,環境・まちづくり,https://www.city.shibuya.tokyo.jp/kankyo/,,83,優先確認,都市計画・用途地域
渋谷区,district_plan,2,都市計画概要,https://www.city.shibuya.tokyo.jp/kankyo/#toshikeikaku,環境・まちづくり,https://www.city.shibuya.tokyo.jp/kankyo/,,63,優先確認,都市計画・用途地域
渋谷区,district_plan,2,地区計画制度・開発および盛土などの許可,https://www.city.shibuya.tokyo.jp/kankyo/toshikeikaku/seido/,環境・まちづくり,https://www.city.shibuya.tokyo.jp/kankyo/,,63,優先確認,都市計画・用途地域
渋谷区,district_plan,2,都市計画道路,https://www.city.shibuya.tokyo.jp/kankyo/toshikeikaku/keikaku-doro/,環境・まちづくり,https://www.city.shibuya.tokyo.jp/kankyo/,,43,優先確認,都市計画・用途地域
渋谷区,district_plan,2,都市計画（市街地開発事業）,https://www.city.shibuya.tokyo.jp/kankyo/toshikeikaku/toshikeikaku-jigyo/,環境・まちづくり,https://www.city.shibuya.tokyo.jp/kankyo/,,43,優先確認,都市計画・用途地域
渋谷区,district_plan,2,都市計画（地域・地区・都市施設）,https://www.city.shibuya.tokyo.jp/kankyo/toshikeikaku/toshikeikaku-chiiki/,環境・まちづくり,https://www.city.shibuya.tokyo.jp/kankyo/,,33,関連確認,都市計画・用途地域
渋谷区,district_plan,2,景観計画,https://www.city.shibuya.tokyo.jp/kankyo/keikan/keikan-plan/,環境・まちづくり,https://www.city.shibuya.tokyo.jp/kankyo/,,23,関連確認,都市計画・用途地域
渋谷区,district_plan,2,都市再生ステップアップ・プロジェクト,https://www.city.shibuya.tokyo.jp/kankyo/shuhen-machizukuri/toshisaisei-pj/,環境・まちづくり,https://www.city.shibuya.tokyo.jp/kankyo/,,23,関連確認,都市計画・用途地域
渋谷区,district_plan,2,条例・答申,https://www.city.shibuya.tokyo.jp/kusei/shisaku/jorei-toshin/,きれいなまち渋谷をみんなでつくる条例,https://www.city.shibuya.tokyo.jp/kusei/shisaku/jorei-toshin/1001_jourei_kirei.html,,23,関連確認,都市計画・用途地域
渋谷区,district_plan,2,特設サイト,https://www.city.shibuya.tokyo.jp/kusei/shisaku/jorei-toshin/1001_jourei_kirei.html#h2-h3f1f1a8aa5,きれいなまち渋谷をみんなでつくる条例,https://www.city.shibuya.tokyo.jp/kusei/shisaku/jorei-toshin/1001_jourei_kirei.html,,23,関連確認,都市計画・用途地域
渋谷区,district_plan,2,ポイ捨てに関する条例改正について,https://www.city.shibuya.tokyo.jp/kusei/shisaku/jorei-toshin/1001_jourei_kirei.html#h2-h93e31a946a,きれいなまち渋谷をみんなでつくる条例,https://www.city.shibuya.tokyo.jp/kusei/shisaku/jorei-toshin/1001_jourei_kirei.html,,23,関連確認,都市計画・用途地域
渋谷区,district_plan,2,各取り組みについて,https://www.city.shibuya.tokyo.jp/kusei/shisaku/jorei-toshin/1001_jourei_kirei.html#h2-ha7579a9eeb,きれいなまち渋谷をみんなでつくる条例,https://www.city.shibuya.tokyo.jp/kusei/shisaku/jorei-toshin/1001_jourei_kirei.html,,23,関連確認,都市計画・用途地域
渋谷区,district_plan,2,一部写真の無断転載に関するお詫び,https://www.city.shibuya.tokyo.jp/kusei/shisaku/jorei-toshin/1001_jourei_kirei.html#h2-hd860cacfb7,きれいなまち渋谷をみんなでつくる条例,https://www.city.shibuya.tokyo.jp/kusei/shisaku/jorei-toshin/1001_jourei_kirei.html,,23,関連確認,都市計画・用途地域
渋谷区,district_plan,2,目的,https://www.city.shibuya.tokyo.jp/kusei/shisaku/jorei-toshin/1001_jourei_kirei.html#h2-he2485005d0,きれいなまち渋谷をみんなでつくる条例,https://www.city.shibuya.tokyo.jp/kusei/shisaku/jorei-toshin/1001_jourei_kirei.html,,23,関連確認,都市計画・用途地域
渋谷区,district_plan,2,条文,https://www.city.shibuya.tokyo.jp/kusei/shisaku/jorei-toshin/1001_jourei_kirei.html#h2-he46453627b,きれいなまち渋谷をみんなでつくる条例,https://www.city.shibuya.tokyo.jp/kusei/shisaku/jorei-toshin/1001_jourei_kirei.html,,23,関連確認,都市計画・用途地域
渋谷区,district_plan,1,きれいなまち渋谷をみんなでつくる条例,https://www.city.shibuya.tokyo.jp/kusei/shisaku/jorei-toshin/1001_jourei_kirei.html,公式トップ,https://www.city.shibuya.tokyo.jp/,,20,関連確認,都市計画・用途地域
渋谷区,hazard,2,防災マニュアル・防災マップ,https://www.city.shibuya.tokyo.jp/bosai/bosai/bosai-manual-map/,防災・安全,https://www.city.shibuya.tokyo.jp/bosai/,,31,関連確認,ハザード・災害リスク
渋谷区,road,2,道路・河川・橋りょう,https://www.city.shibuya.tokyo.jp/kankyo/#doro-kasen,環境・まちづくり,https://www.city.shibuya.tokyo.jp/kankyo/,,23,関連確認,道路・接道確認
渋谷区,road,2,道路　条例・取り組み,https://www.city.shibuya.tokyo.jp/kankyo/doro-kasen/doro-jorei/,環境・まちづくり,https://www.city.shibuya.tokyo.jp/kankyo/,,23,関連確認,道路・接道確認
渋谷区,road,2,河川,https://www.city.shibuya.tokyo.jp/kankyo/doro-kasen/kasen/,環境・まちづくり,https://www.city.shibuya.tokyo.jp/kankyo/,,23,関連確認,道路・接道確認
渋谷区,road,2,橋りょうに関すること,https://www.city.shibuya.tokyo.jp/kankyo/doro-kasen/kyoryo/,環境・まちづくり,https://www.city.shibuya.tokyo.jp/kankyo/,,23,関連確認,道路・接道確認
渋谷区,road,2,工場・指定作業場,https://www.city.shibuya.tokyo.jp/kankyo/kogai/shiteisagyo/,環境・まちづくり,https://www.city.shibuya.tokyo.jp/kankyo/,,23,関連確認,道路・接道確認
渋谷区,road,2,都市計画道路,https://www.city.shibuya.tokyo.jp/kankyo/toshikeikaku/keikaku-doro/,環境・まちづくり,https://www.city.shibuya.tokyo.jp/kankyo/,,23,関連確認,道路・接道確認
渋谷区,road,2,道路　各種申請・閲覧,https://www.city.shibuya.tokyo.jp/kankyo/doro-kasen/doro-shinsei/,環境・まちづくり,https://www.city.shibuya.tokyo.jp/kankyo/,,13,参考,道路・接道確認
港区,building_guidance,2,建築確認,https://www.city.minato.tokyo.jp/seikatsuanzen/kankyo-machi/kenchiku/kakunin/index.html,環境・まちづくり,https://www.city.minato.tokyo.jp/kankyo-machi/index.html,,43,優先確認,建築指導・建築確認
港区,building_guidance,2,建築・開発,https://www.city.minato.tokyo.jp/kankyo-machi/kenchiku/index.html,環境・まちづくり,https://www.city.minato.tokyo.jp/kankyo-machi/index.html,,23,関連確認,建築指導・建築確認
港区,building_guidance,2,建築物の計画等をする際の問い合わせ先一覧,https://www.city.minato.tokyo.jp/kenchikufunsou/kankyo-machi/kenchiku/toiawase.html,環境・まちづくり,https://www.city.minato.tokyo.jp/kankyo-machi/index.html,,23,関連確認,建築指導・建築確認
港区,building_guidance,2,建築物の用途・高さ等の規制についてのご案内,https://www.city.minato.tokyo.jp/kenchikushinsa/kenchikunoseigen.html,環境・まちづくり,https://www.city.minato.tokyo.jp/kankyo-machi/index.html,,23,関連確認,建築指導・建築確認
港区,building_guidance,2,調査等,https://www.city.minato.tokyo.jp/seikatsuanzen/kankyo-machi/kenchiku/index-chosa.html,環境・まちづくり,https://www.city.minato.tokyo.jp/kankyo-machi/index.html,,23,関連確認,建築指導・建築確認
港区,building_guidance,2,既存建築物に関する手続等,https://www.city.minato.tokyo.jp/seikatsuanzen/kankyo-machi/kenchiku/index-kison.html,環境・まちづくり,https://www.city.minato.tokyo.jp/kankyo-machi/index.html,,23,関連確認,建築指導・建築確認
港区,building_guidance,2,港区発注工事,https://www.city.minato.tokyo.jp/seikatsuanzen/kankyo-machi/kenchiku/kakunin/index-hachu.html,環境・まちづくり,https://www.city.minato.tokyo.jp/kankyo-machi/index.html,,23,関連確認,建築指導・建築確認
港区,building_guidance,2,許可・認定等,https://www.city.minato.tokyo.jp/seikatsuanzen/kankyo-machi/kenchiku/kakunin/index-kyoka.html,環境・まちづくり,https://www.city.minato.tokyo.jp/kankyo-machi/index.html,,23,関連確認,建築指導・建築確認
港区,building_guidance,2,届出・手続等,https://www.city.minato.tokyo.jp/seikatsuanzen/kankyo-machi/kenchiku/kakunin/index-todokede.html,環境・まちづくり,https://www.city.minato.tokyo.jp/kankyo-machi/index.html,,23,関連確認,建築指導・建築確認
港区,building_guidance,2,建築相談の事前予約について,https://www.city.minato.tokyo.jp/kenchikushinsa/jizenyoyaku/jizenyoyaku.html,環境・まちづくり,https://www.city.minato.tokyo.jp/kankyo-machi/index.html,,13,参考,建築指導・建築確認
港区,district_plan,3,浸水ハザードマップ,https://www.city.minato.tokyo.jp/dobokukeikaku/bosai-anzen/bosai/shinsui/hazard-map/index.html,新着情報一覧,https://www.city.minato.tokyo.jp/bosai-anzen/shinchaku/index.html,,26,関連確認,都市計画・用途地域
港区,district_plan,2,都市計画・まちづくり,https://www.city.minato.tokyo.jp/kankyo-machi/toshikekaku/index.html,環境・まちづくり,https://www.city.minato.tokyo.jp/kankyo-machi/index.html,,23,関連確認,都市計画・用途地域
港区,district_plan,2,地域主体のまちづくり,https://www.city.minato.tokyo.jp/kankyo-machi/toshikekaku/kekaku/01-chiikisyutai-index.html,環境・まちづくり,https://www.city.minato.tokyo.jp/kankyo-machi/index.html,,23,関連確認,都市計画・用途地域
港区,district_plan,2,まちづくり計画・方針等,https://www.city.minato.tokyo.jp/kankyo-machi/toshikekaku/kekaku/01-keikakuhoushin-index.html,環境・まちづくり,https://www.city.minato.tokyo.jp/kankyo-machi/index.html,,23,関連確認,都市計画・用途地域
港区,district_plan,2,景観・風致,https://www.city.minato.tokyo.jp/kankyo-machi/toshikekaku/kekaku/01-keikan-index.html,環境・まちづくり,https://www.city.minato.tokyo.jp/kankyo-machi/index.html,,23,関連確認,都市計画・用途地域
港区,district_plan,2,都市計画,https://www.city.minato.tokyo.jp/kankyo-machi/toshikekaku/kekaku/01-tosikeikaku-index.html,環境・まちづくり,https://www.city.minato.tokyo.jp/kankyo-machi/index.html,,23,関連確認,都市計画・用途地域
港区,district_plan,2,都市計画Q&A,https://www.city.minato.tokyo.jp/kankyo-machi/toshikekaku/kekaku/01-tosikeikakuqa-index.html,環境・まちづくり,https://www.city.minato.tokyo.jp/kankyo-machi/index.html,,23,関連確認,都市計画・用途地域
港区,district_plan,2,都市再生・市街地整備,https://www.city.minato.tokyo.jp/kankyo-machi/toshikekaku/kekaku/01-tosisaisei-index.html,環境・まちづくり,https://www.city.minato.tokyo.jp/kankyo-machi/index.html,,23,関連確認,都市計画・用途地域
港区,district_plan,2,防災街づくり,https://www.city.minato.tokyo.jp/kankyo-machi/toshikekaku/kekaku/index-bousai.html,環境・まちづくり,https://www.city.minato.tokyo.jp/kankyo-machi/index.html,,23,関連確認,都市計画・用途地域
港区,district_plan,2,都市環境,https://www.city.minato.tokyo.jp/kankyoushidou/kankyo-machi/kankyo/index-toshi.html,環境・まちづくり,https://www.city.minato.tokyo.jp/kankyo-machi/index.html,,23,関連確認,都市計画・用途地域
港区,district_plan,3,浸水のあとしまつ,https://www.city.minato.tokyo.jp/dobokukeikaku/bosai-anzen/bosai/shinsui/atoshimatsu.html,止水板設置工事等の助成,https://www.city.minato.tokyo.jp/dobokukeikaku/shisuiban/shisuiban.html,,23,関連確認,都市計画・用途地域
港区,district_plan,2,六本木三丁目児童遊園周辺地区環境整備について,https://www.city.minato.tokyo.jp/azabumachizukuri/ropponngisannchoume.html,環境・まちづくり,https://www.city.minato.tokyo.jp/kankyo-machi/index.html,,13,参考,都市計画・用途地域
港区,district_plan,2,雨水流出抑制施設設置のお願い,https://www.city.minato.tokyo.jp/dobokukeikaku/kankyo-machi/toshikekaku/shigaichi/amamizu/index.html,環境・まちづくり,https://www.city.minato.tokyo.jp/kankyo-machi/index.html,,13,参考,都市計画・用途地域
港区,hazard,3,浸水ハザードマップ,https://www.city.minato.tokyo.jp/dobokukeikaku/bosai-anzen/bosai/shinsui/hazard-map/index.html,新着情報一覧,https://www.city.minato.tokyo.jp/bosai-anzen/shinchaku/index.html,,86,優先確認,ハザード・災害リスク
港区,hazard,3,ハザードマップ,https://www.city.minato.tokyo.jp/bousai/hazard_map/hazard_map.html,防災・危機管理,https://www.city.minato.tokyo.jp/bosai-anzen/bosai/index.html,,66,優先確認,ハザード・災害リスク
港区,hazard,3,耳で聴くハザードマップ,https://www.city.minato.tokyo.jp/chiikibousai/map2.html,新着情報一覧,https://www.city.minato.tokyo.jp/bosai-anzen/shinchaku/index.html,,46,優先確認,ハザード・災害リスク
港区,hazard,2,各種防災マップ,https://www.city.minato.tokyo.jp/chiikibousai/map.html,防災・安全,https://www.city.minato.tokyo.jp/bosai-anzen/index.html,,31,関連確認,ハザード・災害リスク
港区,hazard,3,各地区防災マップ,https://www.city.minato.tokyo.jp/bousai/bosai-anzen/bosai/daishinsai/b-map/index.html,新着情報一覧,https://www.city.minato.tokyo.jp/bosai-anzen/shinchaku/index.html,,31,関連確認,ハザード・災害リスク
港区,hazard,3,各種防災マップ,https://www.city.minato.tokyo.jp/bosai-anzen/bosai/index.html#a56581,防災・危機管理,https://www.city.minato.tokyo.jp/bosai-anzen/bosai/index.html,,23,関連確認,ハザード・災害リスク
港区,hazard,3,土砂災害に備えて,https://www.city.minato.tokyo.jp/bousai/bosai-anzen/bosai/saigai/dosha.html,エレベーター用防災チェアを配付します,https://www.city.minato.tokyo.jp/chiikibousai/erebe-ta-.html,,23,関連確認,ハザード・災害リスク
港区,hazard,3,地下街等の浸水避難について,https://www.city.minato.tokyo.jp/bousai/chikahenoshinsui.html,エレベーター用防災チェアを配付します,https://www.city.minato.tokyo.jp/chiikibousai/erebe-ta-.html,,23,関連確認,ハザード・災害リスク
港区,hazard,3,浸水のあとしまつ,https://www.city.minato.tokyo.jp/dobokukeikaku/bosai-anzen/bosai/shinsui/atoshimatsu.html,止水板設置工事等の助成,https://www.city.minato.tokyo.jp/dobokukeikaku/shisuiban/shisuiban.html,,23,関連確認,ハザード・災害リスク
港区,hazard,3,浸水を防ぐためには,https://www.city.minato.tokyo.jp/dobokukeikaku/bosai-anzen/bosai/shinsui/suigaihusegu.html,止水板設置工事等の助成,https://www.city.minato.tokyo.jp/dobokukeikaku/shisuiban/shisuiban.html,,23,関連確認,ハザード・災害リスク
港区,hazard,3,港区防災地図,https://www.city.minato.tokyo.jp/bousai/bosai-anzen/bosai/daishinsai/b-map/r030301.html,防災・危機管理,https://www.city.minato.tokyo.jp/bosai-anzen/bosai/index.html,,11,参考,ハザード・災害リスク
港区,road,2,区が管理する道路橋の紹介,https://www.city.minato.tokyo.jp/dourokyouryou/kankyo-machi/doro/kyouryou/hashi-syoukai.html,環境・まちづくり,https://www.city.minato.tokyo.jp/kankyo-machi/index.html,,43,優先確認,道路・接道確認
港区,road,2,橋りょう,https://www.city.minato.tokyo.jp/dourokyouryou/kankyo-machi/doro/kyouryou/index.html,環境・まちづくり,https://www.city.minato.tokyo.jp/kankyo-machi/index.html,,43,優先確認,道路・接道確認
港区,road,2,道路,https://www.city.minato.tokyo.jp/shibadoboku/kankyo-machi/doro/doro-index.html,環境・まちづくり,https://www.city.minato.tokyo.jp/kankyo-machi/index.html,,23,関連確認,道路・接道確認
港区,road,2,道路・橋りょう・河川,https://www.city.minato.tokyo.jp/shibadoboku/kankyo-machi/doro/index.html,環境・まちづくり,https://www.city.minato.tokyo.jp/kankyo-machi/index.html,,23,関連確認,道路・接道確認
目黒区,building_guidance,2,建築課,https://www.city.meguro.tokyo.jp/kenchiku/kusei/gaiyou/kenchiku.html,めぐろ地図情報サービス,https://www.city.meguro.tokyo.jp/kenchiku/shigoto/machidukuri/megurotizujouhou.html,,23,関連確認,建築指導・建築確認
目黒区,building_guidance,2,ページ先頭に戻る,https://www.city.meguro.tokyo.jp/kenchiku/shigoto/machidukuri/megurotizujouhou.html#tmp_header,めぐろ地図情報サービス,https://www.city.meguro.tokyo.jp/kenchiku/shigoto/machidukuri/megurotizujouhou.html,,23,関連確認,建築指導・建築確認
目黒区,building_guidance,2,建築・建設,https://www.city.meguro.tokyo.jp/shigoto/kenchiku/index.html,しごと・まちづくり,https://www.city.meguro.tokyo.jp/shigoto/index.html,,23,関連確認,建築指導・建築確認
目黒区,building_guidance,2,建築物に関する情報の調べ方,https://www.city.meguro.tokyo.jp/shigoto/kenchiku/jouhou/index.html,しごと・まちづくり,https://www.city.meguro.tokyo.jp/shigoto/index.html,,23,関連確認,建築指導・建築確認
目黒区,building_guidance,2,建築物の災害対策,https://www.city.meguro.tokyo.jp/shigoto/kenchiku/saigaitaisaku/index.html,しごと・まちづくり,https://www.city.meguro.tokyo.jp/shigoto/index.html,,23,関連確認,建築指導・建築確認
目黒区,building_guidance,2,建築のてびき,https://www.city.meguro.tokyo.jp/shigoto/kenchiku/tebiki/index.html,しごと・まちづくり,https://www.city.meguro.tokyo.jp/shigoto/index.html,,23,関連確認,建築指導・建築確認
目黒区,building_guidance,2,地区計画と建築協定,https://www.city.meguro.tokyo.jp/shigoto/machidukuri/kenchikukyoutei/index.html,しごと・まちづくり,https://www.city.meguro.tokyo.jp/shigoto/index.html,,23,関連確認,建築指導・建築確認
目黒区,building_guidance,1,めぐろ地図情報サービス,https://www.city.meguro.tokyo.jp/kenchiku/shigoto/machidukuri/megurotizujouhou.html,公式トップ,https://www.city.meguro.tokyo.jp/,,20,関連確認,建築指導・建築確認
目黒区,district_plan,2,目黒区都市計画施設図（都市計画道路等）,https://www.city.meguro.tokyo.jp/toshikeikaku/shigoto/machidukuri/toshikeikakushisetsuzu.html,しごと・まちづくり,https://www.city.meguro.tokyo.jp/shigoto/index.html,,33,関連確認,都市計画・用途地域
目黒区,district_plan,2,地区計画と建築協定,https://www.city.meguro.tokyo.jp/shigoto/machidukuri/kenchikukyoutei/index.html,しごと・まちづくり,https://www.city.meguro.tokyo.jp/shigoto/index.html,,23,関連確認,都市計画・用途地域
目黒区,district_plan,2,祐天寺駅前広場で再整備と利活用に向けた社会実験を実施しました,https://www.city.meguro.tokyo.jp/toshiseibi/shigoto/machidukuri/yutenjishakaijikkenn.html,しごと・まちづくり,https://www.city.meguro.tokyo.jp/shigoto/index.html,,23,関連確認,都市計画・用途地域
目黒区,district_plan,2,開発行為の許可（都市計画法第29条）,https://www.city.meguro.tokyo.jp/toshiseibi/shigoto/tochitorihiki/kaihatukyoka.html,しごと・まちづくり,https://www.city.meguro.tokyo.jp/shigoto/index.html,,23,関連確認,都市計画・用途地域
目黒区,district_plan,2,盛土規制法（宅地造成及び特定盛土等規制法）に基づく許可・基礎調査について,https://www.city.meguro.tokyo.jp/toshiseibi/shigoto/tochitorihiki/moridokiseihou.html,しごと・まちづくり,https://www.city.meguro.tokyo.jp/shigoto/index.html,,23,関連確認,都市計画・用途地域
目黒区,district_plan,3,地域交通支援業務委託事業者を公募型プロポーザル方式により募集します,https://www.city.meguro.tokyo.jp/toshikiban/shigoto/nyuusatsu/chiikikoutuu_shien_r7.html,目黒区立小学校及び中学校における次世代校務DX環境構築設計及び運用管理委託に向けた情報提供依頼（RFI）を実施します,https://www.city.meguro.tokyo.jp/gakkouict/shigoto/nyuusatsu/jisedaikoumu_rfi.html,,23,関連確認,都市計画・用途地域
目黒区,district_plan,3,東急大井町線・東横線沿線まちづくり検討業務委託事業者を公募型プロポーザル方式により募集します,https://www.city.meguro.tokyo.jp/toshikiban/shigoto/nyuusatsu/toukyuennsen_r7.html,目黒区立小学校及び中学校における次世代校務DX環境構築設計及び運用管理委託に向けた情報提供依頼（RFI）を実施します,https://www.city.meguro.tokyo.jp/gakkouict/shigoto/nyuusatsu/jisedaikoumu_rfi.html,,23,関連確認,都市計画・用途地域
目黒区,district_plan,3,都市整備課,https://www.city.meguro.tokyo.jp/toshiseibi/kusei/gaiyou/toshiseibi.html,祐天寺駅前広場で再整備と利活用に向けた社会実験を実施しました,https://www.city.meguro.tokyo.jp/toshiseibi/shigoto/machidukuri/yutenjishakaijikkenn.html,,23,関連確認,都市計画・用途地域
目黒区,district_plan,3,祐天寺駅周辺地区整備計画素案に対する区民意見募集の実施結果,https://www.city.meguro.tokyo.jp/toshiseibi/shigoto/machidukuri/publiccomment.html,祐天寺駅前広場で再整備と利活用に向けた社会実験を実施しました,https://www.city.meguro.tokyo.jp/toshiseibi/shigoto/machidukuri/yutenjishakaijikkenn.html,,23,関連確認,都市計画・用途地域
目黒区,district_plan,3,祐天寺駅周辺地区整備計画を策定しました,https://www.city.meguro.tokyo.jp/toshiseibi/shigoto/machidukuri/seibikeikaku.html,祐天寺駅前広場で再整備と利活用に向けた社会実験を実施しました,https://www.city.meguro.tokyo.jp/toshiseibi/shigoto/machidukuri/yutenjishakaijikkenn.html,,23,関連確認,都市計画・用途地域
目黒区,district_plan,3,祐天寺駅周辺地区整備方針を策定しました,https://www.city.meguro.tokyo.jp/toshiseibi/shigoto/machidukuri/yutenji.html,祐天寺駅前広場で再整備と利活用に向けた社会実験を実施しました,https://www.city.meguro.tokyo.jp/toshiseibi/shigoto/machidukuri/yutenjishakaijikkenn.html,,23,関連確認,都市計画・用途地域
目黒区,district_plan,3,祐天寺駅周辺地区のまちづくり,https://www.city.meguro.tokyo.jp/toshiseibi/shigoto/machidukuri/yutenjimati.html,祐天寺駅前広場で再整備と利活用に向けた社会実験を実施しました,https://www.city.meguro.tokyo.jp/toshiseibi/shigoto/machidukuri/yutenjishakaijikkenn.html,,23,関連確認,都市計画・用途地域
目黒区,district_plan,3,祐天寺駅周辺地区整備構想を策定しました,https://www.city.meguro.tokyo.jp/toshiseibi/shigoto/machidukuri/yutenjiseibikoso.html,祐天寺駅前広場で再整備と利活用に向けた社会実験を実施しました,https://www.city.meguro.tokyo.jp/toshiseibi/shigoto/machidukuri/yutenjishakaijikkenn.html,,23,関連確認,都市計画・用途地域
目黒区,district_plan,3,ページ先頭に戻る,https://www.city.meguro.tokyo.jp/toshiseibi/shigoto/machidukuri/yutenjishakaijikkenn.html#tmp_header,祐天寺駅前広場で再整備と利活用に向けた社会実験を実施しました,https://www.city.meguro.tokyo.jp/toshiseibi/shigoto/machidukuri/yutenjishakaijikkenn.html,,23,関連確認,都市計画・用途地域
目黒区,district_plan,2,雨水流出抑制施設設置の指導,https://www.city.meguro.tokyo.jp/toshiseibi/shigoto/machidukuri/chisuishido.html,しごと・まちづくり,https://www.city.meguro.tokyo.jp/shigoto/index.html,,13,参考,都市計画・用途地域
目黒区,hazard,2,土砂災害ハザードマップ,https://www.city.meguro.tokyo.jp/bousai/bousaianzen/bousai/dosha-map.html,防災,https://www.city.meguro.tokyo.jp/benrinavi/bousai/index.html,,66,優先確認,ハザード・災害リスク
目黒区,hazard,1,水害ハザードマップ,https://www.city.meguro.tokyo.jp/bousai/bousaianzen/bousai/map.html,公式トップ,https://www.city.meguro.tokyo.jp/,,43,優先確認,ハザード・災害リスク
目黒区,hazard,2,防災マップ,https://www.city.meguro.tokyo.jp/bousai/bousaianzen/bousai/bousaimap.html,防災,https://www.city.meguro.tokyo.jp/benrinavi/bousai/index.html,,31,関連確認,ハザード・災害リスク
目黒区,hazard,3,防災に関する地図,https://www.city.meguro.tokyo.jp/bousaianzen/bousai/bousaitaisaku/map/index.html,防災対策,https://www.city.meguro.tokyo.jp/bousaianzen/bousai/bousaitaisaku/index.html,,11,参考,ハザード・災害リスク
目黒区,road,2,（付属資料9）指定管理者協定書（案）（令和6年9月20日一部修正）（PDF：257KB）,https://www.city.meguro.tokyo.jp/documents/15681/fuzokushiryo9_shiteikanri-kyotei-an.pdf,＜事業範囲を変更しました＞新たな目黒区民センター等整備・運営事業（めぐろかがやきプロジェクト）,https://www.city.meguro.tokyo.jp/shisankeiei/kusei/keikaku/megurokumincenter_kouboshiryou.html,,28,関連確認,道路・接道確認
目黒区,road,2,道路舗装種別図・掘削規制図,https://www.city.meguro.tokyo.jp/dobokukanri/shigoto/douro/hosousyubetsu.html,しごと・まちづくり,https://www.city.meguro.tokyo.jp/shigoto/index.html,,23,関連確認,道路・接道確認
目黒区,road,2,目黒区防災気象情報メール,https://www.city.meguro.tokyo.jp/douro/bousaianzen/bousai/bosaikisho.html,防災,https://www.city.meguro.tokyo.jp/benrinavi/bousai/index.html,,23,関連確認,道路・接道確認
目黒区,road,2,目黒区の気象情報,https://www.city.meguro.tokyo.jp/douro/bousaianzen/bousai/kisyoujyoho.html,防災,https://www.city.meguro.tokyo.jp/benrinavi/bousai/index.html,,23,関連確認,道路・接道確認
目黒区,road,2,目黒川ライブカメラ,https://www.city.meguro.tokyo.jp/douro/bousaianzen/bousai/megurogawakamera.html,防災,https://www.city.meguro.tokyo.jp/benrinavi/bousai/index.html,,23,関連確認,道路・接道確認
目黒区,road,2,目黒川水位警報,https://www.city.meguro.tokyo.jp/douro/bousaianzen/bousai/suiikeiho.html,防災,https://www.city.meguro.tokyo.jp/benrinavi/bousai/index.html,,23,関連確認,道路・接道確認
目黒区,road,2,河川についてのお問い合わせ,https://www.city.meguro.tokyo.jp/douro/shigoto/kasen/toiawasesaki.html,しごと・まちづくり,https://www.city.meguro.tokyo.jp/shigoto/index.html,,23,関連確認,道路・接道確認
目黒区,road,2,道路についてのお問い合わせ,https://www.city.meguro.tokyo.jp/dourokouen/shigoto/douro/toiawase.html,しごと・まちづくり,https://www.city.meguro.tokyo.jp/shigoto/index.html,,23,関連確認,道路・接道確認
目黒区,road,2,道路管理,https://www.city.meguro.tokyo.jp/shigoto/douro/dourokanri/index.html,しごと・まちづくり,https://www.city.meguro.tokyo.jp/shigoto/index.html,,23,関連確認,道路・接道確認
目黒区,road,2,道路,https://www.city.meguro.tokyo.jp/shigoto/douro/index.html,しごと・まちづくり,https://www.city.meguro.tokyo.jp/shigoto/index.html,,23,関連確認,道路・接道確認
目黒区,road,2,都市計画道路,https://www.city.meguro.tokyo.jp/shigoto/douro/keikakudouro/index.html,しごと・まちづくり,https://www.city.meguro.tokyo.jp/shigoto/index.html,,23,関連確認,道路・接道確認
目黒区,road,2,指定管理者の募集,https://www.city.meguro.tokyo.jp/shigoto/shiteikanri/boshuu/index.html,しごと・まちづくり,https://www.city.meguro.tokyo.jp/shigoto/index.html,,23,関連確認,道路・接道確認
目黒区,road,2,指定管理者制度,https://www.city.meguro.tokyo.jp/shigoto/shiteikanri/index.html,しごと・まちづくり,https://www.city.meguro.tokyo.jp/shigoto/index.html,,23,関連確認,道路・接道確認
目黒区,road,2,指定管理者の指定と運営評価,https://www.city.meguro.tokyo.jp/shigoto/shiteikanri/kanrishashitei/index.html,しごと・まちづくり,https://www.city.meguro.tokyo.jp/shigoto/index.html,,23,関連確認,道路・接道確認
目黒区,road,2,指定管理者の選定結果,https://www.city.meguro.tokyo.jp/shigoto/shiteikanri/sentei/index.html,しごと・まちづくり,https://www.city.meguro.tokyo.jp/shigoto/index.html,,23,関連確認,道路・接道確認
目黒区,road,3,震災時協力井戸の指定,https://www.city.meguro.tokyo.jp/bousai/bousaianzen/bousai/bosai_shiteiido.html,防災士資格取得費用の助成,https://www.city.meguro.tokyo.jp/bousai/bousaianzen/bousai/bosaisi.html,,23,関連確認,道路・接道確認
目黒区,road,3,土木管理課,https://www.city.meguro.tokyo.jp/dobokukanri/kusei/gaiyou/doro.html,道路舗装種別図・掘削規制図,https://www.city.meguro.tokyo.jp/dobokukanri/shigoto/douro/hosousyubetsu.html,,23,関連確認,道路・接道確認
目黒区,road,3,ページ先頭に戻る,https://www.city.meguro.tokyo.jp/dobokukanri/shigoto/douro/hosousyubetsu.html#tmp_header,道路舗装種別図・掘削規制図,https://www.city.meguro.tokyo.jp/dobokukanri/shigoto/douro/hosousyubetsu.html,,23,関連確認,道路・接道確認
目黒区,road,3,宅地と道路・水路の境界確認等及び路線網図,https://www.city.meguro.tokyo.jp/dobokukanri/shigoto/douro/kyokai.html,道路舗装種別図・掘削規制図,https://www.city.meguro.tokyo.jp/dobokukanri/shigoto/douro/hosousyubetsu.html,,23,関連確認,道路・接道確認
目黒区,road,3,駐車場法などに基づく路外駐車場の届出制度,https://www.city.meguro.tokyo.jp/dobokukanri/shigoto/douro/rogaichuusyajou.html,道路舗装種別図・掘削規制図,https://www.city.meguro.tokyo.jp/dobokukanri/shigoto/douro/hosousyubetsu.html,,23,関連確認,道路・接道確認
目黒区,road,3,道路の正しい使い方,https://www.city.meguro.tokyo.jp/dobokukanri/shigoto/douro/tadashii.html,道路舗装種別図・掘削規制図,https://www.city.meguro.tokyo.jp/dobokukanri/shigoto/douro/hosousyubetsu.html,,23,関連確認,道路・接道確認
目黒区,road,3,街路灯・ガードレール・道路などが壊れたら,https://www.city.meguro.tokyo.jp/douro/shigoto/douro/kowaretara.html,道路舗装種別図・掘削規制図,https://www.city.meguro.tokyo.jp/dobokukanri/shigoto/douro/hosousyubetsu.html,,23,関連確認,道路・接道確認
目黒区,road,3,ヒートアイランド対策の推進,https://www.city.meguro.tokyo.jp/kankyouhozen/shigoto/douro/heatisland.html,道路舗装種別図・掘削規制図,https://www.city.meguro.tokyo.jp/dobokukanri/shigoto/douro/hosousyubetsu.html,,23,関連確認,道路・接道確認
目黒区,road,3,目黒区立田道在宅ケア多機能センターの指定管理者を公募します,https://www.city.meguro.tokyo.jp/koureifukushi/shigoto/shiteikanri/dendouzaitaku.html,目黒区立小学校及び中学校における次世代校務DX環境構築設計及び運用管理委託に向けた情報提供依頼（RFI）を実施します,https://www.city.meguro.tokyo.jp/gakkouict/shigoto/nyuusatsu/jisedaikoumu_rfi.html,,23,関連確認,道路・接道確認
目黒区,road,3,道路舗装維持管理方針,https://www.city.meguro.tokyo.jp/midori/shigoto/douro/ijikanri.html,道路舗装種別図・掘削規制図,https://www.city.meguro.tokyo.jp/dobokukanri/shigoto/douro/hosousyubetsu.html,,23,関連確認,道路・接道確認
目黒区,road,3,区道の交通安全の環境整備,https://www.city.meguro.tokyo.jp/midori/shigoto/douro/kudo.html,道路舗装種別図・掘削規制図,https://www.city.meguro.tokyo.jp/dobokukanri/shigoto/douro/hosousyubetsu.html,,23,関連確認,道路・接道確認
目黒区,road,3,路面下空洞調査の取組状況,https://www.city.meguro.tokyo.jp/midori/shigoto/douro/romenshitakuudoutyousa.html,道路舗装種別図・掘削規制図,https://www.city.meguro.tokyo.jp/dobokukanri/shigoto/douro/hosousyubetsu.html,,23,関連確認,道路・接道確認
目黒区,road,3,自転車走行環境整備,https://www.city.meguro.tokyo.jp/shigoto/douro/dourokanri/jitensha/index.html,道路舗装種別図・掘削規制図,https://www.city.meguro.tokyo.jp/dobokukanri/shigoto/douro/hosousyubetsu.html,,23,関連確認,道路・接道確認
目黒区,road,3,無電柱化計画,https://www.city.meguro.tokyo.jp/shigoto/douro/dourokanri/mudenchuu/index.html,道路舗装種別図・掘削規制図,https://www.city.meguro.tokyo.jp/dobokukanri/shigoto/douro/hosousyubetsu.html,,23,関連確認,道路・接道確認
目黒区,road,2,道路占用許可申請・自費工事承認申請,https://www.city.meguro.tokyo.jp/dobokukanri/shigoto/douro/shinsei.html,しごと・まちづくり,https://www.city.meguro.tokyo.jp/shigoto/index.html,,13,参考,道路・接道確認
練馬区,hazard,2,練馬区水害ハザードマップ,https://www.city.nerima.tokyo.jp/kurashi/bosai/suigai/hazardmap.html,防災・安全安心情報,https://www.city.nerima.tokyo.jp/kurashi/bosai/index.html,,66,優先確認,ハザード・災害リスク
練馬区,hazard,2,練馬区土砂災害ハザードマップ,https://www.city.nerima.tokyo.jp/kurashi/bosai/suigai/20171206.html,防災・安全安心情報,https://www.city.nerima.tokyo.jp/kurashi/bosai/index.html,,58,優先確認,ハザード・災害リスク
練馬区,hazard,2,地域別防災マップ,https://www.city.nerima.tokyo.jp/kurashi/bosai/tiikibetubosai-map/index.html,ねりま災害ポータル,https://www.city.nerima.tokyo.jp/kurashi/bosai/saigaipotal/index.html,,31,関連確認,ハザード・災害リスク
練馬区,hazard,2,浸水履歴,https://www.city.nerima.tokyo.jp/kurashi/bosai/suigai/06614523120170714.html,防災・安全安心情報,https://www.city.nerima.tokyo.jp/kurashi/bosai/index.html,,23,関連確認,ハザード・災害リスク
練馬区,hazard,2,土砂災害警戒区域等の指定について,https://www.city.nerima.tokyo.jp/kurashi/bosai/suigai/dosha.html,防災・安全安心情報,https://www.city.nerima.tokyo.jp/kurashi/bosai/index.html,,23,関連確認,ハザード・災害リスク
荒川区,building_guidance,3,位置指定道路（建築基準法第42条第1項第五号）,https://www.city.arakawa.tokyo.jp/a044/machizukuridoboku/kenchikukaihatsu/ichishitei.html,災害時地域貢献建築物の認定・助成制度,https://www.city.arakawa.tokyo.jp/machizukuridoboku/kenchikukaihatsu/saigaiji/index.html,,83,優先確認,建築指導・建築確認
荒川区,building_guidance,3,指定道路情報（建築基準法の道路種別）,https://www.city.arakawa.tokyo.jp/a044/machizukuridoboku/tochidouro/siteidouro.html,まちづくり・土木,https://www.city.arakawa.tokyo.jp/machizukuridoboku/index.html,,63,優先確認,建築指導・建築確認
荒川区,building_guidance,3,建築確認台帳記載事項証明書,https://www.city.arakawa.tokyo.jp/a044/machizukuridoboku/kenchikukaihatsu/daichoukisaijikou.html,災害時地域貢献建築物の認定・助成制度,https://www.city.arakawa.tokyo.jp/machizukuridoboku/kenchikukaihatsu/saigaiji/index.html,,43,優先確認,建築指導・建築確認
荒川区,building_guidance,3,建築確認・建築検査,https://www.city.arakawa.tokyo.jp/machizukuridoboku/kenchikukaihatsu/kakunin_kensa/index.html,災害時地域貢献建築物の認定・助成制度,https://www.city.arakawa.tokyo.jp/machizukuridoboku/kenchikukaihatsu/saigaiji/index.html,,43,優先確認,建築指導・建築確認
荒川区,building_guidance,3,認定建築物,https://www.city.arakawa.tokyo.jp/a040/machizukuridoboku/kenchikukaihatsu/ninteikentikubutu.html,災害時地域貢献建築物の認定・助成制度,https://www.city.arakawa.tokyo.jp/machizukuridoboku/kenchikukaihatsu/saigaiji/index.html,,23,関連確認,建築指導・建築確認
荒川区,building_guidance,3,建築物等の定期調査報告,https://www.city.arakawa.tokyo.jp/a044/machizukuridoboku/kenchikukaihatsu/chousahoukoku.html,災害時地域貢献建築物の認定・助成制度,https://www.city.arakawa.tokyo.jp/machizukuridoboku/kenchikukaihatsu/saigaiji/index.html,,23,関連確認,建築指導・建築確認
荒川区,building_guidance,3,長期優良住宅に関する認定制度,https://www.city.arakawa.tokyo.jp/a044/machizukuridoboku/kenchikukaihatsu/cyokiyuryojutaku.html,災害時地域貢献建築物の認定・助成制度,https://www.city.arakawa.tokyo.jp/machizukuridoboku/kenchikukaihatsu/saigaiji/index.html,,23,関連確認,建築指導・建築確認
荒川区,building_guidance,3,建築物における液状化対策,https://www.city.arakawa.tokyo.jp/a044/machizukuridoboku/kenchikukaihatsu/ekijouka.html,災害時地域貢献建築物の認定・助成制度,https://www.city.arakawa.tokyo.jp/machizukuridoboku/kenchikukaihatsu/saigaiji/index.html,,23,関連確認,建築指導・建築確認
荒川区,building_guidance,3,荒川区細街路拡幅整備事業,https://www.city.arakawa.tokyo.jp/a044/machizukuridoboku/kenchikukaihatsu/jigyo.html,災害時地域貢献建築物の認定・助成制度,https://www.city.arakawa.tokyo.jp/machizukuridoboku/kenchikukaihatsu/saigaiji/index.html,,23,関連確認,建築指導・建築確認
荒川区,building_guidance,3,建築計画概要書等の閲覧及び写しの証明書の交付,https://www.city.arakawa.tokyo.jp/a044/machizukuridoboku/kenchikukaihatsu/keikakugaiyoshotou.html,災害時地域貢献建築物の認定・助成制度,https://www.city.arakawa.tokyo.jp/machizukuridoboku/kenchikukaihatsu/saigaiji/index.html,,23,関連確認,建築指導・建築確認
荒川区,building_guidance,3,建築物省エネ法に基づく適合性判定,https://www.city.arakawa.tokyo.jp/a044/machizukuridoboku/kenchikukaihatsu/sho-energy.html,災害時地域貢献建築物の認定・助成制度,https://www.city.arakawa.tokyo.jp/machizukuridoboku/kenchikukaihatsu/saigaiji/index.html,,23,関連確認,建築指導・建築確認
荒川区,building_guidance,3,低炭素建築物の認定制度,https://www.city.arakawa.tokyo.jp/a044/machizukuridoboku/kenchikukaihatsu/teitansokenchiku.html,災害時地域貢献建築物の認定・助成制度,https://www.city.arakawa.tokyo.jp/machizukuridoboku/kenchikukaihatsu/saigaiji/index.html,,23,関連確認,建築指導・建築確認
荒川区,building_guidance,3,建築・開発・解体,https://www.city.arakawa.tokyo.jp/machizukuridoboku/kenchikukaihatsu/index.html,災害時地域貢献建築物の認定・助成制度,https://www.city.arakawa.tokyo.jp/machizukuridoboku/kenchikukaihatsu/saigaiji/index.html,,23,関連確認,建築指導・建築確認
荒川区,building_guidance,3,解体,https://www.city.arakawa.tokyo.jp/machizukuridoboku/kenchikukaihatsu/kaitai/index.html,災害時地域貢献建築物の認定・助成制度,https://www.city.arakawa.tokyo.jp/machizukuridoboku/kenchikukaihatsu/saigaiji/index.html,,23,関連確認,建築指導・建築確認
荒川区,building_guidance,3,建築の法令・条例・要綱,https://www.city.arakawa.tokyo.jp/machizukuridoboku/kenchikukaihatsu/kenchikuhourei/index.html,災害時地域貢献建築物の認定・助成制度,https://www.city.arakawa.tokyo.jp/machizukuridoboku/kenchikukaihatsu/saigaiji/index.html,,23,関連確認,建築指導・建築確認
荒川区,building_guidance,3,道路に接していない敷地での建替え,https://www.city.arakawa.tokyo.jp/machizukuridoboku/kenchikukaihatsu/machidukuri/index.html,災害時地域貢献建築物の認定・助成制度,https://www.city.arakawa.tokyo.jp/machizukuridoboku/kenchikukaihatsu/saigaiji/index.html,,23,関連確認,建築指導・建築確認
荒川区,building_guidance,3,ページの先頭へ,https://www.city.arakawa.tokyo.jp/machizukuridoboku/kenchikukaihatsu/saigaiji/index.html#tmp_header,災害時地域貢献建築物の認定・助成制度,https://www.city.arakawa.tokyo.jp/machizukuridoboku/kenchikukaihatsu/saigaiji/index.html,,23,関連確認,建築指導・建築確認
荒川区,district_plan,3,位置指定道路（建築基準法第42条第1項第五号）,https://www.city.arakawa.tokyo.jp/a044/machizukuridoboku/kenchikukaihatsu/ichishitei.html,災害時地域貢献建築物の認定・助成制度,https://www.city.arakawa.tokyo.jp/machizukuridoboku/kenchikukaihatsu/saigaiji/index.html,,43,優先確認,都市計画・用途地域
荒川区,district_plan,3,指定道路情報（建築基準法の道路種別）,https://www.city.arakawa.tokyo.jp/a044/machizukuridoboku/tochidouro/siteidouro.html,まちづくり・土木,https://www.city.arakawa.tokyo.jp/machizukuridoboku/index.html,,43,優先確認,都市計画・用途地域
荒川区,district_plan,3,都市計画,https://www.city.arakawa.tokyo.jp/machizukuridoboku/machizukuri/toshikeikaku/index.html,まちづくり・土木,https://www.city.arakawa.tokyo.jp/machizukuridoboku/index.html,,43,優先確認,都市計画・用途地域
荒川区,district_plan,3,東京都市計画  高度利用地区,https://www.city.arakawa.tokyo.jp/machizukuridoboku/machizukuri/toshikeikaku_kodo/index.html,まちづくり・土木,https://www.city.arakawa.tokyo.jp/machizukuridoboku/index.html,,43,優先確認,都市計画・用途地域
荒川区,district_plan,3,区役所本庁舎にカーボンオフセット都市ガスを導入しました,https://www.city.arakawa.tokyo.jp/a024/kankyou/shoene_ondantaisaku/carbonoffset_toshigas.html,環境,https://www.city.arakawa.tokyo.jp/kankyou/index.html,,23,関連確認,都市計画・用途地域
荒川区,district_plan,3,地区計画,https://www.city.arakawa.tokyo.jp/machizukuridoboku/machizukuri/chikukeikaku/index.html,まちづくり・土木,https://www.city.arakawa.tokyo.jp/machizukuridoboku/index.html,,23,関連確認,都市計画・用途地域
荒川区,hazard,2,荒川区土砂災害ハザードマップ,https://www.city.arakawa.tokyo.jp/a013/bousai/suigainisonaete/dosya-map.html,防災サイト,https://www.city.arakawa.tokyo.jp/bousai/bousaijouhou/index.html,,66,優先確認,ハザード・災害リスク
荒川区,hazard,2,荒川区水害ハザードマップ,https://www.city.arakawa.tokyo.jp/a013/bousai/suigainisonaete/suigaimap.html,防災サイト,https://www.city.arakawa.tokyo.jp/bousai/bousaijouhou/index.html,,46,優先確認,ハザード・災害リスク
荒川区,hazard,3,宅地建物取引業者の方へ（水防法に基づくハザードマップ等）,https://www.city.arakawa.tokyo.jp/a013/bousai/saigaitaisaku/juuyoujikousetumei.html,防災,https://www.city.arakawa.tokyo.jp/bousai/index.html,,38,関連確認,ハザード・災害リスク
荒川区,hazard,3,浸水被害発生時における家屋等の衛生対策,https://www.city.arakawa.tokyo.jp/a032/bousai/shinnsuishoudoku.html,防災,https://www.city.arakawa.tokyo.jp/bousai/index.html,,23,関連確認,ハザード・災害リスク
荒川区,hazard,3,土砂災害に備えましょう,https://www.city.arakawa.tokyo.jp/a040/bousai/sonae/260912dosyasonae.html,防災,https://www.city.arakawa.tokyo.jp/bousai/index.html,,23,関連確認,ハザード・災害リスク
荒川区,hazard,3,"荒川区防災地図（地震版）（PDF：2,902KB）",https://www.city.arakawa.tokyo.jp/documents/16290/map_bosai_eq.pdf,地域の防災訓練,https://www.city.arakawa.tokyo.jp/a013/bousai/jishinnisonaete/choukaibousaikunren.html,,16,参考,ハザード・災害リスク
荒川区,hazard,2,荒川区防災地図（地震版）,https://www.city.arakawa.tokyo.jp/a013/bousai/jishinnisonaete/bosaimap.html,防災サイト,https://www.city.arakawa.tokyo.jp/bousai/bousaijouhou/index.html,,11,参考,ハザード・災害リスク
荒川区,hazard,3,ページの先頭へ,https://www.city.arakawa.tokyo.jp/a013/bousai/jishinnisonaete/bosaimap.html#tmp_header,荒川区防災地図（地震版）,https://www.city.arakawa.tokyo.jp/a013/bousai/jishinnisonaete/bosaimap.html,,11,参考,ハザード・災害リスク
荒川区,road,3,指定道路情報（建築基準法の道路種別）,https://www.city.arakawa.tokyo.jp/a044/machizukuridoboku/tochidouro/siteidouro.html,まちづくり・土木,https://www.city.arakawa.tokyo.jp/machizukuridoboku/index.html,,103,優先確認,道路・接道確認
荒川区,road,3,位置指定道路（建築基準法第42条第1項第五号）,https://www.city.arakawa.tokyo.jp/a044/machizukuridoboku/kenchikukaihatsu/ichishitei.html,災害時地域貢献建築物の認定・助成制度,https://www.city.arakawa.tokyo.jp/machizukuridoboku/kenchikukaihatsu/saigaiji/index.html,,83,優先確認,道路・接道確認
荒川区,road,3,国土利用計画法に基づく土地取引の届出,https://www.city.arakawa.tokyo.jp/a040/machizukuridoboku/tochidouro/tochitorihiki.html,まちづくり・土木,https://www.city.arakawa.tokyo.jp/machizukuridoboku/index.html,,23,関連確認,道路・接道確認
荒川区,road,3,土地・道路,https://www.city.arakawa.tokyo.jp/machizukuridoboku/tochidouro/index.html,まちづくり・土木,https://www.city.arakawa.tokyo.jp/machizukuridoboku/index.html,,23,関連確認,道路・接道確認
荒川区,road,3,道路の管理,https://www.city.arakawa.tokyo.jp/machizukuridoboku/tochidouro/kanri/index.html,まちづくり・土木,https://www.city.arakawa.tokyo.jp/machizukuridoboku/index.html,,23,関連確認,道路・接道確認
荒川区,road,3,道路の整備,https://www.city.arakawa.tokyo.jp/machizukuridoboku/tochidouro/seibi/index.html,まちづくり・土木,https://www.city.arakawa.tokyo.jp/machizukuridoboku/index.html,,23,関連確認,道路・接道確認
荒川区,road,3,道路の申請,https://www.city.arakawa.tokyo.jp/machizukuridoboku/tochidouro/toroku/index.html,まちづくり・土木,https://www.city.arakawa.tokyo.jp/machizukuridoboku/index.html,,13,参考,道路・接道確認
葛飾区,district_plan,3,葛飾区都市計画図［用途地域等］の公開,https://www.city.katsushika.lg.jp/planning/1030239/1003611/1003704.html,用途地域・都市計画,https://www.city.katsushika.lg.jp/planning/1030239/1003611/index.html,,63,優先確認,都市計画・用途地域
葛飾区,district_plan,1,用途地域・都市計画・地区計画,https://www.city.katsushika.lg.jp/planning/1030239/index.html,公式トップ,https://www.city.katsushika.lg.jp/,,60,優先確認,都市計画・用途地域
葛飾区,district_plan,2,用途地域・都市計画,https://www.city.katsushika.lg.jp/planning/1030239/1003611/index.html,まちづくり トップ,https://www.city.katsushika.lg.jp/planning/index.html,,43,優先確認,都市計画・用途地域
葛飾区,district_plan,3,用途地域等の一括変更について【終了しました】,https://www.city.katsushika.lg.jp/planning/1030239/1003611/1025436.html,用途地域・都市計画,https://www.city.katsushika.lg.jp/planning/1030239/1003611/index.html,,43,優先確認,都市計画・用途地域
葛飾区,district_plan,3,東京都市計画高度地区の変更（葛飾区決定）（原案） （PDF 122.9KB）,https://www.city.katsushika.lg.jp/_res/projects/default_project/_page_/001/003/633/genan.pdf,絶対高さ高度地区の都市計画（案）について,https://www.city.katsushika.lg.jp/planning/1003609/1003633.html,,28,関連確認,都市計画・用途地域
葛飾区,district_plan,3,東京都市計画高度地区の変更（葛飾区決定）（案） （PDF 133.6KB）,https://www.city.katsushika.lg.jp/_res/projects/default_project/_page_/001/003/633/ketteian.pdf,絶対高さ高度地区の都市計画（案）について,https://www.city.katsushika.lg.jp/planning/1003609/1003633.html,,28,関連確認,都市計画・用途地域
葛飾区,district_plan,3,東京都市計画高度地区（葛飾区決定）特例の認定及び許可に関する運用基準（案） （PDF 251.7KB）,https://www.city.katsushika.lg.jp/_res/projects/default_project/_page_/001/003/633/kijun.pdf,絶対高さ高度地区の都市計画（案）について,https://www.city.katsushika.lg.jp/planning/1003609/1003633.html,,28,関連確認,都市計画・用途地域
葛飾区,district_plan,3,絶対高さ高度地区に関する都市計画変更（原案）　まとめ （PDF 973.3KB）,https://www.city.katsushika.lg.jp/_res/projects/default_project/_page_/001/003/633/matome.pdf,絶対高さ高度地区の都市計画（案）について,https://www.city.katsushika.lg.jp/planning/1003609/1003633.html,,28,関連確認,都市計画・用途地域
葛飾区,district_plan,3,東京都市計画高度地区の変更について（答申） （PDF 170.5KB）,https://www.city.katsushika.lg.jp/_res/projects/default_project/_page_/001/003/633/toushin.pdf,絶対高さ高度地区の都市計画（案）について,https://www.city.katsushika.lg.jp/planning/1003609/1003633.html,,28,関連確認,都市計画・用途地域
葛飾区,district_plan,2,絶対高さ高度地区の都市計画（案）について,https://www.city.katsushika.lg.jp/planning/1003609/1003633.html,まちづくり トップ,https://www.city.katsushika.lg.jp/planning/index.html,,23,関連確認,都市計画・用途地域
葛飾区,district_plan,2,小菅一丁目地区地区計画の変更について,https://www.city.katsushika.lg.jp/planning/1003609/1039169/index.html,まちづくり トップ,https://www.city.katsushika.lg.jp/planning/index.html,,23,関連確認,都市計画・用途地域
葛飾区,district_plan,2,地区計画等の届出等の郵送受付について,https://www.city.katsushika.lg.jp/planning/1030239/1023364.html,まちづくり トップ,https://www.city.katsushika.lg.jp/planning/index.html,,23,関連確認,都市計画・用途地域
葛飾区,district_plan,2,地区計画の概要,https://www.city.katsushika.lg.jp/planning/1030239/1030240/index.html,まちづくり トップ,https://www.city.katsushika.lg.jp/planning/index.html,,23,関連確認,都市計画・用途地域
葛飾区,district_plan,2,葛飾区内の地区計画,https://www.city.katsushika.lg.jp/planning/1030239/1030241/index.html,まちづくり トップ,https://www.city.katsushika.lg.jp/planning/index.html,,23,関連確認,都市計画・用途地域
葛飾区,district_plan,3,環状七号線沿道地区計画,https://www.city.katsushika.lg.jp/business/1000011/1000069/1005250/1005330.html,葛飾区内の地区計画,https://www.city.katsushika.lg.jp/planning/1030239/1030241/index.html,,23,関連確認,都市計画・用途地域
葛飾区,district_plan,3,小菅一丁目地区地区計画（原案）の公告・縦覧及び意見書の提出について【終了しました】,https://www.city.katsushika.lg.jp/planning/1003609/1039169/1039171.html,小菅一丁目地区地区計画の変更について,https://www.city.katsushika.lg.jp/planning/1003609/1039169/index.html,,23,関連確認,都市計画・用途地域
葛飾区,district_plan,3,小菅一丁目地区地区計画（案）の公告・縦覧及び意見書の提出について【終了しました】,https://www.city.katsushika.lg.jp/planning/1003609/1039169/1040333.html,小菅一丁目地区地区計画の変更について,https://www.city.katsushika.lg.jp/planning/1003609/1039169/index.html,,23,関連確認,都市計画・用途地域
葛飾区,district_plan,3,地区計画,https://www.city.katsushika.lg.jp/planning/1030239/1030240/1003666.html,地区計画の概要,https://www.city.katsushika.lg.jp/planning/1030239/1030240/index.html,,23,関連確認,都市計画・用途地域
葛飾区,district_plan,3,高砂四丁目地区地区計画,https://www.city.katsushika.lg.jp/planning/1030239/1030241/1003656.html,葛飾区内の地区計画,https://www.city.katsushika.lg.jp/planning/1030239/1030241/index.html,,23,関連確認,都市計画・用途地域
葛飾区,district_plan,3,新宿六丁目地区地区計画（東京都決定）,https://www.city.katsushika.lg.jp/planning/1030239/1030241/1003662.html,葛飾区内の地区計画,https://www.city.katsushika.lg.jp/planning/1030239/1030241/index.html,,23,関連確認,都市計画・用途地域
葛飾区,district_plan,3,青戸六・七丁目地区地区計画,https://www.city.katsushika.lg.jp/planning/1030239/1030241/1003665.html,葛飾区内の地区計画,https://www.city.katsushika.lg.jp/planning/1030239/1030241/index.html,,23,関連確認,都市計画・用途地域
葛飾区,district_plan,3,奥戸四丁目地区地区計画,https://www.city.katsushika.lg.jp/planning/1030239/1030241/1003668.html,葛飾区内の地区計画,https://www.city.katsushika.lg.jp/planning/1030239/1030241/index.html,,23,関連確認,都市計画・用途地域
葛飾区,district_plan,3,亀有駅東地区地区計画,https://www.city.katsushika.lg.jp/planning/1030239/1030241/1003670.html,葛飾区内の地区計画,https://www.city.katsushika.lg.jp/planning/1030239/1030241/index.html,,23,関連確認,都市計画・用途地域
葛飾区,district_plan,3,小菅一丁目地区地区計画,https://www.city.katsushika.lg.jp/planning/1030239/1030241/1003671.html,小菅一丁目地区地区計画の変更について,https://www.city.katsushika.lg.jp/planning/1003609/1039169/index.html,,23,関連確認,都市計画・用途地域
葛飾区,district_plan,3,さくら並木の道沿道地区地区計画,https://www.city.katsushika.lg.jp/planning/1030239/1030241/1003672.html,葛飾区内の地区計画,https://www.city.katsushika.lg.jp/planning/1030239/1030241/index.html,,23,関連確認,都市計画・用途地域
葛飾区,district_plan,3,新柴又駅周辺地区地区計画,https://www.city.katsushika.lg.jp/planning/1030239/1030241/1003673.html,葛飾区内の地区計画,https://www.city.katsushika.lg.jp/planning/1030239/1030241/index.html,,23,関連確認,都市計画・用途地域
葛飾区,district_plan,3,花の木通り沿道地区地区計画,https://www.city.katsushika.lg.jp/planning/1030239/1030241/1003674.html,葛飾区内の地区計画,https://www.city.katsushika.lg.jp/planning/1030239/1030241/index.html,,23,関連確認,都市計画・用途地域
葛飾区,district_plan,3,東新小岩一丁目地区地区計画,https://www.city.katsushika.lg.jp/planning/1030239/1030241/1003675.html,葛飾区内の地区計画,https://www.city.katsushika.lg.jp/planning/1030239/1030241/index.html,,23,関連確認,都市計画・用途地域
葛飾区,district_plan,3,新小岩駅南口地区地区計画,https://www.city.katsushika.lg.jp/planning/1030239/1030241/1003676.html,葛飾区内の地区計画,https://www.city.katsushika.lg.jp/planning/1030239/1030241/index.html,,23,関連確認,都市計画・用途地域
葛飾区,district_plan,3,東新小岩二丁目地区地区計画,https://www.city.katsushika.lg.jp/planning/1030239/1030241/1003677.html,葛飾区内の地区計画,https://www.city.katsushika.lg.jp/planning/1030239/1030241/index.html,,23,関連確認,都市計画・用途地域
葛飾区,district_plan,3,南水元一丁目・二丁目地区地区計画,https://www.city.katsushika.lg.jp/planning/1030239/1030241/1003679.html,葛飾区内の地区計画,https://www.city.katsushika.lg.jp/planning/1030239/1030241/index.html,,23,関連確認,都市計画・用途地域
葛飾区,district_plan,3,東立石四丁目地区防災街区整備地区計画,https://www.city.katsushika.lg.jp/planning/1030239/1030241/1003692.html,葛飾区内の地区計画,https://www.city.katsushika.lg.jp/planning/1030239/1030241/index.html,,23,関連確認,都市計画・用途地域
葛飾区,district_plan,3,四ツ木駅周辺地区防災街区整備地区計画,https://www.city.katsushika.lg.jp/planning/1030239/1030241/1003702.html,葛飾区内の地区計画,https://www.city.katsushika.lg.jp/planning/1030239/1030241/index.html,,23,関連確認,都市計画・用途地域
葛飾区,district_plan,3,立石駅北口地区地区計画,https://www.city.katsushika.lg.jp/planning/1030239/1030241/1014953.html,葛飾区内の地区計画,https://www.city.katsushika.lg.jp/planning/1030239/1030241/index.html,,23,関連確認,都市計画・用途地域
葛飾区,district_plan,3,立石駅南口東地区地区計画,https://www.city.katsushika.lg.jp/planning/1030239/1030241/1020894.html,葛飾区内の地区計画,https://www.city.katsushika.lg.jp/planning/1030239/1030241/index.html,,23,関連確認,都市計画・用途地域
葛飾区,district_plan,3,東金町一丁目西地区地区計画,https://www.city.katsushika.lg.jp/planning/1030239/1030241/1022053.html,葛飾区内の地区計画,https://www.city.katsushika.lg.jp/planning/1030239/1030241/index.html,,23,関連確認,都市計画・用途地域
葛飾区,district_plan,3,堀切二丁目周辺及び四丁目地区防災街区整備地区計画,https://www.city.katsushika.lg.jp/planning/1030239/1030241/1032086.html,葛飾区内の地区計画,https://www.city.katsushika.lg.jp/planning/1030239/1030241/index.html,,23,関連確認,都市計画・用途地域
葛飾区,district_plan,3,立石駅南口西地区地区計画,https://www.city.katsushika.lg.jp/planning/1030239/1030241/1032681.html,葛飾区内の地区計画,https://www.city.katsushika.lg.jp/planning/1030239/1030241/index.html,,23,関連確認,都市計画・用途地域
葛飾区,district_plan,3,西新小岩五丁目地区防災街区整備地区計画,https://www.city.katsushika.lg.jp/planning/1030239/1030241/1037611.html,葛飾区内の地区計画,https://www.city.katsushika.lg.jp/planning/1030239/1030241/index.html,,23,関連確認,都市計画・用途地域
葛飾区,road,2,私道,https://www.city.katsushika.lg.jp/planning/1030242/1036679/index.html,まちづくり トップ,https://www.city.katsushika.lg.jp/planning/index.html,,23,関連確認,道路・接道確認
葛飾区,road,1,道路・屋外広告物・私道,https://www.city.katsushika.lg.jp/planning/1030242/index.html,公式トップ,https://www.city.katsushika.lg.jp/,,20,関連確認,道路・接道確認
豊島区,building_guidance,2,建築,https://www.city.toshima.lg.jp/machizukuri/sumai/kenchiku/index.html,まちづくり・環境・産業,https://www.city.toshima.lg.jp/machizukuri/index.html,,23,関連確認,建築指導・建築確認
豊島区,district_plan,2,都市計画に関すること（都市計画図・用途地域の照会等）,https://www.city.toshima.lg.jp/machizukuri/toshikekaku/toshikekaku/index.html,まちづくり・環境・産業,https://www.city.toshima.lg.jp/machizukuri/index.html,,83,優先確認,都市計画・用途地域
豊島区,district_plan,2,ハザードマップ,https://www.city.toshima.lg.jp/bosai/taisaku/hazardmap.html,防災・安全,https://www.city.toshima.lg.jp/bosai/index.html,,46,優先確認,都市計画・用途地域
豊島区,district_plan,1,ハザードマップ,https://www.city.toshima.lg.jp/bosai/taisaku/hazard-map/index.html,公式トップ,https://www.city.toshima.lg.jp/,,43,優先確認,都市計画・用途地域
豊島区,district_plan,1,サイトマップ,https://www.city.toshima.lg.jp/sitemap.html,公式トップ,https://www.city.toshima.lg.jp/,,28,関連確認,都市計画・用途地域
豊島区,district_plan,2,豊島区保健所パンフレット（A4三つ折り：表面）（PDF：281KB）,https://www.city.toshima.lg.jp/documents/54387/a4leaflet_0416_omote.pdf,【池袋保健所移転】豊島区保健所が開所しました,https://www.city.toshima.lg.jp/208/kenko/kenko/251101.html,,28,関連確認,都市計画・用途地域
豊島区,district_plan,2,豊島区保健所パンフレット（A4三つ折り：裏面）（PDF：277KB）,https://www.city.toshima.lg.jp/documents/54387/a4leaflet_0416_ura.pdf,【池袋保健所移転】豊島区保健所が開所しました,https://www.city.toshima.lg.jp/208/kenko/kenko/251101.html,,28,関連確認,都市計画・用途地域
豊島区,district_plan,2,移転に伴うチラシ（PDF：803KB）,https://www.city.toshima.lg.jp/documents/54387/itentirashi080430.pdf,【池袋保健所移転】豊島区保健所が開所しました,https://www.city.toshima.lg.jp/208/kenko/kenko/251101.html,,28,関連確認,都市計画・用途地域
豊島区,district_plan,2,豊島区防災関連公式フェイスブックページ運用要領（PDF：129KB）,https://www.city.toshima.lg.jp/documents/739/unnyouyouryo.pdf,防災関連SNS,https://www.city.toshima.lg.jp/042/bosai/taisaku/bosaijoho/032031.html,,28,関連確認,都市計画・用途地域
豊島区,district_plan,2,豊島区都市宣言,https://www.city.toshima.lg.jp/000/1706291328.html,区政情報,https://www.city.toshima.lg.jp/kuse/index.html,,23,関連確認,都市計画・用途地域
豊島区,district_plan,2,未来としまミーティング,https://www.city.toshima.lg.jp/000/kuse/iken/2312050924.html,区政情報,https://www.city.toshima.lg.jp/kuse/index.html,,23,関連確認,都市計画・用途地域
豊島区,district_plan,2,マイナンバー　社会保障・税番号制度について,https://www.city.toshima.lg.jp/002/tetsuzuki/mynumber/1711291557.html,手続き・届出,https://www.city.toshima.lg.jp/tetsuzuki/index.html,,23,関連確認,都市計画・用途地域
豊島区,district_plan,2,企画課（白書・報告書）,https://www.city.toshima.lg.jp/003/kuse/shisaku/shisaku/hakusho/008287/index.html,区政情報,https://www.city.toshima.lg.jp/kuse/index.html,,23,関連確認,都市計画・用途地域
豊島区,district_plan,2,ふるさと納税が増えると豊島区の税収は減っていく・・・！,https://www.city.toshima.lg.jp/004/2508071110.html,区政情報,https://www.city.toshima.lg.jp/kuse/index.html,,23,関連確認,都市計画・用途地域
豊島区,district_plan,2,「不合理な税制改正」に対する特別区長会緊急声明について,https://www.city.toshima.lg.jp/004/kuse/shisaku/shisaku/hakusho/2512191521.html,区政情報,https://www.city.toshima.lg.jp/kuse/index.html,,23,関連確認,都市計画・用途地域
豊島区,district_plan,2,財政課（白書・報告書）,https://www.city.toshima.lg.jp/004/kuse/shisaku/shisaku/hakusho/zaise.html,区政情報,https://www.city.toshima.lg.jp/kuse/index.html,,23,関連確認,都市計画・用途地域
豊島区,district_plan,2,予算書,https://www.city.toshima.lg.jp/004/kuse/shisaku/yosan/1601131047.html,区政情報,https://www.city.toshima.lg.jp/kuse/index.html,,23,関連確認,都市計画・用途地域
豊島区,district_plan,2,業務委託モニタリング,https://www.city.toshima.lg.jp/009/2004201422.html,区政情報,https://www.city.toshima.lg.jp/kuse/index.html,,23,関連確認,都市計画・用途地域
豊島区,district_plan,2,行政経営課（白書・報告書）,https://www.city.toshima.lg.jp/009/kuse/shisaku/shisaku/hakusho/gyose/index.html,区政情報,https://www.city.toshima.lg.jp/kuse/index.html,,23,関連確認,都市計画・用途地域
豊島区,district_plan,2,区長プロフィール,https://www.city.toshima.lg.jp/010/kuse/034432/000002.html,区政情報,https://www.city.toshima.lg.jp/kuse/index.html,,23,関連確認,都市計画・用途地域
豊島区,district_plan,2,豊島区について,https://www.city.toshima.lg.jp/011/kuse/gaiyo/profile/000781.html,区政情報,https://www.city.toshima.lg.jp/kuse/index.html,,23,関連確認,都市計画・用途地域
豊島区,district_plan,2,区政へのご意見・ご要望（入力フォーム）,https://www.city.toshima.lg.jp/011/kuse/iken/goiken/voice.html,区政情報,https://www.city.toshima.lg.jp/kuse/index.html,,23,関連確認,都市計画・用途地域
豊島区,district_plan,2,豊島区案内図,https://www.city.toshima.lg.jp/011/kuse/shisetsu/017605.html,区政情報,https://www.city.toshima.lg.jp/kuse/index.html,,23,関連確認,都市計画・用途地域
豊島区,district_plan,2,PAGE TOP,https://www.city.toshima.lg.jp/012/019535.html#tmp_header,検索方法,https://www.city.toshima.lg.jp/012/019535.html,,23,関連確認,都市計画・用途地域
豊島区,district_plan,2,PAGE TOP,https://www.city.toshima.lg.jp/012/idkensaku.html#tmp_header,ページID検索とは,https://www.city.toshima.lg.jp/012/idkensaku.html,,23,関連確認,都市計画・用途地域
豊島区,district_plan,2,区の歴史・年表,https://www.city.toshima.lg.jp/012/kuse/gaiyo/000782.html,区政情報,https://www.city.toshima.lg.jp/kuse/index.html,,23,関連確認,都市計画・用途地域
豊島区,district_plan,2,区政のあゆみ年表,https://www.city.toshima.lg.jp/012/kuse/gaiyo/nenpyo/index.html,区政情報,https://www.city.toshima.lg.jp/kuse/index.html,,23,関連確認,都市計画・用途地域
豊島区,district_plan,2,傍聴できる会議の開催予定,https://www.city.toshima.lg.jp/012/kuse/shingi/bocho/index.html,区政情報,https://www.city.toshima.lg.jp/kuse/index.html,,23,関連確認,都市計画・用途地域
豊島区,district_plan,2,子どもの声,https://www.city.toshima.lg.jp/016/kosodate/2306150920.html,区政情報,https://www.city.toshima.lg.jp/kuse/index.html,,23,関連確認,都市計画・用途地域
豊島区,district_plan,2,これまでの主な意見と回答および区民の声受付状況、広聴活動について,https://www.city.toshima.lg.jp/016/kuse/iken/goiken/iken.html,区政情報,https://www.city.toshima.lg.jp/kuse/index.html,,23,関連確認,都市計画・用途地域
豊島区,district_plan,2,豊島区への寄附のご案内,https://www.city.toshima.lg.jp/026/2103181501.html,区政情報,https://www.city.toshima.lg.jp/kuse/index.html,,23,関連確認,都市計画・用途地域
豊島区,district_plan,2,内部統制制度,https://www.city.toshima.lg.jp/026/2504041323.html,区政情報,https://www.city.toshima.lg.jp/kuse/index.html,,23,関連確認,都市計画・用途地域
豊島区,district_plan,2,人権,https://www.city.toshima.lg.jp/026/kuse/hewa/jinken/index.html,区政情報,https://www.city.toshima.lg.jp/kuse/index.html,,23,関連確認,都市計画・用途地域
豊島区,district_plan,2,行政情報公開・個人情報保護制度の実施状況,https://www.city.toshima.lg.jp/029/kuse/johohogo/000837.html,区政情報,https://www.city.toshima.lg.jp/kuse/index.html,,23,関連確認,都市計画・用途地域
豊島区,district_plan,2,行政情報コーナーのご案内,https://www.city.toshima.lg.jp/029/kuse/johohogo/000845.html,区政情報,https://www.city.toshima.lg.jp/kuse/index.html,,23,関連確認,都市計画・用途地域
豊島区,district_plan,2,有償刊行物一覧,https://www.city.toshima.lg.jp/029/kuse/kankobutsu/yusho/index.html,区政情報,https://www.city.toshima.lg.jp/kuse/index.html,,23,関連確認,都市計画・用途地域
豊島区,district_plan,2,公文書管理,https://www.city.toshima.lg.jp/030/documents/1909241400.html,区政情報,https://www.city.toshima.lg.jp/kuse/index.html,,23,関連確認,都市計画・用途地域
豊島区,district_plan,2,文書・フォルダ情報の掲載について,https://www.city.toshima.lg.jp/030/kuse/johohogo/020625.html,区政情報,https://www.city.toshima.lg.jp/kuse/index.html,,23,関連確認,都市計画・用途地域
豊島区,district_plan,2,よくある質問,https://www.city.toshima.lg.jp/031/2306211536.html,区政情報,https://www.city.toshima.lg.jp/kuse/index.html,,23,関連確認,都市計画・用途地域
豊島区,district_plan,2,待遇,https://www.city.toshima.lg.jp/031/kuse/jinji/012162/005105.html,区政情報,https://www.city.toshima.lg.jp/kuse/index.html,,23,関連確認,都市計画・用途地域
豊島区,district_plan,2,人事課（白書・報告書）,https://www.city.toshima.lg.jp/031/kuse/shisaku/shisaku/hakusho/001380.html,区政情報,https://www.city.toshima.lg.jp/kuse/index.html,,23,関連確認,都市計画・用途地域
豊島区,district_plan,2,福利厚生,https://www.city.toshima.lg.jp/032/kuse/jinji/012162/005102.html,区政情報,https://www.city.toshima.lg.jp/kuse/index.html,,23,関連確認,都市計画・用途地域
豊島区,district_plan,2,契約関係各種様式等,https://www.city.toshima.lg.jp/039/kuse/nyusatsu/002617.html,区政情報,https://www.city.toshima.lg.jp/kuse/index.html,,23,関連確認,都市計画・用途地域
豊島区,district_plan,2,要綱・要領等,https://www.city.toshima.lg.jp/039/kuse/nyusatsu/002632.html,区政情報,https://www.city.toshima.lg.jp/kuse/index.html,,23,関連確認,都市計画・用途地域
豊島区,district_plan,2,契約約款・請書等,https://www.city.toshima.lg.jp/039/kuse/nyusatsu/026105.html,区政情報,https://www.city.toshima.lg.jp/kuse/index.html,,23,関連確認,都市計画・用途地域
豊島区,district_plan,2,豊島区公契約条例について,https://www.city.toshima.lg.jp/039/kuse/nyusatsu/koukeiyaku/2512241745.html,区政情報,https://www.city.toshima.lg.jp/kuse/index.html,,23,関連確認,都市計画・用途地域
豊島区,district_plan,2,「警戒レベル」を用いた避難指示等の発令について,https://www.city.toshima.lg.jp/042/bosai/taisaku/1907051616.html,防災関連SNS,https://www.city.toshima.lg.jp/042/bosai/taisaku/bosaijoho/032031.html,,23,関連確認,都市計画・用途地域
豊島区,district_plan,2,事前の備え,https://www.city.toshima.lg.jp/042/bosai/taisaku/2303011601.html,防災・安全,https://www.city.toshima.lg.jp/bosai/index.html,,23,関連確認,都市計画・用途地域
豊島区,district_plan,2,発災時の避難,https://www.city.toshima.lg.jp/042/bosai/taisaku/2303011607.html,防災・安全,https://www.city.toshima.lg.jp/bosai/index.html,,23,関連確認,都市計画・用途地域
豊島区,district_plan,2,災害の被害に遭われた方へ,https://www.city.toshima.lg.jp/042/bosai/taisaku/2303011608.html,防災・安全,https://www.city.toshima.lg.jp/bosai/index.html,,23,関連確認,都市計画・用途地域
豊島区,district_plan,2,防災に関するおしらせ,https://www.city.toshima.lg.jp/042/bosai/taisaku/2303011615.html,防災・安全,https://www.city.toshima.lg.jp/bosai/index.html,,23,関連確認,都市計画・用途地域
豊島区,district_plan,2,防災リンク集,https://www.city.toshima.lg.jp/042/bosai/taisaku/2303011622.html,防災・安全,https://www.city.toshima.lg.jp/bosai/index.html,,23,関連確認,都市計画・用途地域
豊島区,district_plan,2,各種防災マップ,https://www.city.toshima.lg.jp/042/bosai/taisaku/2303011624.html,防災・安全,https://www.city.toshima.lg.jp/bosai/index.html,,23,関連確認,都市計画・用途地域
豊島区,district_plan,2,災害時の情報収集,https://www.city.toshima.lg.jp/042/bosai/taisaku/2303011626.html,防災関連SNS,https://www.city.toshima.lg.jp/042/bosai/taisaku/bosaijoho/032031.html,,23,関連確認,都市計画・用途地域
豊島区,district_plan,2,緊急地震速報とは,https://www.city.toshima.lg.jp/042/bosai/taisaku/bosaijoho/004999/index.html,防災関連SNS,https://www.city.toshima.lg.jp/042/bosai/taisaku/bosaijoho/032031.html,,23,関連確認,都市計画・用途地域
豊島区,district_plan,2,PAGE TOP,https://www.city.toshima.lg.jp/042/bosai/taisaku/bosaijoho/032031.html#tmp_header,防災関連SNS,https://www.city.toshima.lg.jp/042/bosai/taisaku/bosaijoho/032031.html,,23,関連確認,都市計画・用途地域
豊島区,district_plan,2,防災課,https://www.city.toshima.lg.jp/042/kuse/soshiki/somu/006520.html,防災関連SNS,https://www.city.toshima.lg.jp/042/bosai/taisaku/bosaijoho/032031.html,,23,関連確認,都市計画・用途地域
豊島区,district_plan,2,救援センターの開設・運営,https://www.city.toshima.lg.jp/044/bosai/bousaijigyou/2303171433.html,防災・安全,https://www.city.toshima.lg.jp/bosai/index.html,,23,関連確認,都市計画・用途地域
豊島区,district_plan,2,救援センター開設標準マニュアル,https://www.city.toshima.lg.jp/044/bosai/bousaijigyou/documents/2202091026.html,防災・安全,https://www.city.toshima.lg.jp/bosai/index.html,,23,関連確認,都市計画・用途地域
豊島区,district_plan,2,救援センター開設キット,https://www.city.toshima.lg.jp/044/bosai/bousaijigyou/documents/documents/2202160804.html,防災・安全,https://www.city.toshima.lg.jp/bosai/index.html,,23,関連確認,都市計画・用途地域
豊島区,district_plan,2,公益通報者保護制度,https://www.city.toshima.lg.jp/046/1903051438.html,防災・安全,https://www.city.toshima.lg.jp/bosai/index.html,,23,関連確認,都市計画・用途地域
豊島区,district_plan,2,全国瞬時警報システム(Jアラート)における全国一斉情報伝達訓練,https://www.city.toshima.lg.jp/046/2008111617.html,防災・安全,https://www.city.toshima.lg.jp/bosai/index.html,,23,関連確認,都市計画・用途地域
豊島区,district_plan,2,AEDマップ,https://www.city.toshima.lg.jp/046/2306021038.html,防災・安全,https://www.city.toshima.lg.jp/bosai/index.html,,23,関連確認,都市計画・用途地域
豊島区,district_plan,2,セーフコミュニティについて,https://www.city.toshima.lg.jp/046/bosai/026636/018127.html,防災・安全,https://www.city.toshima.lg.jp/bosai/index.html,,23,関連確認,都市計画・用途地域
豊島区,district_plan,2,セーフコミュニティ年間活動レポート,https://www.city.toshima.lg.jp/046/bosai/026636/annual-report/2203011355.html,防災・安全,https://www.city.toshima.lg.jp/bosai/index.html,,23,関連確認,都市計画・用途地域
豊島区,district_plan,2,Manga presenting Toshima City - A safe community,https://www.city.toshima.lg.jp/046/bosai/026636/en-safe-community/index.html,防災・安全,https://www.city.toshima.lg.jp/bosai/index.html,,23,関連確認,都市計画・用途地域
豊島区,district_plan,2,まんがでわかるセーフコミュニティとしま,https://www.city.toshima.lg.jp/046/bosai/026636/safe-community/index.html,防災・安全,https://www.city.toshima.lg.jp/bosai/index.html,,23,関連確認,都市計画・用途地域
豊島区,district_plan,2,重点課題に対応する対策委員会,https://www.city.toshima.lg.jp/046/bosai/026636/suishin/021691/index.html,防災・安全,https://www.city.toshima.lg.jp/bosai/index.html,,23,関連確認,都市計画・用途地域
豊島区,district_plan,2,外傷サーベイランス委員会,https://www.city.toshima.lg.jp/046/bosai/026636/suishin/022056/1607201506.html,防災・安全,https://www.city.toshima.lg.jp/bosai/index.html,,23,関連確認,都市計画・用途地域
豊島区,district_plan,2,豊島区セーフコミュニティ推進協議会,https://www.city.toshima.lg.jp/046/bosai/026636/suishin/022056/index.html,防災・安全,https://www.city.toshima.lg.jp/bosai/index.html,,23,関連確認,都市計画・用途地域
豊島区,district_plan,2,弾道ミサイル落下時の行動について,https://www.city.toshima.lg.jp/046/bosai/1704211413.html,防災・安全,https://www.city.toshima.lg.jp/bosai/index.html,,23,関連確認,都市計画・用途地域
豊島区,district_plan,2,豊島区安全・安心メールについて,https://www.city.toshima.lg.jp/046/bosai/anzen/003876.html,緊急情報一覧,https://www.city.toshima.lg.jp/kinkyu/index.html,,23,関連確認,都市計画・用途地域
豊島区,district_plan,2,24時間使用可能なAEDの設置推進,https://www.city.toshima.lg.jp/046/bosai/anzen/aed2018.html,防災・安全,https://www.city.toshima.lg.jp/bosai/index.html,,23,関連確認,都市計画・用途地域
豊島区,district_plan,2,救命知識,https://www.city.toshima.lg.jp/046/bosai/anzen/torikumi/003838.html,防災・安全,https://www.city.toshima.lg.jp/bosai/index.html,,23,関連確認,都市計画・用途地域
豊島区,district_plan,2,危機管理・国民保護,https://www.city.toshima.lg.jp/046/bosai/kikikanri/2303061644.html,防災・安全,https://www.city.toshima.lg.jp/bosai/index.html,,23,関連確認,都市計画・用途地域
豊島区,district_plan,2,女性に配慮したAEDの使用について,https://www.city.toshima.lg.jp/046/bosai/kikikanri/2401291633.html,防災・安全,https://www.city.toshima.lg.jp/bosai/index.html,,23,関連確認,都市計画・用途地域
豊島区,district_plan,2,豊島区放射性物質対策ガイドラインの策定について,https://www.city.toshima.lg.jp/046/bosai/taisaku/bosaijoho/higashinihon/hoshasen/025165.html,防災・安全,https://www.city.toshima.lg.jp/bosai/index.html,,23,関連確認,都市計画・用途地域
豊島区,district_plan,2,男女平等推進センター（白書・報告書）,https://www.city.toshima.lg.jp/049/kuse/shisaku/shisaku/hakusho/008318.html,区政情報,https://www.city.toshima.lg.jp/kuse/index.html,,23,関連確認,都市計画・用途地域
豊島区,district_plan,2,総務課（白書・報告書）,https://www.city.toshima.lg.jp/063/kuse/shisaku/shisaku/hakusho/013877/index.html,区政情報,https://www.city.toshima.lg.jp/kuse/index.html,,23,関連確認,都市計画・用途地域
豊島区,district_plan,2,ふるさと千川館,https://www.city.toshima.lg.jp/069/kurashi/kuminkatsudo/007314/003516/furusatosenkawa.html,暮らし・地域,https://www.city.toshima.lg.jp/kurashi/index.html,,23,関連確認,都市計画・用途地域
豊島区,district_plan,2,区民集会室について,https://www.city.toshima.lg.jp/069/kurashi/kuminkatsudo/007314/003516/index.html,暮らし・地域,https://www.city.toshima.lg.jp/kurashi/index.html,,23,関連確認,都市計画・用途地域
豊島区,district_plan,2,町会・自治会の活動紹介,https://www.city.toshima.lg.jp/069/kurashi/tyokai/ibennto/2407090958.html,暮らし・地域,https://www.city.toshima.lg.jp/kurashi/index.html,,23,関連確認,都市計画・用途地域
豊島区,district_plan,2,中高層集合住宅建築物の建築をする事業者の皆様へ,https://www.city.toshima.lg.jp/069/kurashi/tyokai/jizennkyogi/2402221416.html,暮らし・地域,https://www.city.toshima.lg.jp/kurashi/index.html,,23,関連確認,都市計画・用途地域
豊島区,district_plan,2,回覧チラシ・ポスターの電子データ,https://www.city.toshima.lg.jp/069/kurashi/tyokai/kairankeiji/2402091042.html,暮らし・地域,https://www.city.toshima.lg.jp/kurashi/index.html,,23,関連確認,都市計画・用途地域
豊島区,district_plan,2,町会・自治会について,https://www.city.toshima.lg.jp/069/kurashi/tyokai/katsudou/index.html,暮らし・地域,https://www.city.toshima.lg.jp/kurashi/index.html,,23,関連確認,都市計画・用途地域
豊島区,district_plan,2,人口・統計,https://www.city.toshima.lg.jp/070/kuse/gaiyo/jinko/index.html,区政情報,https://www.city.toshima.lg.jp/kuse/index.html,,23,関連確認,都市計画・用途地域
豊島区,district_plan,2,区民活動推進課（白書・報告書）,https://www.city.toshima.lg.jp/071/kuse/shisaku/shisaku/hakusho/001378.html,区政情報,https://www.city.toshima.lg.jp/kuse/index.html,,23,関連確認,都市計画・用途地域
豊島区,district_plan,2,区民ひろばの集会室（夜間貸室）,https://www.city.toshima.lg.jp/072/kurashi/kuminkatsudo/index.html,暮らし・地域,https://www.city.toshima.lg.jp/kurashi/index.html,,23,関連確認,都市計画・用途地域
豊島区,district_plan,2,休日窓口のご案内,https://www.city.toshima.lg.jp/096/kuse/shisetsu/madoguchi/yakanmadoguchi.html,区政情報,https://www.city.toshima.lg.jp/kuse/index.html,,23,関連確認,都市計画・用途地域
豊島区,district_plan,2,住居表示の届出,https://www.city.toshima.lg.jp/096/tetsuzuki/todokede/kiroku/000337.html,手続き・届出,https://www.city.toshima.lg.jp/tetsuzuki/index.html,,23,関連確認,都市計画・用途地域
豊島区,district_plan,2,住所や世帯を変更したときの届出（転入届・転出届など）,https://www.city.toshima.lg.jp/096/tetsuzuki/todokede/kiroku/index.html,手続き・届出,https://www.city.toshima.lg.jp/tetsuzuki/index.html,,23,関連確認,都市計画・用途地域
豊島区,district_plan,2,住民税,https://www.city.toshima.lg.jp/100/1812110959.html,手続き・届出,https://www.city.toshima.lg.jp/tetsuzuki/index.html,,23,関連確認,都市計画・用途地域
豊島区,district_plan,2,税に関するデータ,https://www.city.toshima.lg.jp/100/tetsuzuki/ze/002827.html,手続き・届出,https://www.city.toshima.lg.jp/tetsuzuki/index.html,,23,関連確認,都市計画・用途地域
豊島区,district_plan,2,税証明書について,https://www.city.toshima.lg.jp/100/tetsuzuki/ze/002957.html,手続き・届出,https://www.city.toshima.lg.jp/tetsuzuki/index.html,,23,関連確認,都市計画・用途地域
豊島区,district_plan,2,その他の税（区たばこ税・入湯税・狭小住戸集合住宅税）,https://www.city.toshima.lg.jp/100/tetsuzuki/ze/1502171543.html,手続き・届出,https://www.city.toshima.lg.jp/tetsuzuki/index.html,,23,関連確認,都市計画・用途地域
豊島区,district_plan,2,税関係窓口案内,https://www.city.toshima.lg.jp/100/tetsuzuki/ze/mado/index.html,手続き・届出,https://www.city.toshima.lg.jp/tetsuzuki/index.html,,23,関連確認,都市計画・用途地域
豊島区,district_plan,2,としま産業振興プラザ（IKE・Biz）,https://www.city.toshima.lg.jp/121/machizukuri/sangyo/005132.html,まちづくり・環境・産業,https://www.city.toshima.lg.jp/machizukuri/index.html,,23,関連確認,都市計画・用途地域
豊島区,district_plan,2,中小企業の福利厚生制度,https://www.city.toshima.lg.jp/121/machizukuri/shushoku/shien/004106.html,まちづくり・環境・産業,https://www.city.toshima.lg.jp/machizukuri/index.html,,23,関連確認,都市計画・用途地域
豊島区,district_plan,2,文化企画課（白書・報告書）,https://www.city.toshima.lg.jp/125/kuse/shisaku/shisaku/hakusho/index.html,区政情報,https://www.city.toshima.lg.jp/kuse/index.html,,23,関連確認,都市計画・用途地域
豊島区,district_plan,2,区立資料館・美術館など,https://www.city.toshima.lg.jp/129/2506091116.html,文化・スポーツ,https://www.city.toshima.lg.jp/bunka/index.html,,23,関連確認,都市計画・用途地域
豊島区,district_plan,2,IKEBUS City Guideツアー,https://www.city.toshima.lg.jp/130/2010281822.html,としまの魅力,https://www.city.toshima.lg.jp/miryoku/index.html,,23,関連確認,都市計画・用途地域
豊島区,district_plan,2,その他お役立ち情報,https://www.city.toshima.lg.jp/130/bunka/kanko/kikaku/2308021351.html,文化・スポーツ,https://www.city.toshima.lg.jp/bunka/index.html,,23,関連確認,都市計画・用途地域
豊島区,district_plan,2,豊島区観光協会「としま観光みやげ」決定！！,https://www.city.toshima.lg.jp/132/2506050933.html,文化・スポーツ,https://www.city.toshima.lg.jp/bunka/index.html,,23,関連確認,都市計画・用途地域
豊島区,district_plan,2,,https://www.city.toshima.lg.jp/132/bunka/kanko/006993/009354.html,としまの魅力,https://www.city.toshima.lg.jp/miryoku/index.html,,23,関連確認,都市計画・用途地域
豊島区,district_plan,2,豊島区の観光・事業,https://www.city.toshima.lg.jp/132/bunka/kanko/moyoshi/index.html,文化・スポーツ,https://www.city.toshima.lg.jp/bunka/index.html,,23,関連確認,都市計画・用途地域
豊島区,district_plan,2,生涯学習保育者の利用方法,https://www.city.toshima.lg.jp/134/bunka/shogai/002037/002034.html,文化・スポーツ,https://www.city.toshima.lg.jp/bunka/index.html,,23,関連確認,都市計画・用途地域
豊島区,district_plan,2,地域文化創造館利用団体（生涯学習サークル）の紹介,https://www.city.toshima.lg.jp/134/bunka/shogai/009982/2201241430.html,文化・スポーツ,https://www.city.toshima.lg.jp/bunka/index.html,,23,関連確認,都市計画・用途地域
豊島区,district_plan,2,地域文化創造館,https://www.city.toshima.lg.jp/134/bunka/shogai/009982/index.html,文化・スポーツ,https://www.city.toshima.lg.jp/bunka/index.html,,23,関連確認,都市計画・用途地域
豊島区,district_plan,2,日本語教室,https://www.city.toshima.lg.jp/134/bunka/shogai/gakushu/003345.html,文化・スポーツ,https://www.city.toshima.lg.jp/bunka/index.html,,23,関連確認,都市計画・用途地域
豊島区,district_plan,2,東京ヴェルディ連携協定の締結,https://www.city.toshima.lg.jp/136/2509221012.html,文化・スポーツ,https://www.city.toshima.lg.jp/bunka/index.html,,23,関連確認,都市計画・用途地域
豊島区,district_plan,2,図書館課（白書・報告書）,https://www.city.toshima.lg.jp/141/1504031302.html,区政情報,https://www.city.toshima.lg.jp/kuse/index.html,,23,関連確認,都市計画・用途地域
豊島区,district_plan,2,環境政策課（白書・報告書）,https://www.city.toshima.lg.jp/147/kuse/shisaku/shisaku/hakusho/kankyo.html,区政情報,https://www.city.toshima.lg.jp/kuse/index.html,,23,関連確認,都市計画・用途地域
豊島区,district_plan,2,生物多様性,https://www.city.toshima.lg.jp/148/1503251436.html,まちづくり・環境・産業,https://www.city.toshima.lg.jp/machizukuri/index.html,,23,関連確認,都市計画・用途地域
豊島区,district_plan,2,交流都市との連携による「としまの森」づくり（カーボン・オフセット事業）,https://www.city.toshima.lg.jp/148/2110191628.html,まちづくり・環境・産業,https://www.city.toshima.lg.jp/machizukuri/index.html,,23,関連確認,都市計画・用途地域
豊島区,district_plan,2,省エネルギーの推進,https://www.city.toshima.lg.jp/149/2107200853.html,まちづくり・環境・産業,https://www.city.toshima.lg.jp/machizukuri/index.html,,23,関連確認,都市計画・用途地域
豊島区,district_plan,2,3Rや食品ロス削減の取り組み・資料,https://www.city.toshima.lg.jp/150/2311271039.html,暮らし・地域,https://www.city.toshima.lg.jp/kurashi/index.html,,23,関連確認,都市計画・用途地域
豊島区,district_plan,2,資源・ごみ パンフレット,https://www.city.toshima.lg.jp/150/kurashi/gomi/shigen/013329.html,暮らし・地域,https://www.city.toshima.lg.jp/kurashi/index.html,,23,関連確認,都市計画・用途地域
豊島区,district_plan,2,トピックス,https://www.city.toshima.lg.jp/151/2311271026.html,暮らし・地域,https://www.city.toshima.lg.jp/kurashi/index.html,,23,関連確認,都市計画・用途地域
豊島区,district_plan,2,乾電池・リチウムイオン電池の分別と出し方,https://www.city.toshima.lg.jp/151/2604161617.html,暮らし・地域,https://www.city.toshima.lg.jp/kurashi/index.html,,23,関連確認,都市計画・用途地域
豊島区,district_plan,2,ごみ減量推進課（白書・報告書）,https://www.city.toshima.lg.jp/151/kuse/shisaku/shisaku/hakusho/001376.html,区政情報,https://www.city.toshima.lg.jp/kuse/index.html,,23,関連確認,都市計画・用途地域
豊島区,district_plan,2,事業所からでる資源・ごみ,https://www.city.toshima.lg.jp/155/2311271035.html,暮らし・地域,https://www.city.toshima.lg.jp/kurashi/index.html,,23,関連確認,都市計画・用途地域
豊島区,district_plan,2,高齢者向け情報冊子,https://www.city.toshima.lg.jp/166/2511131645.html,健康・医療・福祉,https://www.city.toshima.lg.jp/kenko/index.html,,23,関連確認,都市計画・用途地域
豊島区,district_plan,2,障害者福祉のしおり,https://www.city.toshima.lg.jp/171/2008251447.html,健康・医療・福祉,https://www.city.toshima.lg.jp/kenko/index.html,,23,関連確認,都市計画・用途地域
豊島区,district_plan,2,健康トピックス,https://www.city.toshima.lg.jp/208/kenko/kenko/1803150909.html,健康・医療・福祉,https://www.city.toshima.lg.jp/kenko/index.html,,23,関連確認,都市計画・用途地域
豊島区,district_plan,2,保健事業実績,https://www.city.toshima.lg.jp/208/kenko/kenko/1803150959.html,健康・医療・福祉,https://www.city.toshima.lg.jp/kenko/index.html,,23,関連確認,都市計画・用途地域
豊島区,district_plan,2,PAGE TOP,https://www.city.toshima.lg.jp/208/kenko/kenko/251101.html#tmp_header,【池袋保健所移転】豊島区保健所が開所しました,https://www.city.toshima.lg.jp/208/kenko/kenko/251101.html,,23,関連確認,都市計画・用途地域
豊島区,district_plan,2,地域保健課（報告書）,https://www.city.toshima.lg.jp/208/kuse/shisaku/shisaku/hakusho/chiiki/index.html,区政情報,https://www.city.toshima.lg.jp/kuse/index.html,,23,関連確認,都市計画・用途地域
豊島区,district_plan,2,地域保健課管理グループ,https://www.city.toshima.lg.jp/208/kuse/soshiki/ikebukuro/013245.html,【池袋保健所移転】豊島区保健所が開所しました,https://www.city.toshima.lg.jp/208/kenko/kenko/251101.html,,23,関連確認,都市計画・用途地域
豊島区,district_plan,2,飼い犬に狂犬病予防注射をしましょう,https://www.city.toshima.lg.jp/212/2501060958.html,暮らし・地域,https://www.city.toshima.lg.jp/kurashi/index.html,,23,関連確認,都市計画・用途地域
豊島区,district_plan,2,健康づくり,https://www.city.toshima.lg.jp/220/1803201421.html,健康・医療・福祉,https://www.city.toshima.lg.jp/kenko/index.html,,23,関連確認,都市計画・用途地域
豊島区,district_plan,2,子ども若者課（白書・報告書）,https://www.city.toshima.lg.jp/229/kuse/shisaku/shisaku/hakusho/kodomo/2106111055.html,区政情報,https://www.city.toshima.lg.jp/kuse/index.html,,23,関連確認,都市計画・用途地域
豊島区,district_plan,2,保育園の在園・退園に関すること,https://www.city.toshima.lg.jp/260/1809211433.html,子育て・教育,https://www.city.toshima.lg.jp/kosodate/index.html,,23,関連確認,都市計画・用途地域
豊島区,district_plan,2,地域型保育事業,https://www.city.toshima.lg.jp/262/kosodate/kosodate/hoikuen/033636.html,子育て・教育,https://www.city.toshima.lg.jp/kosodate/index.html,,23,関連確認,都市計画・用途地域
豊島区,district_plan,2,保育運営事業者の方へ,https://www.city.toshima.lg.jp/269/1809211511.html,子育て・教育,https://www.city.toshima.lg.jp/kosodate/index.html,,23,関連確認,都市計画・用途地域
豊島区,district_plan,2,都市計画課（白書・報告書）,https://www.city.toshima.lg.jp/294/machizukuri/toshikekaku/shisaku/1607051405.html,区政情報,https://www.city.toshima.lg.jp/kuse/index.html,,23,関連確認,都市計画・用途地域
豊島区,district_plan,2,地価公示価格,https://www.city.toshima.lg.jp/294/machizukuri/toshikekaku/shisaku/tochiriyo/006325.html,まちづくり・環境・産業,https://www.city.toshima.lg.jp/machizukuri/index.html,,23,関連確認,都市計画・用途地域
豊島区,district_plan,2,まちづくり関連の計画・方針類に関すること,https://www.city.toshima.lg.jp/294/machizukuri/toshikekaku/toshikekaku/1610110906.html,まちづくり・環境・産業,https://www.city.toshima.lg.jp/machizukuri/index.html,,23,関連確認,都市計画・用途地域
豊島区,district_plan,2,国土法に基づく土地売買等の届出制度,https://www.city.toshima.lg.jp/296/machizukuri/toshikekaku/shisaku/tochiriyo/1502200850.html,まちづくり・環境・産業,https://www.city.toshima.lg.jp/machizukuri/index.html,,23,関連確認,都市計画・用途地域
豊島区,district_plan,2,会計課（白書・報告書）,https://www.city.toshima.lg.jp/342/kaikei/hakusyo.html,区政情報,https://www.city.toshima.lg.jp/kuse/index.html,,23,関連確認,都市計画・用途地域
豊島区,district_plan,2,教育長の日記,https://www.city.toshima.lg.jp/347/documents/2505070916.html,子育て・教育,https://www.city.toshima.lg.jp/kosodate/index.html,,23,関連確認,都市計画・用途地域
豊島区,district_plan,2,教育委員会,https://www.city.toshima.lg.jp/347/kosodate/inkai/iinkai/1506301146.html,子育て・教育,https://www.city.toshima.lg.jp/kosodate/index.html,,23,関連確認,都市計画・用途地域
豊島区,district_plan,2,としまの教育,https://www.city.toshima.lg.jp/347/kosodate/inkai/index.html,子育て・教育,https://www.city.toshima.lg.jp/kosodate/index.html,,23,関連確認,都市計画・用途地域
豊島区,district_plan,2,教育計画,https://www.city.toshima.lg.jp/347/kosodate/inkai/vision/index.html,子育て・教育,https://www.city.toshima.lg.jp/kosodate/index.html,,23,関連確認,都市計画・用途地域
豊島区,district_plan,2,豊島区教育大綱,https://www.city.toshima.lg.jp/351/kosodate/inkai/vision/taiko/2506031548.html,子育て・教育,https://www.city.toshima.lg.jp/kosodate/index.html,,23,関連確認,都市計画・用途地域
豊島区,district_plan,2,冊子「学校案内」,https://www.city.toshima.lg.jp/353/kosodate/gakko/sho-chu/documents/1507151410.html,子育て・教育,https://www.city.toshima.lg.jp/kosodate/index.html,,23,関連確認,都市計画・用途地域
豊島区,district_plan,2,学校案内,https://www.city.toshima.lg.jp/353/kosodate/inkai/gakko/index.html,子育て・教育,https://www.city.toshima.lg.jp/kosodate/index.html,,23,関連確認,都市計画・用途地域
豊島区,district_plan,2,教育センター,https://www.city.toshima.lg.jp/359/kosodate/inkai/sennta/1506301312.html,子育て・教育,https://www.city.toshima.lg.jp/kosodate/index.html,,23,関連確認,都市計画・用途地域
豊島区,district_plan,2,選挙運動費用収支報告書の様式について,https://www.city.toshima.lg.jp/361/1901151126.html,区政情報,https://www.city.toshima.lg.jp/kuse/index.html,,23,関連確認,都市計画・用途地域
豊島区,district_plan,2,選挙人名簿登録者数,https://www.city.toshima.lg.jp/361/2009071448.html,区政情報,https://www.city.toshima.lg.jp/kuse/index.html,,23,関連確認,都市計画・用途地域
豊島区,district_plan,2,裁判員制度・検察審査会制度,https://www.city.toshima.lg.jp/361/2509021421.html,区政情報,https://www.city.toshima.lg.jp/kuse/index.html,,23,関連確認,都市計画・用途地域
豊島区,district_plan,2,衆議院議員選挙特集ページ（令和8年2月8日執行）,https://www.city.toshima.lg.jp/361/2601161957.html,区政情報,https://www.city.toshima.lg.jp/kuse/index.html,,23,関連確認,都市計画・用途地域
豊島区,district_plan,2,期日前投票所における投票用紙の交付ミスについて,https://www.city.toshima.lg.jp/361/2602041400.html,区政情報,https://www.city.toshima.lg.jp/kuse/index.html,,23,関連確認,都市計画・用途地域
豊島区,district_plan,2,選挙管理委員会,https://www.city.toshima.lg.jp/361/kuse/senkyo/004083.html,区政情報,https://www.city.toshima.lg.jp/kuse/index.html,,23,関連確認,都市計画・用途地域
豊島区,district_plan,2,衆議院小選挙区の区割り変更について（令和4年11月より）,https://www.city.toshima.lg.jp/361/kuse/senkyo/1707041113.html,区政情報,https://www.city.toshima.lg.jp/kuse/index.html,,23,関連確認,都市計画・用途地域
豊島区,district_plan,2,会議録（選挙管理委員会）,https://www.city.toshima.lg.jp/361/kuse/senkyo/kako/documents/2005261246.html,区政情報,https://www.city.toshima.lg.jp/kuse/index.html,,23,関連確認,都市計画・用途地域
豊島区,district_plan,2,在外投票,https://www.city.toshima.lg.jp/361/kuse/senkyo/sedo/004082.html,区政情報,https://www.city.toshima.lg.jp/kuse/index.html,,23,関連確認,都市計画・用途地域
豊島区,district_plan,2,高齢のかた、障害のあるかたへ,https://www.city.toshima.lg.jp/361/kuse/senkyo/sedo/1608161356.html,区政情報,https://www.city.toshima.lg.jp/kuse/index.html,,23,関連確認,都市計画・用途地域
豊島区,district_plan,2,郵便等による投票,https://www.city.toshima.lg.jp/361/kuse/senkyo/sedo/1703291033.html,区政情報,https://www.city.toshima.lg.jp/kuse/index.html,,23,関連確認,都市計画・用途地域
豊島区,district_plan,2,豊島区民でない方が、豊島区で滞在地投票を行う場合,https://www.city.toshima.lg.jp/361/kuse/senkyo/sedo/1810181416.html,区政情報,https://www.city.toshima.lg.jp/kuse/index.html,,23,関連確認,都市計画・用途地域
豊島区,district_plan,2,滞在先での投票,https://www.city.toshima.lg.jp/361/kuse/senkyo/sedo/1811051430.html,区政情報,https://www.city.toshima.lg.jp/kuse/index.html,,23,関連確認,都市計画・用途地域
豊島区,district_plan,2,選挙物品の貸出について,https://www.city.toshima.lg.jp/361/senkyo/2512161355.html,区政情報,https://www.city.toshima.lg.jp/kuse/index.html,,23,関連確認,都市計画・用途地域
豊島区,district_plan,2,当日投票所案内,https://www.city.toshima.lg.jp/361/senkyo/tohyojo/index.html,区政情報,https://www.city.toshima.lg.jp/kuse/index.html,,23,関連確認,都市計画・用途地域
豊島区,district_plan,2,監査,https://www.city.toshima.lg.jp/362/kuse/kansa/gaiyo/002985.html,区政情報,https://www.city.toshima.lg.jp/kuse/index.html,,23,関連確認,都市計画・用途地域
豊島区,district_plan,2,監査の結果（一覧）,https://www.city.toshima.lg.jp/362/kuse/kansa/kekka/002986.html,区政情報,https://www.city.toshima.lg.jp/kuse/index.html,,23,関連確認,都市計画・用途地域
豊島区,district_plan,2,住民監査請求,https://www.city.toshima.lg.jp/362/kuse/kansa/sekyu/002990.html,区政情報,https://www.city.toshima.lg.jp/kuse/index.html,,23,関連確認,都市計画・用途地域
豊島区,district_plan,2,指定管理者制度,https://www.city.toshima.lg.jp/416/kuse/shisaku/001580.html,区政情報,https://www.city.toshima.lg.jp/kuse/index.html,,23,関連確認,都市計画・用途地域
豊島区,district_plan,2,外郭団体経営評価,https://www.city.toshima.lg.jp/416/kuse/shisaku/gaikaku/2303201621.html,区政情報,https://www.city.toshima.lg.jp/kuse/index.html,,23,関連確認,都市計画・用途地域
豊島区,district_plan,2,,https://www.city.toshima.lg.jp/417/1904051503.html,外国人のための 生活インフォメーション DAILY LIFE INFORMATION,https://www.city.toshima.lg.jp/info/index.html,,23,関連確認,都市計画・用途地域
豊島区,district_plan,2,「BanG Dream! It's MyGO!!!!!」デザインマンホール蓋を設置します！,https://www.city.toshima.lg.jp/424/2602191600.html,としまの魅力,https://www.city.toshima.lg.jp/miryoku/index.html,,23,関連確認,都市計画・用途地域
豊島区,district_plan,2,バイク駐車場について,https://www.city.toshima.lg.jp/434/machizukuri/kotsu/churinjo/2605011407.html,暮らし・地域,https://www.city.toshima.lg.jp/kurashi/index.html,,23,関連確認,都市計画・用途地域
豊島区,district_plan,2,基金管理・運用,https://www.city.toshima.lg.jp/455/kuse/shisaku/1710120937.html,区政情報,https://www.city.toshima.lg.jp/kuse/index.html,,23,関連確認,都市計画・用途地域
豊島区,district_plan,2,学校開放,https://www.city.toshima.lg.jp/458/kurashi/kuminkatsudo/gakkokaiho/index.html,暮らし・地域,https://www.city.toshima.lg.jp/kurashi/index.html,,23,関連確認,都市計画・用途地域
豊島区,district_plan,2,紫雲荘202号室特別公開～赤塚不二夫が仕事場として借りた部屋～,https://www.city.toshima.lg.jp/467/2604231408.html,としまの魅力,https://www.city.toshima.lg.jp/miryoku/index.html,,23,関連確認,都市計画・用途地域
豊島区,district_plan,2,トキワ荘通り昭和レトロ館企画展「あの頃のあそびとぼくらの時間」,https://www.city.toshima.lg.jp/499/2603241303.html,としまの魅力,https://www.city.toshima.lg.jp/miryoku/index.html,,23,関連確認,都市計画・用途地域
豊島区,district_plan,2,スマートウォッチの使用について,https://www.city.toshima.lg.jp/501/sports/2311210925.html,文化・スポーツ,https://www.city.toshima.lg.jp/bunka/index.html,,23,関連確認,都市計画・用途地域
豊島区,district_plan,2,豊島区ホームタウン連携協定の締結,https://www.city.toshima.lg.jp/536/2508141110.html,文化・スポーツ,https://www.city.toshima.lg.jp/bunka/index.html,,23,関連確認,都市計画・用途地域
豊島区,district_plan,2,豊島区ホームタウンチームについて,https://www.city.toshima.lg.jp/536/2508141138.html,文化・スポーツ,https://www.city.toshima.lg.jp/bunka/index.html,,23,関連確認,都市計画・用途地域
豊島区,district_plan,2,返礼品を活用したふるさと納税の寄附について,https://www.city.toshima.lg.jp/540/2311291428.html,まちづくり・環境・産業,https://www.city.toshima.lg.jp/machizukuri/index.html,,23,関連確認,都市計画・用途地域
豊島区,district_plan,2,災害医療について,https://www.city.toshima.lg.jp/563/kenko/kenko/1803150950.html,健康・医療・福祉,https://www.city.toshima.lg.jp/kenko/index.html,,23,関連確認,都市計画・用途地域
豊島区,district_plan,2,予防接種全般,https://www.city.toshima.lg.jp/564/1803141001.html,健康・医療・福祉,https://www.city.toshima.lg.jp/kenko/index.html,,23,関連確認,都市計画・用途地域
豊島区,district_plan,2,トシマの魅力をプチっと発信「プチあがるトシマ」公開中！,https://www.city.toshima.lg.jp/573/2601081739.html,としまの魅力,https://www.city.toshima.lg.jp/miryoku/index.html,,23,関連確認,都市計画・用途地域
豊島区,district_plan,2,帰宅困難者対策,https://www.city.toshima.lg.jp/578/bosai/taisaku/2303011620.html,防災・安全,https://www.city.toshima.lg.jp/bosai/index.html,,23,関連確認,都市計画・用途地域
豊島区,district_plan,2,産業振興課（白書・報告書）,https://www.city.toshima.lg.jp/582/kuse/shisaku/shisaku/kekaku/2311080948.html,区政情報,https://www.city.toshima.lg.jp/kuse/index.html,,23,関連確認,都市計画・用途地域
豊島区,district_plan,2,豊島区の伝統工芸,https://www.city.toshima.lg.jp/582/machizukuri/sangyo/dentokoge/index.html,まちづくり・環境・産業,https://www.city.toshima.lg.jp/machizukuri/index.html,,23,関連確認,都市計画・用途地域
豊島区,district_plan,2,企業支援・経営支援・としまビジネスサポートセンター,https://www.city.toshima.lg.jp/584/machizukuri/sangyo/sangyoshinko/index.html,まちづくり・環境・産業,https://www.city.toshima.lg.jp/machizukuri/index.html,,23,関連確認,都市計画・用途地域
豊島区,district_plan,2,就職を希望するかたへ,https://www.city.toshima.lg.jp/584/machizukuri/shushoku/shien/011545.html,まちづくり・環境・産業,https://www.city.toshima.lg.jp/machizukuri/index.html,,23,関連確認,都市計画・用途地域
豊島区,district_plan,2,TOKYOノーハラ企業支援ナビについて,https://www.city.toshima.lg.jp/584/machizukuri/shushoku/shien/2311021240.html,まちづくり・環境・産業,https://www.city.toshima.lg.jp/machizukuri/index.html,,23,関連確認,都市計画・用途地域
豊島区,district_plan,2,家内労働の「委託状況届」は毎年4月30日までに提出が必要です,https://www.city.toshima.lg.jp/584/syuugyou/2203021419.html,まちづくり・環境・産業,https://www.city.toshima.lg.jp/machizukuri/index.html,,23,関連確認,都市計画・用途地域
豊島区,district_plan,2,内職を希望する方へ,https://www.city.toshima.lg.jp/584/syuugyou/2203081828.html,まちづくり・環境・産業,https://www.city.toshima.lg.jp/machizukuri/index.html,,23,関連確認,都市計画・用途地域
豊島区,district_plan,2,就職を希望する方を支援している機関,https://www.city.toshima.lg.jp/584/syuugyou/2503101638.html,まちづくり・環境・産業,https://www.city.toshima.lg.jp/machizukuri/index.html,,23,関連確認,都市計画・用途地域
豊島区,district_plan,2,労働者協同組合,https://www.city.toshima.lg.jp/584/syuugyou/2503111540.html,まちづくり・環境・産業,https://www.city.toshima.lg.jp/machizukuri/index.html,,23,関連確認,都市計画・用途地域
豊島区,district_plan,2,働く人と中小企業を支援している機関,https://www.city.toshima.lg.jp/584/syuugyou/2503111548.html,まちづくり・環境・産業,https://www.city.toshima.lg.jp/machizukuri/index.html,,23,関連確認,都市計画・用途地域
豊島区,district_plan,2,在宅医療の推進～住み慣れた地域で安心して在宅医療を～,https://www.city.toshima.lg.jp/588/kenko/1603091106.html,健康・医療・福祉,https://www.city.toshima.lg.jp/kenko/index.html,,23,関連確認,都市計画・用途地域
豊島区,district_plan,2,がん対策の推進～豊島区のがん対策～,https://www.city.toshima.lg.jp/588/kenko/kenko/gan/index.html,健康・医療・福祉,https://www.city.toshima.lg.jp/kenko/index.html,,23,関連確認,都市計画・用途地域
豊島区,district_plan,2,住宅・マンション課（白書・報告書）,https://www.city.toshima.lg.jp/589/kuse/shisaku/shisaku/hakusho/008801.html,区政情報,https://www.city.toshima.lg.jp/kuse/index.html,,23,関連確認,都市計画・用途地域
豊島区,district_plan,2,指導課(白書・報告書),https://www.city.toshima.lg.jp/590/kuse/1806211442.html,区政情報,https://www.city.toshima.lg.jp/kuse/index.html,,23,関連確認,都市計画・用途地域
豊島区,district_plan,2,豊島区民による事業提案制度,https://www.city.toshima.lg.jp/595/2403050904.html,区政情報,https://www.city.toshima.lg.jp/kuse/index.html,,23,関連確認,都市計画・用途地域
豊島区,district_plan,2,豊島区企業等による事業提案制度,https://www.city.toshima.lg.jp/595/2506021549.html,区政情報,https://www.city.toshima.lg.jp/kuse/index.html,,23,関連確認,都市計画・用途地域
豊島区,district_plan,2,豊島区と区内大学との連携・協働に関する包括協定,https://www.city.toshima.lg.jp/595/kurashi/kyodo/001010.html,区政情報,https://www.city.toshima.lg.jp/kuse/index.html,,23,関連確認,都市計画・用途地域
豊島区,district_plan,2,主要な施策の成果報告,https://www.city.toshima.lg.jp/596/kuse/shisaku/2310310813.html,区政情報,https://www.city.toshima.lg.jp/kuse/index.html,,23,関連確認,都市計画・用途地域
豊島区,district_plan,2,令和8年度豊島区インターンシップ事業のご紹介,https://www.city.toshima.lg.jp/598/kuse/jinji/2004091844.html,区政情報,https://www.city.toshima.lg.jp/kuse/index.html,,23,関連確認,都市計画・用途地域
豊島区,district_plan,2,人材育成,https://www.city.toshima.lg.jp/599/kuse/jinji/012162/005097.html,区政情報,https://www.city.toshima.lg.jp/kuse/index.html,,23,関連確認,都市計画・用途地域
豊島区,district_plan,2,豊島区保健所 健康づくり支援拠点「わたしメンテラボ」,https://www.city.toshima.lg.jp/605/kenko/kenko/kenkodukuri/mentelabo.html,【池袋保健所移転】豊島区保健所が開所しました,https://www.city.toshima.lg.jp/208/kenko/kenko/251101.html,,23,関連確認,都市計画・用途地域
豊島区,district_plan,2,セーフコミュニティ取り組みの経緯,https://www.city.toshima.lg.jp/bosai/026636/kei/index.html,防災・安全,https://www.city.toshima.lg.jp/bosai/index.html,,23,関連確認,都市計画・用途地域
豊島区,district_plan,2,豊島区気象情報,https://www.city.toshima.lg.jp/bosai/2303061651.html,防災・安全,https://www.city.toshima.lg.jp/bosai/index.html,,23,関連確認,都市計画・用途地域
豊島区,district_plan,2,防災・災害,https://www.city.toshima.lg.jp/bosai/index.html#a14,防災・安全,https://www.city.toshima.lg.jp/bosai/index.html,,23,関連確認,都市計画・用途地域
豊島区,district_plan,2,危機管理・国民保護,https://www.city.toshima.lg.jp/bosai/index.html#a43872,防災・安全,https://www.city.toshima.lg.jp/bosai/index.html,,23,関連確認,都市計画・用途地域
豊島区,district_plan,2,PAGE TOP,https://www.city.toshima.lg.jp/bosai/index.html#tmp_header,防災・安全,https://www.city.toshima.lg.jp/bosai/index.html,,23,関連確認,都市計画・用途地域
豊島区,district_plan,2,各種計画,https://www.city.toshima.lg.jp/bosai/taisaku/bosaijoho/index.html,防災・安全,https://www.city.toshima.lg.jp/bosai/index.html,,23,関連確認,都市計画・用途地域
豊島区,district_plan,2,避難情報,https://www.city.toshima.lg.jp/bosai/taisaku/hinanjoho.html,防災・安全,https://www.city.toshima.lg.jp/bosai/index.html,,23,関連確認,都市計画・用途地域
豊島区,district_plan,2,防災・災害,https://www.city.toshima.lg.jp/bosai/taisaku/index.html,防災・安全,https://www.city.toshima.lg.jp/bosai/index.html,,23,関連確認,都市計画・用途地域
豊島区,district_plan,2,気象情報,https://www.city.toshima.lg.jp/bosai/taisaku/kishojoho.html,防災・安全,https://www.city.toshima.lg.jp/bosai/index.html,,23,関連確認,都市計画・用途地域
豊島区,district_plan,2,公共情報,https://www.city.toshima.lg.jp/bosai/taisaku/kokyojoho.html,防災・安全,https://www.city.toshima.lg.jp/bosai/index.html,,23,関連確認,都市計画・用途地域
豊島区,district_plan,2,新型コロナウイルス感染症,https://www.city.toshima.lg.jp/bosai/taisaku/shisaku/2102161325.html,防災・安全,https://www.city.toshima.lg.jp/bosai/index.html,,23,関連確認,都市計画・用途地域
豊島区,district_plan,2,文化財,https://www.city.toshima.lg.jp/bunka/bunka/bunkazai/index.html,文化・スポーツ,https://www.city.toshima.lg.jp/bunka/index.html,,23,関連確認,都市計画・用途地域
豊島区,district_plan,2,区内の文化活動団体等,https://www.city.toshima.lg.jp/bunka/bunka/dantai/index.html,文化・スポーツ,https://www.city.toshima.lg.jp/bunka/index.html,,23,関連確認,都市計画・用途地域
豊島区,district_plan,2,文化,https://www.city.toshima.lg.jp/bunka/bunka/index.html,文化・スポーツ,https://www.city.toshima.lg.jp/bunka/index.html,,23,関連確認,都市計画・用途地域
豊島区,district_plan,2,文化事業,https://www.city.toshima.lg.jp/bunka/bunka/jigyo/index.html,文化・スポーツ,https://www.city.toshima.lg.jp/bunka/index.html,,23,関連確認,都市計画・用途地域
豊島区,district_plan,2,文化,https://www.city.toshima.lg.jp/bunka/index.html#a205,文化・スポーツ,https://www.city.toshima.lg.jp/bunka/index.html,,23,関連確認,都市計画・用途地域
豊島区,district_plan,2,観光,https://www.city.toshima.lg.jp/bunka/index.html#a213,文化・スポーツ,https://www.city.toshima.lg.jp/bunka/index.html,,23,関連確認,都市計画・用途地域
豊島区,district_plan,2,スポーツ,https://www.city.toshima.lg.jp/bunka/index.html#a225,文化・スポーツ,https://www.city.toshima.lg.jp/bunka/index.html,,23,関連確認,都市計画・用途地域
豊島区,district_plan,2,生涯学習,https://www.city.toshima.lg.jp/bunka/index.html#a227,文化・スポーツ,https://www.city.toshima.lg.jp/bunka/index.html,,23,関連確認,都市計画・用途地域
豊島区,district_plan,2,PAGE TOP,https://www.city.toshima.lg.jp/bunka/index.html#tmp_header,文化・スポーツ,https://www.city.toshima.lg.jp/bunka/index.html,,23,関連確認,都市計画・用途地域
豊島区,district_plan,2,観光,https://www.city.toshima.lg.jp/bunka/kanko/index.html,文化・スポーツ,https://www.city.toshima.lg.jp/bunka/index.html,,23,関連確認,都市計画・用途地域
豊島区,district_plan,2,学習・講座,https://www.city.toshima.lg.jp/bunka/shogai/gakushu/index.html,文化・スポーツ,https://www.city.toshima.lg.jp/bunka/index.html,,23,関連確認,都市計画・用途地域
豊島区,district_plan,2,生涯学習,https://www.city.toshima.lg.jp/bunka/shogai/index.html,文化・スポーツ,https://www.city.toshima.lg.jp/bunka/index.html,,23,関連確認,都市計画・用途地域
豊島区,district_plan,2,刊行物,https://www.city.toshima.lg.jp/bunka/shogai/kankobutsu/index.html,文化・スポーツ,https://www.city.toshima.lg.jp/bunka/index.html,,23,関連確認,都市計画・用途地域
豊島区,district_plan,2,としまコミュニティ大学（区内7大学との協働講座）,https://www.city.toshima.lg.jp/bunka/shogai/kyodokoza/index.html,文化・スポーツ,https://www.city.toshima.lg.jp/bunka/index.html,,23,関連確認,都市計画・用途地域
豊島区,district_plan,2,図書館,https://www.city.toshima.lg.jp/bunka/shogai/toshokan/index.html,文化・スポーツ,https://www.city.toshima.lg.jp/bunka/index.html,,23,関連確認,都市計画・用途地域
豊島区,district_plan,2,スポーツ,https://www.city.toshima.lg.jp/bunka/sports/index.html,文化・スポーツ,https://www.city.toshima.lg.jp/bunka/index.html,,23,関連確認,都市計画・用途地域
豊島区,district_plan,2,スポーツ推進について,https://www.city.toshima.lg.jp/bunka/sports/index/sportssuishin.html,文化・スポーツ,https://www.city.toshima.lg.jp/bunka/index.html,,23,関連確認,都市計画・用途地域
豊島区,district_plan,2,義援金・救援金など,https://www.city.toshima.lg.jp/gienkin/index.html,区政情報,https://www.city.toshima.lg.jp/kuse/index.html,,23,関連確認,都市計画・用途地域
豊島区,district_plan,2,平和,https://www.city.toshima.lg.jp/heiwa/index.html,区政情報,https://www.city.toshima.lg.jp/kuse/index.html,,23,関連確認,都市計画・用途地域
豊島区,district_plan,2,PAGE TOP,https://www.city.toshima.lg.jp/index.html#tmp_header,日本語,https://www.city.toshima.lg.jp/index.html,,23,関連確認,都市計画・用途地域
豊島区,district_plan,2,中文,https://www.city.toshima.lg.jp/info/ch/index.html,外国人のための 生活インフォメーション DAILY LIFE INFORMATION,https://www.city.toshima.lg.jp/info/index.html,,23,関連確認,都市計画・用途地域
豊島区,district_plan,2,English,https://www.city.toshima.lg.jp/info/en/index.html,外国人のための 生活インフォメーション DAILY LIFE INFORMATION,https://www.city.toshima.lg.jp/info/index.html,,23,関連確認,都市計画・用途地域
豊島区,district_plan,2,PAGE TOP,https://www.city.toshima.lg.jp/info/index.html#tmp_header,外国人のための 生活インフォメーション DAILY LIFE INFORMATION,https://www.city.toshima.lg.jp/info/index.html,,23,関連確認,都市計画・用途地域
豊島区,district_plan,2,子育て・教育,https://www.city.toshima.lg.jp/info/jp/childrearing_education/index.html,外国人のための 生活インフォメーション DAILY LIFE INFORMATION,https://www.city.toshima.lg.jp/info/index.html,,23,関連確認,都市計画・用途地域
豊島区,district_plan,2,緊急・災害,https://www.city.toshima.lg.jp/info/jp/emergency_disaster/index.html,外国人のための 生活インフォメーション DAILY LIFE INFORMATION,https://www.city.toshima.lg.jp/info/index.html,,23,関連確認,都市計画・用途地域
豊島区,district_plan,2,健康・公的保険,https://www.city.toshima.lg.jp/info/jp/health_insurance/index.html,外国人のための 生活インフォメーション DAILY LIFE INFORMATION,https://www.city.toshima.lg.jp/info/index.html,,23,関連確認,都市計画・用途地域
豊島区,district_plan,2,外国語対応情報,https://www.city.toshima.lg.jp/info/jp/information/index.html,外国人のための 生活インフォメーション DAILY LIFE INFORMATION,https://www.city.toshima.lg.jp/info/index.html,,23,関連確認,都市計画・用途地域
豊島区,district_plan,2,関連リンク,https://www.city.toshima.lg.jp/info/jp/link.html,外国人のための 生活インフォメーション DAILY LIFE INFORMATION,https://www.city.toshima.lg.jp/info/index.html,,23,関連確認,都市計画・用途地域
豊島区,district_plan,2,暮らし,https://www.city.toshima.lg.jp/info/jp/living/index.html,外国人のための 生活インフォメーション DAILY LIFE INFORMATION,https://www.city.toshima.lg.jp/info/index.html,,23,関連確認,都市計画・用途地域
豊島区,district_plan,2,한국어,https://www.city.toshima.lg.jp/info/ko/index.html,外国人のための 生活インフォメーション DAILY LIFE INFORMATION,https://www.city.toshima.lg.jp/info/index.html,,23,関連確認,都市計画・用途地域
豊島区,district_plan,2,その他言語,https://www.city.toshima.lg.jp/info/other_languages/index.html,外国人のための 生活インフォメーション DAILY LIFE INFORMATION,https://www.city.toshima.lg.jp/info/index.html,,23,関連確認,都市計画・用途地域
豊島区,district_plan,2,高齢者福祉,https://www.city.toshima.lg.jp/kenko/index.html#a112,健康・医療・福祉,https://www.city.toshima.lg.jp/kenko/index.html,,23,関連確認,都市計画・用途地域
豊島区,district_plan,2,障害者福祉,https://www.city.toshima.lg.jp/kenko/index.html#a123,健康・医療・福祉,https://www.city.toshima.lg.jp/kenko/index.html,,23,関連確認,都市計画・用途地域
豊島区,district_plan,2,介護保険・サービス,https://www.city.toshima.lg.jp/kenko/index.html#a140,健康・医療・福祉,https://www.city.toshima.lg.jp/kenko/index.html,,23,関連確認,都市計画・用途地域
豊島区,district_plan,2,生活福祉,https://www.city.toshima.lg.jp/kenko/index.html#a142,健康・医療・福祉,https://www.city.toshima.lg.jp/kenko/index.html,,23,関連確認,都市計画・用途地域
豊島区,district_plan,2,健康・医療,https://www.city.toshima.lg.jp/kenko/index.html#a98,健康・医療・福祉,https://www.city.toshima.lg.jp/kenko/index.html,,23,関連確認,都市計画・用途地域
豊島区,district_plan,2,PAGE TOP,https://www.city.toshima.lg.jp/kenko/index.html#tmp_header,健康・医療・福祉,https://www.city.toshima.lg.jp/kenko/index.html,,23,関連確認,都市計画・用途地域
豊島区,district_plan,2,介護保険・サービス,https://www.city.toshima.lg.jp/kenko/kaigo/index.html,健康・医療・福祉,https://www.city.toshima.lg.jp/kenko/index.html,,23,関連確認,都市計画・用途地域
豊島区,district_plan,2,介護保険,https://www.city.toshima.lg.jp/kenko/kaigo/kaigo/index.html,健康・医療・福祉,https://www.city.toshima.lg.jp/kenko/index.html,,23,関連確認,都市計画・用途地域
豊島区,district_plan,2,アレルギー・ぜん息について,https://www.city.toshima.lg.jp/kenko/kenko/allergy/index.html,健康・医療・福祉,https://www.city.toshima.lg.jp/kenko/index.html,,23,関連確認,都市計画・用途地域
豊島区,district_plan,2,健康・医療,https://www.city.toshima.lg.jp/kenko/kenko/index.html,健康・医療・福祉,https://www.city.toshima.lg.jp/kenko/index.html,,23,関連確認,都市計画・用途地域
豊島区,district_plan,2,健康情報・注意喚起,https://www.city.toshima.lg.jp/kenko/kenko/joho/index.html,【池袋保健所移転】豊島区保健所が開所しました,https://www.city.toshima.lg.jp/208/kenko/kenko/251101.html,,23,関連確認,都市計画・用途地域
豊島区,district_plan,2,感染症情報,https://www.city.toshima.lg.jp/kenko/kenko/kansensho/index.html,健康・医療・福祉,https://www.city.toshima.lg.jp/kenko/index.html,,23,関連確認,都市計画・用途地域
豊島区,district_plan,2,健康週間,https://www.city.toshima.lg.jp/kenko/kenko/kenkoshukan/index.html,【池袋保健所移転】豊島区保健所が開所しました,https://www.city.toshima.lg.jp/208/kenko/kenko/251101.html,,23,関連確認,都市計画・用途地域
豊島区,district_plan,2,こころ・精神,https://www.city.toshima.lg.jp/kenko/kenko/kokoro/index.html,健康・医療・福祉,https://www.city.toshima.lg.jp/kenko/index.html,,23,関連確認,都市計画・用途地域
豊島区,district_plan,2,介護予防・日常生活支援総合事業（総合事業）,https://www.city.toshima.lg.jp/kenko/koresha/2007211456.html,健康・医療・福祉,https://www.city.toshima.lg.jp/kenko/index.html,,23,関連確認,都市計画・用途地域
豊島区,district_plan,2,生活支援体制整備事業に関すること,https://www.city.toshima.lg.jp/kenko/koresha/2007211522.html,健康・医療・福祉,https://www.city.toshima.lg.jp/kenko/index.html,,23,関連確認,都市計画・用途地域
豊島区,district_plan,2,ケアマネジメント支援・地域ケア会議,https://www.city.toshima.lg.jp/kenko/koresha/care/index.html,健康・医療・福祉,https://www.city.toshima.lg.jp/kenko/index.html,,23,関連確認,都市計画・用途地域
豊島区,district_plan,2,いきがいと社会参加,https://www.city.toshima.lg.jp/kenko/koresha/ikigai/index.html,健康・医療・福祉,https://www.city.toshima.lg.jp/kenko/index.html,,23,関連確認,都市計画・用途地域
豊島区,district_plan,2,高齢者福祉,https://www.city.toshima.lg.jp/kenko/koresha/index.html,健康・医療・福祉,https://www.city.toshima.lg.jp/kenko/index.html,,23,関連確認,都市計画・用途地域
豊島区,district_plan,2,権利擁護,https://www.city.toshima.lg.jp/kenko/koresha/kenriyogo/index.html,健康・医療・福祉,https://www.city.toshima.lg.jp/kenko/index.html,,23,関連確認,都市計画・用途地域
豊島区,district_plan,2,緊急のとき,https://www.city.toshima.lg.jp/kenko/koresha/kinkyu/index.html,健康・医療・福祉,https://www.city.toshima.lg.jp/kenko/index.html,,23,関連確認,都市計画・用途地域
豊島区,district_plan,2,生活・住まいの支援,https://www.city.toshima.lg.jp/kenko/koresha/seikatsushien/index.html,健康・医療・福祉,https://www.city.toshima.lg.jp/kenko/index.html,,23,関連確認,都市計画・用途地域
豊島区,district_plan,2,介護予防・フレイル予防,https://www.city.toshima.lg.jp/kenko/koresha/yobo/index.html,健康・医療・福祉,https://www.city.toshima.lg.jp/kenko/index.html,,23,関連確認,都市計画・用途地域
豊島区,district_plan,2,バリアフリー,https://www.city.toshima.lg.jp/kenko/sekatsu/2506191147.html,健康・医療・福祉,https://www.city.toshima.lg.jp/kenko/index.html,,23,関連確認,都市計画・用途地域
豊島区,district_plan,2,生活福祉,https://www.city.toshima.lg.jp/kenko/sekatsu/index.html,健康・医療・福祉,https://www.city.toshima.lg.jp/kenko/index.html,,23,関連確認,都市計画・用途地域
豊島区,district_plan,2,貸付,https://www.city.toshima.lg.jp/kenko/sekatsu/kashituke/index.html,健康・医療・福祉,https://www.city.toshima.lg.jp/kenko/index.html,,23,関連確認,都市計画・用途地域
豊島区,district_plan,2,恩給・年金など（旧軍人・軍属等及びその遺族のかたへ）,https://www.city.toshima.lg.jp/kenko/sekatsu/onkyu/index.html,健康・医療・福祉,https://www.city.toshima.lg.jp/kenko/index.html,,23,関連確認,都市計画・用途地域
豊島区,district_plan,2,生活保護,https://www.city.toshima.lg.jp/kenko/sekatsu/seikatsuhogo/index.html,健康・医療・福祉,https://www.city.toshima.lg.jp/kenko/index.html,,23,関連確認,都市計画・用途地域
豊島区,district_plan,2,社会福祉,https://www.city.toshima.lg.jp/kenko/sekatsu/shakaifukushi/index.html,健康・医療・福祉,https://www.city.toshima.lg.jp/kenko/index.html,,23,関連確認,都市計画・用途地域
豊島区,district_plan,2,注目情報,https://www.city.toshima.lg.jp/kenko/shogai/chumoku/index.html,健康・医療・福祉,https://www.city.toshima.lg.jp/kenko/index.html,,23,関連確認,都市計画・用途地域
豊島区,district_plan,2,障害者福祉,https://www.city.toshima.lg.jp/kenko/shogai/index.html,健康・医療・福祉,https://www.city.toshima.lg.jp/kenko/index.html,,23,関連確認,都市計画・用途地域
豊島区,district_plan,2,事業者・医療機関の方へ,https://www.city.toshima.lg.jp/kenko/shogai/jigyosha/index.html,健康・医療・福祉,https://www.city.toshima.lg.jp/kenko/index.html,,23,関連確認,都市計画・用途地域
豊島区,district_plan,2,権利擁護・意思疎通支援,https://www.city.toshima.lg.jp/kenko/shogai/kenri/index.html,健康・医療・福祉,https://www.city.toshima.lg.jp/kenko/index.html,,23,関連確認,都市計画・用途地域
豊島区,district_plan,2,障害福祉サービスの利用（居宅介護、就労継続支援、グループホーム等の自立支援給付等）,https://www.city.toshima.lg.jp/kenko/shogai/service/index.html,健康・医療・福祉,https://www.city.toshima.lg.jp/kenko/index.html,,23,関連確認,都市計画・用途地域
豊島区,district_plan,2,社会参加の促進,https://www.city.toshima.lg.jp/kenko/shogai/shakaisanka/index.html,健康・医療・福祉,https://www.city.toshima.lg.jp/kenko/index.html,,23,関連確認,都市計画・用途地域
豊島区,district_plan,2,日常生活の支援,https://www.city.toshima.lg.jp/kenko/shogai/shien/index.html,健康・医療・福祉,https://www.city.toshima.lg.jp/kenko/index.html,,23,関連確認,都市計画・用途地域
豊島区,district_plan,2,就労支援,https://www.city.toshima.lg.jp/kenko/shogai/shuroshien/index.html,健康・医療・福祉,https://www.city.toshima.lg.jp/kenko/index.html,,23,関連確認,都市計画・用途地域
豊島区,district_plan,2,会議・計画・その他,https://www.city.toshima.lg.jp/kenko/shogai/shuroshien/sonota/index.html,健康・医療・福祉,https://www.city.toshima.lg.jp/kenko/index.html,,23,関連確認,都市計画・用途地域
豊島区,district_plan,2,PAGE TOP,https://www.city.toshima.lg.jp/kinkyu/index.html#tmp_header,緊急情報一覧,https://www.city.toshima.lg.jp/kinkyu/index.html,,23,関連確認,都市計画・用途地域
豊島区,district_plan,2,保育園の入園に関すること,https://www.city.toshima.lg.jp/kosodate/hoiku/nyuen/index.html,子育て・教育,https://www.city.toshima.lg.jp/kosodate/index.html,,23,関連確認,都市計画・用途地域
豊島区,district_plan,2,制度に関すること,https://www.city.toshima.lg.jp/kosodate/hoiku/seido/index.html,子育て・教育,https://www.city.toshima.lg.jp/kosodate/index.html,,23,関連確認,都市計画・用途地域
豊島区,district_plan,2,その他保育サービスに関すること,https://www.city.toshima.lg.jp/kosodate/hoiku/sonota/index.html,子育て・教育,https://www.city.toshima.lg.jp/kosodate/index.html,,23,関連確認,都市計画・用途地域
豊島区,district_plan,2,妊娠・出産,https://www.city.toshima.lg.jp/kosodate/index.html#a145,子育て・教育,https://www.city.toshima.lg.jp/kosodate/index.html,,23,関連確認,都市計画・用途地域
豊島区,district_plan,2,子育て支援,https://www.city.toshima.lg.jp/kosodate/index.html#a147,子育て・教育,https://www.city.toshima.lg.jp/kosodate/index.html,,23,関連確認,都市計画・用途地域
豊島区,district_plan,2,学校案内,https://www.city.toshima.lg.jp/kosodate/index.html#a173,子育て・教育,https://www.city.toshima.lg.jp/kosodate/index.html,,23,関連確認,都市計画・用途地域
豊島区,district_plan,2,教育計画,https://www.city.toshima.lg.jp/kosodate/index.html#a191,子育て・教育,https://www.city.toshima.lg.jp/kosodate/index.html,,23,関連確認,都市計画・用途地域
豊島区,district_plan,2,としまの教育,https://www.city.toshima.lg.jp/kosodate/index.html#a192,子育て・教育,https://www.city.toshima.lg.jp/kosodate/index.html,,23,関連確認,都市計画・用途地域
豊島区,district_plan,2,子ども・若者支援,https://www.city.toshima.lg.jp/kosodate/index.html#a21540,子育て・教育,https://www.city.toshima.lg.jp/kosodate/index.html,,23,関連確認,都市計画・用途地域
豊島区,district_plan,2,保育,https://www.city.toshima.lg.jp/kosodate/index.html#a24038,子育て・教育,https://www.city.toshima.lg.jp/kosodate/index.html,,23,関連確認,都市計画・用途地域
豊島区,district_plan,2,PAGE TOP,https://www.city.toshima.lg.jp/kosodate/index.html#tmp_header,子育て・教育,https://www.city.toshima.lg.jp/kosodate/index.html,,23,関連確認,都市計画・用途地域
豊島区,district_plan,2,幼稚園,https://www.city.toshima.lg.jp/kosodate/inkai/gakko/yochien/index.html,子育て・教育,https://www.city.toshima.lg.jp/kosodate/index.html,,23,関連確認,都市計画・用途地域
豊島区,district_plan,2,教育関連事業,https://www.city.toshima.lg.jp/kosodate/inkai/jigyo/index.html,子育て・教育,https://www.city.toshima.lg.jp/kosodate/index.html,,23,関連確認,都市計画・用途地域
豊島区,district_plan,2,学校における働き方改革,https://www.city.toshima.lg.jp/kosodate/inkai/vision/hatarakikata/index.html,子育て・教育,https://www.city.toshima.lg.jp/kosodate/index.html,,23,関連確認,都市計画・用途地域
豊島区,district_plan,2,豊島区不登校対策総合計画,https://www.city.toshima.lg.jp/kosodate/inkai/vision/hutokotaisku/index.html,子育て・教育,https://www.city.toshima.lg.jp/kosodate/index.html,,23,関連確認,都市計画・用途地域
豊島区,district_plan,2,豊島区教育ビジョン,https://www.city.toshima.lg.jp/kosodate/inkai/vision/johoka/index.html,子育て・教育,https://www.city.toshima.lg.jp/kosodate/index.html,,23,関連確認,都市計画・用途地域
豊島区,district_plan,2,学校教育の情報化の推進,https://www.city.toshima.lg.jp/kosodate/inkai/vision/johokasuisin/index.html,子育て・教育,https://www.city.toshima.lg.jp/kosodate/index.html,,23,関連確認,都市計画・用途地域
豊島区,district_plan,2,豊島区特別支援教育推進計画,https://www.city.toshima.lg.jp/kosodate/inkai/vision/suishin/index.html,子育て・教育,https://www.city.toshima.lg.jp/kosodate/index.html,,23,関連確認,都市計画・用途地域
豊島区,district_plan,2,主な取り組み,https://www.city.toshima.lg.jp/kosodate/inkai/vision/torikumi/index.html,子育て・教育,https://www.city.toshima.lg.jp/kosodate/index.html,,23,関連確認,都市計画・用途地域
豊島区,district_plan,2,子ども・若者支援,https://www.city.toshima.lg.jp/kosodate/kodomowakamono/1803221119.html,子育て・教育,https://www.city.toshima.lg.jp/kosodate/index.html,,23,関連確認,都市計画・用途地域
豊島区,district_plan,2,子どもの放課後,https://www.city.toshima.lg.jp/kosodate/kodomowakamono/hokago/index.html,子育て・教育,https://www.city.toshima.lg.jp/kosodate/index.html,,23,関連確認,都市計画・用途地域
豊島区,district_plan,2,子どもの居場所・活動の場,https://www.city.toshima.lg.jp/kosodate/kodomowakamono/ibasho/index.html,子育て・教育,https://www.city.toshima.lg.jp/kosodate/index.html,,23,関連確認,都市計画・用途地域
豊島区,district_plan,2,子どもの意見表明,https://www.city.toshima.lg.jp/kosodate/kodomowakamono/iken/index.html,子育て・教育,https://www.city.toshima.lg.jp/kosodate/index.html,,23,関連確認,都市計画・用途地域
豊島区,district_plan,2,地域の子ども・青少年健全育成,https://www.city.toshima.lg.jp/kosodate/kodomowakamono/ikusei/index.html,子育て・教育,https://www.city.toshima.lg.jp/kosodate/index.html,,23,関連確認,都市計画・用途地域
豊島区,district_plan,2,子どもの権利,https://www.city.toshima.lg.jp/kosodate/kodomowakamono/kenri/index.html,子育て・教育,https://www.city.toshima.lg.jp/kosodate/index.html,,23,関連確認,都市計画・用途地域
豊島区,district_plan,2,としま子ども若者応援プロジェクト,https://www.city.toshima.lg.jp/kosodate/kodomowakamono/oen/index.html,子育て・教育,https://www.city.toshima.lg.jp/kosodate/index.html,,23,関連確認,都市計画・用途地域
豊島区,district_plan,2,ひとり親家庭の支援トップページ,https://www.city.toshima.lg.jp/kosodate/kosodate/hitorioya/index.html,子育て・教育,https://www.city.toshima.lg.jp/kosodate/index.html,,23,関連確認,都市計画・用途地域
豊島区,district_plan,2,一時的に預けたい,https://www.city.toshima.lg.jp/kosodate/kosodate/ichijiteki/index.html,子育て・教育,https://www.city.toshima.lg.jp/kosodate/index.html,,23,関連確認,都市計画・用途地域
豊島区,district_plan,2,子育て支援,https://www.city.toshima.lg.jp/kosodate/kosodate/index.html,子育て・教育,https://www.city.toshima.lg.jp/kosodate/index.html,,23,関連確認,都市計画・用途地域
豊島区,district_plan,2,子育て情報,https://www.city.toshima.lg.jp/kosodate/kosodate/joho/index.html,子育て・教育,https://www.city.toshima.lg.jp/kosodate/index.html,,23,関連確認,都市計画・用途地域
豊島区,district_plan,2,子ども家庭支援センター,https://www.city.toshima.lg.jp/kosodate/kosodate/kateishien/index.html,子育て・教育,https://www.city.toshima.lg.jp/kosodate/index.html,,23,関連確認,都市計画・用途地域
豊島区,district_plan,2,子どもの健康,https://www.city.toshima.lg.jp/kosodate/kosodate/kenko/index.html,子育て・教育,https://www.city.toshima.lg.jp/kosodate/index.html,,23,関連確認,都市計画・用途地域
豊島区,district_plan,2,子どもを守る,https://www.city.toshima.lg.jp/kosodate/kosodate/mamoru/index.html,子育て・教育,https://www.city.toshima.lg.jp/kosodate/index.html,,23,関連確認,都市計画・用途地域
豊島区,district_plan,2,妊娠・出産,https://www.city.toshima.lg.jp/kosodate/ninshin/index.html,子育て・教育,https://www.city.toshima.lg.jp/kosodate/index.html,,23,関連確認,都市計画・用途地域
豊島区,district_plan,2,健診・医療,https://www.city.toshima.lg.jp/kosodate/ninshin/kenshin/index.html,子育て・教育,https://www.city.toshima.lg.jp/kosodate/index.html,,23,関連確認,都市計画・用途地域
豊島区,district_plan,2,暮らしの衛生(食品・環境),https://www.city.toshima.lg.jp/kurashi/ese/index.html,暮らし・地域,https://www.city.toshima.lg.jp/kurashi/index.html,,23,関連確認,都市計画・用途地域
豊島区,district_plan,2,環境に関すること,https://www.city.toshima.lg.jp/kurashi/ese/kankyo/index.html,暮らし・地域,https://www.city.toshima.lg.jp/kurashi/index.html,,23,関連確認,都市計画・用途地域
豊島区,district_plan,2,民泊に関すること,https://www.city.toshima.lg.jp/kurashi/ese/mimpaku/index.html,暮らし・地域,https://www.city.toshima.lg.jp/kurashi/index.html,,23,関連確認,都市計画・用途地域
豊島区,district_plan,2,食品に関すること,https://www.city.toshima.lg.jp/kurashi/ese/shokuhin/index.html,暮らし・地域,https://www.city.toshima.lg.jp/kurashi/index.html,,23,関連確認,都市計画・用途地域
豊島区,district_plan,2,家庭からでる資源・ごみ,https://www.city.toshima.lg.jp/kurashi/gomi/katei/index.html,暮らし・地域,https://www.city.toshima.lg.jp/kurashi/index.html,,23,関連確認,都市計画・用途地域
豊島区,district_plan,2,区民ひろばについて,https://www.city.toshima.lg.jp/kurashi/hiroba/hiroba/index.html,暮らし・地域,https://www.city.toshima.lg.jp/kurashi/index.html,,23,関連確認,都市計画・用途地域
豊島区,district_plan,2,区民ひろば,https://www.city.toshima.lg.jp/kurashi/hiroba/index.html,暮らし・地域,https://www.city.toshima.lg.jp/kurashi/index.html,,23,関連確認,都市計画・用途地域
豊島区,district_plan,2,地域区民ひろば課事業について,https://www.city.toshima.lg.jp/kurashi/hiroba/jigyo/index.html,暮らし・地域,https://www.city.toshima.lg.jp/kurashi/index.html,,23,関連確認,都市計画・用途地域
豊島区,district_plan,2,区民ひろば刊行物一覧,https://www.city.toshima.lg.jp/kurashi/hiroba/kankobutsu/index.html,暮らし・地域,https://www.city.toshima.lg.jp/kurashi/index.html,,23,関連確認,都市計画・用途地域
豊島区,district_plan,2,公共交通・自動車・自転車,https://www.city.toshima.lg.jp/kurashi/index.html#a272,暮らし・地域,https://www.city.toshima.lg.jp/kurashi/index.html,,23,関連確認,都市計画・用途地域
豊島区,district_plan,2,町会・自治会,https://www.city.toshima.lg.jp/kurashi/index.html#a46674,暮らし・地域,https://www.city.toshima.lg.jp/kurashi/index.html,,23,関連確認,都市計画・用途地域
豊島区,district_plan,2,ペット,https://www.city.toshima.lg.jp/kurashi/index.html#a51746,暮らし・地域,https://www.city.toshima.lg.jp/kurashi/index.html,,23,関連確認,都市計画・用途地域
豊島区,district_plan,2,ごみ・リサイクル,https://www.city.toshima.lg.jp/kurashi/index.html#a67,暮らし・地域,https://www.city.toshima.lg.jp/kurashi/index.html,,23,関連確認,都市計画・用途地域
豊島区,district_plan,2,暮らしの衛生(食品・環境),https://www.city.toshima.lg.jp/kurashi/index.html#a74,暮らし・地域,https://www.city.toshima.lg.jp/kurashi/index.html,,23,関連確認,都市計画・用途地域
豊島区,district_plan,2,消費生活,https://www.city.toshima.lg.jp/kurashi/index.html#a86,暮らし・地域,https://www.city.toshima.lg.jp/kurashi/index.html,,23,関連確認,都市計画・用途地域
豊島区,district_plan,2,区民ひろば,https://www.city.toshima.lg.jp/kurashi/index.html#a89,暮らし・地域,https://www.city.toshima.lg.jp/kurashi/index.html,,23,関連確認,都市計画・用途地域
豊島区,district_plan,2,区民活動・集会室・学校開放,https://www.city.toshima.lg.jp/kurashi/index.html#a93,暮らし・地域,https://www.city.toshima.lg.jp/kurashi/index.html,,23,関連確認,都市計画・用途地域
豊島区,district_plan,2,PAGE TOP,https://www.city.toshima.lg.jp/kurashi/index.html#tmp_header,暮らし・地域,https://www.city.toshima.lg.jp/kurashi/index.html,,23,関連確認,都市計画・用途地域
豊島区,district_plan,2,区民活動・集会室・学校開放,https://www.city.toshima.lg.jp/kurashi/kuminkatsudo/index.html,暮らし・地域,https://www.city.toshima.lg.jp/kurashi/index.html,,23,関連確認,都市計画・用途地域
豊島区,district_plan,2,区民活動支援,https://www.city.toshima.lg.jp/kurashi/kuminkatsudo/shien/index.html,暮らし・地域,https://www.city.toshima.lg.jp/kurashi/index.html,,23,関連確認,都市計画・用途地域
豊島区,district_plan,2,協働,https://www.city.toshima.lg.jp/kurashi/kyodo/index.html,区政情報,https://www.city.toshima.lg.jp/kuse/index.html,,23,関連確認,都市計画・用途地域
豊島区,district_plan,2,NPO（特定非営利活動法人）,https://www.city.toshima.lg.jp/kurashi/npo-volunteer/npo/index.html,暮らし・地域,https://www.city.toshima.lg.jp/kurashi/index.html,,23,関連確認,都市計画・用途地域
豊島区,district_plan,2,ペットの防災に関すること,https://www.city.toshima.lg.jp/kurashi/pet/bosai/index.html,暮らし・地域,https://www.city.toshima.lg.jp/kurashi/index.html,,23,関連確認,都市計画・用途地域
豊島区,district_plan,2,地域の犬猫,https://www.city.toshima.lg.jp/kurashi/pet/chiiki/index.html,暮らし・地域,https://www.city.toshima.lg.jp/kurashi/index.html,,23,関連確認,都市計画・用途地域
豊島区,district_plan,2,ペット,https://www.city.toshima.lg.jp/kurashi/pet/index.html,暮らし・地域,https://www.city.toshima.lg.jp/kurashi/index.html,,23,関連確認,都市計画・用途地域
豊島区,district_plan,2,ペットに関すること,https://www.city.toshima.lg.jp/kurashi/pet/pet/index.html,暮らし・地域,https://www.city.toshima.lg.jp/kurashi/index.html,,23,関連確認,都市計画・用途地域
豊島区,district_plan,2,消費生活に関する注意情報,https://www.city.toshima.lg.jp/kurashi/shohi/chuijoho/index.html,暮らし・地域,https://www.city.toshima.lg.jp/kurashi/index.html,,23,関連確認,都市計画・用途地域
豊島区,district_plan,2,消費生活,https://www.city.toshima.lg.jp/kurashi/shohi/index.html,暮らし・地域,https://www.city.toshima.lg.jp/kurashi/index.html,,23,関連確認,都市計画・用途地域
豊島区,district_plan,2,知っておきたい契約の基礎情報,https://www.city.toshima.lg.jp/kurashi/shohi/kiso/index.html,暮らし・地域,https://www.city.toshima.lg.jp/kurashi/index.html,,23,関連確認,都市計画・用途地域
豊島区,district_plan,2,消費生活講座,https://www.city.toshima.lg.jp/kurashi/shohi/koza/index.html,暮らし・地域,https://www.city.toshima.lg.jp/kurashi/index.html,,23,関連確認,都市計画・用途地域
豊島区,district_plan,2,メールマガジン、お役立ち集,https://www.city.toshima.lg.jp/kurashi/shohi/oyakudachi/index.html,暮らし・地域,https://www.city.toshima.lg.jp/kurashi/index.html,,23,関連確認,都市計画・用途地域
豊島区,district_plan,2,消費者活動支援,https://www.city.toshima.lg.jp/kurashi/shohi/shien/index.html,暮らし・地域,https://www.city.toshima.lg.jp/kurashi/index.html,,23,関連確認,都市計画・用途地域
豊島区,district_plan,2,町会・自治会,https://www.city.toshima.lg.jp/kurashi/tyokai/index.html,暮らし・地域,https://www.city.toshima.lg.jp/kurashi/index.html,,23,関連確認,都市計画・用途地域
豊島区,district_plan,2,活動報告,https://www.city.toshima.lg.jp/kuse/034432/katsudo/index.html,区政情報,https://www.city.toshima.lg.jp/kuse/index.html,,23,関連確認,都市計画・用途地域
豊島区,district_plan,2,区長交際費執行状況,https://www.city.toshima.lg.jp/kuse/034432/kosaihi/index.html,区政情報,https://www.city.toshima.lg.jp/kuse/index.html,,23,関連確認,都市計画・用途地域
豊島区,district_plan,2,区長のあいさつ・発言など,https://www.city.toshima.lg.jp/kuse/034432/messe-ji/index.html,区政情報,https://www.city.toshima.lg.jp/kuse/index.html,,23,関連確認,都市計画・用途地域
豊島区,district_plan,2,ジェンダー平等,https://www.city.toshima.lg.jp/kuse/danjo/index.html,区政情報,https://www.city.toshima.lg.jp/kuse/index.html,,23,関連確認,都市計画・用途地域
豊島区,district_plan,2,デジタル化推進,https://www.city.toshima.lg.jp/kuse/electronic/index.html,区政情報,https://www.city.toshima.lg.jp/kuse/index.html,,23,関連確認,都市計画・用途地域
豊島区,district_plan,2,豊島区の概要,https://www.city.toshima.lg.jp/kuse/gaiyo/index.html,区政情報,https://www.city.toshima.lg.jp/kuse/index.html,,23,関連確認,都市計画・用途地域
豊島区,district_plan,2,区議会について,https://www.city.toshima.lg.jp/kuse/gikai/aramashi/index.html,区政情報,https://www.city.toshima.lg.jp/kuse/index.html,,23,関連確認,都市計画・用途地域
豊島区,district_plan,2,議員紹介,https://www.city.toshima.lg.jp/kuse/gikai/ginichiran/index.html,区政情報,https://www.city.toshima.lg.jp/kuse/index.html,,23,関連確認,都市計画・用途地域
豊島区,district_plan,2,ご案内・情報公開,https://www.city.toshima.lg.jp/kuse/gikai/goannai/index.html,区政情報,https://www.city.toshima.lg.jp/kuse/index.html,,23,関連確認,都市計画・用途地域
豊島区,district_plan,2,会議,https://www.city.toshima.lg.jp/kuse/gikai/kaigi/index.html,区政情報,https://www.city.toshima.lg.jp/kuse/index.html,,23,関連確認,都市計画・用途地域
豊島区,district_plan,2,区議会共通項目管理,https://www.city.toshima.lg.jp/kuse/gikai/kanri/kanri.html,区政情報,https://www.city.toshima.lg.jp/kuse/index.html,,23,関連確認,都市計画・用途地域
豊島区,district_plan,2,区議会の活動,https://www.city.toshima.lg.jp/kuse/gikai/katsudo/index.html,区政情報,https://www.city.toshima.lg.jp/kuse/index.html,,23,関連確認,都市計画・用途地域
豊島区,district_plan,2,更新情報一覧,https://www.city.toshima.lg.jp/kuse/gikai/koushin/index.html,区政情報,https://www.city.toshima.lg.jp/kuse/index.html,,23,関連確認,都市計画・用途地域
豊島区,district_plan,2,平和・人権・ジェンダー平等,https://www.city.toshima.lg.jp/kuse/hewa/index.html,区政情報,https://www.city.toshima.lg.jp/kuse/index.html,,23,関連確認,都市計画・用途地域
豊島区,district_plan,2,豊島区の概要,https://www.city.toshima.lg.jp/kuse/index.html#a282,区政情報,https://www.city.toshima.lg.jp/kuse/index.html,,23,関連確認,都市計画・用途地域
豊島区,district_plan,2,広聴（区政へのご意見）,https://www.city.toshima.lg.jp/kuse/index.html#a312,区政情報,https://www.city.toshima.lg.jp/kuse/index.html,,23,関連確認,都市計画・用途地域
豊島区,district_plan,2,区議会,https://www.city.toshima.lg.jp/kuse/index.html#a320,区政情報,https://www.city.toshima.lg.jp/kuse/index.html,,23,関連確認,都市計画・用途地域
豊島区,district_plan,2,公民連携・協働,https://www.city.toshima.lg.jp/kuse/index.html#a34002,区政情報,https://www.city.toshima.lg.jp/kuse/index.html,,23,関連確認,都市計画・用途地域
豊島区,district_plan,2,予算・財政,https://www.city.toshima.lg.jp/kuse/index.html#a359,区政情報,https://www.city.toshima.lg.jp/kuse/index.html,,23,関連確認,都市計画・用途地域
豊島区,district_plan,2,白書・報告,https://www.city.toshima.lg.jp/kuse/index.html#a364,区政情報,https://www.city.toshima.lg.jp/kuse/index.html,,23,関連確認,都市計画・用途地域
豊島区,district_plan,2,刊行物,https://www.city.toshima.lg.jp/kuse/index.html#a371,区政情報,https://www.city.toshima.lg.jp/kuse/index.html,,23,関連確認,都市計画・用途地域
豊島区,district_plan,2,行政情報公開・個人情報保護・公文書,https://www.city.toshima.lg.jp/kuse/index.html#a373,区政情報,https://www.city.toshima.lg.jp/kuse/index.html,,23,関連確認,都市計画・用途地域
豊島区,district_plan,2,入札・契約,https://www.city.toshima.lg.jp/kuse/index.html#a376,区政情報,https://www.city.toshima.lg.jp/kuse/index.html,,23,関連確認,都市計画・用途地域
豊島区,district_plan,2,選挙,https://www.city.toshima.lg.jp/kuse/index.html#a385,区政情報,https://www.city.toshima.lg.jp/kuse/index.html,,23,関連確認,都市計画・用途地域
豊島区,district_plan,2,監査,https://www.city.toshima.lg.jp/kuse/index.html#a400,区政情報,https://www.city.toshima.lg.jp/kuse/index.html,,23,関連確認,都市計画・用途地域
豊島区,district_plan,2,平和・人権・ジェンダー平等,https://www.city.toshima.lg.jp/kuse/index.html#a409,区政情報,https://www.city.toshima.lg.jp/kuse/index.html,,23,関連確認,都市計画・用途地域
豊島区,district_plan,2,よくある質問,https://www.city.toshima.lg.jp/kuse/index.html#a411,区政情報,https://www.city.toshima.lg.jp/kuse/index.html,,23,関連確認,都市計画・用途地域
豊島区,district_plan,2,ようこそ区長室へ,https://www.city.toshima.lg.jp/kuse/index.html#a456,区政情報,https://www.city.toshima.lg.jp/kuse/index.html,,23,関連確認,都市計画・用途地域
豊島区,district_plan,2,施策・計画・行政評価・デジタル化推進,https://www.city.toshima.lg.jp/kuse/index.html#a6671,区政情報,https://www.city.toshima.lg.jp/kuse/index.html,,23,関連確認,都市計画・用途地域
豊島区,district_plan,2,PAGE TOP,https://www.city.toshima.lg.jp/kuse/index.html#tmp_header,区政情報,https://www.city.toshima.lg.jp/kuse/index.html,,23,関連確認,都市計画・用途地域
豊島区,district_plan,2,先輩職員からのメッセージ,https://www.city.toshima.lg.jp/kuse/jinji/message/index.html,区政情報,https://www.city.toshima.lg.jp/kuse/index.html,,23,関連確認,都市計画・用途地域
豊島区,district_plan,2,行政情報公開・個人情報保護・公文書,https://www.city.toshima.lg.jp/kuse/johohogo/index.html,区政情報,https://www.city.toshima.lg.jp/kuse/index.html,,23,関連確認,都市計画・用途地域
豊島区,district_plan,2,行政情報公開制度,https://www.city.toshima.lg.jp/kuse/johohogo/johokokai/index.html,区政情報,https://www.city.toshima.lg.jp/kuse/index.html,,23,関連確認,都市計画・用途地域
豊島区,district_plan,2,個人情報保護制度,https://www.city.toshima.lg.jp/kuse/johohogo/kojinjoho/index.html,区政情報,https://www.city.toshima.lg.jp/kuse/index.html,,23,関連確認,都市計画・用途地域
豊島区,district_plan,2,刊行物,https://www.city.toshima.lg.jp/kuse/kankobutsu/index.html,区政情報,https://www.city.toshima.lg.jp/kuse/index.html,,23,関連確認,都市計画・用途地域
豊島区,district_plan,2,その他刊行物一覧,https://www.city.toshima.lg.jp/kuse/kankobutsu/sonota/index.html,区政情報,https://www.city.toshima.lg.jp/kuse/index.html,,23,関連確認,都市計画・用途地域
豊島区,district_plan,2,監査,https://www.city.toshima.lg.jp/kuse/kansa/index.html,区政情報,https://www.city.toshima.lg.jp/kuse/index.html,,23,関連確認,都市計画・用途地域
豊島区,district_plan,2,公民連携・協働,https://www.city.toshima.lg.jp/kuse/kouminrenkei/index.html,区政情報,https://www.city.toshima.lg.jp/kuse/index.html,,23,関連確認,都市計画・用途地域
豊島区,district_plan,2,公表案件,https://www.city.toshima.lg.jp/kuse/nyusatsu/anken/index.html,区政情報,https://www.city.toshima.lg.jp/kuse/index.html,,23,関連確認,都市計画・用途地域
豊島区,district_plan,2,入札・契約,https://www.city.toshima.lg.jp/kuse/nyusatsu/index.html,区政情報,https://www.city.toshima.lg.jp/kuse/index.html,,23,関連確認,都市計画・用途地域
豊島区,district_plan,2,入札結果,https://www.city.toshima.lg.jp/kuse/nyusatsu/kekka/index.html,区政情報,https://www.city.toshima.lg.jp/kuse/index.html,,23,関連確認,都市計画・用途地域
豊島区,district_plan,2,入札関連情報,https://www.city.toshima.lg.jp/kuse/nyusatsu/nyusatsu/index.html,区政情報,https://www.city.toshima.lg.jp/kuse/index.html,,23,関連確認,都市計画・用途地域
豊島区,district_plan,2,プロポーザル関連情報,https://www.city.toshima.lg.jp/kuse/nyusatsu/proposal/index.html,区政情報,https://www.city.toshima.lg.jp/kuse/index.html,,23,関連確認,都市計画・用途地域
豊島区,district_plan,2,参加資格,https://www.city.toshima.lg.jp/kuse/nyusatsu/shikaku/index.html,区政情報,https://www.city.toshima.lg.jp/kuse/index.html,,23,関連確認,都市計画・用途地域
豊島区,district_plan,2,随意契約情報,https://www.city.toshima.lg.jp/kuse/nyusatsu/zui/index.html,区政情報,https://www.city.toshima.lg.jp/kuse/index.html,,23,関連確認,都市計画・用途地域
豊島区,district_plan,2,庁舎跡地の活用（Hareza 池袋）,https://www.city.toshima.lg.jp/kuse/project/hareza/index.html,区政情報,https://www.city.toshima.lg.jp/kuse/index.html,,23,関連確認,都市計画・用途地域
豊島区,district_plan,2,施策・計画・行政評価・デジタル化推進,https://www.city.toshima.lg.jp/kuse/project/index.html,区政情報,https://www.city.toshima.lg.jp/kuse/index.html,,23,関連確認,都市計画・用途地域
豊島区,district_plan,2,様々な地域との共生,https://www.city.toshima.lg.jp/kuse/project/kyousei/index.html,区政情報,https://www.city.toshima.lg.jp/kuse/index.html,,23,関連確認,都市計画・用途地域
豊島区,district_plan,2,豊島区例規集・要綱集,https://www.city.toshima.lg.jp/kuse/reki/index.html,区政情報,https://www.city.toshima.lg.jp/kuse/index.html,,23,関連確認,都市計画・用途地域
豊島区,district_plan,2,選挙運動・政治活動,https://www.city.toshima.lg.jp/kuse/senkyo/1603151127.html,区政情報,https://www.city.toshima.lg.jp/kuse/index.html,,23,関連確認,都市計画・用途地域
豊島区,district_plan,2,選挙,https://www.city.toshima.lg.jp/kuse/senkyo/index.html,区政情報,https://www.city.toshima.lg.jp/kuse/index.html,,23,関連確認,都市計画・用途地域
豊島区,district_plan,2,過去の選挙,https://www.city.toshima.lg.jp/kuse/senkyo/kako/index.html,区政情報,https://www.city.toshima.lg.jp/kuse/index.html,,23,関連確認,都市計画・用途地域
豊島区,district_plan,2,会議の一覧,https://www.city.toshima.lg.jp/kuse/shingi/kaigiichiran/index.html,区政情報,https://www.city.toshima.lg.jp/kuse/index.html,,23,関連確認,都市計画・用途地域
豊島区,district_plan,2,行政評価,https://www.city.toshima.lg.jp/kuse/shisaku/gyosehyoka/index.html,区政情報,https://www.city.toshima.lg.jp/kuse/index.html,,23,関連確認,都市計画・用途地域
豊島区,district_plan,2,予算・財政,https://www.city.toshima.lg.jp/kuse/shisaku/index.html,区政情報,https://www.city.toshima.lg.jp/kuse/index.html,,23,関連確認,都市計画・用途地域
豊島区,district_plan,2,基本構想・基本計画・実施計画,https://www.city.toshima.lg.jp/kuse/shisaku/kihoukousou/index.html,区政情報,https://www.city.toshima.lg.jp/kuse/index.html,,23,関連確認,都市計画・用途地域
豊島区,district_plan,2,白書・報告,https://www.city.toshima.lg.jp/kuse/shisaku/shisaku/hakusho/index.html,区政情報,https://www.city.toshima.lg.jp/kuse/index.html,,23,関連確認,都市計画・用途地域
豊島区,district_plan,2,道路管理（台帳・境界・占用等）に関すること,https://www.city.toshima.lg.jp/machizukuri/doro/dorokanri/index.html,まちづくり・環境・産業,https://www.city.toshima.lg.jp/machizukuri/index.html,,23,関連確認,都市計画・用途地域
豊島区,district_plan,2,道路整備に関すること,https://www.city.toshima.lg.jp/machizukuri/doro/doroseibi/index.html,まちづくり・環境・産業,https://www.city.toshima.lg.jp/machizukuri/index.html,,23,関連確認,都市計画・用途地域
豊島区,district_plan,2,道路・橋りょう,https://www.city.toshima.lg.jp/machizukuri/doro/index.html,まちづくり・環境・産業,https://www.city.toshima.lg.jp/machizukuri/index.html,,23,関連確認,都市計画・用途地域
豊島区,district_plan,2,住まい・建築・環境保全,https://www.city.toshima.lg.jp/machizukuri/index.html#a235,まちづくり・環境・産業,https://www.city.toshima.lg.jp/machizukuri/index.html,,23,関連確認,都市計画・用途地域
豊島区,district_plan,2,環境・エネルギー,https://www.city.toshima.lg.jp/machizukuri/index.html#a251,まちづくり・環境・産業,https://www.city.toshima.lg.jp/machizukuri/index.html,,23,関連確認,都市計画・用途地域
豊島区,district_plan,2,土地・開発,https://www.city.toshima.lg.jp/machizukuri/index.html#a255,まちづくり・環境・産業,https://www.city.toshima.lg.jp/machizukuri/index.html,,23,関連確認,都市計画・用途地域
豊島区,district_plan,2,都市計画・まちづくり,https://www.city.toshima.lg.jp/machizukuri/index.html#a257,まちづくり・環境・産業,https://www.city.toshima.lg.jp/machizukuri/index.html,,23,関連確認,都市計画・用途地域
豊島区,district_plan,2,道路・橋りょう,https://www.city.toshima.lg.jp/machizukuri/index.html#a267,まちづくり・環境・産業,https://www.city.toshima.lg.jp/machizukuri/index.html,,23,関連確認,都市計画・用途地域
豊島区,district_plan,2,就職・しごと,https://www.city.toshima.lg.jp/machizukuri/index.html#a277,まちづくり・環境・産業,https://www.city.toshima.lg.jp/machizukuri/index.html,,23,関連確認,都市計画・用途地域
豊島区,district_plan,2,産業,https://www.city.toshima.lg.jp/machizukuri/index.html#a278,まちづくり・環境・産業,https://www.city.toshima.lg.jp/machizukuri/index.html,,23,関連確認,都市計画・用途地域
豊島区,district_plan,2,公園・緑化,https://www.city.toshima.lg.jp/machizukuri/index.html#a51822,まちづくり・環境・産業,https://www.city.toshima.lg.jp/machizukuri/index.html,,23,関連確認,都市計画・用途地域
豊島区,district_plan,2,PAGE TOP,https://www.city.toshima.lg.jp/machizukuri/index.html#tmp_header,まちづくり・環境・産業,https://www.city.toshima.lg.jp/machizukuri/index.html,,23,関連確認,都市計画・用途地域
豊島区,district_plan,2,公園・緑化,https://www.city.toshima.lg.jp/machizukuri/koen/index.html,まちづくり・環境・産業,https://www.city.toshima.lg.jp/machizukuri/index.html,,23,関連確認,都市計画・用途地域
豊島区,district_plan,2,公共交通・自動車・自転車,https://www.city.toshima.lg.jp/machizukuri/kotsu/index.html,暮らし・地域,https://www.city.toshima.lg.jp/kurashi/index.html,,23,関連確認,都市計画・用途地域
豊島区,district_plan,2,自転車に関すること,https://www.city.toshima.lg.jp/machizukuri/kotsu/jitensha/index.html,暮らし・地域,https://www.city.toshima.lg.jp/kurashi/index.html,,23,関連確認,都市計画・用途地域
豊島区,district_plan,2,自動車臨時運行許可（仮ナンバー）に関すること,https://www.city.toshima.lg.jp/machizukuri/kotsu/karinumber/index.html,暮らし・地域,https://www.city.toshima.lg.jp/kurashi/index.html,,23,関連確認,都市計画・用途地域
豊島区,district_plan,2,公共交通に関すること,https://www.city.toshima.lg.jp/machizukuri/kotsu/kokyo/index.html,暮らし・地域,https://www.city.toshima.lg.jp/kurashi/index.html,,23,関連確認,都市計画・用途地域
豊島区,district_plan,2,交通安全に関すること,https://www.city.toshima.lg.jp/machizukuri/kotsu/kotsuanzen/index.html,暮らし・地域,https://www.city.toshima.lg.jp/kurashi/index.html,,23,関連確認,都市計画・用途地域
豊島区,district_plan,2,交通保険に関すること,https://www.city.toshima.lg.jp/machizukuri/kotsu/kotsuhoken/index.html,暮らし・地域,https://www.city.toshima.lg.jp/kurashi/index.html,,23,関連確認,都市計画・用途地域
豊島区,district_plan,2,産業,https://www.city.toshima.lg.jp/machizukuri/sangyo/index.html,まちづくり・環境・産業,https://www.city.toshima.lg.jp/machizukuri/index.html,,23,関連確認,都市計画・用途地域
豊島区,district_plan,2,商店街,https://www.city.toshima.lg.jp/machizukuri/sangyo/shotengai/index.html,まちづくり・環境・産業,https://www.city.toshima.lg.jp/machizukuri/index.html,,23,関連確認,都市計画・用途地域
豊島区,district_plan,2,環境・エネルギー,https://www.city.toshima.lg.jp/machizukuri/shizen/index.html,まちづくり・環境・産業,https://www.city.toshima.lg.jp/machizukuri/index.html,,23,関連確認,都市計画・用途地域
豊島区,district_plan,2,環境教育,https://www.city.toshima.lg.jp/machizukuri/shizen/kyoiku/index.html,まちづくり・環境・産業,https://www.city.toshima.lg.jp/machizukuri/index.html,,23,関連確認,都市計画・用途地域
豊島区,district_plan,2,緑化,https://www.city.toshima.lg.jp/machizukuri/shizen/ryokuka/index.html,まちづくり・環境・産業,https://www.city.toshima.lg.jp/machizukuri/index.html,,23,関連確認,都市計画・用途地域
豊島区,district_plan,2,環境政策,https://www.city.toshima.lg.jp/machizukuri/shizen/seisaku/index.html,まちづくり・環境・産業,https://www.city.toshima.lg.jp/machizukuri/index.html,,23,関連確認,都市計画・用途地域
豊島区,district_plan,2,庁内地球温暖化対策,https://www.city.toshima.lg.jp/machizukuri/shizen/shisaku/index.html,まちづくり・環境・産業,https://www.city.toshima.lg.jp/machizukuri/index.html,,23,関連確認,都市計画・用途地域
豊島区,district_plan,2,就職・しごと,https://www.city.toshima.lg.jp/machizukuri/shushoku/index.html,まちづくり・環境・産業,https://www.city.toshima.lg.jp/machizukuri/index.html,,23,関連確認,都市計画・用途地域
豊島区,district_plan,2,環境美化,https://www.city.toshima.lg.jp/machizukuri/sumai/bika/index.html,まちづくり・環境・産業,https://www.city.toshima.lg.jp/machizukuri/index.html,,23,関連確認,都市計画・用途地域
豊島区,district_plan,2,住まい・建築・環境保全,https://www.city.toshima.lg.jp/machizukuri/sumai/index.html,まちづくり・環境・産業,https://www.city.toshima.lg.jp/machizukuri/index.html,,23,関連確認,都市計画・用途地域
豊島区,district_plan,2,住宅,https://www.city.toshima.lg.jp/machizukuri/sumai/jutaku/index.html,まちづくり・環境・産業,https://www.city.toshima.lg.jp/machizukuri/index.html,,23,関連確認,都市計画・用途地域
豊島区,district_plan,2,建築,https://www.city.toshima.lg.jp/machizukuri/sumai/kenchiku/index.html,まちづくり・環境・産業,https://www.city.toshima.lg.jp/machizukuri/index.html,,23,関連確認,都市計画・用途地域
豊島区,district_plan,2,公園,https://www.city.toshima.lg.jp/machizukuri/sumai/koen/index.html,まちづくり・環境・産業,https://www.city.toshima.lg.jp/machizukuri/index.html,,23,関連確認,都市計画・用途地域
豊島区,district_plan,2,公害対策,https://www.city.toshima.lg.jp/machizukuri/sumai/kogai/index.html,まちづくり・環境・産業,https://www.city.toshima.lg.jp/machizukuri/index.html,,23,関連確認,都市計画・用途地域
豊島区,district_plan,2,土地・開発,https://www.city.toshima.lg.jp/machizukuri/tochi/index.html,まちづくり・環境・産業,https://www.city.toshima.lg.jp/machizukuri/index.html,,23,関連確認,都市計画・用途地域
豊島区,district_plan,2,土地取引,https://www.city.toshima.lg.jp/machizukuri/tochi/torihiki/index.html,まちづくり・環境・産業,https://www.city.toshima.lg.jp/machizukuri/index.html,,23,関連確認,都市計画・用途地域
豊島区,district_plan,2,都市計画・まちづくり,https://www.city.toshima.lg.jp/machizukuri/toshikekaku/index.html,まちづくり・環境・産業,https://www.city.toshima.lg.jp/machizukuri/index.html,,23,関連確認,都市計画・用途地域
豊島区,district_plan,2,景観に関すること（景観法に基づく届出等）,https://www.city.toshima.lg.jp/machizukuri/toshikekaku/kekan/index.html,まちづくり・環境・産業,https://www.city.toshima.lg.jp/machizukuri/index.html,,23,関連確認,都市計画・用途地域
豊島区,district_plan,2,交通に関すること（交通政策・駐車場等）,https://www.city.toshima.lg.jp/machizukuri/toshikekaku/kotsu/index.html,まちづくり・環境・産業,https://www.city.toshima.lg.jp/machizukuri/index.html,,23,関連確認,都市計画・用途地域
豊島区,district_plan,2,まちづくり事業に関すること（再開発事業等）,https://www.city.toshima.lg.jp/machizukuri/toshikekaku/machizukuri/index.html,まちづくり・環境・産業,https://www.city.toshima.lg.jp/machizukuri/index.html,,23,関連確認,都市計画・用途地域
豊島区,district_plan,2,池袋周辺,https://www.city.toshima.lg.jp/miryoku/ikebukuro/index.html,としまの魅力,https://www.city.toshima.lg.jp/miryoku/index.html,,23,関連確認,都市計画・用途地域
豊島区,district_plan,2,PAGE TOP,https://www.city.toshima.lg.jp/miryoku/index.html#tmp_header,としまの魅力,https://www.city.toshima.lg.jp/miryoku/index.html,,23,関連確認,都市計画・用途地域
豊島区,district_plan,2,Scroll,https://www.city.toshima.lg.jp/miryoku/index.html#tmp_pickup,としまの魅力,https://www.city.toshima.lg.jp/miryoku/index.html,,23,関連確認,都市計画・用途地域
豊島区,district_plan,2,めぐる まち案内やふくろうめぐり、散歩コースなど地元の魅力をご紹介します。,https://www.city.toshima.lg.jp/miryoku/meguru/index.html,としまの魅力,https://www.city.toshima.lg.jp/miryoku/index.html,,23,関連確認,都市計画・用途地域
豊島区,district_plan,2,,https://www.city.toshima.lg.jp/miryoku/meguru/manga/index.html,文化・スポーツ,https://www.city.toshima.lg.jp/bunka/index.html,,23,関連確認,都市計画・用途地域
豊島区,district_plan,2,目白・高田・雑司が谷 都電・副都心線,https://www.city.toshima.lg.jp/miryoku/mejiro/index.html,としまの魅力,https://www.city.toshima.lg.jp/miryoku/index.html,,23,関連確認,都市計画・用途地域
豊島区,district_plan,2,長崎・千川・千早 ・高松・要町 西武線・有楽町線,https://www.city.toshima.lg.jp/miryoku/nagasaki/index.html,としまの魅力,https://www.city.toshima.lg.jp/miryoku/index.html,,23,関連確認,都市計画・用途地域
豊島区,district_plan,2,大塚・巣鴨・駒込 山手線,https://www.city.toshima.lg.jp/miryoku/otsuka/index.html,としまの魅力,https://www.city.toshima.lg.jp/miryoku/index.html,,23,関連確認,都市計画・用途地域
豊島区,district_plan,2,知る 豊島区の地域の歴史、観光情報、活動団体などをご紹介します。,https://www.city.toshima.lg.jp/miryoku/shiru/index.html,としまの魅力,https://www.city.toshima.lg.jp/miryoku/index.html,,23,関連確認,都市計画・用途地域
豊島区,district_plan,2,PAGE TOP,https://www.city.toshima.lg.jp/moji/index.html#tmp_header,文字サイズ・色合い変更,https://www.city.toshima.lg.jp/moji/index.html,,23,関連確認,都市計画・用途地域
豊島区,district_plan,2,パブリックコメント,https://www.city.toshima.lg.jp/public1/index.html,区政情報,https://www.city.toshima.lg.jp/kuse/index.html,,23,関連確認,都市計画・用途地域
豊島区,district_plan,2,PAGE TOP,https://www.city.toshima.lg.jp/search_result.html#tmp_header,検索,https://www.city.toshima.lg.jp/search_result.html,,23,関連確認,都市計画・用途地域
豊島区,district_plan,2,マイナンバー,https://www.city.toshima.lg.jp/tetsuzuki/index.html#a10379,手続き・届出,https://www.city.toshima.lg.jp/tetsuzuki/index.html,,23,関連確認,都市計画・用途地域
豊島区,district_plan,2,届出・証明・登録（戸籍・住民票など）,https://www.city.toshima.lg.jp/tetsuzuki/index.html#a35,手続き・届出,https://www.city.toshima.lg.jp/tetsuzuki/index.html,,23,関連確認,都市計画・用途地域
豊島区,district_plan,2,国民年金,https://www.city.toshima.lg.jp/tetsuzuki/index.html#a40,手続き・届出,https://www.city.toshima.lg.jp/tetsuzuki/index.html,,23,関連確認,都市計画・用途地域
豊島区,district_plan,2,国民健康保険,https://www.city.toshima.lg.jp/tetsuzuki/index.html#a43,手続き・届出,https://www.city.toshima.lg.jp/tetsuzuki/index.html,,23,関連確認,都市計画・用途地域
豊島区,district_plan,2,後期高齢者医療制度,https://www.city.toshima.lg.jp/tetsuzuki/index.html#a47,手続き・届出,https://www.city.toshima.lg.jp/tetsuzuki/index.html,,23,関連確認,都市計画・用途地域
豊島区,district_plan,2,税金,https://www.city.toshima.lg.jp/tetsuzuki/index.html#a54,手続き・届出,https://www.city.toshima.lg.jp/tetsuzuki/index.html,,23,関連確認,都市計画・用途地域
豊島区,district_plan,2,PAGE TOP,https://www.city.toshima.lg.jp/tetsuzuki/index.html#tmp_header,手続き・届出,https://www.city.toshima.lg.jp/tetsuzuki/index.html,,23,関連確認,都市計画・用途地域
豊島区,district_plan,2,業務一覧,https://www.city.toshima.lg.jp/tetsuzuki/koresha/gyomu/index.html,手続き・届出,https://www.city.toshima.lg.jp/tetsuzuki/index.html,,23,関連確認,都市計画・用途地域
豊島区,district_plan,2,後期高齢者医療制度について,https://www.city.toshima.lg.jp/tetsuzuki/koresha/iryoseido/index.html,手続き・届出,https://www.city.toshima.lg.jp/tetsuzuki/index.html,,23,関連確認,都市計画・用途地域
豊島区,district_plan,2,マイナンバー,https://www.city.toshima.lg.jp/tetsuzuki/mynumber/index.html,手続き・届出,https://www.city.toshima.lg.jp/tetsuzuki/index.html,,23,関連確認,都市計画・用途地域
豊島区,district_plan,2,マイナンバーカード・電子証明書,https://www.city.toshima.lg.jp/tetsuzuki/mynumber/mynumbercard/index.html,手続き・届出,https://www.city.toshima.lg.jp/tetsuzuki/index.html,,23,関連確認,都市計画・用途地域
豊島区,district_plan,2,保険料について,https://www.city.toshima.lg.jp/tetsuzuki/nenkin/hokenryo/index.html,手続き・届出,https://www.city.toshima.lg.jp/tetsuzuki/index.html,,23,関連確認,都市計画・用途地域
豊島区,district_plan,2,後期高齢者医療制度,https://www.city.toshima.lg.jp/tetsuzuki/nenkin/koresha/index.html,手続き・届出,https://www.city.toshima.lg.jp/tetsuzuki/index.html,,23,関連確認,都市計画・用途地域
豊島区,district_plan,2,給付について,https://www.city.toshima.lg.jp/tetsuzuki/nenkin/kyufu/index.html,手続き・届出,https://www.city.toshima.lg.jp/tetsuzuki/index.html,,23,関連確認,都市計画・用途地域
豊島区,district_plan,2,国民年金,https://www.city.toshima.lg.jp/tetsuzuki/nenkin/nenkin/index.html,手続き・届出,https://www.city.toshima.lg.jp/tetsuzuki/index.html,,23,関連確認,都市計画・用途地域
豊島区,district_plan,2,制度・加入について,https://www.city.toshima.lg.jp/tetsuzuki/nenkin/seido/index.html,手続き・届出,https://www.city.toshima.lg.jp/tetsuzuki/index.html,,23,関連確認,都市計画・用途地域
豊島区,district_plan,2,届け出について,https://www.city.toshima.lg.jp/tetsuzuki/nenkin/todokede/index.html,手続き・届出,https://www.city.toshima.lg.jp/tetsuzuki/index.html,,23,関連確認,都市計画・用途地域
豊島区,district_plan,2,印鑑登録・印鑑登録証明書,https://www.city.toshima.lg.jp/tetsuzuki/todokede/inkantoroku/index.html,手続き・届出,https://www.city.toshima.lg.jp/tetsuzuki/index.html,,23,関連確認,都市計画・用途地域
豊島区,district_plan,2,住民票に関する各種証明書,https://www.city.toshima.lg.jp/tetsuzuki/todokede/juminhyo/index.html,手続き・届出,https://www.city.toshima.lg.jp/tetsuzuki/index.html,,23,関連確認,都市計画・用途地域
豊島区,district_plan,2,住民基本台帳カード,https://www.city.toshima.lg.jp/tetsuzuki/todokede/juminkihondaichocard/index.html,手続き・届出,https://www.city.toshima.lg.jp/tetsuzuki/index.html,,23,関連確認,都市計画・用途地域
豊島区,district_plan,2,戸籍に関する各種証明書,https://www.city.toshima.lg.jp/tetsuzuki/todokede/koseki/index.html,手続き・届出,https://www.city.toshima.lg.jp/tetsuzuki/index.html,,23,関連確認,都市計画・用途地域
豊島区,district_plan,2,戸籍届出,https://www.city.toshima.lg.jp/tetsuzuki/todokede/todokede/index.html,手続き・届出,https://www.city.toshima.lg.jp/tetsuzuki/index.html,,23,関連確認,都市計画・用途地域
豊島区,district_plan,2,税金,https://www.city.toshima.lg.jp/tetsuzuki/ze/index.html,手続き・届出,https://www.city.toshima.lg.jp/tetsuzuki/index.html,,23,関連確認,都市計画・用途地域
豊島区,district_plan,2,軽自動車税,https://www.city.toshima.lg.jp/tetsuzuki/ze/kejidosha/index.html,手続き・届出,https://www.city.toshima.lg.jp/tetsuzuki/index.html,,23,関連確認,都市計画・用途地域
豊島区,district_plan,2,リンク集,https://www.city.toshima.lg.jp/tetsuzuki/ze/link/index.html,手続き・届出,https://www.city.toshima.lg.jp/tetsuzuki/index.html,,23,関連確認,都市計画・用途地域
豊島区,district_plan,2,トピックス・税,https://www.city.toshima.lg.jp/tetsuzuki/ze/topics/index.html,手続き・届出,https://www.city.toshima.lg.jp/tetsuzuki/index.html,,23,関連確認,都市計画・用途地域
豊島区,district_plan,2,教育,https://www.city.toshima.lg.jp/toshimanokyoiku/index.html,としまの魅力,https://www.city.toshima.lg.jp/miryoku/index.html,,23,関連確認,都市計画・用途地域
豊島区,district_plan,2,SDGs未来都市豊島区,https://www.city.toshima.lg.jp/toshimanow/sdgs/index.html,区政情報,https://www.city.toshima.lg.jp/kuse/index.html,,23,関連確認,都市計画・用途地域
豊島区,district_plan,1,PAGE TOP,https://www.city.toshima.lg.jp/#tmp_header,公式トップ,https://www.city.toshima.lg.jp/,,20,関連確認,都市計画・用途地域
豊島区,district_plan,1,窓口受付時間,https://www.city.toshima.lg.jp/000/kuse/madoguchijikan.html,公式トップ,https://www.city.toshima.lg.jp/,,20,関連確認,都市計画・用途地域
豊島区,district_plan,1,としまのお財布・当初予算ミニブック,https://www.city.toshima.lg.jp/004/kuse/shisaku/shisaku/kekaku/zaise.html,公式トップ,https://www.city.toshima.lg.jp/,,20,関連確認,都市計画・用途地域
豊島区,district_plan,1,注目情報 5月3日 区長緊急メッセージ(子育てに関する悩みや不安を抱える皆さまへ),https://www.city.toshima.lg.jp/010/2605031352.html,公式トップ,https://www.city.toshima.lg.jp/,,20,関連確認,都市計画・用途地域
豊島区,district_plan,1,検索方法,https://www.city.toshima.lg.jp/012/019535.html,公式トップ,https://www.city.toshima.lg.jp/,,20,関連確認,都市計画・用途地域
豊島区,district_plan,1,ページID検索とは,https://www.city.toshima.lg.jp/012/idkensaku.html,公式トップ,https://www.city.toshima.lg.jp/,,20,関連確認,都市計画・用途地域
豊島区,district_plan,1,関連リンク集,https://www.city.toshima.lg.jp/012/link.html,公式トップ,https://www.city.toshima.lg.jp/,,20,関連確認,都市計画・用途地域
豊島区,district_plan,1,個人情報の取り扱い,https://www.city.toshima.lg.jp/012/privacy.html,公式トップ,https://www.city.toshima.lg.jp/,,20,関連確認,都市計画・用途地域
豊島区,district_plan,1,豊島区役所コールセンターのご案内,https://www.city.toshima.lg.jp/016/kuse/iken/callcenter/1504281701.html,公式トップ,https://www.city.toshima.lg.jp/,,20,関連確認,都市計画・用途地域
豊島区,district_plan,1,防災関連SNS,https://www.city.toshima.lg.jp/042/bosai/taisaku/bosaijoho/032031.html,公式トップ,https://www.city.toshima.lg.jp/,,20,関連確認,都市計画・用途地域
豊島区,district_plan,1,2026年4月25日から2027年4月11日 令和8年度展示「文学と美術の共鳴－フランス文学者・鈴木信太郎と芸術をめぐる物語－」,https://www.city.toshima.lg.jp/129/2602121428.html,公式トップ,https://www.city.toshima.lg.jp/,,20,関連確認,都市計画・用途地域
豊島区,district_plan,1,2026年4月18日から2026年6月21日 令和8年度第1回収蔵資料展「江戸園芸のメソッド　～江戸っ子たちの花めぐり～」,https://www.city.toshima.lg.jp/129/2602251308.html,公式トップ,https://www.city.toshima.lg.jp/,,20,関連確認,都市計画・用途地域
豊島区,district_plan,1,2026年4月14日から2026年6月28日 熊谷守一美術館41周年展 守一と故郷。,https://www.city.toshima.lg.jp/129/bunka/bunka/shiryokan/morikazu/2602150927.html,公式トップ,https://www.city.toshima.lg.jp/,,20,関連確認,都市計画・用途地域
豊島区,district_plan,1,2026年6月5日から2026年6月7日 第24回東京フラフェスタin池袋2026,https://www.city.toshima.lg.jp/130/2603131520.html,公式トップ,https://www.city.toshima.lg.jp/,,20,関連確認,都市計画・用途地域
豊島区,district_plan,1,2026年5月3日から2026年5月24日 第25回大塚バラまつり,https://www.city.toshima.lg.jp/132/2602170920.html,公式トップ,https://www.city.toshima.lg.jp/,,20,関連確認,都市計画・用途地域
豊島区,district_plan,1,粗大ごみ,https://www.city.toshima.lg.jp/150/kurashi/gomi/shigen/009383.html,公式トップ,https://www.city.toshima.lg.jp/,,20,関連確認,都市計画・用途地域
豊島区,district_plan,1,新着情報 5月12日 豊島区介護サービス事業所経営安定臨時支援金を交付します,https://www.city.toshima.lg.jp/193/2604271513.html,公式トップ,https://www.city.toshima.lg.jp/,,20,関連確認,都市計画・用途地域
豊島区,district_plan,1,【池袋保健所移転】豊島区保健所が開所しました,https://www.city.toshima.lg.jp/208/kenko/kenko/251101.html,公式トップ,https://www.city.toshima.lg.jp/,,20,関連確認,都市計画・用途地域
豊島区,district_plan,1,休日・夜間診療,https://www.city.toshima.lg.jp/208/kenko/kenko/kenkoiryokanren/009881.html,公式トップ,https://www.city.toshima.lg.jp/,,20,関連確認,都市計画・用途地域
豊島区,district_plan,1,SNS,https://www.city.toshima.lg.jp/419/kuse/sns.html,公式トップ,https://www.city.toshima.lg.jp/,,20,関連確認,都市計画・用途地域
豊島区,district_plan,1,豊島区防災ポータル・防災アプリ,https://www.city.toshima.lg.jp/420/bosai/taisaku/bosaiportalsite.html,公式トップ,https://www.city.toshima.lg.jp/,,20,関連確認,都市計画・用途地域
豊島区,district_plan,1,としまキッズパーク,https://www.city.toshima.lg.jp/454/shisetsu/koen/documents/2009141032.html,公式トップ,https://www.city.toshima.lg.jp/,,20,関連確認,都市計画・用途地域
豊島区,district_plan,1,2026年4月4日から2026年7月26日 トキワ荘マンガミュージアム特別企画展　 赤塚不二夫生誕90周年 「ギャグマンガの王様誕生　赤塚不二夫展～すべては『ナマちゃん』から始まった～」,https://www.city.toshima.lg.jp/467/2601301242.html,公式トップ,https://www.city.toshima.lg.jp/,,20,関連確認,都市計画・用途地域
豊島区,district_plan,1,新着情報 5月11日 孤独・孤立対策について,https://www.city.toshima.lg.jp/524/kenko/sekatsu/2310111459.html,公式トップ,https://www.city.toshima.lg.jp/,,20,関連確認,都市計画・用途地域
豊島区,district_plan,1,2026年4月4日から2026年12月18日 IKEBUKURO LIVING LOOP（池袋リビングループ）,https://www.city.toshima.lg.jp/549/machizukuri/toshikekaku/toshikekaku/2603251039.html,公式トップ,https://www.city.toshima.lg.jp/,,20,関連確認,都市計画・用途地域
豊島区,district_plan,1,新着情報 5月12日 豊島区障害福祉サービス事業者等経営安定臨時支援金について,https://www.city.toshima.lg.jp/586/kenko/shogai/2603251344.html,公式トップ,https://www.city.toshima.lg.jp/,,20,関連確認,都市計画・用途地域
豊島区,district_plan,1,令和8年度豊島区民による事業提案制度,https://www.city.toshima.lg.jp/595/2603191627.html,公式トップ,https://www.city.toshima.lg.jp/,,20,関連確認,都市計画・用途地域
豊島区,district_plan,1,広告一覧ページへ,https://www.city.toshima.lg.jp/banner/1/banner_list_1.html,公式トップ,https://www.city.toshima.lg.jp/,,20,関連確認,都市計画・用途地域
豊島区,district_plan,1,防災・安全,https://www.city.toshima.lg.jp/bosai/index.html,公式トップ,https://www.city.toshima.lg.jp/,,20,関連確認,都市計画・用途地域
豊島区,district_plan,1,文化・スポーツ,https://www.city.toshima.lg.jp/bunka/index.html,公式トップ,https://www.city.toshima.lg.jp/,,20,関連確認,都市計画・用途地域
豊島区,district_plan,1,アクセス,https://www.city.toshima.lg.jp/chosha/access.html,公式トップ,https://www.city.toshima.lg.jp/,,20,関連確認,都市計画・用途地域
豊島区,district_plan,1,区役所案内,https://www.city.toshima.lg.jp/chosha/index.html,公式トップ,https://www.city.toshima.lg.jp/,,20,関連確認,都市計画・用途地域
豊島区,district_plan,1,事業者,https://www.city.toshima.lg.jp/guide/jigyosha.html,公式トップ,https://www.city.toshima.lg.jp/,,20,関連確認,都市計画・用途地域
豊島区,district_plan,1,人材募集,https://www.city.toshima.lg.jp/guide/jinzaiboshuchu.html,公式トップ,https://www.city.toshima.lg.jp/,,20,関連確認,都市計画・用途地域
豊島区,district_plan,1,出産・子育て,https://www.city.toshima.lg.jp/guide/shussan.html,公式トップ,https://www.city.toshima.lg.jp/,,20,関連確認,都市計画・用途地域
豊島区,district_plan,1,日本語,https://www.city.toshima.lg.jp/index.html,公式トップ,https://www.city.toshima.lg.jp/,,20,関連確認,都市計画・用途地域
豊島区,district_plan,1,外国人のための 生活インフォメーション DAILY LIFE INFORMATION,https://www.city.toshima.lg.jp/info/index.html,公式トップ,https://www.city.toshima.lg.jp/,,20,関連確認,都市計画・用途地域
豊島区,district_plan,1,健康・医療・福祉,https://www.city.toshima.lg.jp/kenko/index.html,公式トップ,https://www.city.toshima.lg.jp/,,20,関連確認,都市計画・用途地域
豊島区,district_plan,1,キッズページ,https://www.city.toshima.lg.jp/kids/index.html,公式トップ,https://www.city.toshima.lg.jp/,,20,関連確認,都市計画・用途地域
豊島区,district_plan,1,緊急情報一覧,https://www.city.toshima.lg.jp/kinkyu/index.html,公式トップ,https://www.city.toshima.lg.jp/,,20,関連確認,都市計画・用途地域
豊島区,district_plan,1,子育て・教育,https://www.city.toshima.lg.jp/kosodate/index.html,公式トップ,https://www.city.toshima.lg.jp/,,20,関連確認,都市計画・用途地域
豊島区,district_plan,1,保育,https://www.city.toshima.lg.jp/kosodate/kosodate/1809211404.html,公式トップ,https://www.city.toshima.lg.jp/,,20,関連確認,都市計画・用途地域
豊島区,district_plan,1,ごみ・リサイクル,https://www.city.toshima.lg.jp/kurashi/gomi/index.html,公式トップ,https://www.city.toshima.lg.jp/,,20,関連確認,都市計画・用途地域
豊島区,district_plan,1,暮らし・地域,https://www.city.toshima.lg.jp/kurashi/index.html,公式トップ,https://www.city.toshima.lg.jp/,,20,関連確認,都市計画・用途地域
豊島区,district_plan,1,豊島区議会,https://www.city.toshima.lg.jp/kuse/gikai/index.html,公式トップ,https://www.city.toshima.lg.jp/,,20,関連確認,都市計画・用途地域
豊島区,district_plan,1,区政への 意見・参画,https://www.city.toshima.lg.jp/kuse/iken/index.html,公式トップ,https://www.city.toshima.lg.jp/,,20,関連確認,都市計画・用途地域
豊島区,district_plan,1,区政情報,https://www.city.toshima.lg.jp/kuse/index.html,公式トップ,https://www.city.toshima.lg.jp/,,20,関連確認,都市計画・用途地域
豊島区,district_plan,1,ようこそ区長室へ,https://www.city.toshima.lg.jp/kuse/kuchoshitsu.html,公式トップ,https://www.city.toshima.lg.jp/,,20,関連確認,都市計画・用途地域
豊島区,district_plan,1,目指す姿（計画・方針）,https://www.city.toshima.lg.jp/kuse/shisaku/shisaku/kekaku/index.html,公式トップ,https://www.city.toshima.lg.jp/,,20,関連確認,都市計画・用途地域
豊島区,district_plan,1,組織案内,https://www.city.toshima.lg.jp/kuse/soshiki/index.html,公式トップ,https://www.city.toshima.lg.jp/,,20,関連確認,都市計画・用途地域
豊島区,district_plan,1,まちづくり・環境・産業,https://www.city.toshima.lg.jp/machizukuri/index.html,公式トップ,https://www.city.toshima.lg.jp/,,20,関連確認,都市計画・用途地域
豊島区,district_plan,1,としまの魅力,https://www.city.toshima.lg.jp/miryoku/index.html,公式トップ,https://www.city.toshima.lg.jp/,,20,関連確認,都市計画・用途地域
豊島区,district_plan,1,文字サイズ・色合い変更,https://www.city.toshima.lg.jp/moji/index.html,公式トップ,https://www.city.toshima.lg.jp/,,20,関連確認,都市計画・用途地域
豊島区,district_plan,1,検索,https://www.city.toshima.lg.jp/search_result.html,公式トップ,https://www.city.toshima.lg.jp/,,20,関連確認,都市計画・用途地域
豊島区,district_plan,1,すずらんスマイルプロジェクト,https://www.city.toshima.lg.jp/suzuran/smile/index.html,公式トップ,https://www.city.toshima.lg.jp/,,20,関連確認,都市計画・用途地域
豊島区,district_plan,1,届出・証明・登録（戸籍・住民票など）,https://www.city.toshima.lg.jp/tetsuzuki/todokede/index.html,公式トップ,https://www.city.toshima.lg.jp/,,20,関連確認,都市計画・用途地域
豊島区,district_plan,1,としまの公園,https://www.city.toshima.lg.jp/toshimanokoen/index.html,公式トップ,https://www.city.toshima.lg.jp/,,20,関連確認,都市計画・用途地域
豊島区,district_plan,2,手続き等で来庁を検討しているかたへ,https://www.city.toshima.lg.jp/013/2003021019.html,手続き・届出,https://www.city.toshima.lg.jp/tetsuzuki/index.html,,13,参考,都市計画・用途地域
豊島区,district_plan,2,公共施設のPPP/PFIについて,https://www.city.toshima.lg.jp/066/1801191514.html,区政情報,https://www.city.toshima.lg.jp/kuse/index.html,,13,参考,都市計画・用途地域
豊島区,district_plan,2,企画課（施設計画担当）（白書・報告書）,https://www.city.toshima.lg.jp/066/kuse/shisaku/shisaku/hakusho/011708/index.html,区政情報,https://www.city.toshima.lg.jp/kuse/index.html,,13,参考,都市計画・用途地域
豊島区,district_plan,2,西部区民事務所等複合施設(学び舎 ぴいす)の整備,https://www.city.toshima.lg.jp/066/machizukuri/tochi/atochi/2107151743.html,まちづくり・環境・産業,https://www.city.toshima.lg.jp/machizukuri/index.html,,13,参考,都市計画・用途地域
豊島区,district_plan,2,埋葬（納骨）してあるお骨を別の場所に移したいときは（改葬許可申請）,https://www.city.toshima.lg.jp/095/tetsuzuki/todokede/todokede/000311.html,手続き・届出,https://www.city.toshima.lg.jp/tetsuzuki/index.html,,13,参考,都市計画・用途地域
豊島区,district_plan,2,申請・届出・問い合わせ先など,https://www.city.toshima.lg.jp/154/2311271042.html,暮らし・地域,https://www.city.toshima.lg.jp/kurashi/index.html,,13,参考,都市計画・用途地域
豊島区,district_plan,2,高齢者施設の整備に関すること,https://www.city.toshima.lg.jp/159/kenko/kaigo/koureisya/index.html,健康・医療・福祉,https://www.city.toshima.lg.jp/kenko/index.html,,13,参考,都市計画・用途地域
豊島区,district_plan,2,障害者団体活動支援福祉タクシー利用券の交付申請を受付します,https://www.city.toshima.lg.jp/171/2402201358.html,健康・医療・福祉,https://www.city.toshima.lg.jp/kenko/index.html,,13,参考,都市計画・用途地域
豊島区,district_plan,2,生活に困ったときは相談してください,https://www.city.toshima.lg.jp/176/2201311352.html,健康・医療・福祉,https://www.city.toshima.lg.jp/kenko/index.html,,13,参考,都市計画・用途地域
豊島区,district_plan,2,相談・健診・検診・検査,https://www.city.toshima.lg.jp/220/1803201417.html,健康・医療・福祉,https://www.city.toshima.lg.jp/kenko/index.html,,13,参考,都市計画・用途地域
豊島区,district_plan,2,電子申請について,https://www.city.toshima.lg.jp/260/kosodate/kosodate/hoikuen/2202011612.html,子育て・教育,https://www.city.toshima.lg.jp/kosodate/index.html,,13,参考,都市計画・用途地域
豊島区,district_plan,2,各種相談,https://www.city.toshima.lg.jp/347/kosodate/inkai/soudann/1506301323.html,子育て・教育,https://www.city.toshima.lg.jp/kosodate/index.html,,13,参考,都市計画・用途地域
豊島区,district_plan,2,在外選挙人名簿の出国時登録申請について（2018年6月より）,https://www.city.toshima.lg.jp/361/1806011553.html,区政情報,https://www.city.toshima.lg.jp/kuse/index.html,,13,参考,都市計画・用途地域
豊島区,district_plan,2,病院や老人ホームなどの施設における投票,https://www.city.toshima.lg.jp/361/kuse/senkyo/sedo/1601201628.html,区政情報,https://www.city.toshima.lg.jp/kuse/index.html,,13,参考,都市計画・用途地域
豊島区,district_plan,2,文化施設（劇場・区民センター）,https://www.city.toshima.lg.jp/473/bunka/bunka/2506041430.html,文化・スポーツ,https://www.city.toshima.lg.jp/bunka/index.html,,13,参考,都市計画・用途地域
豊島区,district_plan,2,こども家庭センター・地域子育て相談機関,https://www.city.toshima.lg.jp/528/kosodate/kosodate/kodomokateicenter.html,子育て・教育,https://www.city.toshima.lg.jp/kosodate/index.html,,13,参考,都市計画・用途地域
豊島区,district_plan,2,体育施設について,https://www.city.toshima.lg.jp/bunka/sports/index/taiikushisetsu.html,文化・スポーツ,https://www.city.toshima.lg.jp/bunka/index.html,,13,参考,都市計画・用途地域
豊島区,district_plan,2,住所・戸籍・ 税の手続き,https://www.city.toshima.lg.jp/info/jp/procedures/index.html,外国人のための 生活インフォメーション DAILY LIFE INFORMATION,https://www.city.toshima.lg.jp/info/index.html,,13,参考,都市計画・用途地域
豊島区,district_plan,2,高齢者福祉施設,https://www.city.toshima.lg.jp/kenko/kaigo/koreishashisetsu/index.html,健康・医療・福祉,https://www.city.toshima.lg.jp/kenko/index.html,,13,参考,都市計画・用途地域
豊島区,district_plan,2,認知症に関する相談・支援,https://www.city.toshima.lg.jp/kenko/koresha/ninchisho/index.html,健康・医療・福祉,https://www.city.toshima.lg.jp/kenko/index.html,,13,参考,都市計画・用途地域
豊島区,district_plan,2,高齢者の相談窓口,https://www.city.toshima.lg.jp/kenko/koresha/sodan/index.html,健康・医療・福祉,https://www.city.toshima.lg.jp/kenko/index.html,,13,参考,都市計画・用途地域
豊島区,district_plan,2,相談,https://www.city.toshima.lg.jp/kenko/sekatsu/sekatsusodan/index.html,健康・医療・福祉,https://www.city.toshima.lg.jp/kenko/index.html,,13,参考,都市計画・用途地域
豊島区,district_plan,2,相談窓口、手帳・手当などの申請,https://www.city.toshima.lg.jp/kenko/shogai/shinsei/index.html,健康・医療・福祉,https://www.city.toshima.lg.jp/kenko/index.html,,13,参考,都市計画・用途地域
豊島区,district_plan,2,申請書様式集,https://www.city.toshima.lg.jp/kosodate/hoiku/shinseisho/index.html,子育て・教育,https://www.city.toshima.lg.jp/kosodate/index.html,,13,参考,都市計画・用途地域
豊島区,district_plan,2,保育施設に関すること,https://www.city.toshima.lg.jp/kosodate/hoiku/shisetsu/index.html,子育て・教育,https://www.city.toshima.lg.jp/kosodate/index.html,,13,参考,都市計画・用途地域
豊島区,district_plan,2,就学相談・教育相談,https://www.city.toshima.lg.jp/kosodate/inkai/gakko/sodan/index.html,子育て・教育,https://www.city.toshima.lg.jp/kosodate/index.html,,13,参考,都市計画・用途地域
豊島区,district_plan,2,子ども・若者の相談体制の充実・情報発信,https://www.city.toshima.lg.jp/kosodate/kodomowakamono/joho/index.html,子育て・教育,https://www.city.toshima.lg.jp/kosodate/index.html,,13,参考,都市計画・用途地域
豊島区,district_plan,2,育児相談,https://www.city.toshima.lg.jp/kosodate/kosodate/sodan/index.html,子育て・教育,https://www.city.toshima.lg.jp/kosodate/index.html,,13,参考,都市計画・用途地域
豊島区,district_plan,2,支援・事業・手続き,https://www.city.toshima.lg.jp/kosodate/ninshin/shien/index.html,子育て・教育,https://www.city.toshima.lg.jp/kosodate/index.html,,13,参考,都市計画・用途地域
豊島区,district_plan,2,相談・交流,https://www.city.toshima.lg.jp/kosodate/ninshin/sodan/index.html,子育て・教育,https://www.city.toshima.lg.jp/kosodate/index.html,,13,参考,都市計画・用途地域
豊島区,district_plan,2,申請書ダウンロード,https://www.city.toshima.lg.jp/kurashi/ese/shinseisho/index.html,暮らし・地域,https://www.city.toshima.lg.jp/kurashi/index.html,,13,参考,都市計画・用途地域
豊島区,district_plan,2,区民ひろば施設一覧,https://www.city.toshima.lg.jp/kurashi/hiroba/shisetsu/index.html,暮らし・地域,https://www.city.toshima.lg.jp/kurashi/index.html,,13,参考,都市計画・用途地域
豊島区,district_plan,2,消費生活相談,https://www.city.toshima.lg.jp/kurashi/shohi/sodan/index.html,暮らし・地域,https://www.city.toshima.lg.jp/kurashi/index.html,,13,参考,都市計画・用途地域
豊島区,district_plan,2,施設案内,https://www.city.toshima.lg.jp/kuse/index.html#a340,区政情報,https://www.city.toshima.lg.jp/kuse/index.html,,13,参考,都市計画・用途地域
豊島区,district_plan,2,施設案内,https://www.city.toshima.lg.jp/kuse/shisetsu/index.html,区政情報,https://www.city.toshima.lg.jp/kuse/index.html,,13,参考,都市計画・用途地域
豊島区,district_plan,2,オンライン申請(電子申請)手続一覧,https://www.city.toshima.lg.jp/tetsuzuki/index.html#a6148,手続き・届出,https://www.city.toshima.lg.jp/tetsuzuki/index.html,,13,参考,都市計画・用途地域
豊島区,district_plan,2,申請,https://www.city.toshima.lg.jp/tetsuzuki/koresha/shinsei/index.html,手続き・届出,https://www.city.toshima.lg.jp/tetsuzuki/index.html,,13,参考,都市計画・用途地域
豊島区,district_plan,2,その他の手続きのご案内,https://www.city.toshima.lg.jp/tetsuzuki/todokede/sonota/index.html,手続き・届出,https://www.city.toshima.lg.jp/tetsuzuki/index.html,,13,参考,都市計画・用途地域
豊島区,district_plan,2,申請書ダウンロード,https://www.city.toshima.lg.jp/tetsuzuki/ze/shinseisho/index.html,手続き・届出,https://www.city.toshima.lg.jp/tetsuzuki/index.html,,13,参考,都市計画・用途地域
豊島区,district_plan,1,豊島区公共施設予約システム,https://www.city.toshima.lg.jp/020/kuse/electronic/028129.html,公式トップ,https://www.city.toshima.lg.jp/,,10,参考,都市計画・用途地域
豊島区,district_plan,1,オンライン申請,https://www.city.toshima.lg.jp/497/kuse/electronic/denshishinse/018244.html,公式トップ,https://www.city.toshima.lg.jp/,,10,参考,都市計画・用途地域
豊島区,district_plan,1,相談一覧,https://www.city.toshima.lg.jp/guide/sodan/index.html,公式トップ,https://www.city.toshima.lg.jp/,,10,参考,都市計画・用途地域
豊島区,district_plan,1,施設案内・予約,https://www.city.toshima.lg.jp/shisetsu/index.html,公式トップ,https://www.city.toshima.lg.jp/,,10,参考,都市計画・用途地域
豊島区,district_plan,1,手続き・届出,https://www.city.toshima.lg.jp/tetsuzuki/index.html,公式トップ,https://www.city.toshima.lg.jp/,,10,参考,都市計画・用途地域
豊島区,district_plan,1,手続きナビ,https://www.city.toshima.lg.jp/tetsuzukinavi/index.php,公式トップ,https://www.city.toshima.lg.jp/,,10,参考,都市計画・用途地域
豊島区,hazard,2,ハザードマップ,https://www.city.toshima.lg.jp/bosai/taisaku/hazardmap.html,防災・安全,https://www.city.toshima.lg.jp/bosai/index.html,,66,優先確認,ハザード・災害リスク
豊島区,hazard,1,ハザードマップ,https://www.city.toshima.lg.jp/bosai/taisaku/hazard-map/index.html,公式トップ,https://www.city.toshima.lg.jp/,,63,優先確認,ハザード・災害リスク
豊島区,hazard,2,各種防災マップ,https://www.city.toshima.lg.jp/042/bosai/taisaku/2303011624.html,防災・安全,https://www.city.toshima.lg.jp/bosai/index.html,,23,関連確認,ハザード・災害リスク
豊島区,road,2,道路管理（台帳・境界・占用等）に関すること,https://www.city.toshima.lg.jp/machizukuri/doro/dorokanri/index.html,まちづくり・環境・産業,https://www.city.toshima.lg.jp/machizukuri/index.html,,23,関連確認,道路・接道確認
豊島区,road,2,道路整備に関すること,https://www.city.toshima.lg.jp/machizukuri/doro/doroseibi/index.html,まちづくり・環境・産業,https://www.city.toshima.lg.jp/machizukuri/index.html,,23,関連確認,道路・接道確認
豊島区,road,2,道路・橋りょう,https://www.city.toshima.lg.jp/machizukuri/doro/index.html,まちづくり・環境・産業,https://www.city.toshima.lg.jp/machizukuri/index.html,,23,関連確認,道路・接道確認
足立区,building_guidance,2,建築物の許可・検査・確認,https://www.city.adachi.tokyo.jp/machi/kenchikubutsu/index.html,まちづくり・都市計画,https://www.city.adachi.tokyo.jp/machi/index.html,,23,関連確認,建築指導・建築確認
足立区,district_plan,2,都市計画情報の提供について,https://www.city.adachi.tokyo.jp/toshi/machi/toshi/zu.html,都市計画情報,https://www.city.adachi.tokyo.jp/machi/toshi/index.html,,63,優先確認,都市計画・用途地域
足立区,district_plan,1,都市計画情報,https://www.city.adachi.tokyo.jp/machi/toshi/index.html,公式トップ,https://www.city.adachi.tokyo.jp/,,60,優先確認,都市計画・用途地域
足立区,district_plan,2,防災街区整備地区計画の区域内における建築等について,https://www.city.adachi.tokyo.jp/misshu/machi/toshi/bosaigaiku.html,都市計画情報,https://www.city.adachi.tokyo.jp/machi/toshi/index.html,,43,優先確認,都市計画・用途地域
足立区,district_plan,2,沿道地区計画の区域内における建築等について,https://www.city.adachi.tokyo.jp/toshi/machi/toshi/endo.html,都市計画情報,https://www.city.adachi.tokyo.jp/machi/toshi/index.html,,43,優先確認,都市計画・用途地域
足立区,district_plan,2,高度地区について,https://www.city.adachi.tokyo.jp/toshi/machi/toshi/kodochiku.html,都市計画情報,https://www.city.adachi.tokyo.jp/machi/toshi/index.html,,43,優先確認,都市計画・用途地域
足立区,district_plan,2,地区計画の区域内における建築等について,https://www.city.adachi.tokyo.jp/toshi/machi/toshi/kuikinai.html,都市計画情報,https://www.city.adachi.tokyo.jp/machi/toshi/index.html,,43,優先確認,都市計画・用途地域
足立区,district_plan,2,宅地建物取引業法施行規則の改正に伴う洪水ハザードマップの取り扱いについて,https://www.city.adachi.tokyo.jp/toshi/200930.html,洪水ハザードマップ,https://www.city.adachi.tokyo.jp/kikaku/bosai/bosai/hazard-map-k.html,,38,関連確認,都市計画・用途地域
足立区,district_plan,2,【音声版】足立区洪水・内水・高潮ハザードマップ,https://www.city.adachi.tokyo.jp/toshi/bosai/hm_audible.html,洪水ハザードマップ,https://www.city.adachi.tokyo.jp/kikaku/bosai/bosai/hazard-map-k.html,,38,関連確認,都市計画・用途地域
足立区,district_plan,2,足立区水害区域図（浸水履歴）について,https://www.city.adachi.tokyo.jp/toshi/bosai/bosai/hazard-map-suigai-h6.html,洪水ハザードマップ,https://www.city.adachi.tokyo.jp/kikaku/bosai/bosai/hazard-map-k.html,,31,関連確認,都市計画・用途地域
足立区,district_plan,2,足立区特別工業地区建築条例（平成16年4月1日施行）,https://www.city.adachi.tokyo.jp/k-shinsa/machi/toshi/kogyoh160401.html,都市計画情報,https://www.city.adachi.tokyo.jp/machi/toshi/index.html,,23,関連確認,都市計画・用途地域
足立区,district_plan,2,建築物の敷地面積の最低限度について,https://www.city.adachi.tokyo.jp/kaihatsu/machi/toshi/takuchikaihatsu.html,都市計画情報,https://www.city.adachi.tokyo.jp/machi/toshi/index.html,,23,関連確認,都市計画・用途地域
足立区,district_plan,2,都市復興,https://www.city.adachi.tokyo.jp/machi/toshi/hukkou/index.html,都市計画情報,https://www.city.adachi.tokyo.jp/machi/toshi/index.html,,23,関連確認,都市計画・用途地域
足立区,district_plan,2,ページの先頭へ戻る,https://www.city.adachi.tokyo.jp/machi/toshi/index.html#tmp_header,都市計画情報,https://www.city.adachi.tokyo.jp/machi/toshi/index.html,,23,関連確認,都市計画・用途地域
足立区,district_plan,2,規制・制限,https://www.city.adachi.tokyo.jp/machi/toshi/kise/index.html,都市計画情報,https://www.city.adachi.tokyo.jp/machi/toshi/index.html,,23,関連確認,都市計画・用途地域
足立区,district_plan,2,告示,https://www.city.adachi.tokyo.jp/machi/toshi/kokuji/index.html,都市計画情報,https://www.city.adachi.tokyo.jp/machi/toshi/index.html,,23,関連確認,都市計画・用途地域
足立区,district_plan,2,市街地開発,https://www.city.adachi.tokyo.jp/machi/toshi/shigaichikaihatsu/index.html,都市計画情報,https://www.city.adachi.tokyo.jp/machi/toshi/index.html,,23,関連確認,都市計画・用途地域
足立区,district_plan,2,足立区都市復興マニュアルについて,https://www.city.adachi.tokyo.jp/toshi/adachikutosihukkoumanyuaru.html,都市計画情報,https://www.city.adachi.tokyo.jp/machi/toshi/index.html,,23,関連確認,都市計画・用途地域
足立区,district_plan,2,大雨時のアンダーパス等の冠水にご注意ください,https://www.city.adachi.tokyo.jp/toshi/bosai/underpass.html,洪水ハザードマップ,https://www.city.adachi.tokyo.jp/kikaku/bosai/bosai/hazard-map-k.html,,23,関連確認,都市計画・用途地域
足立区,district_plan,2,都市計画法第65条について,https://www.city.adachi.tokyo.jp/toshi/machi/toshi/65zyou.html,都市計画情報,https://www.city.adachi.tokyo.jp/machi/toshi/index.html,,23,関連確認,都市計画・用途地域
足立区,district_plan,2,綾瀬一丁目地区第一種市街地再開発事業,https://www.city.adachi.tokyo.jp/toshi/machi/toshi/ayase1sai.html,都市計画情報,https://www.city.adachi.tokyo.jp/machi/toshi/index.html,,23,関連確認,都市計画・用途地域
足立区,district_plan,2,足立区内の新たな防火規制区域および建替えルールについて（一部除外区域有）,https://www.city.adachi.tokyo.jp/toshi/machi/toshi/bokakise.html,都市計画情報,https://www.city.adachi.tokyo.jp/machi/toshi/index.html,,23,関連確認,都市計画・用途地域
足立区,district_plan,2,都市計画法第５３条について,https://www.city.adachi.tokyo.jp/toshi/machi/toshi/dai53jo.html,都市計画情報,https://www.city.adachi.tokyo.jp/machi/toshi/index.html,,23,関連確認,都市計画・用途地域
足立区,district_plan,2,都市計画の告示（1件）、特定生産緑地の解除の告示（令和7年11月19日付）,https://www.city.adachi.tokyo.jp/toshi/machi/toshi/kokuji1119.html,都市計画情報,https://www.city.adachi.tokyo.jp/machi/toshi/index.html,,23,関連確認,都市計画・用途地域
足立区,district_plan,2,都市計画の告示（令和7年6月16日付）,https://www.city.adachi.tokyo.jp/toshi/machi/toshi/kokuji20250616.html,都市計画情報,https://www.city.adachi.tokyo.jp/machi/toshi/index.html,,23,関連確認,都市計画・用途地域
足立区,district_plan,2,都市計画の告示（令和8年1月23日付）,https://www.city.adachi.tokyo.jp/toshi/machi/toshi/kokuji20260123.html,都市計画情報,https://www.city.adachi.tokyo.jp/machi/toshi/index.html,,23,関連確認,都市計画・用途地域
足立区,district_plan,2,都市計画の告示（令和8年3月5日付）,https://www.city.adachi.tokyo.jp/toshi/machi/toshi/kokuji20260305.html,都市計画情報,https://www.city.adachi.tokyo.jp/machi/toshi/index.html,,23,関連確認,都市計画・用途地域
足立区,district_plan,2,北千住駅西口地区第一種市街地再開発事業,https://www.city.adachi.tokyo.jp/toshi/machi/toshi/ks-nishi1sai.html,都市計画情報,https://www.city.adachi.tokyo.jp/machi/toshi/index.html,,23,関連確認,都市計画・用途地域
足立区,district_plan,2,千住一丁目地区第一種市街地再開発事業,https://www.city.adachi.tokyo.jp/toshi/machi/toshi/senjyu1saikaihatu.html,都市計画情報,https://www.city.adachi.tokyo.jp/machi/toshi/index.html,,23,関連確認,都市計画・用途地域
足立区,district_plan,2,竹ノ塚駅西口南地区第一種市街地再開発事業,https://www.city.adachi.tokyo.jp/toshi/machi/toshi/t-minami-1sai.html,都市計画情報,https://www.city.adachi.tokyo.jp/machi/toshi/index.html,,23,関連確認,都市計画・用途地域
足立区,district_plan,2,日暮里・舎人ライナー沿線地区（特別景観形成地区）について（5月11日）,https://www.city.adachi.tokyo.jp/toshi/nipporitonriraina-ennsennchiku.html,まちづくり・都市計画,https://www.city.adachi.tokyo.jp/machi/index.html,,23,関連確認,都市計画・用途地域
足立区,district_plan,2,大災害の前と後、復興にも備える。,https://www.city.adachi.tokyo.jp/toshi/seikatusaikengaidobukku.html,都市計画情報,https://www.city.adachi.tokyo.jp/machi/toshi/index.html,,23,関連確認,都市計画・用途地域
足立区,district_plan,2,生産緑地地区について,https://www.city.adachi.tokyo.jp/toshi/seisanryokuchi.html,都市計画情報,https://www.city.adachi.tokyo.jp/machi/toshi/index.html,,23,関連確認,都市計画・用途地域
足立区,district_plan,2,「地区復興手順書」,https://www.city.adachi.tokyo.jp/toshi/tikuhukkoutezyunnsyo.html,都市計画情報,https://www.city.adachi.tokyo.jp/machi/toshi/index.html,,23,関連確認,都市計画・用途地域
足立区,district_plan,2,「公有地の拡大の推進に関する法律」の届出や申出,https://www.city.adachi.tokyo.jp/zaisan/machi/toshi/kokakuho.html,都市計画情報,https://www.city.adachi.tokyo.jp/machi/toshi/index.html,,23,関連確認,都市計画・用途地域
足立区,district_plan,3,国が管理する河川の重要水防箇所について,https://www.city.adachi.tokyo.jp/toshi/201023.html,防災・災害対策,https://www.city.adachi.tokyo.jp/bosai/bosaisaigai/index.html,,23,関連確認,都市計画・用途地域
足立区,district_plan,3,利根川水系中川・綾瀬川等が特定都市河川及び特定都市河川流域に指定されました。（令和６年３月２９日）,https://www.city.adachi.tokyo.jp/toshi/20240329.html,防災・災害対策,https://www.city.adachi.tokyo.jp/bosai/bosaisaigai/index.html,,23,関連確認,都市計画・用途地域
足立区,district_plan,3,足立区のドローン事業,https://www.city.adachi.tokyo.jp/toshi/bosai/bosai/drone.html,防災・災害対策,https://www.city.adachi.tokyo.jp/bosai/bosaisaigai/index.html,,23,関連確認,都市計画・用途地域
足立区,district_plan,3,水防災情報リンク一覧,https://www.city.adachi.tokyo.jp/toshi/bosai/bosai/saigai-link.html,防災・災害対策,https://www.city.adachi.tokyo.jp/bosai/bosaisaigai/index.html,,23,関連確認,都市計画・用途地域
足立区,district_plan,3,都が管理する河川の水防上注意を要する箇所について,https://www.city.adachi.tokyo.jp/toshi/bosai/tokasentyuui.html,防災・災害対策,https://www.city.adachi.tokyo.jp/bosai/bosaisaigai/index.html,,23,関連確認,都市計画・用途地域
足立区,district_plan,3,土のうを活用し浸水被害に備えましょう,https://www.city.adachi.tokyo.jp/toshi/donou.html,防災・災害対策,https://www.city.adachi.tokyo.jp/bosai/bosaisaigai/index.html,,23,関連確認,都市計画・用途地域
足立区,district_plan,3,京成本線荒川橋梁部の越水対策,https://www.city.adachi.tokyo.jp/toshi/suibokunren.html,防災・災害対策,https://www.city.adachi.tokyo.jp/bosai/bosaisaigai/index.html,,23,関連確認,都市計画・用途地域
足立区,district_plan,2,景観法・足立区景観条例に基づく手続きについて（5月11日）,https://www.city.adachi.tokyo.jp/toshi/machi/kekan/tetsuzuki.html,まちづくり・都市計画,https://www.city.adachi.tokyo.jp/machi/index.html,,13,参考,都市計画・用途地域
足立区,hazard,2,足立区洪水・内水・高潮ハザードマップ（電子ブック版,https://www.city.adachi.tokyo.jp/miryoku/hon/ebook.html,洪水ハザードマップ,https://www.city.adachi.tokyo.jp/kikaku/bosai/bosai/hazard-map-k.html,,98,優先確認,ハザード・災害リスク
足立区,hazard,2,【音声版】足立区洪水・内水・高潮ハザードマップ,https://www.city.adachi.tokyo.jp/toshi/bosai/hm_audible.html,洪水ハザードマップ,https://www.city.adachi.tokyo.jp/kikaku/bosai/bosai/hazard-map-k.html,,98,優先確認,ハザード・災害リスク
足立区,hazard,1,洪水ハザードマップ,https://www.city.adachi.tokyo.jp/kikaku/bosai/bosai/hazard-map-k.html,公式トップ,https://www.city.adachi.tokyo.jp/,,83,優先確認,ハザード・災害リスク
足立区,hazard,2,足立区洪水ハザードマップ,https://www.city.adachi.tokyo.jp/bosai/bosaisaigai/map/index.html,防災・安全,https://www.city.adachi.tokyo.jp/bosai/index.html,,66,優先確認,ハザード・災害リスク
足立区,hazard,2,洪水ハザードマップ解説動画,https://www.city.adachi.tokyo.jp/kikaku/190901.html,洪水ハザードマップ,https://www.city.adachi.tokyo.jp/kikaku/bosai/bosai/hazard-map-k.html,,58,優先確認,ハザード・災害リスク
足立区,hazard,2,宅地建物取引業法施行規則の改正に伴う洪水ハザードマップの取り扱いについて,https://www.city.adachi.tokyo.jp/toshi/200930.html,洪水ハザードマップ,https://www.city.adachi.tokyo.jp/kikaku/bosai/bosai/hazard-map-k.html,,58,優先確認,ハザード・災害リスク
足立区,hazard,2,足立区水害区域図（浸水履歴）について,https://www.city.adachi.tokyo.jp/toshi/bosai/bosai/hazard-map-suigai-h6.html,洪水ハザードマップ,https://www.city.adachi.tokyo.jp/kikaku/bosai/bosai/hazard-map-k.html,,51,優先確認,ハザード・災害リスク
足立区,hazard,2,"内水氾濫及び中小河川の氾濫（浸水予想区域図）（PDF：1,975KB）（PDF：1,975KB）",https://www.city.adachi.tokyo.jp/documents/2808/adachi_hm_29-30.pdf,洪水ハザードマップ,https://www.city.adachi.tokyo.jp/kikaku/bosai/bosai/hazard-map-k.html,,48,優先確認,ハザード・災害リスク
足立区,hazard,2,"高潮による浸水が発生した場合（文字無し版）（PDF：5,360KB）",https://www.city.adachi.tokyo.jp/documents/2808/adachi_hm_31-32_notext.pdf,洪水ハザードマップ,https://www.city.adachi.tokyo.jp/kikaku/bosai/bosai/hazard-map-k.html,,48,優先確認,ハザード・災害リスク
足立区,hazard,2,"高潮（浸水想定区域図・浸水継続時間）（PDF：3,667KB）",https://www.city.adachi.tokyo.jp/documents/2808/adachi_hm_31-34.pdf,洪水ハザードマップ,https://www.city.adachi.tokyo.jp/kikaku/bosai/bosai/hazard-map-k.html,,48,優先確認,ハザード・災害リスク
足立区,hazard,2,"高潮浸水継続時間（文字無し版）（PDF：5,818KB）",https://www.city.adachi.tokyo.jp/documents/2808/adachi_hm_33-34_notext.pdf,洪水ハザードマップ,https://www.city.adachi.tokyo.jp/kikaku/bosai/bosai/hazard-map-k.html,,48,優先確認,ハザード・災害リスク
足立区,hazard,2,江東5区大規模水害ハザードマップについて,https://www.city.adachi.tokyo.jp/senryaku/bosai/koto5ku300822.html,洪水ハザードマップ,https://www.city.adachi.tokyo.jp/kikaku/bosai/bosai/hazard-map-k.html,,38,関連確認,ハザード・災害リスク
足立区,hazard,2,ページの先頭へ戻る,https://www.city.adachi.tokyo.jp/kikaku/bosai/bosai/hazard-map-k.html#tmp_header,洪水ハザードマップ,https://www.city.adachi.tokyo.jp/kikaku/bosai/bosai/hazard-map-k.html,,31,関連確認,ハザード・災害リスク
足立区,hazard,2,あだち防災マップ＆ガイド,https://www.city.adachi.tokyo.jp/saigai/bosai/bosai/taisaku-bosaimap.html,防災・安全,https://www.city.adachi.tokyo.jp/bosai/index.html,,31,関連確認,ハザード・災害リスク
足立区,hazard,2,"荒川（浸水想定区域図・浸水継続時間）（PDF：4,055KB）",https://www.city.adachi.tokyo.jp/documents/2808/adachi_hm_05-08.pdf,洪水ハザードマップ,https://www.city.adachi.tokyo.jp/kikaku/bosai/bosai/hazard-map-k.html,,28,関連確認,ハザード・災害リスク
足立区,hazard,2,"荒川浸水継続時間（文字無し版）（PDF：5,032KB）",https://www.city.adachi.tokyo.jp/documents/2808/adachi_hm_07-08_notext.pdf,洪水ハザードマップ,https://www.city.adachi.tokyo.jp/kikaku/bosai/bosai/hazard-map-k.html,,28,関連確認,ハザード・災害リスク
足立区,hazard,2,"利根川（浸水想定区域図・浸水継続時間）（PDF：4,001KB）",https://www.city.adachi.tokyo.jp/documents/2808/adachi_hm_09-12.pdf,洪水ハザードマップ,https://www.city.adachi.tokyo.jp/kikaku/bosai/bosai/hazard-map-k.html,,28,関連確認,ハザード・災害リスク
足立区,hazard,2,"利根川浸水継続時間（文字無し版）（PDF：5,011KB）",https://www.city.adachi.tokyo.jp/documents/2808/adachi_hm_11-12_notext.pdf,洪水ハザードマップ,https://www.city.adachi.tokyo.jp/kikaku/bosai/bosai/hazard-map-k.html,,28,関連確認,ハザード・災害リスク
足立区,hazard,2,"江戸川（浸水想定区域図・浸水継続時間）（PDF：3,923KB）",https://www.city.adachi.tokyo.jp/documents/2808/adachi_hm_13-16.pdf,洪水ハザードマップ,https://www.city.adachi.tokyo.jp/kikaku/bosai/bosai/hazard-map-k.html,,28,関連確認,ハザード・災害リスク
足立区,hazard,2,"江戸川浸水継続時間（文字無し版）（PDF：4,454KB）",https://www.city.adachi.tokyo.jp/documents/2808/adachi_hm_15-16_notext.pdf,洪水ハザードマップ,https://www.city.adachi.tokyo.jp/kikaku/bosai/bosai/hazard-map-k.html,,28,関連確認,ハザード・災害リスク
足立区,hazard,2,"中川（浸水想定区域図・浸水継続時間）（PDF：3,991KB）",https://www.city.adachi.tokyo.jp/documents/2808/adachi_hm_17-20.pdf,洪水ハザードマップ,https://www.city.adachi.tokyo.jp/kikaku/bosai/bosai/hazard-map-k.html,,28,関連確認,ハザード・災害リスク
足立区,hazard,2,"中川浸水継続時間（文字無し版）（PDF：3,854KB）",https://www.city.adachi.tokyo.jp/documents/2808/adachi_hm_19-20_notext.pdf,洪水ハザードマップ,https://www.city.adachi.tokyo.jp/kikaku/bosai/bosai/hazard-map-k.html,,28,関連確認,ハザード・災害リスク
足立区,hazard,2,"綾瀬川（浸水想定区域図・浸水継続時間）（PDF：4,053KB）",https://www.city.adachi.tokyo.jp/documents/2808/adachi_hm_21-24.pdf,洪水ハザードマップ,https://www.city.adachi.tokyo.jp/kikaku/bosai/bosai/hazard-map-k.html,,28,関連確認,ハザード・災害リスク
足立区,hazard,2,"綾瀬川浸水継続時間（文字無し版）（PDF：3,590KB）",https://www.city.adachi.tokyo.jp/documents/2808/adachi_hm_23-24_notext.pdf,洪水ハザードマップ,https://www.city.adachi.tokyo.jp/kikaku/bosai/bosai/hazard-map-k.html,,28,関連確認,ハザード・災害リスク
足立区,hazard,2,"芝川・新芝川（浸水想定区域図・浸水継続時間）（PDF：4,072KB）",https://www.city.adachi.tokyo.jp/documents/2808/adachi_hm_25-28.pdf,洪水ハザードマップ,https://www.city.adachi.tokyo.jp/kikaku/bosai/bosai/hazard-map-k.html,,28,関連確認,ハザード・災害リスク
足立区,hazard,2,"芝川・新芝川浸水継続時間（文字無し版）（PDF：2,802KB）",https://www.city.adachi.tokyo.jp/documents/2808/adachi_hm_27-28_notext.pdf,洪水ハザードマップ,https://www.city.adachi.tokyo.jp/kikaku/bosai/bosai/hazard-map-k.html,,28,関連確認,ハザード・災害リスク
足立区,hazard,3,区内電柱に浸水深表示板を設置しています,https://www.city.adachi.tokyo.jp/senryaku/sinnsuihyouzi.html,防災・災害対策,https://www.city.adachi.tokyo.jp/bosai/bosaisaigai/index.html,,23,関連確認,ハザード・災害リスク
足立区,hazard,3,水害にあったときに　浸水被害からの生活再建の手引き,https://www.city.adachi.tokyo.jp/senryaku/suigai-seikatsusaiken.html,防災・災害対策,https://www.city.adachi.tokyo.jp/bosai/bosaisaigai/index.html,,23,関連確認,ハザード・災害リスク
足立区,hazard,3,土のうを活用し浸水被害に備えましょう,https://www.city.adachi.tokyo.jp/toshi/donou.html,防災・災害対策,https://www.city.adachi.tokyo.jp/bosai/bosaisaigai/index.html,,23,関連確認,ハザード・災害リスク
